Jun 29, 2026 09:28:11.583 [547965489376] INFO - Plex Media Server v1.43.2.10687-563d026ea - Docker Docker Container (LinuxServer.io) aarch64 - build: linux-aarch64 debian - GMT 02:00
Jun 29, 2026 09:28:11.584 [547965489376] INFO - Linux version: 6.18.34+rpt-rpi-v8, language: en-US
Jun 29, 2026 09:28:11.584 [547965489376] INFO - Processor: 4-core ARM Cortex-A72
Jun 29, 2026 09:28:11.584 [547965489376] INFO - Compiler is - Clang 11.0.1 (https://plex.tv 9b997da8e5b47bdb4a9425b3a3b290be393b4b1f)
Jun 29, 2026 09:28:11.584 [547965489376] INFO - /usr/lib/plexmediaserver/Plex Media Server
Jun 29, 2026 09:28:11.583 [548063494176] DEBUG - BPQ: [Idle] -> [Starting]
Jun 29, 2026 09:28:11.584 [548063494176] DEBUG - FeatureManager: Using cached data for features list
Jun 29, 2026 09:28:11.592 [548063494176] DEBUG - MyPlex: mapping state set to 'Unknown'.
Jun 29, 2026 09:28:11.593 [548063494176] DEBUG - Relay: read 1 cached entries from hosts file
Jun 29, 2026 09:28:11.593 [548063494176] DEBUG - Opening 20 database sessions to library (com.plexapp.plugins.library), SQLite 3.39.4, threadsafe=1
Jun 29, 2026 09:28:11.702 [548063494176] DEBUG - MyPlex: using cached data for request for https://plex.tv/api/v2/server/users/features?filterFeatures[]=b83c8dc9-5a01-4b7a-a7c9-5870c8a6e21b&filterFeatures[]=926bc176-58ca-47da-b8e3-080ed14ea6ba&filterFeatures[]=ea791163-c28d-4b7c-af88-bcc9553b206d&filterFeatures[]=6ab6677b-ad9b-444f-9ca1-b8027d05b3e1&filterFeatures[]=56cd352b-0d47-436d-aced-f20db3508de5
Jun 29, 2026 09:28:11.800 [548063494176] DEBUG - [CERT] Subject name is /CN=*.ccb2c4e91d6740a0a256b1b320f70b48.plex.direct
Jun 29, 2026 09:28:11.800 [548063494176] DEBUG - [CERT] Installed certificate with fingerprint be:8b:c1:67:48:2c:3f:ce:97:6c:5e:8b:67:53:82:da:b6:2a:a0:f4.
Jun 29, 2026 09:28:11.800 [548063494176] DEBUG - [CERT/OCSP] no URL available
Jun 29, 2026 09:28:11.800 [548063494176] WARN - [CERT/OCSP] getCertInfo failed; skipping stapling
Jun 29, 2026 09:28:11.800 [548063494176] DEBUG - HttpServer: Listening on IPv6 as well as IPv4.
Jun 29, 2026 09:28:11.800 [548063494176] DEBUG - HttpServer: Listening on port 32400.
Jun 29, 2026 09:28:11.801 [548063494176] DEBUG - HttpServer: Listening on port 32401.
Jun 29, 2026 09:28:11.803 [548063494176] DEBUG - Running server...
Jun 29, 2026 09:28:11.804 [547947725024] DEBUG - HttpServer: Set up a thread pool with 2 threads.
Jun 29, 2026 09:28:11.804 [548063494176] INFO - Running migrations. (EPG 0)
Jun 29, 2026 09:28:11.806 [548063494176] DEBUG - Captured session 0.
Jun 29, 2026 09:28:11.806 [548063494176] DEBUG - Captured session 1.
Jun 29, 2026 09:28:11.806 [548063494176] DEBUG - Captured session 2.
Jun 29, 2026 09:28:11.806 [548063494176] DEBUG - Captured session 3.
Jun 29, 2026 09:28:11.806 [548063494176] DEBUG - Captured session 4.
Jun 29, 2026 09:28:11.806 [548063494176] DEBUG - Captured session 5.
Jun 29, 2026 09:28:11.806 [548063494176] DEBUG - Captured session 6.
Jun 29, 2026 09:28:11.806 [548063494176] DEBUG - Captured session 7.
Jun 29, 2026 09:28:11.806 [548063494176] DEBUG - Captured session 8.
Jun 29, 2026 09:28:11.806 [548063494176] DEBUG - Captured session 9.
Jun 29, 2026 09:28:11.806 [548063494176] DEBUG - Captured session 10.
Jun 29, 2026 09:28:11.806 [548063494176] DEBUG - Captured session 11.
Jun 29, 2026 09:28:11.806 [548063494176] DEBUG - Captured session 12.
Jun 29, 2026 09:28:11.806 [548063494176] DEBUG - Captured session 13.
Jun 29, 2026 09:28:11.806 [548063494176] DEBUG - Captured session 14.
Jun 29, 2026 09:28:11.806 [548063494176] DEBUG - Captured session 15.
Jun 29, 2026 09:28:11.806 [548063494176] DEBUG - Captured session 16.
Jun 29, 2026 09:28:11.806 [548063494176] DEBUG - Captured session 17.
Jun 29, 2026 09:28:11.806 [548063494176] DEBUG - Captured session 18.
Jun 29, 2026 09:28:11.806 [548063494176] DEBUG - Captured session 19.
Jun 29, 2026 09:28:11.823 [548063494176] DEBUG - ChangestampAllocator: initialized to 1110
Jun 29, 2026 09:28:11.823 [548063494176] DEBUG - Opening 2 database sessions to library (com.plexapp.plugins.library.blobs), SQLite 3.39.4, threadsafe=1
Jun 29, 2026 09:28:11.838 [548063494176] INFO - Running migrations. (EPG 0)
Jun 29, 2026 09:28:11.840 [548063494176] DEBUG - Captured session 0.
Jun 29, 2026 09:28:11.840 [548063494176] DEBUG - Captured session 1.
Jun 29, 2026 09:28:12.062 [547960742112] DEBUG - Grabber: Cleaning up orphaned grabs.
Jun 29, 2026 09:28:12.063 [547960742112] DEBUG - Grabber: Cleaned up 0 decrepit directories in 0.0 sec.
Jun 29, 2026 09:28:12.064 [548063494176] DEBUG - Media Provider: Registering provider com.plexapp.plugins.library
Jun 29, 2026 09:28:12.064 [548063494176] DEBUG - Auth: Refreshing tokens inside the token-based authentication filter.
Jun 29, 2026 09:28:12.064 [548063494176] DEBUG - MyPlex: using cached data for request for https://plex.tv/api/v2/server/access_tokens?auth_token=xxxxxxxxxxxxxxxxxxxx
Jun 29, 2026 09:28:12.065 [548063494176] DEBUG - MyPlex: updating with 5 access tokens
Jun 29, 2026 09:28:12.065 [548063494176] DEBUG - MyPlex: using cached data for request for https://plex.tv/api/v2/server/users?auth_token=xxxxxxxxxxxxxxxxxxxx
Jun 29, 2026 09:28:12.065 [548063494176] DEBUG - MyPlex: using cached data for request for https://plex.tv/api/v2/server/users/subscriptions?auth_token=xxxxxxxxxxxxxxxxxxxx
Jun 29, 2026 09:28:12.066 [548063494176] DEBUG - MyPlex: using cached data for request for https://plex.tv/api/v2/server/users/services?auth_token=xxxxxxxxxxxxxxxxxxxx
Jun 29, 2026 09:28:12.067 [547960742112] DEBUG - Auth: Refreshing tokens inside the token-based authentication filter.
Jun 29, 2026 09:28:12.067 [547960742112] DEBUG - [HCl#1] HTTP requesting GET https://plex.tv/api/v2/server/access_tokens?auth_token=xxxxxxxxxxxxxxxxxxxx
Jun 29, 2026 09:28:12.068 [548063494176] DEBUG - Opening 1 database sessions to library (), SQLite 3.39.4, threadsafe=1
Jun 29, 2026 09:28:12.074 [547936915680] DEBUG - File "/usr/lib/plexmediaserver/Resources/Plug-ins-563d026ea" changed: -1 => 2026-06-22 16:50:29 (1782139829).
Jun 29, 2026 09:28:12.074 [547936915680] DEBUG - File "/config/Library/Application Support/Plex Media Server/Plug-ins" changed: -1 => 2026-06-28 15:50:00 (1782654600).
Jun 29, 2026 09:28:12.074 [547936915680] DEBUG - Scanning for plug-ins in "/usr/lib/plexmediaserver/Resources/Plug-ins-563d026ea"
Jun 29, 2026 09:28:12.078 [547936915680] DEBUG - Scanning for plug-ins in "/config/Library/Application Support/Plex Media Server/Plug-ins"
Jun 29, 2026 09:28:12.078 [547936915680] DEBUG - PluginRepository::setStartState: 1, startingSystem
Jun 29, 2026 09:28:12.078 [547936915680] DEBUG - Starting plug-in /usr/lib/plexmediaserver/Resources/Plug-ins-563d026ea/System.bundle.
Jun 29, 2026 09:28:12.079 [547936915680] DEBUG - [com.plexapp.system] Setting plug-in to always running (daemon mode).
Jun 29, 2026 09:28:12.080 [547936915680] DEBUG - Starting file watcher for com.plexapp.system
Jun 29, 2026 09:28:12.081 [547936915680] DEBUG - Plugin: setting environment variable: 'PYTHONHOME=/usr/lib/plexmediaserver/Resources/Python'
Jun 29, 2026 09:28:12.081 [547936915680] DEBUG - Plugin: setting environment variable: 'PYTHONPATH=/usr/lib/plexmediaserver/Resources/Python/python27.zip:/usr/lib/plexmediaserver/Resources/Python/lib/python2.7/site-packages'
Jun 29, 2026 09:28:12.083 [547936915680] DEBUG - Spawned plug-in com.plexapp.system with PID 209
Jun 29, 2026 09:28:12.083 [547936915680] DEBUG - [com.plexapp.system] Sending command: GET /:/prefixes
Jun 29, 2026 09:28:12.505 [547941388512] DEBUG - [HttpClient/HCl#1] HTTP/1.1 (0.4s) 200 response from GET https://plex.tv/api/v2/server/access_tokens?auth_token=xxxxxxxxxxxxxxxxxxxx
Jun 29, 2026 09:28:12.506 [547960742112] DEBUG - MyPlex: updating with 5 access tokens
Jun 29, 2026 09:28:12.507 [547960742112] DEBUG - [HCl#2] HTTP requesting GET https://plex.tv/api/v2/server/users?auth_token=xxxxxxxxxxxxxxxxxxxx
Jun 29, 2026 09:28:12.557 [547950997728] DEBUG - Request: didn't get any data from [::1]:48818: End of file
Jun 29, 2026 09:28:12.623 [547941388512] DEBUG - [HttpClient/HCl#2] HTTP/1.1 (0.1s) 200 response from GET https://plex.tv/api/v2/server/users?auth_token=xxxxxxxxxxxxxxxxxxxx (reused)
Jun 29, 2026 09:28:12.631 [547932696800] DEBUG - [HCl#3] HTTP requesting GET https://plex.tv/api/v2/server/users/subscriptions?auth_token=xxxxxxxxxxxxxxxxxxxx
Jun 29, 2026 09:28:12.761 [547941388512] DEBUG - [HttpClient/HCl#3] HTTP/1.1 (0.1s) 200 response from GET https://plex.tv/api/v2/server/users/subscriptions?auth_token=xxxxxxxxxxxxxxxxxxxx (reused)
Jun 29, 2026 09:28:12.762 [547932696800] DEBUG - MyPlex: using cached data for request for https://plex.tv/api/v2/server/users/services?auth_token=xxxxxxxxxxxxxxxxxxxx
Jun 29, 2026 09:28:13.581 [547960742112] DEBUG - [JobRunner] Job running: /usr/lib/plexmediaserver/CrashUploader "--directory=/config/Library/Application Support/Plex Media Server/Crash Reports/1.43.2.10687-563d026ea" --version=1.43.2.10687-563d026ea --platform=Linux --platformVersion=6.18.34+rpt-rpi-v8 --serverUuid=852d69654ed685d07d2d7f072dec0b61ea7d12ba --userId=nmatas53@gmail.com --sentryUrl=https://o17675.ingest.sentry.io/api/1233455/ --sentryKey=xxxxxxxxxxxxxxxxxxxxxxxxxxxxxxxx --vendor=Docker --model=aarch64 "--device=Docker Container (LinuxServer.io)"
Jun 29, 2026 09:28:13.583 [547960742112] DEBUG - [JobRunner] Jobs: Starting child process with pid 230
Jun 29, 2026 09:28:13.611 [547963306208] DEBUG - Jobs: '/usr/lib/plexmediaserver/CrashUploader' exit code for process 230 is 0 (success)
Jun 29, 2026 09:28:15.188 [547926368480] DEBUG - Request: [127.0.0.1:45584 (Loopback)] GET /:/plugins/com.plexapp.system/messaging/function/X0J1bmRsZVNlcnZpY2U6QWxsU2VydmljZXM_/Y2VyZWFsMQoxCmxpc3QKMApyMAo_/Y2VyZWFsMQoxCmRpY3QKMApyMAo_ (4 live) #3 GZIP Token ()
Jun 29, 2026 09:28:15.189 [547928477920] DEBUG - Request: [127.0.0.1:45598 (Loopback)] GET / (4 live) #4 GZIP Token ()
Jun 29, 2026 09:28:15.189 [547953107168] DEBUG - Completed: [127.0.0.1:45584] 503 GET /:/plugins/com.plexapp.system/messaging/function/X0J1bmRsZVNlcnZpY2U6QWxsU2VydmljZXM_/Y2VyZWFsMQoxCmxpc3QKMApyMAo_/Y2VyZWFsMQoxCmRpY3QKMApyMAo_ (4 live) #3 GZIP 3ms 436 bytes
Jun 29, 2026 09:28:15.190 [547953107168] DEBUG - Completed: [127.0.0.1:45598] 503 GET / (3 live) #4 GZIP 3ms 436 bytes
Jun 29, 2026 09:28:15.508 [547930587360] DEBUG - [MediaProviderManager] Refreshing media providers
Jun 29, 2026 09:28:15.508 [547930587360] DEBUG - [MediaProviderManager/Response::fetch/HCl#4] HTTP requesting GET https://plex.tv/media/providers
Jun 29, 2026 09:28:15.649 [547941388512] DEBUG - [HttpClient/HCl#4] HTTP/1.1 (0.1s) 200 response from GET https://plex.tv/media/providers (reused)
Jun 29, 2026 09:28:15.649 [547930587360] DEBUG - [MediaProviderManager] discovered cloud provider (Movies & Shows)
Jun 29, 2026 09:28:15.649 [547930587360] DEBUG - [MediaProviderManager] discovered cloud provider (Metadata)
Jun 29, 2026 09:28:15.649 [547930587360] DEBUG - [MediaProviderManager] loading cloud provider details (Metadata) (alive: 0)
Jun 29, 2026 09:28:15.650 [547924259040] DEBUG - [MediaProviderManager/HCl#5] HTTP requesting GET https://vod.provider.plex.tv?includePreferences=1
Jun 29, 2026 09:28:15.733 [547941388512] DEBUG - [HttpClient/HCl#5] HTTP/2.0 (0.1s) 200 response from GET https://vod.provider.plex.tv?includePreferences=1
Jun 29, 2026 09:28:15.758 [547930587360] DEBUG - [MediaProviderManager] loading cloud provider details (Movies & Shows) (alive: 1)
Jun 29, 2026 09:28:15.758 [547930587360] DEBUG - [MediaProviderManager] we had 0 cloud providers online, we now have 2
Jun 29, 2026 09:28:15.758 [547930587360] DEBUG - [MediaProviderManager] cloud provider (Metadata) is online and available
Jun 29, 2026 09:28:15.758 [547930587360] DEBUG - [MediaProviderManager] cloud provider (Movies & Shows) is online and available
Jun 29, 2026 09:28:15.758 [547930587360] DEBUG - [MediaProviderManager/MetadataAgentManager] attempted to online our built-in agents but we're not yet signed in
Jun 29, 2026 09:28:15.758 [547930587360] DEBUG - [MediaProviderManager] Media provider refresh complete
Jun 29, 2026 09:28:17.465 [547926368480] DEBUG - Request: [127.0.0.1:45606 (Loopback)] GET /servers (4 live) #5 GZIP Token ()
Jun 29, 2026 09:28:17.466 [547953107168] DEBUG - Completed: [127.0.0.1:45606] 503 GET /servers (4 live) #5 GZIP 1ms 436 bytes
Jun 29, 2026 09:28:17.514 [547936915680] DEBUG - Reading 486 bytes in the body, code is 200
Jun 29, 2026 09:28:17.514 [547936915680] DEBUG - [com.plexapp.system] Plug-in running on port 38323.
Jun 29, 2026 09:28:17.514 [547936915680] DEBUG -  * Plug-in handles prefix: /system
Jun 29, 2026 09:28:17.514 [547936915680] DEBUG -  * Plug-in handles prefix: /player
Jun 29, 2026 09:28:17.514 [547936915680] DEBUG - Read configuration for [com.plexapp.system], had 2 prefixes
Jun 29, 2026 09:28:17.515 [547936915680] DEBUG - Done with 1 synchronous plug-in starts, starting the rest in parallel.
Jun 29, 2026 09:28:17.515 [547936915680] DEBUG - PluginRepository::setStartState: 2, startingPlugins
Jun 29, 2026 09:28:17.515 [547936915680] DEBUG - Updating the list of agents known by the system.
Jun 29, 2026 09:28:17.515 [547936915680] DEBUG - [com.plexapp.system] Sending command over HTTP (GET): /system/agents
Jun 29, 2026 09:28:17.515 [547936915680] DEBUG - [HCl#8] HTTP requesting GET http://127.0.0.1:38323/system/agents
Jun 29, 2026 09:28:17.516 [548063494176] DEBUG - Image transcode cache directory: "/config/Library/Application Support/Plex Media Server/Cache/PhotoTranscoder"
Jun 29, 2026 09:28:17.517 [548063494176] DEBUG - Transcoder: Cleaning old transcode directories.
Jun 29, 2026 09:28:17.521 [548063494176] DEBUG - MyPlex: using cached data for request for https://plex.tv/api/v2/server/access_tokens?auth_token=xxxxxxxxxxxxxxxxxxxx
Jun 29, 2026 09:28:17.521 [548063494176] DEBUG - MyPlex: updating with 5 access tokens
Jun 29, 2026 09:28:17.521 [548063494176] DEBUG - MyPlex: using cached data for request for https://plex.tv/api/v2/server/users?auth_token=xxxxxxxxxxxxxxxxxxxx
Jun 29, 2026 09:28:17.522 [548063494176] DEBUG - MyPlex: using cached data for request for https://plex.tv/api/v2/server/users/subscriptions?auth_token=xxxxxxxxxxxxxxxxxxxx
Jun 29, 2026 09:28:17.522 [548063494176] DEBUG - MyPlex: using cached data for request for https://plex.tv/api/v2/server/users/services?auth_token=xxxxxxxxxxxxxxxxxxxx
Jun 29, 2026 09:28:17.523 [548063494176] DEBUG - MyPlex: using cached data for request for https://plex.tv/api/v2/user?includeSubscriptions=1&includeProviders=1
Jun 29, 2026 09:28:17.526 [548063494176] DEBUG - MyPlex: username is narcsm, login is nmatas53@gmail.com, home is 1, no pin
Jun 29, 2026 09:28:17.530 [548063494176] DEBUG - MyPlex: start public ip check and mapping - current mapped state: 'Unknown'.
Jun 29, 2026 09:28:17.530 [547920040160] DEBUG - [HCl#9] HTTP requesting GET https://plex.tv/api/v2/user?includeSubscriptions=1&includeProviders=1
Jun 29, 2026 09:28:17.533 [548063494176] DEBUG - MyPlex: mapping state set to 'Not Mapped'.
Jun 29, 2026 09:28:17.533 [548063494176] DEBUG - PublicAddressManager: Starting.
Jun 29, 2026 09:28:17.534 [548063494176] DEBUG - PublicAddressManager: Obtaining public address and mapping port.
Jun 29, 2026 09:28:17.534 [547930587360] DEBUG - NAT: UPnP, attempting port mapping.
Jun 29, 2026 09:28:17.534 [547960742112] DEBUG - PublicAddressManager: Obtaining public IP.
Jun 29, 2026 09:28:17.534 [547960742112] DEBUG - [HCl#a] HTTP requesting GET https://v4.plex.tv/pms/:/ip
Jun 29, 2026 09:28:17.537 [548063494176] DEBUG - NetworkInterface: Starting watch thread.
Jun 29, 2026 09:28:17.537 [548063494176] DEBUG - Network change.
Jun 29, 2026 09:28:17.537 [548063494176] DEBUG - NetworkInterface: Notified of network changed (force=0)
Jun 29, 2026 09:28:17.537 [547915821280] DEBUG - NetworkInterface: Watching for changes on the interfaces.
Jun 29, 2026 09:28:17.538 [548063494176] DEBUG - Detected primary interface: 192.168.1.137
Jun 29, 2026 09:28:17.538 [548063494176] DEBUG - Network interfaces:
Jun 29, 2026 09:28:17.538 [548063494176] DEBUG -  * 1 lo (127.0.0.1) (00-00-00-00-00-00) (loopback: 1)
Jun 29, 2026 09:28:17.538 [548063494176] DEBUG -  * 3 wlan0 (192.168.1.137) (D8-3A-DD-1E-12-38) (loopback: 0)
Jun 29, 2026 09:28:17.538 [548063494176] DEBUG -  * 1157 br-d83eb1ae5ee1 (172.23.0.1) (02-42-BB-76-9C-70) (loopback: 0)
Jun 29, 2026 09:28:17.538 [548063494176] DEBUG -  * 1 lo (::1) (00-00-00-00-00-00) (loopback: 1)
Jun 29, 2026 09:28:17.538 [548063494176] DEBUG - Creating NetworkServices singleton.
Jun 29, 2026 09:28:17.539 [548063494176] DEBUG - NetworkServices: Initializing...
Jun 29, 2026 09:28:17.539 [548063494176] DEBUG - NetworkService: Creating new service.
Jun 29, 2026 09:28:17.539 [548063494176] DEBUG - NetworkService: Got notification of changed network (first change: 1)
Jun 29, 2026 09:28:17.539 [548063494176] DEBUG - NetworkService: Quick dispatch of network change.
Jun 29, 2026 09:28:17.539 [548063494176] DEBUG - NetworkService: Creating new service.
Jun 29, 2026 09:28:17.539 [548063494176] DEBUG - NetworkService: Got notification of changed network (first change: 1)
Jun 29, 2026 09:28:17.539 [548063494176] DEBUG - NetworkService: Quick dispatch of network change.
Jun 29, 2026 09:28:17.539 [548063494176] DEBUG - NetworkService: Creating new service.
Jun 29, 2026 09:28:17.539 [547913711840] DEBUG - Network change for advertiser.
Jun 29, 2026 09:28:17.539 [548063494176] DEBUG - NetworkService: Got notification of changed network (first change: 1)
Jun 29, 2026 09:28:17.539 [548063494176] DEBUG - NetworkService: Quick dispatch of network change.
Jun 29, 2026 09:28:17.539 [548063494176] DEBUG - NetworkService: Creating new service.
Jun 29, 2026 09:28:17.539 [547913711840] DEBUG - NetworkService: Setting up multicast listener on 0.0.0.0:32414
Jun 29, 2026 09:28:17.539 [548063494176] DEBUG - NetworkService: Got notification of changed network (first change: 1)
Jun 29, 2026 09:28:17.539 [548063494176] DEBUG - NetworkService: Quick dispatch of network change.
Jun 29, 2026 09:28:17.539 [548063494176] DEBUG - NetworkService: Creating new service.
Jun 29, 2026 09:28:17.539 [548063494176] DEBUG - NetworkService: Got notification of changed network (first change: 1)
Jun 29, 2026 09:28:17.539 [548063494176] DEBUG - NetworkService: Quick dispatch of network change.
Jun 29, 2026 09:28:17.539 [548063494176] DEBUG - NetworkService: Creating new service.
Jun 29, 2026 09:28:17.540 [548063494176] DEBUG - NetworkService: Got notification of changed network (first change: 1)
Jun 29, 2026 09:28:17.540 [548063494176] DEBUG - NetworkService: Quick dispatch of network change.
Jun 29, 2026 09:28:17.540 [547913711840] DEBUG - Network change for advertiser.
Jun 29, 2026 09:28:17.540 [547913711840] DEBUG - NetworkService: Setting up multicast listener on 0.0.0.0:32410
Jun 29, 2026 09:28:17.542 [547913711840] DEBUG - Network change for advertiser.
Jun 29, 2026 09:28:17.542 [547913711840] DEBUG - NetworkService: Setting up multicast listener on 0.0.0.0:32412
Jun 29, 2026 09:28:17.542 [547913711840] DEBUG - NetworkService: Network change for browser (polled=0), closing 0 browse sockets.
Jun 29, 2026 09:28:17.542 [547913711840] DEBUG - NetworkService: Setting up multicast listener on 0.0.0.0:32413
Jun 29, 2026 09:28:17.542 [547913711840] DEBUG - NetworkService: Browsing on interface 127.0.0.1 on broadcast address 127.255.255.255 (index: 0)
Jun 29, 2026 09:28:17.542 [547913711840] DEBUG - NetworkService: Browsing on interface 192.168.1.137 on broadcast address 192.168.1.255 (index: 1)
Jun 29, 2026 09:28:17.542 [547913711840] DEBUG - NetworkService: Browsing on interface 172.23.0.1 on broadcast address 172.23.255.255 (index: 2)
Jun 29, 2026 09:28:17.544 [547913711840] DEBUG - NetworkService: Network change for browser (polled=1), closing 0 browse sockets.
Jun 29, 2026 09:28:17.544 [547913711840] DEBUG - NetworkService: Browsing on interface 127.0.0.1 on broadcast address 127.255.255.255 (index: 0)
Jun 29, 2026 09:28:17.545 [547913711840] DEBUG - NetworkService: Browsing on interface 192.168.1.137 on broadcast address 192.168.1.255 (index: 1)
Jun 29, 2026 09:28:17.545 [547913711840] DEBUG - NetworkService: Browsing on interface 172.23.0.1 on broadcast address 172.23.255.255 (index: 2)
Jun 29, 2026 09:28:17.545 [547913711840] DEBUG - NetworkService: Network change for browser (polled=0), closing 0 browse sockets.
Jun 29, 2026 09:28:17.545 [547913711840] DEBUG - NetworkService: Setting up multicast listener on 0.0.0.0:1901
Jun 29, 2026 09:28:17.545 [547913711840] DEBUG - NetworkService: Browsing on interface 192.168.1.137 on broadcast address 239.255.255.250 (index: 0)
Jun 29, 2026 09:28:17.546 [547913711840] DEBUG - NetworkService: Browsing on interface 172.23.0.1 on broadcast address 239.255.255.250 (index: 1)
Jun 29, 2026 09:28:17.547 [547911602400] DEBUG - [ChildProcessMonitor] Plex Tuner Service starting.
Jun 29, 2026 09:28:17.548 [547911602400] DEBUG - [ChildProcessMonitor/JobRunner] Job running: "/usr/lib/plexmediaserver/Plex Tuner Service" /usr/lib/plexmediaserver/Resources/Tuner/Private /usr/lib/plexmediaserver/Resources/Tuner/Shared 1.43.2.10687-563d026ea 32600
Jun 29, 2026 09:28:17.548 [547924259040] DEBUG - [HCl#b] HTTP requesting GET https://plex.tv/api/v2/release_channels?X-Plex-Token=xxxxxxxxxxxxxxxxxxxx
Jun 29, 2026 09:28:17.551 [547911602400] DEBUG - [ChildProcessMonitor/JobRunner] Jobs: Starting child process with pid 275
Jun 29, 2026 09:28:17.552 [547909492960] DEBUG - [DatabaseFixups] Running fix-ups.
Jun 29, 2026 09:28:17.552 [547909492960] DEBUG - [DatabaseFixups/31DatabaseFixupsCleanupRetroGames] Executing fixup
Jun 29, 2026 09:28:17.553 [547909492960] DEBUG - [DatabaseFixups/31DatabaseFixupsCleanupRetroGames] Fixup completed
Jun 29, 2026 09:28:17.553 [547909492960] DEBUG - [DatabaseFixups/39DatabaseFixupsEnsureLibrarySectionUuids] Executing fixup
Jun 29, 2026 09:28:17.554 [547907383520] DEBUG - [HCl#c] HTTP requesting GET https://plex.tv/api/v2/user/privacy?X-Plex-Token=xxxxxxxxxxxxxxxxxxxx
Jun 29, 2026 09:28:17.554 [547894726880] DEBUG - DVR: Starting up.
Jun 29, 2026 09:28:17.555 [547909492960] DEBUG - [DatabaseFixups/39DatabaseFixupsEnsureLibrarySectionUuids] Fixup completed
Jun 29, 2026 09:28:17.555 [547909492960] DEBUG - [DatabaseFixups/38DatabaseFixupsEnsureMetadataItemHashes] Executing fixup
Jun 29, 2026 09:28:17.555 [547909492960] DEBUG - [DatabaseFixups/38DatabaseFixupsEnsureMetadataItemHashes] Fixup completed
Jun 29, 2026 09:28:17.555 [547909492960] DEBUG - [DatabaseFixups/39DatabaseFixupsSetDefaultAccountLanguage] Executing fixup
Jun 29, 2026 09:28:17.556 [547909492960] DEBUG - [DatabaseFixups/39DatabaseFixupsSetDefaultAccountLanguage] Fixup completed
Jun 29, 2026 09:28:17.556 [547909492960] DEBUG - [DatabaseFixups/52DatabaseFixupsCreateDefaultMediaProcessingTargetTags] Executing fixup
Jun 29, 2026 09:28:17.557 [547901055200] DEBUG - [HCl#d] HTTP requesting GET https://plex.tv/api/v2/features?X-Plex-Token=xxxxxxxxxxxxxxxxxxxx
Jun 29, 2026 09:28:17.558 [548063494176] DEBUG - Waiting for server condition to be signaled.
Jun 29, 2026 09:28:17.559 [547894726880] DEBUG - Activity: registered new activity 49d3caf7-d351-48a8-8f78-168cb747f809 - "Processing subscriptions"
Jun 29, 2026 09:28:17.560 [547909492960] DEBUG - [DatabaseFixups/52DatabaseFixupsCreateDefaultMediaProcessingTargetTags] Fixup completed
Jun 29, 2026 09:28:17.560 [547909492960] DEBUG - [DatabaseFixups/43DatabaseFixupsUpdateAutomaticLibraryFolders] Executing fixup
Jun 29, 2026 09:28:17.560 [547909492960] DEBUG - [DatabaseFixups/43DatabaseFixupsUpdateAutomaticLibraryFolders] Fixup completed
Jun 29, 2026 09:28:17.560 [547909492960] DEBUG - [DatabaseFixups/29DatabaseFixupsSyncCollections] Executing fixup
Jun 29, 2026 09:28:17.562 [547909492960] DEBUG - [DatabaseFixups/29DatabaseFixupsSyncCollections] Collections: Found 0 collections tags in section 1.
Jun 29, 2026 09:28:17.563 [547909492960] DEBUG - [DatabaseFixups/29DatabaseFixupsSyncCollections] Collections: We had 0 collections in the library already.
Jun 29, 2026 09:28:17.563 [547909492960] DEBUG - [DatabaseFixups/29DatabaseFixupsSyncCollections] Collections: Synced tags in section 1 in 1ms.
Jun 29, 2026 09:28:17.575 [547909492960] DEBUG - [DatabaseFixups/29DatabaseFixupsSyncCollections] Collections: Refreshed attributes for 0 collections in section 1 in 11ms.
Jun 29, 2026 09:28:17.576 [547909492960] DEBUG - [DatabaseFixups/29DatabaseFixupsSyncCollections] Collection: Refreshed visibility in section 1 in 1ms.
Jun 29, 2026 09:28:17.578 [547909492960] DEBUG - [DatabaseFixups/29DatabaseFixupsSyncCollections] Collections: Found 0 collections tags in section 2.
Jun 29, 2026 09:28:17.578 [547909492960] DEBUG - [DatabaseFixups/29DatabaseFixupsSyncCollections] Collections: We had 0 collections in the library already.
Jun 29, 2026 09:28:17.579 [547909492960] DEBUG - [DatabaseFixups/29DatabaseFixupsSyncCollections] Collections: Synced tags in section 2 in 1ms.
Jun 29, 2026 09:28:17.579 [547909492960] DEBUG - [DatabaseFixups/29DatabaseFixupsSyncCollections] Collections: Found 0 collections tags in section 2.
Jun 29, 2026 09:28:17.585 [547909492960] DEBUG - [DatabaseFixups/29DatabaseFixupsSyncCollections] Collections: We had 0 collections in the library already.
Jun 29, 2026 09:28:17.586 [547909492960] DEBUG - [DatabaseFixups/29DatabaseFixupsSyncCollections] Collections: Synced tags in section 2 in 9ms.
Jun 29, 2026 09:28:17.587 [547909492960] DEBUG - [DatabaseFixups/29DatabaseFixupsSyncCollections] Collections: Found 0 collections tags in section 2.
Jun 29, 2026 09:28:17.587 [547909492960] DEBUG - [DatabaseFixups/29DatabaseFixupsSyncCollections] Collections: We had 0 collections in the library already.
Jun 29, 2026 09:28:17.587 [547909492960] DEBUG - [DatabaseFixups/29DatabaseFixupsSyncCollections] Collections: Synced tags in section 2 in 10ms.
Jun 29, 2026 09:28:17.593 [547909492960] DEBUG - [DatabaseFixups/29DatabaseFixupsSyncCollections] Collections: Refreshed attributes for 0 collections in section 2 in 5ms.
Jun 29, 2026 09:28:17.595 [547909492960] DEBUG - [DatabaseFixups/29DatabaseFixupsSyncCollections] Collection: Refreshed visibility in section 2 in 1ms.
Jun 29, 2026 09:28:17.596 [547909492960] DEBUG - [DatabaseFixups/29DatabaseFixupsSyncCollections] Collections: Found 0 collections tags in section 3.
Jun 29, 2026 09:28:17.597 [547909492960] DEBUG - [DatabaseFixups/29DatabaseFixupsSyncCollections] Collections: We had 0 collections in the library already.
Jun 29, 2026 09:28:17.598 [547909492960] DEBUG - [DatabaseFixups/29DatabaseFixupsSyncCollections] Collections: Synced tags in section 3 in 1ms.
Jun 29, 2026 09:28:17.603 [547909492960] DEBUG - [DatabaseFixups/29DatabaseFixupsSyncCollections] Collections: Refreshed attributes for 0 collections in section 3 in 5ms.
Jun 29, 2026 09:28:17.605 [547909492960] DEBUG - [DatabaseFixups/29DatabaseFixupsSyncCollections] Collection: Refreshed visibility in section 3 in 1ms.
Jun 29, 2026 09:28:17.605 [547909492960] DEBUG - [DatabaseFixups/29DatabaseFixupsSyncCollections] Fixup completed
Jun 29, 2026 09:28:17.605 [547909492960] DEBUG - [DatabaseFixups/31DatabaseFixupsCleanupActivities] Executing fixup
Jun 29, 2026 09:28:17.606 [547909492960] DEBUG - [DatabaseFixups/31DatabaseFixupsCleanupActivities] Fixup completed
Jun 29, 2026 09:28:17.606 [547909492960] DEBUG - [DatabaseFixups/35DatabaseFixupsConsolidatePeopleTags] Executing fixup
Jun 29, 2026 09:28:17.608 [547909492960] DEBUG - [DatabaseFixups/35DatabaseFixupsConsolidatePeopleTags] Fixup completed
Jun 29, 2026 09:28:17.609 [547909492960] DEBUG - [DatabaseFixups/54DatabaseFixupsGarbageCollectTransientMetadataRelations] Executing fixup
Jun 29, 2026 09:28:17.609 [547909492960] DEBUG - [DatabaseFixups/54DatabaseFixupsGarbageCollectTransientMetadataRelations] Fixup completed
Jun 29, 2026 09:28:17.609 [547909492960] DEBUG - [DatabaseFixups/48DatabaseFixupsResetCorruptedMetadataItemClusters] Executing fixup
Jun 29, 2026 09:28:17.610 [547909492960] DEBUG - [DatabaseFixups/48DatabaseFixupsResetCorruptedMetadataItemClusters] Fixup completed
Jun 29, 2026 09:28:17.610 [547909492960] DEBUG - [DatabaseFixups] Running database fix-ups completed in 0.1 seconds.
Jun 29, 2026 09:28:17.657 [547898945760] DEBUG - PublicAddressManager: Obtaining public address and mapping port.
Jun 29, 2026 09:28:17.712 [547941388512] DEBUG - [HttpClient/HCl#8] HTTP/1.1 (0.2s) 200 response from GET http://127.0.0.1:38323/system/agents
Jun 29, 2026 09:28:17.713 [547936915680] DEBUG - [com.plexapp.system] HTTP reply status 200, with 8986 bytes of content.
Jun 29, 2026 09:28:17.719 [547936915680] DEBUG - The system knows about 12 agents.
Jun 29, 2026 09:28:17.719 [547890344160] DEBUG - Starting plug-in /usr/lib/plexmediaserver/Resources/Plug-ins-563d026ea/PersonalMedia.bundle.
Jun 29, 2026 09:28:17.720 [547888234720] DEBUG - Starting plug-in /usr/lib/plexmediaserver/Resources/Plug-ins-563d026ea/Framework.bundle.
Jun 29, 2026 09:28:17.720 [547886125280] DEBUG - Starting plug-in /usr/lib/plexmediaserver/Resources/Plug-ins-563d026ea/WebClient.bundle.
Jun 29, 2026 09:28:17.721 [547936915680] DEBUG - Waiting for 16 plug-ins to finish starting.
Jun 29, 2026 09:28:17.723 [547890344160] DEBUG - Perfect cache hit, we don't need to start [com.plexapp.agents.none] yet.
Jun 29, 2026 09:28:17.723 [547886125280] DEBUG - Starting plug-in /usr/lib/plexmediaserver/Resources/Plug-ins-563d026ea/HTbackdrops.bundle.
Jun 29, 2026 09:28:17.724 [547890344160] DEBUG - Starting plug-in /usr/lib/plexmediaserver/Resources/Plug-ins-563d026ea/Media-Flags.bundle.
Jun 29, 2026 09:28:17.724 [547888234720] DEBUG - Starting plug-in /usr/lib/plexmediaserver/Resources/Plug-ins-563d026ea/PlexMovie.bundle.
Jun 29, 2026 09:28:17.730 [547890344160] DEBUG - Starting plug-in /usr/lib/plexmediaserver/Resources/Plug-ins-563d026ea/LyricFind.bundle.
Jun 29, 2026 09:28:17.733 [547888234720] DEBUG - Perfect cache hit, we don't need to start [com.plexapp.agents.imdb] yet.
Jun 29, 2026 09:28:17.733 [547888234720] DEBUG - Starting plug-in /usr/lib/plexmediaserver/Resources/Plug-ins-563d026ea/Scanners.bundle.
Jun 29, 2026 09:28:17.734 [547886125280] DEBUG - Perfect cache hit, we don't need to start [com.plexapp.agents.htbackdrops] yet.
Jun 29, 2026 09:28:17.734 [547890344160] DEBUG - Perfect cache hit, we don't need to start [com.plexapp.agents.lyricfind] yet.
Jun 29, 2026 09:28:17.734 [547890344160] DEBUG - Starting plug-in /usr/lib/plexmediaserver/Resources/Plug-ins-563d026ea/MoviePosterDB.bundle.
Jun 29, 2026 09:28:17.735 [547886125280] DEBUG - Starting plug-in /usr/lib/plexmediaserver/Resources/Plug-ins-563d026ea/TheMovieDB.bundle.
Jun 29, 2026 09:28:17.737 [547888234720] DEBUG - Starting plug-in /usr/lib/plexmediaserver/Resources/Plug-ins-563d026ea/LastFM.bundle.
Jun 29, 2026 09:28:17.739 [547890344160] DEBUG - Perfect cache hit, we don't need to start [com.plexapp.agents.movieposterdb] yet.
Jun 29, 2026 09:28:17.739 [547890344160] DEBUG - Starting plug-in /usr/lib/plexmediaserver/Resources/Plug-ins-563d026ea/TheTVDBv4.bundle.
Jun 29, 2026 09:28:17.741 [547888234720] DEBUG - Perfect cache hit, we don't need to start [com.plexapp.agents.lastfm] yet.
Jun 29, 2026 09:28:17.742 [547888234720] DEBUG - Starting plug-in /usr/lib/plexmediaserver/Resources/Plug-ins-563d026ea/LocalMedia.bundle.
Jun 29, 2026 09:28:17.745 [547890344160] DEBUG - Perfect cache hit, we don't need to start [com.plexapp.agents.thetvdb] yet.
Jun 29, 2026 09:28:17.745 [547890344160] DEBUG - Starting plug-in /usr/lib/plexmediaserver/Resources/Plug-ins-563d026ea/PlexThemeMusic.bundle.
Jun 29, 2026 09:28:17.747 [547888234720] DEBUG - Perfect cache hit, we don't need to start [com.plexapp.agents.localmedia] yet.
Jun 29, 2026 09:28:17.747 [547888234720] DEBUG - Starting plug-in /usr/lib/plexmediaserver/Resources/Plug-ins-563d026ea/Musicbrainz.bundle.
Jun 29, 2026 09:28:17.748 [547915821280] DEBUG - NetworkInterface: received Netlink message len=1500, type=RTM_NEWLINK, flags=0x0
Jun 29, 2026 09:28:17.748 [547915821280] DEBUG - NetworkInterface: Netlink information message family=0, type=1, index=1168, flags=0x1002, change=0x41
Jun 29, 2026 09:28:17.748 [547915821280] DEBUG - Network change.
Jun 29, 2026 09:28:17.748 [547915821280] DEBUG - NetworkInterface: Notified of network changed (force=0)
Jun 29, 2026 09:28:17.752 [547886125280] DEBUG - Perfect cache hit, we don't need to start [com.plexapp.agents.themoviedb] yet.
Jun 29, 2026 09:28:17.753 [547886125280] DEBUG - Starting plug-in /usr/lib/plexmediaserver/Resources/Plug-ins-563d026ea/Fanart-TV.bundle.
Jun 29, 2026 09:28:17.753 [547888234720] DEBUG - Perfect cache hit, we don't need to start [org.musicbrainz.agents.music] yet.
Jun 29, 2026 09:28:17.755 [547890344160] DEBUG - Perfect cache hit, we don't need to start [com.plexapp.agents.plexthememusic] yet.
Jun 29, 2026 09:28:17.756 [547886125280] DEBUG - Perfect cache hit, we don't need to start [com.plexapp.agents.fanarttv] yet.
Jun 29, 2026 09:28:17.757 [547936915680] DEBUG - Starting scheduled updates, every 3600 seconds
Jun 29, 2026 09:28:17.757 [547936915680] INFO - LibraryUpdateManager path watching is disabled
Jun 29, 2026 09:28:17.757 [547936915680] DEBUG - Done waiting for all plug-ins to start.
Jun 29, 2026 09:28:17.757 [547936915680] DEBUG - PluginRepository::setStartState: 3, complete
Jun 29, 2026 09:28:17.757 [547892617440] DEBUG - Downloading document http://127.0.0.1:32400/:/plugins/com.plexapp.agents.imdb/prefs
Jun 29, 2026 09:28:17.758 [547892617440] DEBUG - Translator: Found locale sk
Jun 29, 2026 09:28:17.759 [547892617440] DEBUG - Translator: Found locale et_EE
Jun 29, 2026 09:28:17.759 [547892617440] DEBUG - Translator: Found locale pl
Jun 29, 2026 09:28:17.759 [547892617440] DEBUG - Translator: Found locale cs_CZ
Jun 29, 2026 09:28:17.759 [547892617440] DEBUG - Translator: Found locale ja_JP
Jun 29, 2026 09:28:17.759 [547892617440] DEBUG - Translator: Found locale da
Jun 29, 2026 09:28:17.759 [547892617440] DEBUG - Translator: Found locale no
Jun 29, 2026 09:28:17.759 [547892617440] DEBUG - Translator: Found locale af
Jun 29, 2026 09:28:17.759 [547892617440] DEBUG - Translator: Found locale uk
Jun 29, 2026 09:28:17.759 [547892617440] DEBUG - Translator: Found locale fi
Jun 29, 2026 09:28:17.759 [547892617440] DEBUG - Translator: Found locale nl_BE
Jun 29, 2026 09:28:17.759 [547892617440] DEBUG - Translator: Found locale sl
Jun 29, 2026 09:28:17.759 [547892617440] DEBUG - Translator: Found locale zh_CN
Jun 29, 2026 09:28:17.759 [547892617440] DEBUG - Translator: Found locale sr
Jun 29, 2026 09:28:17.759 [547892617440] DEBUG - Translator: Found locale sv
Jun 29, 2026 09:28:17.759 [547892617440] DEBUG - Translator: Found locale lt
Jun 29, 2026 09:28:17.759 [547892617440] DEBUG - Translator: Found locale pt
Jun 29, 2026 09:28:17.759 [547892617440] DEBUG - Translator: Found locale fr
Jun 29, 2026 09:28:17.759 [547892617440] DEBUG - Translator: Found locale ar
Jun 29, 2026 09:28:17.759 [547892617440] DEBUG - Translator: Found locale it
Jun 29, 2026 09:28:17.759 [547892617440] DEBUG - Translator: Found locale pt_BR
Jun 29, 2026 09:28:17.759 [547892617440] DEBUG - Translator: Found locale ko
Jun 29, 2026 09:28:17.759 [547892617440] DEBUG - Translator: Found locale hu
Jun 29, 2026 09:28:17.759 [547892617440] DEBUG - Translator: Found locale es
Jun 29, 2026 09:28:17.759 [547892617440] DEBUG - Translator: Found locale nl
Jun 29, 2026 09:28:17.759 [547892617440] DEBUG - Translator: Found locale ro
Jun 29, 2026 09:28:17.759 [547892617440] DEBUG - Translator: Found locale he
Jun 29, 2026 09:28:17.759 [547892617440] DEBUG - Translator: Found locale ru
Jun 29, 2026 09:28:17.759 [547892617440] DEBUG - Translator: Found locale hu_HU
Jun 29, 2026 09:28:17.759 [547892617440] DEBUG - Translator: Found locale en
Jun 29, 2026 09:28:17.759 [547892617440] DEBUG - Translator: Found locale de
Jun 29, 2026 09:28:17.759 [547892617440] DEBUG - Translator: Found locale hr_HR
Jun 29, 2026 09:28:17.772 [547892617440] DEBUG - [Req#9] Starting file watcher for com.plexapp.agents.imdb
Jun 29, 2026 09:28:17.773 [547892617440] DEBUG - [Req#9] Plugin: setting environment variable: 'PYTHONHOME=/usr/lib/plexmediaserver/Resources/Python'
Jun 29, 2026 09:28:17.773 [547892617440] DEBUG - [Req#9] Plugin: setting environment variable: 'PYTHONPATH=/usr/lib/plexmediaserver/Resources/Python/python27.zip:/usr/lib/plexmediaserver/Resources/Python/lib/python2.7/site-packages'
Jun 29, 2026 09:28:17.775 [547892617440] DEBUG - [Req#9] Spawned plug-in com.plexapp.agents.imdb with PID 313
Jun 29, 2026 09:28:17.775 [547892617440] DEBUG - [Req#9] [com.plexapp.agents.imdb] Sending command: GET /:/prefixes
Jun 29, 2026 09:28:17.790 [547915821280] DEBUG - Network change notification but nothing changed.
Jun 29, 2026 09:28:17.790 [547915821280] DEBUG - NetworkInterface: received Netlink message len=704, type=RTM_DELLINK, flags=0x0
Jun 29, 2026 09:28:17.790 [547915821280] DEBUG - NetworkInterface: Netlink information message family=0, type=1, index=1168, flags=0x1002, change=0xffffffff
Jun 29, 2026 09:28:17.790 [547915821280] DEBUG - NetworkInterface: received Netlink message len=440, type=RTM_NEWLINK, flags=0x0
Jun 29, 2026 09:28:17.790 [547915821280] DEBUG - NetworkInterface: Netlink information message family=7, type=1, index=1169, flags=0x1003, change=0x0
Jun 29, 2026 09:28:17.790 [547915821280] DEBUG - Network change.
Jun 29, 2026 09:28:17.790 [547915821280] DEBUG - NetworkInterface: Notified of network changed (force=0)
Jun 29, 2026 09:28:17.792 [547915821280] DEBUG - Network change notification but nothing changed.
Jun 29, 2026 09:28:17.792 [547915821280] DEBUG - NetworkInterface: received Netlink message len=1864, type=RTM_NEWLINK, flags=0x0
Jun 29, 2026 09:28:17.792 [547915821280] DEBUG - NetworkInterface: Netlink information message family=0, type=1, index=1169, flags=0x1003, change=0x0
Jun 29, 2026 09:28:17.792 [547915821280] DEBUG - Network change.
Jun 29, 2026 09:28:17.792 [547915821280] DEBUG - NetworkInterface: Notified of network changed (force=0)
Jun 29, 2026 09:28:17.793 [547915821280] DEBUG - Network change notification but nothing changed.
Jun 29, 2026 09:28:17.793 [547915821280] DEBUG - NetworkInterface: received Netlink message len=440, type=RTM_NEWLINK, flags=0x0
Jun 29, 2026 09:28:17.793 [547915821280] DEBUG - NetworkInterface: Netlink information message family=7, type=1, index=1169, flags=0x11043, change=0x0
Jun 29, 2026 09:28:17.793 [547915821280] DEBUG - Network change.
Jun 29, 2026 09:28:17.793 [547915821280] DEBUG - NetworkInterface: Notified of network changed (force=0)
Jun 29, 2026 09:28:17.794 [547915821280] DEBUG - Network change notification but nothing changed.
Jun 29, 2026 09:28:17.794 [547915821280] DEBUG - NetworkInterface: received Netlink message len=440, type=RTM_NEWLINK, flags=0x0
Jun 29, 2026 09:28:17.794 [547915821280] DEBUG - NetworkInterface: Netlink information message family=7, type=1, index=1169, flags=0x11043, change=0x0
Jun 29, 2026 09:28:17.794 [547915821280] DEBUG - Network change.
Jun 29, 2026 09:28:17.794 [547915821280] DEBUG - NetworkInterface: Notified of network changed (force=0)
Jun 29, 2026 09:28:17.795 [547915821280] DEBUG - Network change notification but nothing changed.
Jun 29, 2026 09:28:17.795 [547915821280] DEBUG - NetworkInterface: received Netlink message len=1864, type=RTM_NEWLINK, flags=0x0
Jun 29, 2026 09:28:17.795 [547915821280] DEBUG - NetworkInterface: Netlink information message family=0, type=1, index=1169, flags=0x11043, change=0x0
Jun 29, 2026 09:28:17.795 [547915821280] DEBUG - Network change.
Jun 29, 2026 09:28:17.795 [547915821280] DEBUG - NetworkInterface: Notified of network changed (force=0)
Jun 29, 2026 09:28:17.796 [547915821280] DEBUG - Network change notification but nothing changed.
Jun 29, 2026 09:28:17.802 [547941388512] DEBUG - [HttpClient/HCl#9] HTTP/1.1 (0.3s) 200 response from GET https://plex.tv/api/v2/user?includeSubscriptions=1&includeProviders=1 (reused)
Jun 29, 2026 09:28:17.822 [547932696800] DEBUG - MyPlex: username is narcsm, login is nmatas53@gmail.com, home is 1, no pin
Jun 29, 2026 09:28:17.835 [547920040160] DEBUG - [HCl#e] HTTP requesting GET https://plex.tv/api/v2/geoip
Jun 29, 2026 09:28:17.857 [547941388512] DEBUG - [HttpClient/HCl#b] HTTP/1.1 (0.3s) 200 response from GET https://plex.tv/api/v2/release_channels?X-Plex-Token=xxxxxxxxxxxxxxxxxxxx
Jun 29, 2026 09:28:17.859 [547941388512] DEBUG - [HttpClient/HCl#c] HTTP/1.1 (0.3s) 200 response from GET https://plex.tv/api/v2/user/privacy?X-Plex-Token=xxxxxxxxxxxxxxxxxxxx
Jun 29, 2026 09:28:17.865 [547941388512] DEBUG - [HttpClient/HCl#a] HTTP/1.1 (0.3s) 200 response from GET https://v4.plex.tv/pms/:/ip
Jun 29, 2026 09:28:17.866 [547960742112] DEBUG - PublicAddressManager: Got public IP from v4.plex.tv: 37.15.102.100
Jun 29, 2026 09:28:17.952 [547941388512] DEBUG - [HttpClient/HCl#e] HTTP/1.1 (0.1s) 200 response from GET https://plex.tv/api/v2/geoip (reused)
Jun 29, 2026 09:28:17.956 [547941388512] DEBUG - [HttpClient/HCl#d] HTTP/1.1 (0.4s) 200 response from GET https://plex.tv/api/v2/features?X-Plex-Token=xxxxxxxxxxxxxxxxxxxx
Jun 29, 2026 09:28:17.957 [547896836320] DEBUG - [HCl#f] HTTP requesting GET https://plex.tv/api/v2/server/webhooks?X-Plex-Token=xxxxxxxxxxxxxxxxxxxx
Jun 29, 2026 09:28:17.957 [547953107168] DEBUG - [EventSourceClient/pubsub/pubsub10.pop.fra.plex.bz:443] Resolving pubsub10.pop.fra.plex.bz port 443
Jun 29, 2026 09:28:17.964 [547920040160] DEBUG - [HCl#11] HTTP requesting GET https://plex.tv/api/v2/user/privacy?X-Plex-Token=xxxxxxxxxxxxxxxxxxxx
Jun 29, 2026 09:28:17.966 [547901055200] DEBUG - [HCl#12] HTTP requesting GET https://plex.tv/api/v2/server/users/features?filterFeatures[]=b83c8dc9-5a01-4b7a-a7c9-5870c8a6e21b&filterFeatures[]=926bc176-58ca-47da-b8e3-080ed14ea6ba&filterFeatures[]=ea791163-c28d-4b7c-af88-bcc9553b206d&filterFeatures[]=6ab6677b-ad9b-444f-9ca1-b8027d05b3e1&filterFeatures[]=56cd352b-0d47-436d-aced-f20db3508de5
Jun 29, 2026 09:28:17.970 [547953107168] DEBUG - [EventSourceClient/pubsub/pubsub10.pop.fra.plex.bz:443] Resolved pubsub10.pop.fra.plex.bz to 139.162.134.123:443
Jun 29, 2026 09:28:18.067 [547941388512] DEBUG - [HttpClient/HCl#11] HTTP/1.1 (0.1s) 200 response from GET https://plex.tv/api/v2/user/privacy?X-Plex-Token=xxxxxxxxxxxxxxxxxxxx (reused)
Jun 29, 2026 09:28:18.072 [547920040160] DEBUG - [HCl#13] HTTP requesting GET https://plex.tv/api/v2/release_channels?X-Plex-Token=xxxxxxxxxxxxxxxxxxxx
Jun 29, 2026 09:28:18.083 [547941388512] DEBUG - [HttpClient/HCl#f] HTTP/1.1 (0.1s) 200 response from GET https://plex.tv/api/v2/server/webhooks?X-Plex-Token=xxxxxxxxxxxxxxxxxxxx (reused)
Jun 29, 2026 09:28:18.089 [547950997728] DEBUG - [EventSourceClient/pubsub/pubsub10.pop.fra.plex.bz:443] Connected in 118 ms.
Jun 29, 2026 09:28:18.089 [547953107168] DEBUG - [EventSourceClient/pubsub/pubsub10.pop.fra.plex.bz:443] Wrote data, reading reply.
Jun 29, 2026 09:28:18.103 [547941388512] DEBUG - [HttpClient/HCl#12] HTTP/1.1 (0.1s) 200 response from GET https://plex.tv/api/v2/server/users/features?filterFeatures[]=b83c8dc9-5a01-4b7a-a7c9-5870c8a6e21b&filterFeatures[]=926bc176-58ca-47da-b8e3-080ed14ea6ba&filterFeatures[]=ea791163-c28d-4b7c-af88-bcc9553b206d&filterFeatures[]=6ab6677b-ad9b-444f-9ca1-b8027d05b3e1&filterFeatures[]=56cd352b-0d47-436d-aced-f20db3508de5 (reused)
Jun 29, 2026 09:28:18.183 [547941388512] DEBUG - [HttpClient/HCl#13] HTTP/1.1 (0.1s) 200 response from GET https://plex.tv/api/v2/release_channels?X-Plex-Token=xxxxxxxxxxxxxxxxxxxx (reused)
Jun 29, 2026 09:28:18.187 [547920040160] DEBUG - [HCl#14] HTTP requesting GET https://plex.tv/api/v2/features?X-Plex-Token=xxxxxxxxxxxxxxxxxxxx
Jun 29, 2026 09:28:18.384 [547941388512] DEBUG - [HttpClient/HCl#14] HTTP/1.1 (0.2s) 200 response from GET https://plex.tv/api/v2/features?X-Plex-Token=xxxxxxxxxxxxxxxxxxxx (reused)
Jun 29, 2026 09:28:18.388 [547920040160] DEBUG - [HCl#15] HTTP requesting GET https://plex.tv/api/v2/server/users/features?filterFeatures[]=b83c8dc9-5a01-4b7a-a7c9-5870c8a6e21b&filterFeatures[]=926bc176-58ca-47da-b8e3-080ed14ea6ba&filterFeatures[]=ea791163-c28d-4b7c-af88-bcc9553b206d&filterFeatures[]=6ab6677b-ad9b-444f-9ca1-b8027d05b3e1&filterFeatures[]=56cd352b-0d47-436d-aced-f20db3508de5
Jun 29, 2026 09:28:18.469 [547953107168] DEBUG - [EventSourceClient/pubsub/pubsub10.pop.fra.plex.bz:443] Read HTTP reply header.
Jun 29, 2026 09:28:18.469 [547953107168] DEBUG - [EventSourceClient/pubsub/pubsub10.pop.fra.plex.bz:443] MyPlex: We appear to have regained Internet connectivity.
Jun 29, 2026 09:28:18.478 [547953107168] DEBUG - [EventSourceClient/pubsub/pubsub10.pop.fra.plex.bz:443] PublicAddressManager: Obtaining public address and mapping port.
Jun 29, 2026 09:28:18.478 [547953107168] DEBUG - [EventSourceClient/pubsub/pubsub10.pop.fra.plex.bz:443] MyPlex: async reachability check - current mapped state: 'Not Mapped'.
Jun 29, 2026 09:28:18.478 [547953107168] WARN - [EventSourceClient/pubsub/pubsub10.pop.fra.plex.bz:443] MyPlex: attempted a reachability check but we're not yet mapped.
Jun 29, 2026 09:28:18.478 [547953107168] DEBUG - [EventSourceClient/pubsub/pubsub10.pop.fra.plex.bz:443] Successfully connected to pubsub10.pop.fra.plex.bz.
Jun 29, 2026 09:28:18.519 [547941388512] DEBUG - [HttpClient/HCl#15] HTTP/1.1 (0.1s) 200 response from GET https://plex.tv/api/v2/server/users/features?filterFeatures[]=b83c8dc9-5a01-4b7a-a7c9-5870c8a6e21b&filterFeatures[]=926bc176-58ca-47da-b8e3-080ed14ea6ba&filterFeatures[]=ea791163-c28d-4b7c-af88-bcc9553b206d&filterFeatures[]=6ab6677b-ad9b-444f-9ca1-b8027d05b3e1&filterFeatures[]=56cd352b-0d47-436d-aced-f20db3508de5 (reused)
Jun 29, 2026 09:28:18.552 [547920040160] DEBUG - CERT: Certificate will not expire soon; we'll check again in a week.
Jun 29, 2026 09:28:18.554 [547920040160] DEBUG - MyPlex: Updating device connections (from timer: 0)
Jun 29, 2026 09:28:18.555 [547920040160] DEBUG - [HCl#16] HTTP requesting PUT https://plex.tv/devices/852d69654ed685d07d2d7f072dec0b61ea7d12ba?Connection[][uri]=http://192.168.1.137:32400&Connection[][uri]=http://172.23.0.1:32400&httpsEnabled=1&httpsRequired=0&dnsRebindingProtection=0&X-Plex-Token=xxxxxxxxxxxxxxxxxxxx
Jun 29, 2026 09:28:18.557 [547873468640] DEBUG - MyPlex: sendMapping resetting state - previous mapping state: 'Not Mapped'.
Jun 29, 2026 09:28:18.557 [547873468640] DEBUG - MyPlex: mapping state set to 'Unknown'.
Jun 29, 2026 09:28:18.559 [547873468640] DEBUG - MyPlex: Sending Server Info to myPlex (user=nmatas53@gmail.com, ip=, port=0)
Jun 29, 2026 09:28:18.559 [547873468640] DEBUG - [HCl#17] HTTP requesting POST https://plex.tv/servers.xml?auth_token=xxxxxxxxxxxxxxxxxxxx
Jun 29, 2026 09:28:18.678 [547941388512] DEBUG - [HttpClient/HCl#16] HTTP/1.1 (0.1s) 200 response from PUT https://plex.tv/devices/852d69654ed685d07d2d7f072dec0b61ea7d12ba?Connection[][uri]=http://192.168.1.137:32400&Connection[][uri]=http://172.23.0.1:32400&httpsEnabled=1&httpsRequired=0&dnsRebindingProtection=0&X-Plex-Token=xxxxxxxxxxxxxxxxxxxx (reused)
Jun 29, 2026 09:28:18.706 [547941388512] DEBUG - [HttpClient/HCl#17] HTTP/1.1 (0.1s) 422 response from POST https://plex.tv/servers.xml?auth_token=xxxxxxxxxxxxxxxxxxxx (reused)
Jun 29, 2026 09:28:18.706 [547873468640] DEBUG - MyPlex: Published Mapping State response was 422
Jun 29, 2026 09:28:18.706 [547873468640] DEBUG - MyPlex: Got response for 852d69654ed685d07d2d7f072dec0b61ea7d12ba ~ registered :0
Jun 29, 2026 09:28:18.706 [547873468640] DEBUG - MyPlex: updating mapped state - current state: 'Not Mapped'
Jun 29, 2026 09:28:18.706 [547873468640] DEBUG - MyPlex: mapping state set to 'Not Mapped'.
Jun 29, 2026 09:28:20.060 [547928477920] DEBUG - Request: [127.0.0.1:35722 (Loopback)] GET /system/messaging/clear_events/com.plexapp.agents.imdb (4 live) #8 GZIP Signed-in Token (narcsm)
Jun 29, 2026 09:28:20.060 [547928477920] DEBUG - [Req#8] [com.plexapp.system] Sending command over HTTP (GET): /system/messaging/clear_events/com.plexapp.agents.imdb
Jun 29, 2026 09:28:20.060 [547928477920] DEBUG - [Req#8/HCl#18] HTTP requesting GET http://127.0.0.1:38323/system/messaging/clear_events/com.plexapp.agents.imdb
Jun 29, 2026 09:28:20.124 [547941388512] DEBUG - [HttpClient/HCl#18] HTTP/1.1 (0.1s) 200 response from GET http://127.0.0.1:38323/system/messaging/clear_events/com.plexapp.agents.imdb
Jun 29, 2026 09:28:20.125 [547928477920] DEBUG - [Req#8] [com.plexapp.system] HTTP reply status 200, with 0 bytes of content.
Jun 29, 2026 09:28:20.125 [547950997728] DEBUG - Completed: [127.0.0.1:35722] 200 GET /system/messaging/clear_events/com.plexapp.agents.imdb (4 live) #8 GZIP 65ms 280 bytes
Jun 29, 2026 09:28:20.229 [547915821280] DEBUG - NetworkInterface: received Netlink message len=440, type=RTM_NEWLINK, flags=0x0
Jun 29, 2026 09:28:20.230 [547915821280] DEBUG - NetworkInterface: Netlink information message family=7, type=1, index=1169, flags=0x1003, change=0x0
Jun 29, 2026 09:28:20.230 [547915821280] DEBUG - Network change.
Jun 29, 2026 09:28:20.230 [547915821280] DEBUG - NetworkInterface: Notified of network changed (force=0)
Jun 29, 2026 09:28:20.254 [547915821280] DEBUG - Network change notification but nothing changed.
Jun 29, 2026 09:28:20.255 [547915821280] DEBUG - NetworkInterface: received Netlink message len=1864, type=RTM_NEWLINK, flags=0x0
Jun 29, 2026 09:28:20.255 [547915821280] DEBUG - NetworkInterface: Netlink information message family=0, type=1, index=1169, flags=0x1003, change=0x0
Jun 29, 2026 09:28:20.255 [547915821280] DEBUG - Network change.
Jun 29, 2026 09:28:20.255 [547915821280] DEBUG - NetworkInterface: Notified of network changed (force=0)
Jun 29, 2026 09:28:20.257 [547915821280] DEBUG - Network change notification but nothing changed.
Jun 29, 2026 09:28:20.257 [547915821280] DEBUG - NetworkInterface: received Netlink message len=1500, type=RTM_NEWLINK, flags=0x0
Jun 29, 2026 09:28:20.257 [547915821280] DEBUG - NetworkInterface: Netlink information message family=0, type=1, index=1168, flags=0x1002, change=0xffffffff
Jun 29, 2026 09:28:20.257 [547915821280] DEBUG - Network change.
Jun 29, 2026 09:28:20.257 [547915821280] DEBUG - NetworkInterface: Notified of network changed (force=0)
Jun 29, 2026 09:28:20.258 [547915821280] DEBUG - Network change notification but nothing changed.
Jun 29, 2026 09:28:20.289 [547915821280] DEBUG - NetworkInterface: received Netlink message len=1500, type=RTM_NEWLINK, flags=0x0
Jun 29, 2026 09:28:20.292 [547915821280] DEBUG - NetworkInterface: Netlink information message family=0, type=1, index=1168, flags=0x11003, change=0x1
Jun 29, 2026 09:28:20.292 [547915821280] DEBUG - Network change.
Jun 29, 2026 09:28:20.292 [547915821280] DEBUG - NetworkInterface: Notified of network changed (force=0)
Jun 29, 2026 09:28:20.293 [547915821280] DEBUG - Network change notification but nothing changed.
Jun 29, 2026 09:28:20.293 [547915821280] DEBUG - NetworkInterface: received Netlink message len=1500, type=RTM_NEWLINK, flags=0x0
Jun 29, 2026 09:28:20.293 [547915821280] DEBUG - NetworkInterface: Netlink information message family=0, type=1, index=1168, flags=0x11043, change=0x0
Jun 29, 2026 09:28:20.293 [547915821280] DEBUG - Network change.
Jun 29, 2026 09:28:20.293 [547915821280] DEBUG - NetworkInterface: Notified of network changed (force=0)
Jun 29, 2026 09:28:20.295 [547915821280] DEBUG - Network change notification but nothing changed.
Jun 29, 2026 09:28:20.295 [547915821280] DEBUG - NetworkInterface: received Netlink message len=440, type=RTM_NEWLINK, flags=0x0
Jun 29, 2026 09:28:20.295 [547915821280] DEBUG - NetworkInterface: Netlink information message family=7, type=1, index=1169, flags=0x11043, change=0x0
Jun 29, 2026 09:28:20.295 [547915821280] DEBUG - Network change.
Jun 29, 2026 09:28:20.295 [547915821280] DEBUG - NetworkInterface: Notified of network changed (force=0)
Jun 29, 2026 09:28:20.295 [547915821280] DEBUG - Network change notification but nothing changed.
Jun 29, 2026 09:28:20.295 [547915821280] DEBUG - NetworkInterface: received Netlink message len=440, type=RTM_NEWLINK, flags=0x0
Jun 29, 2026 09:28:20.295 [547915821280] DEBUG - NetworkInterface: Netlink information message family=7, type=1, index=1169, flags=0x11043, change=0x0
Jun 29, 2026 09:28:20.295 [547915821280] DEBUG - Network change.
Jun 29, 2026 09:28:20.295 [547915821280] DEBUG - NetworkInterface: Notified of network changed (force=0)
Jun 29, 2026 09:28:20.296 [547915821280] DEBUG - Network change notification but nothing changed.
Jun 29, 2026 09:28:20.296 [547915821280] DEBUG - NetworkInterface: received Netlink message len=1856, type=RTM_NEWLINK, flags=0x0
Jun 29, 2026 09:28:20.296 [547915821280] DEBUG - NetworkInterface: Netlink information message family=0, type=1, index=1169, flags=0x11043, change=0x0
Jun 29, 2026 09:28:20.296 [547915821280] DEBUG - Network change.
Jun 29, 2026 09:28:20.296 [547915821280] DEBUG - NetworkInterface: Notified of network changed (force=0)
Jun 29, 2026 09:28:20.297 [547915821280] DEBUG - Network change notification but nothing changed.
Jun 29, 2026 09:28:20.363 [547915821280] DEBUG - NetworkInterface: received Netlink message len=1500, type=RTM_NEWLINK, flags=0x0
Jun 29, 2026 09:28:20.363 [547915821280] DEBUG - NetworkInterface: Netlink information message family=0, type=1, index=1168, flags=0x1002, change=0x41
Jun 29, 2026 09:28:20.363 [547915821280] DEBUG - Network change.
Jun 29, 2026 09:28:20.363 [547915821280] DEBUG - NetworkInterface: Notified of network changed (force=0)
Jun 29, 2026 09:28:20.372 [547915821280] DEBUG - Network change notification but nothing changed.
Jun 29, 2026 09:28:20.372 [547915821280] DEBUG - NetworkInterface: received Netlink message len=1856, type=RTM_NEWLINK, flags=0x0
Jun 29, 2026 09:28:20.372 [547915821280] DEBUG - NetworkInterface: Netlink information message family=0, type=1, index=1169, flags=0x1002, change=0x41
Jun 29, 2026 09:28:20.372 [547915821280] DEBUG - Network change.
Jun 29, 2026 09:28:20.372 [547915821280] DEBUG - NetworkInterface: Notified of network changed (force=0)
Jun 29, 2026 09:28:20.377 [547915821280] DEBUG - Network change notification but nothing changed.
Jun 29, 2026 09:28:20.378 [547915821280] DEBUG - NetworkInterface: received Netlink message len=440, type=RTM_NEWLINK, flags=0x0
Jun 29, 2026 09:28:20.378 [547915821280] DEBUG - NetworkInterface: Netlink information message family=7, type=1, index=1169, flags=0x1002, change=0x0
Jun 29, 2026 09:28:20.378 [547915821280] DEBUG - Network change.
Jun 29, 2026 09:28:20.378 [547915821280] DEBUG - NetworkInterface: Notified of network changed (force=0)
Jun 29, 2026 09:28:20.378 [547915821280] DEBUG - Network change notification but nothing changed.
Jun 29, 2026 09:28:20.378 [547915821280] DEBUG - NetworkInterface: received Netlink message len=688, type=RTM_DELLINK, flags=0x0
Jun 29, 2026 09:28:20.378 [547915821280] DEBUG - NetworkInterface: Netlink information message family=0, type=1, index=1168, flags=0x1002, change=0xffffffff
Jun 29, 2026 09:28:20.378 [547915821280] DEBUG - NetworkInterface: received Netlink message len=440, type=RTM_NEWLINK, flags=0x0
Jun 29, 2026 09:28:20.378 [547915821280] DEBUG - NetworkInterface: Netlink information message family=7, type=1, index=1169, flags=0x1002, change=0x0
Jun 29, 2026 09:28:20.378 [547915821280] DEBUG - Network change.
Jun 29, 2026 09:28:20.378 [547915821280] DEBUG - NetworkInterface: Notified of network changed (force=0)
Jun 29, 2026 09:28:20.379 [547915821280] DEBUG - Network change notification but nothing changed.
Jun 29, 2026 09:28:20.379 [547915821280] DEBUG - NetworkInterface: received Netlink message len=104, type=RTM_DELLINK, flags=0x0
Jun 29, 2026 09:28:20.379 [547915821280] DEBUG - NetworkInterface: Netlink information message family=7, type=1, index=1169, flags=0x1002, change=0x0
Jun 29, 2026 09:28:20.379 [547915821280] DEBUG - NetworkInterface: received Netlink message len=688, type=RTM_DELLINK, flags=0x0
Jun 29, 2026 09:28:20.379 [547915821280] DEBUG - NetworkInterface: Netlink information message family=0, type=1, index=1169, flags=0x1002, change=0xffffffff
Jun 29, 2026 09:28:20.453 [547926368480] DEBUG - Request: [127.0.0.1:35734 (Loopback)] GET /:/plugins/com.plexapp.system/resourceHashes (4 live) #13 GZIP Signed-in Token (narcsm)
Jun 29, 2026 09:28:20.453 [547926368480] DEBUG - [Req#13] [com.plexapp.system] Sending command over HTTP (GET): /:/plugins/com.plexapp.system/resourceHashes
Jun 29, 2026 09:28:20.454 [547926368480] DEBUG - [Req#13/HCl#19] HTTP requesting GET http://127.0.0.1:38323/:/plugins/com.plexapp.system/resourceHashes
Jun 29, 2026 09:28:20.500 [547941388512] DEBUG - [HttpClient/HCl#19] HTTP/1.1 (0.0s) 404 response from GET http://127.0.0.1:38323/:/plugins/com.plexapp.system/resourceHashes
Jun 29, 2026 09:28:20.500 [547926368480] DEBUG - [Req#13] [com.plexapp.system] HTTP reply status 404, with 0 bytes of content.
Jun 29, 2026 09:28:20.500 [547950997728] DEBUG - Completed: [127.0.0.1:35734] 404 GET /:/plugins/com.plexapp.system/resourceHashes (3 live) #13 GZIP 46ms 261 bytes
Jun 29, 2026 09:28:20.532 [547928477920] DEBUG - Request: [127.0.0.1:35738 (Loopback)] GET /:/plugins/com.plexapp.system/messaging/function/X0J1bmRsZVNlcnZpY2U6QWxsU2VydmljZXM_/Y2VyZWFsMQoxCmxpc3QKMApyMAo_/Y2VyZWFsMQoxCmRpY3QKMApyMAo_ (3 live) #15 GZIP Signed-in Token (narcsm)
Jun 29, 2026 09:28:20.533 [547928477920] DEBUG - [Req#15] [com.plexapp.system] Sending command over HTTP (GET): /:/plugins/com.plexapp.system/messaging/function/X0J1bmRsZVNlcnZpY2U6QWxsU2VydmljZXM_/Y2VyZWFsMQoxCmxpc3QKMApyMAo_/Y2VyZWFsMQoxCmRpY3QKMApyMAo_
Jun 29, 2026 09:28:20.533 [547928477920] DEBUG - [Req#15/HCl#1a] HTTP requesting GET http://127.0.0.1:38323/:/plugins/com.plexapp.system/messaging/function/X0J1bmRsZVNlcnZpY2U6QWxsU2VydmljZXM_/Y2VyZWFsMQoxCmxpc3QKMApyMAo_/Y2VyZWFsMQoxCmRpY3QKMApyMAo_
Jun 29, 2026 09:28:20.545 [547941388512] DEBUG - [HttpClient/HCl#1a] HTTP/1.1 (0.0s) 200 response from GET http://127.0.0.1:38323/:/plugins/com.plexapp.system/messaging/function/X0J1bmRsZVNlcnZpY2U6QWxsU2VydmljZXM_/Y2VyZWFsMQoxCmxpc3QKMApyMAo_/Y2VyZWFsMQoxCmRpY3QKMApyMAo_
Jun 29, 2026 09:28:20.545 [547928477920] DEBUG - [Req#15] [com.plexapp.system] HTTP reply status 200, with 516 bytes of content.
Jun 29, 2026 09:28:20.546 [547953107168] DEBUG - Completed: [127.0.0.1:35738] 200 GET /:/plugins/com.plexapp.system/messaging/function/X0J1bmRsZVNlcnZpY2U6QWxsU2VydmljZXM_/Y2VyZWFsMQoxCmxpc3QKMApyMAo_/Y2VyZWFsMQoxCmRpY3QKMApyMAo_ (3 live) #15 GZIP 13ms 746 bytes
Jun 29, 2026 09:28:20.701 [547926368480] DEBUG - Request: [127.0.0.1:35742 (Loopback)] GET / (3 live) #18 GZIP Signed-in Token (narcsm)
Jun 29, 2026 09:28:20.704 [547953107168] DEBUG - Completed: [127.0.0.1:35742] 200 GET / (3 live) #18 GZIP 2ms 4114 bytes
Jun 29, 2026 09:28:20.955 [547894726880] DEBUG - [MediaProviderManager] Refreshing media providers
Jun 29, 2026 09:28:20.955 [547894726880] DEBUG - [MediaProviderManager/Response::fetch/HCl#1d] HTTP requesting GET https://plex.tv/media/providers
Jun 29, 2026 09:28:21.030 [547915821280] DEBUG - NetworkInterface: received Netlink message len=1500, type=RTM_NEWLINK, flags=0x0
Jun 29, 2026 09:28:21.030 [547915821280] DEBUG - NetworkInterface: Netlink information message family=0, type=1, index=1170, flags=0x1002, change=0xffffffff
Jun 29, 2026 09:28:21.030 [547915821280] DEBUG - Network change.
Jun 29, 2026 09:28:21.030 [547915821280] DEBUG - NetworkInterface: Notified of network changed (force=0)
Jun 29, 2026 09:28:21.037 [547915821280] DEBUG - Network change notification but nothing changed.
Jun 29, 2026 09:28:21.037 [547915821280] DEBUG - NetworkInterface: received Netlink message len=1500, type=RTM_NEWLINK, flags=0x0
Jun 29, 2026 09:28:21.037 [547915821280] DEBUG - NetworkInterface: Netlink information message family=0, type=1, index=1171, flags=0x1002, change=0xffffffff
Jun 29, 2026 09:28:21.037 [547915821280] DEBUG - Network change.
Jun 29, 2026 09:28:21.037 [547915821280] DEBUG - NetworkInterface: Notified of network changed (force=0)
Jun 29, 2026 09:28:21.038 [547915821280] DEBUG - Network change notification but nothing changed.
Jun 29, 2026 09:28:21.038 [547915821280] DEBUG - NetworkInterface: received Netlink message len=1856, type=RTM_NEWLINK, flags=0x0
Jun 29, 2026 09:28:21.038 [547915821280] DEBUG - NetworkInterface: Netlink information message family=0, type=1, index=1171, flags=0x1002, change=0x0
Jun 29, 2026 09:28:21.038 [547915821280] DEBUG - Network change.
Jun 29, 2026 09:28:21.038 [547915821280] DEBUG - NetworkInterface: Notified of network changed (force=0)
Jun 29, 2026 09:28:21.039 [547915821280] DEBUG - Network change notification but nothing changed.
Jun 29, 2026 09:28:21.039 [547915821280] DEBUG - NetworkInterface: received Netlink message len=1856, type=RTM_NEWLINK, flags=0x0
Jun 29, 2026 09:28:21.039 [547915821280] DEBUG - NetworkInterface: Netlink information message family=0, type=1, index=1171, flags=0x1002, change=0x100
Jun 29, 2026 09:28:21.039 [547915821280] DEBUG - Network change.
Jun 29, 2026 09:28:21.039 [547915821280] DEBUG - NetworkInterface: Notified of network changed (force=0)
Jun 29, 2026 09:28:21.039 [547915821280] DEBUG - Network change notification but nothing changed.
Jun 29, 2026 09:28:21.039 [547915821280] DEBUG - NetworkInterface: received Netlink message len=440, type=RTM_NEWLINK, flags=0x0
Jun 29, 2026 09:28:21.039 [547915821280] DEBUG - NetworkInterface: Netlink information message family=7, type=1, index=1171, flags=0x1002, change=0x0
Jun 29, 2026 09:28:21.039 [547915821280] DEBUG - Network change.
Jun 29, 2026 09:28:21.039 [547915821280] DEBUG - NetworkInterface: Notified of network changed (force=0)
Jun 29, 2026 09:28:21.040 [547915821280] DEBUG - Network change notification but nothing changed.
Jun 29, 2026 09:28:21.040 [547915821280] DEBUG - NetworkInterface: received Netlink message len=1856, type=RTM_NEWLINK, flags=0x0
Jun 29, 2026 09:28:21.040 [547915821280] DEBUG - NetworkInterface: Netlink information message family=0, type=1, index=1171, flags=0x1003, change=0x1
Jun 29, 2026 09:28:21.040 [547915821280] DEBUG - Network change.
Jun 29, 2026 09:28:21.040 [547915821280] DEBUG - NetworkInterface: Notified of network changed (force=0)
Jun 29, 2026 09:28:21.043 [547915821280] DEBUG - Network change notification but nothing changed.
Jun 29, 2026 09:28:21.043 [547915821280] DEBUG - NetworkInterface: received Netlink message len=440, type=RTM_NEWLINK, flags=0x0
Jun 29, 2026 09:28:21.043 [547915821280] DEBUG - NetworkInterface: Netlink information message family=7, type=1, index=1171, flags=0x1003, change=0x0
Jun 29, 2026 09:28:21.044 [547915821280] DEBUG - Network change.
Jun 29, 2026 09:28:21.044 [547915821280] DEBUG - NetworkInterface: Notified of network changed (force=0)
Jun 29, 2026 09:28:21.045 [547915821280] DEBUG - Network change notification but nothing changed.
Jun 29, 2026 09:28:21.065 [547915821280] DEBUG - NetworkInterface: received Netlink message len=1500, type=RTM_NEWLINK, flags=0x0
Jun 29, 2026 09:28:21.066 [547915821280] DEBUG - NetworkInterface: Netlink information message family=0, type=1, index=1170, flags=0x11003, change=0x1
Jun 29, 2026 09:28:21.066 [547915821280] DEBUG - Network change.
Jun 29, 2026 09:28:21.066 [547915821280] DEBUG - NetworkInterface: Notified of network changed (force=0)
Jun 29, 2026 09:28:21.070 [547915821280] DEBUG - Network change notification but nothing changed.
Jun 29, 2026 09:28:21.070 [547915821280] DEBUG - NetworkInterface: received Netlink message len=1500, type=RTM_NEWLINK, flags=0x0
Jun 29, 2026 09:28:21.070 [547915821280] DEBUG - NetworkInterface: Netlink information message family=0, type=1, index=1170, flags=0x11043, change=0x0
Jun 29, 2026 09:28:21.070 [547915821280] DEBUG - Network change.
Jun 29, 2026 09:28:21.070 [547915821280] DEBUG - NetworkInterface: Notified of network changed (force=0)
Jun 29, 2026 09:28:21.071 [547915821280] DEBUG - Network change notification but nothing changed.
Jun 29, 2026 09:28:21.071 [547915821280] DEBUG - NetworkInterface: received Netlink message len=440, type=RTM_NEWLINK, flags=0x0
Jun 29, 2026 09:28:21.071 [547915821280] DEBUG - NetworkInterface: Netlink information message family=7, type=1, index=1171, flags=0x11043, change=0x0
Jun 29, 2026 09:28:21.071 [547915821280] DEBUG - Network change.
Jun 29, 2026 09:28:21.071 [547915821280] DEBUG - NetworkInterface: Notified of network changed (force=0)
Jun 29, 2026 09:28:21.072 [547915821280] DEBUG - Network change notification but nothing changed.
Jun 29, 2026 09:28:21.072 [547915821280] DEBUG - NetworkInterface: received Netlink message len=440, type=RTM_NEWLINK, flags=0x0
Jun 29, 2026 09:28:21.072 [547915821280] DEBUG - NetworkInterface: Netlink information message family=7, type=1, index=1171, flags=0x11043, change=0x0
Jun 29, 2026 09:28:21.072 [547915821280] DEBUG - Network change.
Jun 29, 2026 09:28:21.072 [547915821280] DEBUG - NetworkInterface: Notified of network changed (force=0)
Jun 29, 2026 09:28:21.072 [547915821280] DEBUG - Network change notification but nothing changed.
Jun 29, 2026 09:28:21.072 [547915821280] DEBUG - NetworkInterface: received Netlink message len=1856, type=RTM_NEWLINK, flags=0x0
Jun 29, 2026 09:28:21.072 [547915821280] DEBUG - NetworkInterface: Netlink information message family=0, type=1, index=1171, flags=0x11043, change=0x0
Jun 29, 2026 09:28:21.072 [547915821280] DEBUG - Network change.
Jun 29, 2026 09:28:21.072 [547915821280] DEBUG - NetworkInterface: Notified of network changed (force=0)
Jun 29, 2026 09:28:21.075 [547915821280] DEBUG - Network change notification but nothing changed.
Jun 29, 2026 09:28:21.093 [547941388512] DEBUG - [HttpClient/HCl#1d] HTTP/1.1 (0.1s) 200 response from GET https://plex.tv/media/providers (reused)
Jun 29, 2026 09:28:21.095 [547894726880] DEBUG - [MediaProviderManager] discovered cloud provider (Movies & Shows)
Jun 29, 2026 09:28:21.095 [547894726880] DEBUG - [MediaProviderManager] discovered cloud provider (Metadata)
Jun 29, 2026 09:28:21.095 [547894726880] DEBUG - [MediaProviderManager] loading cloud provider details (Metadata) (alive: 1)
Jun 29, 2026 09:28:21.095 [547894726880] DEBUG - [MediaProviderManager] loading cloud provider details (Movies & Shows) (alive: 1)
Jun 29, 2026 09:28:21.095 [547894726880] DEBUG - [MediaProviderManager] we had 2 cloud providers online, we now have 2
Jun 29, 2026 09:28:21.095 [547894726880] DEBUG - [MediaProviderManager] cloud provider (Metadata) is online and available
Jun 29, 2026 09:28:21.095 [547894726880] DEBUG - [MediaProviderManager] cloud provider (Movies & Shows) is online and available
Jun 29, 2026 09:28:21.095 [547894726880] DEBUG - [MediaProviderManager] Media provider refresh complete
Jun 29, 2026 09:28:21.907 [547915821280] DEBUG - NetworkInterface: received Netlink message len=1500, type=RTM_NEWLINK, flags=0x0
Jun 29, 2026 09:28:21.907 [547915821280] DEBUG - NetworkInterface: Netlink information message family=0, type=1, index=1170, flags=0x1002, change=0x41
Jun 29, 2026 09:28:21.907 [547915821280] DEBUG - Network change.
Jun 29, 2026 09:28:21.907 [547915821280] DEBUG - NetworkInterface: Notified of network changed (force=0)
Jun 29, 2026 09:28:21.940 [547915821280] DEBUG - Network change notification but nothing changed.
Jun 29, 2026 09:28:21.942 [547915821280] DEBUG - NetworkInterface: received Netlink message len=704, type=RTM_DELLINK, flags=0x0
Jun 29, 2026 09:28:21.942 [547915821280] DEBUG - NetworkInterface: Netlink information message family=0, type=1, index=1170, flags=0x1002, change=0xffffffff
Jun 29, 2026 09:28:21.942 [547915821280] DEBUG - NetworkInterface: received Netlink message len=440, type=RTM_NEWLINK, flags=0x0
Jun 29, 2026 09:28:21.942 [547915821280] DEBUG - NetworkInterface: Netlink information message family=7, type=1, index=1171, flags=0x1003, change=0x0
Jun 29, 2026 09:28:21.942 [547915821280] DEBUG - Network change.
Jun 29, 2026 09:28:21.942 [547915821280] DEBUG - NetworkInterface: Notified of network changed (force=0)
Jun 29, 2026 09:28:21.943 [547915821280] DEBUG - Network change notification but nothing changed.
Jun 29, 2026 09:28:21.943 [547915821280] DEBUG - NetworkInterface: received Netlink message len=1864, type=RTM_NEWLINK, flags=0x0
Jun 29, 2026 09:28:21.943 [547915821280] DEBUG - NetworkInterface: Netlink information message family=0, type=1, index=1171, flags=0x1003, change=0x0
Jun 29, 2026 09:28:21.943 [547915821280] DEBUG - Network change.
Jun 29, 2026 09:28:21.943 [547915821280] DEBUG - NetworkInterface: Notified of network changed (force=0)
Jun 29, 2026 09:28:21.944 [547915821280] DEBUG - Network change notification but nothing changed.
Jun 29, 2026 09:28:21.944 [547915821280] DEBUG - NetworkInterface: received Netlink message len=440, type=RTM_NEWLINK, flags=0x0
Jun 29, 2026 09:28:21.944 [547915821280] DEBUG - NetworkInterface: Netlink information message family=7, type=1, index=1171, flags=0x11043, change=0x0
Jun 29, 2026 09:28:21.944 [547915821280] DEBUG - Network change.
Jun 29, 2026 09:28:21.944 [547915821280] DEBUG - NetworkInterface: Notified of network changed (force=0)
Jun 29, 2026 09:28:21.946 [547915821280] DEBUG - Network change notification but nothing changed.
Jun 29, 2026 09:28:21.946 [547915821280] DEBUG - NetworkInterface: received Netlink message len=440, type=RTM_NEWLINK, flags=0x0
Jun 29, 2026 09:28:21.946 [547915821280] DEBUG - NetworkInterface: Netlink information message family=7, type=1, index=1171, flags=0x11043, change=0x0
Jun 29, 2026 09:28:21.946 [547915821280] DEBUG - Network change.
Jun 29, 2026 09:28:21.946 [547915821280] DEBUG - NetworkInterface: Notified of network changed (force=0)
Jun 29, 2026 09:28:21.947 [547915821280] DEBUG - Network change notification but nothing changed.
Jun 29, 2026 09:28:21.947 [547915821280] DEBUG - NetworkInterface: received Netlink message len=1864, type=RTM_NEWLINK, flags=0x0
Jun 29, 2026 09:28:21.947 [547915821280] DEBUG - NetworkInterface: Netlink information message family=0, type=1, index=1171, flags=0x11043, change=0x0
Jun 29, 2026 09:28:21.947 [547915821280] DEBUG - Network change.
Jun 29, 2026 09:28:21.947 [547915821280] DEBUG - NetworkInterface: Notified of network changed (force=0)
Jun 29, 2026 09:28:21.949 [547915821280] DEBUG - Network change notification but nothing changed.
Jun 29, 2026 09:28:22.066 [547894726880] DEBUG - DVR:Device: Discovering and refreshing all devices.
Jun 29, 2026 09:28:22.067 [547894726880] DEBUG - Grabber: HDHomerun discovered 0 compatible devices.
Jun 29, 2026 09:28:22.068 [547894726880] DEBUG - [HCl#1e] HTTP requesting POST http://127.0.0.1:32600/devices/discover
Jun 29, 2026 09:28:22.313 [547928477920] DEBUG - Request: [127.0.0.1:35750 (Loopback)] GET /:/plugins/com.plexapp.system/messaging/function/X0FnZW50U2VydmljZTpVcGRhdGVJbmZv/Y2VyZWFsMQoxCmxpc3QKMApyMAo_/Y2VyZWFsMQo3CmRpY3QKbGlzdApkaWN0Cmxpc3QKbGlzdApsaXN0Cmxpc3QKMgpzMjMKY29tLnBsZXhhcHAuYWdlbnRzLmltZGJzMTAKaWRlbnRpZmllcnIxCnMxMAphZ2VudF9pbmZvMQpyMgoxMApyMwpzMTEKbWVkaWFfdHlwZXNyNApzMTIKYWNjZXB0c19mcm9tbnMxNApmYWxsYmFja19hZ2VudHI1CnMxNApjb250cmlidXRlc190b3I2CnM5Cmxhbmd1YWdlc2IxczIwCnBlcnNpc3Rfc3RvcmVkX2ZpbGVzaTAKczcKdmVyc2lvbmIxczE2CnByaW1hcnlfcHJvdmlkZXJiMXM1CnByZWZzczE5ClBsZXggTW92aWUgKExlZ2FjeSlzNApuYW1lMQpzNQpNb3ZpZTEKczI5CmNvbS5wbGV4YXBwLmFnZW50cy5sb2NhbG1lZGlhMQpzMjkKY29tLnBsZXhhcHAuYWdlbnRzLnRoZW1vdmllZGIzMwpzMgplbnMyCnN2czIKZnJzMgplc3MyCm5sczIKZGVzMgppdHMyCmRhczIKYXJzMgpjYXMyCnpoczIKY3NzMgpldHMyCmZpczIKZWxzMgpoZXMyCmhpczIKaHVzMgppZHMyCmphczIKa29zMgpsdnMyCm5vczIKZmFzMgpwbHMyCnB0czIKcm9zMgpydXMyCnNrczIKdGhzMgp0cnMyCnVrczIKdmlyMAo_ (3 live) #1a GZIP Signed-in Token (narcsm)
Jun 29, 2026 09:28:22.313 [547928477920] DEBUG - [Req#1a] [com.plexapp.system] Sending command over HTTP (GET): /:/plugins/com.plexapp.system/messaging/function/X0FnZW50U2VydmljZTpVcGRhdGVJbmZv/Y2VyZWFsMQoxCmxpc3QKMApyMAo_/Y2VyZWFsMQo3CmRpY3QKbGlzdApkaWN0Cmxpc3QKbGlzdApsaXN0Cmxpc3QKMgpzMjMKY29tLnBsZXhhcHAuYWdlbnRzLmltZGJzMTAKaWRlbnRpZmllcnIxCnMxMAphZ2VudF9pbmZvMQpyMgoxMApyMwpzMTEKbWVkaWFfdHlwZXNyNApzMTIKYWNjZXB0c19mcm9tbnMxNApmYWxsYmFja19hZ2VudHI1CnMxNApjb250cmlidXRlc190b3I2CnM5Cmxhbmd1YWdlc2IxczIwCnBlcnNpc3Rfc3RvcmVkX2ZpbGVzaTAKczcKdmVyc2lvbmIxczE2CnByaW1hcnlfcHJvdmlkZXJiMXM1CnByZWZzczE5ClBsZXggTW92aWUgKExlZ2FjeSlzNApuYW1lMQpzNQpNb3ZpZTEKczI5CmNvbS5wbGV4YXBwLmFnZW50cy5sb2NhbG1lZGlhMQpzMjkKY29tLnBsZXhhcHAuYWdlbnRzLnRoZW1vdmllZGIzMwpzMgplbnMyCnN2czIKZnJzMgplc3MyCm5sczIKZGVzMgppdHMyCmRhczIKYXJzMgpjYXMyCnpoczIKY3NzMgpldHMyCmZpczIKZWxzMgpoZXMyCmhpczIKaHVzMgppZHMyCmphczIKa29zMgpsdnMyCm5vczIKZmFzMgpwbHMyCnB0czIKcm9zMgpydXMyCnNrczIKdGhzMgp0cnMyCnVrczIKdmlyMAo_
Jun 29, 2026 09:28:22.313 [547928477920] DEBUG - [Req#1a/HCl#1f] HTTP requesting GET http://127.0.0.1:38323/:/plugins/com.plexapp.system/messaging/function/X0FnZW50U2VydmljZTpVcGRhdGVJbmZv/Y2VyZWFsMQoxCmxpc3QKMApyMAo_/Y2VyZWFsMQo3CmRpY3QKbGlzdApkaWN0Cmxpc3QKbGlzdApsaXN0Cmxpc3QKMgpzMjMKY29tLnBsZXhhcHAuYWdlbnRzLmltZGJzMTAKaWRlbnRpZmllcnIxCnMxMAphZ2VudF9pbmZvMQpyMgoxMApyMwpzMTEKbWVkaWFfdHlwZXNyNApzMTIKYWNjZXB0c19mcm9tbnMxNApmYWxsYmFja19hZ2VudHI1CnMxNApjb250cmlidXRlc190b3I2CnM5Cmxhbmd1YWdlc2IxczIwCnBlcnNpc3Rfc3RvcmVkX2ZpbGVzaTAKczcKdmVyc2lvbmIxczE2CnByaW1hcnlfcHJvdmlkZXJiMXM1CnByZWZzczE5ClBsZXggTW92aWUgKExlZ2FjeSlzNApuYW1lMQpzNQpNb3ZpZTEKczI5CmNvbS5wbGV4YXBwLmFnZW50cy5sb2NhbG1lZGlhMQpzMjkKY29tLnBsZXhhcHAuYWdlbnRzLnRoZW1vdmllZGIzMwpzMgplbnMyCnN2czIKZnJzMgplc3MyCm5sczIKZGVzMgppdHMyCmRhczIKYXJzMgpjYXMyCnpoczIKY3NzMgpldHMyCmZpczIKZWxzMgpoZXMyCmhpczIKaHVzMgppZHMyCmphczIKa29zMgpsdnMyCm5vczIKZmFzMgpwbHMyCnB0czIKcm9zMgpydXMyCnNrczIKdGhzMgp0cnMyCnVrczIKdmlyMAo_
Jun 29, 2026 09:28:22.328 [547941388512] DEBUG - [HttpClient/HCl#1f] HTTP/1.1 (0.0s) 200 response from GET http://127.0.0.1:38323/:/plugins/com.plexapp.system/messaging/function/X0FnZW50U2VydmljZTpVcGRhdGVJbmZv/Y2VyZWFsMQoxCmxpc3QKMApyMAo_/Y2VyZWFsMQo3CmRpY3QKbGlzdApkaWN0Cmxpc3QKbGlzdApsaXN0Cmxpc3QKMgpzMjMKY29tLnBsZXhhcHAuYWdlbnRzLmltZGJzMTAKaWRlbnRpZmllcnIxCnMxMAphZ2VudF9pbmZvMQpyMgoxMApyMwpzMTEKbWVkaWFfdHlwZXNyNApzMTIKYWNjZXB0c19mcm9tbnMxNApmYWxsYmFja19hZ2VudHI1CnMxNApjb250cmlidXRlc190b3I2CnM5Cmxhbmd1YWdlc2IxczIwCnBlcnNpc3Rfc3RvcmVkX2ZpbGVzaTAKczcKdmVyc2lvbmIxczE2CnByaW1hcnlfcHJvdmlkZXJiMXM1CnByZWZzczE5ClBsZXggTW92aWUgKExlZ2FjeSlzNApuYW1lMQpzNQpNb3ZpZTEKczI5CmNvbS5wbGV4YXBwLmFnZW50cy5sb2NhbG1lZGlhMQpzMjkKY29tLnBsZXhhcHAuYWdlbnRzLnRoZW1vdmllZGIzMwpzMgplbnMyCnN2czIKZnJzMgplc3MyCm5sczIKZGVzMgppdHMyCmRhczIKYXJzMgpjYXMyCnpoczIKY3NzMgpldHMyCmZpczIKZWxzMgpoZXMyCmhpczIKaHVzMgppZHMyCmphczIKa29zMgpsdnMyCm5vczIKZmFzMgpwbHMyCnB0czIKcm9zMgpydXMyCnNrczIKdGhzMgp0cnMyCnVrczIKdmlyMAo_
Jun 29, 2026 09:28:22.329 [547928477920] DEBUG - [Req#1a] [com.plexapp.system] HTTP reply status 200, with 16 bytes of content.
Jun 29, 2026 09:28:22.329 [547953107168] DEBUG - Completed: [127.0.0.1:35750] 200 GET /:/plugins/com.plexapp.system/messaging/function/X0FnZW50U2VydmljZTpVcGRhdGVJbmZv/Y2VyZWFsMQoxCmxpc3QKMApyMAo_/Y2VyZWFsMQo3CmRpY3QKbGlzdApkaWN0Cmxpc3QKbGlzdApsaXN0Cmxpc3QKMgpzMjMKY29tLnBsZXhhcHAuYWdlbnRzLmltZGJzMTAKaWRlbnRpZmllcnIxCnMxMAphZ2VudF9pbmZvMQpyMgoxMApyMwpzMTEKbWVkaWFfdHlwZXNyNApzMTIKYWNjZXB0c19mcm9tbnMxNApmYWxsYmFja19hZ2VudHI1CnMxNApjb250cmlidXRlc190b3I2CnM5Cmxhbmd1YWdlc2IxczIwCnBlcnNpc3Rfc3RvcmVkX2ZpbGVzaTAKczcKdmVyc2lvbmIxczE2CnByaW1hcnlfcHJvdmlkZXJiMXM1CnByZWZzczE5ClBsZXggTW92aWUgKExlZ2FjeSlzNApuYW1lMQpzNQpNb3ZpZTEKczI5CmNvbS5wbGV4YXBwLmFnZW50cy5sb2NhbG1lZGlhMQpzMjkKY29tLnBsZXhhcHAuYWdlbnRzLnRoZW1vdmllZGIzMwpzMgplbnMyCnN2czIKZnJzMgplc3MyCm5sczIKZGVzMgppdHMyCmRhczIKYXJzMgpjYXMyCnpoczIKY3NzMgpldHMyCmZpczIKZWxzMgpoZXMyCmhpczIKaHVzMgppZHMyCmphczIKa29zMgpsdnMyCm5vczIKZmFzMgpwbHMyCnB0czIKcm9zMgpydXMyCnNrczIKdGhzMgp0cnMyCnVrczIKdmlyMAo_ (3 live) #1a GZIP 16ms 415 bytes
Jun 29, 2026 09:28:22.343 [547892617440] DEBUG - [Req#9] Reading 148 bytes in the body, code is 200
Jun 29, 2026 09:28:22.343 [547892617440] DEBUG - [Req#9] [com.plexapp.agents.imdb] Plug-in running on port 34451.
Jun 29, 2026 09:28:22.343 [547892617440] DEBUG - [Req#9] Read configuration for [com.plexapp.agents.imdb], had 0 prefixes
Jun 29, 2026 09:28:22.345 [547892617440] DEBUG - [Req#9] [com.plexapp.agents.imdb] Sending command over HTTP (GET): /:/plugins/com.plexapp.agents.imdb/prefs
Jun 29, 2026 09:28:22.345 [547892617440] DEBUG - [Req#9/HCl#20] HTTP requesting GET http://127.0.0.1:34451/:/plugins/com.plexapp.agents.imdb/prefs
Jun 29, 2026 09:28:22.404 [547941388512] DEBUG - [HttpClient/HCl#20] HTTP/1.1 (0.1s) 200 response from GET http://127.0.0.1:34451/:/plugins/com.plexapp.agents.imdb/prefs
Jun 29, 2026 09:28:22.404 [547892617440] DEBUG - [Req#9] [com.plexapp.agents.imdb] HTTP reply status 200, with 2224 bytes of content.
Jun 29, 2026 09:28:22.405 [547892617440] DEBUG - Caching document http://127.0.0.1:32400/:/plugins/com.plexapp.agents.imdb/prefs as 0ac18c2e1946dfc21bd2d40283893f6a343095e8
Jun 29, 2026 09:28:22.405 [547892617440] DEBUG - IVA: Downloading trailer lists.
Jun 29, 2026 09:28:22.497 [547892617440] DEBUG - IVA: Downloaded 4 trailers for source 1.
Jun 29, 2026 09:28:22.528 [547892617440] DEBUG - IVA: Downloaded 29 trailers for source 2.
Jun 29, 2026 09:28:22.540 [547913711840] DEBUG - [NSB] NetworkServiceBrowser: SERVER arrived: 127.0.0.1 (NarPi)
Jun 29, 2026 09:28:22.540 [547913711840] DEBUG - [NSB] Notifying the system bundle an update to server /system/notify/serverUpdated?host=127.0.0.1
Jun 29, 2026 09:28:22.540 [547913711840] DEBUG - [NSB] [com.plexapp.system] Sending command over HTTP (GET): /system/notify/serverUpdated?host=127.0.0.1
Jun 29, 2026 09:28:22.540 [547913711840] DEBUG - [NSB/HCl#23] HTTP requesting GET http://127.0.0.1:38323/system/notify/serverUpdated?host=127.0.0.1
Jun 29, 2026 09:28:22.554 [547926368480] DEBUG - Request: [127.0.0.1:35764 (Loopback)] GET /servers (3 live) #1c GZIP Signed-in Token (narcsm)
Jun 29, 2026 09:28:22.556 [547950997728] DEBUG - Completed: [127.0.0.1:35764] 200 GET /servers (3 live) #1c GZIP 2ms 490 bytes
Jun 29, 2026 09:28:22.567 [547941388512] DEBUG - [HttpClient/HCl#23] HTTP/1.1 (0.0s) 200 response from GET http://127.0.0.1:38323/system/notify/serverUpdated?host=127.0.0.1
Jun 29, 2026 09:28:22.568 [547913711840] DEBUG - [NSB] [com.plexapp.system] HTTP reply status 200, with 0 bytes of content.
Jun 29, 2026 09:28:22.955 [547901055200] DEBUG - [PubsubServerManager/process/HCl#24] HTTP requesting GET https://plex.tv/services/pubsub/servers
Jun 29, 2026 09:28:23.033 [547915821280] DEBUG - NetworkInterface: received Netlink message len=440, type=RTM_NEWLINK, flags=0x0
Jun 29, 2026 09:28:23.033 [547915821280] DEBUG - NetworkInterface: Netlink information message family=7, type=1, index=1159, flags=0x11043, change=0x0
Jun 29, 2026 09:28:23.033 [547915821280] DEBUG - Network change.
Jun 29, 2026 09:28:23.033 [547915821280] DEBUG - NetworkInterface: Notified of network changed (force=0)
Jun 29, 2026 09:28:23.034 [547915821280] DEBUG - Network change notification but nothing changed.
Jun 29, 2026 09:28:23.067 [547941388512] DEBUG - [HttpClient/HCl#24] HTTP/1.1 (0.1s) 200 response from GET https://plex.tv/services/pubsub/servers (reused)
Jun 29, 2026 09:28:23.289 [547915821280] DEBUG - NetworkInterface: received Netlink message len=440, type=RTM_NEWLINK, flags=0x0
Jun 29, 2026 09:28:23.289 [547915821280] DEBUG - NetworkInterface: Netlink information message family=7, type=1, index=1161, flags=0x11043, change=0x0
Jun 29, 2026 09:28:23.289 [547915821280] DEBUG - Network change.
Jun 29, 2026 09:28:23.289 [547915821280] DEBUG - NetworkInterface: Notified of network changed (force=0)
Jun 29, 2026 09:28:23.289 [547915821280] DEBUG - Network change notification but nothing changed.
Jun 29, 2026 09:28:23.640 [547960742112] DEBUG - NAT: UPnP, found device <http://192.168.1.1:47733/60fdacb1/IGDV1/rootDesc.xml> with private address <192.168.1.137>
Jun 29, 2026 09:28:23.801 [547915821280] DEBUG - NetworkInterface: received Netlink message len=440, type=RTM_NEWLINK, flags=0x0
Jun 29, 2026 09:28:23.801 [547915821280] DEBUG - NetworkInterface: Netlink information message family=7, type=1, index=1163, flags=0x11043, change=0x0
Jun 29, 2026 09:28:23.801 [547915821280] DEBUG - Network change.
Jun 29, 2026 09:28:23.801 [547915821280] DEBUG - NetworkInterface: Notified of network changed (force=0)
Jun 29, 2026 09:28:23.801 [547915821280] DEBUG - Network change notification but nothing changed.
Jun 29, 2026 09:28:24.105 [547901055200] DEBUG - [PubsubServerManager/process] Time to connect to pubsub14.pop.fra.plex.bz was 104 ms.
Jun 29, 2026 09:28:24.105 [547901055200] DEBUG - [PubsubServerManager/process] Time to connect to pubsub08.pop.lhr.plex.bz was 108 ms.
Jun 29, 2026 09:28:24.105 [547901055200] DEBUG - [PubsubServerManager/process] Time to connect to pubsub10.pop.fra.plex.bz was 114 ms.
Jun 29, 2026 09:28:24.105 [547901055200] DEBUG - [PubsubServerManager/process] Time to connect to pubsub00.pop.ewr.plex.bz was 320 ms.
Jun 29, 2026 09:28:24.105 [547901055200] DEBUG - [PubsubServerManager/process] Time to connect to pubsub04.pop.yyz.plex.bz was 337 ms.
Jun 29, 2026 09:28:24.105 [547901055200] DEBUG - [PubsubServerManager/process] Time to connect to pubsub04.pop.atl.plex.bz was 348 ms.
Jun 29, 2026 09:28:24.105 [547901055200] DEBUG - [PubsubServerManager/process] Time to connect to pubsub01.pop.dfw.plex.bz was 395 ms.
Jun 29, 2026 09:28:24.105 [547901055200] DEBUG - [PubsubServerManager/process] Time to connect to pubsub06.pop.sin.plex.bz was 450 ms.
Jun 29, 2026 09:28:24.105 [547901055200] DEBUG - [PubsubServerManager/process] Time to connect to pubsub00.pop.fmt.plex.bz was 510 ms.
Jun 29, 2026 09:28:24.105 [547901055200] DEBUG - [PubsubServerManager/process] Time to connect to pubsub02.pop.hnd.plex.bz was 805 ms.
Jun 29, 2026 09:28:24.106 [547901055200] DEBUG - [PubsubServerManager/process] Another server (pubsub14.pop.fra.plex.bz) beat the current one (pubsub10.pop.fra.plex.bz).
Jun 29, 2026 09:28:24.107 [547901055200] DEBUG - [PubsubServerManager/process] Updating best host to pubsub14.pop.fra.plex.bz.
Jun 29, 2026 09:28:24.108 [547901055200] DEBUG - [PubsubServerManager/process] Updating best ping time for pubsub14.pop.fra.plex.bz to 104 ms.
Jun 29, 2026 09:28:24.108 [547950997728] DEBUG - [EventSourceClient/pubsub/pubsub10.pop.fra.plex.bz:443] Stopping.
Jun 29, 2026 09:28:24.108 [547950997728] DEBUG - [EventSourceClient/pubsub/pubsub10.pop.fra.plex.bz:443] Failure: 125 - Operation canceled.
Jun 29, 2026 09:28:24.109 [547950997728] DEBUG - [EventSourceClient/pubsub/pubsub14.pop.fra.plex.bz:443] Resolving pubsub14.pop.fra.plex.bz port 443
Jun 29, 2026 09:28:24.114 [547950997728] DEBUG - [EventSourceClient/pubsub/pubsub14.pop.fra.plex.bz:443] Resolved pubsub14.pop.fra.plex.bz to 172.104.245.240:443
Jun 29, 2026 09:28:24.231 [547953107168] DEBUG - [EventSourceClient/pubsub/pubsub14.pop.fra.plex.bz:443] Connected in 116 ms.
Jun 29, 2026 09:28:24.231 [547953107168] DEBUG - [EventSourceClient/pubsub/pubsub14.pop.fra.plex.bz:443] Wrote data, reading reply.
Jun 29, 2026 09:28:24.340 [547915821280] DEBUG - NetworkInterface: received Netlink message len=440, type=RTM_NEWLINK, flags=0x0
Jun 29, 2026 09:28:24.340 [547915821280] DEBUG - NetworkInterface: Netlink information message family=7, type=1, index=1171, flags=0x1003, change=0x0
Jun 29, 2026 09:28:24.340 [547915821280] DEBUG - Network change.
Jun 29, 2026 09:28:24.340 [547915821280] DEBUG - NetworkInterface: Notified of network changed (force=0)
Jun 29, 2026 09:28:24.342 [547915821280] DEBUG - Network change notification but nothing changed.
Jun 29, 2026 09:28:24.342 [547915821280] DEBUG - NetworkInterface: received Netlink message len=1864, type=RTM_NEWLINK, flags=0x0
Jun 29, 2026 09:28:24.342 [547915821280] DEBUG - NetworkInterface: Netlink information message family=0, type=1, index=1171, flags=0x1003, change=0x0
Jun 29, 2026 09:28:24.342 [547915821280] DEBUG - Network change.
Jun 29, 2026 09:28:24.342 [547915821280] DEBUG - NetworkInterface: Notified of network changed (force=0)
Jun 29, 2026 09:28:24.374 [547915821280] DEBUG - Network change notification but nothing changed.
Jun 29, 2026 09:28:24.374 [547915821280] DEBUG - NetworkInterface: received Netlink message len=1500, type=RTM_NEWLINK, flags=0x0
Jun 29, 2026 09:28:24.374 [547915821280] DEBUG - NetworkInterface: Netlink information message family=0, type=1, index=1170, flags=0x1002, change=0xffffffff
Jun 29, 2026 09:28:24.374 [547915821280] DEBUG - Network change.
Jun 29, 2026 09:28:24.374 [547915821280] DEBUG - NetworkInterface: Notified of network changed (force=0)
Jun 29, 2026 09:28:24.375 [547915821280] DEBUG - Network change notification but nothing changed.
Jun 29, 2026 09:28:24.398 [547915821280] DEBUG - NetworkInterface: received Netlink message len=1500, type=RTM_NEWLINK, flags=0x0
Jun 29, 2026 09:28:24.398 [547915821280] DEBUG - NetworkInterface: Netlink information message family=0, type=1, index=1170, flags=0x11003, change=0x1
Jun 29, 2026 09:28:24.398 [547915821280] DEBUG - Network change.
Jun 29, 2026 09:28:24.398 [547915821280] DEBUG - NetworkInterface: Notified of network changed (force=0)
Jun 29, 2026 09:28:24.399 [547915821280] DEBUG - Network change notification but nothing changed.
Jun 29, 2026 09:28:24.399 [547915821280] DEBUG - NetworkInterface: received Netlink message len=1500, type=RTM_NEWLINK, flags=0x0
Jun 29, 2026 09:28:24.399 [547915821280] DEBUG - NetworkInterface: Netlink information message family=0, type=1, index=1170, flags=0x11043, change=0x0
Jun 29, 2026 09:28:24.399 [547915821280] DEBUG - Network change.
Jun 29, 2026 09:28:24.399 [547915821280] DEBUG - NetworkInterface: Notified of network changed (force=0)
Jun 29, 2026 09:28:24.400 [547915821280] DEBUG - Network change notification but nothing changed.
Jun 29, 2026 09:28:24.400 [547915821280] DEBUG - NetworkInterface: received Netlink message len=440, type=RTM_NEWLINK, flags=0x0
Jun 29, 2026 09:28:24.400 [547915821280] DEBUG - NetworkInterface: Netlink information message family=7, type=1, index=1171, flags=0x11043, change=0x0
Jun 29, 2026 09:28:24.400 [547915821280] DEBUG - Network change.
Jun 29, 2026 09:28:24.400 [547915821280] DEBUG - NetworkInterface: Notified of network changed (force=0)
Jun 29, 2026 09:28:24.402 [547915821280] DEBUG - Network change notification but nothing changed.
Jun 29, 2026 09:28:24.402 [547915821280] DEBUG - NetworkInterface: received Netlink message len=440, type=RTM_NEWLINK, flags=0x0
Jun 29, 2026 09:28:24.402 [547915821280] DEBUG - NetworkInterface: Netlink information message family=7, type=1, index=1171, flags=0x11043, change=0x0
Jun 29, 2026 09:28:24.402 [547915821280] DEBUG - Network change.
Jun 29, 2026 09:28:24.402 [547915821280] DEBUG - NetworkInterface: Notified of network changed (force=0)
Jun 29, 2026 09:28:24.403 [547915821280] DEBUG - Network change notification but nothing changed.
Jun 29, 2026 09:28:24.403 [547915821280] DEBUG - NetworkInterface: received Netlink message len=1856, type=RTM_NEWLINK, flags=0x0
Jun 29, 2026 09:28:24.403 [547915821280] DEBUG - NetworkInterface: Netlink information message family=0, type=1, index=1171, flags=0x11043, change=0x0
Jun 29, 2026 09:28:24.403 [547915821280] DEBUG - Network change.
Jun 29, 2026 09:28:24.403 [547915821280] DEBUG - NetworkInterface: Notified of network changed (force=0)
Jun 29, 2026 09:28:24.403 [547915821280] DEBUG - Network change notification but nothing changed.
Jun 29, 2026 09:28:24.485 [547915821280] DEBUG - NetworkInterface: received Netlink message len=1500, type=RTM_NEWLINK, flags=0x0
Jun 29, 2026 09:28:24.485 [547915821280] DEBUG - NetworkInterface: Netlink information message family=0, type=1, index=1170, flags=0x1002, change=0x41
Jun 29, 2026 09:28:24.485 [547915821280] DEBUG - Network change.
Jun 29, 2026 09:28:24.485 [547915821280] DEBUG - NetworkInterface: Notified of network changed (force=0)
Jun 29, 2026 09:28:24.494 [547915821280] DEBUG - Network change notification but nothing changed.
Jun 29, 2026 09:28:24.494 [547915821280] DEBUG - NetworkInterface: received Netlink message len=1856, type=RTM_NEWLINK, flags=0x0
Jun 29, 2026 09:28:24.494 [547915821280] DEBUG - NetworkInterface: Netlink information message family=0, type=1, index=1171, flags=0x1002, change=0x41
Jun 29, 2026 09:28:24.494 [547915821280] DEBUG - Network change.
Jun 29, 2026 09:28:24.494 [547915821280] DEBUG - NetworkInterface: Notified of network changed (force=0)
Jun 29, 2026 09:28:24.495 [547915821280] DEBUG - Network change notification but nothing changed.
Jun 29, 2026 09:28:24.495 [547915821280] DEBUG - NetworkInterface: received Netlink message len=440, type=RTM_NEWLINK, flags=0x0
Jun 29, 2026 09:28:24.495 [547915821280] DEBUG - NetworkInterface: Netlink information message family=7, type=1, index=1171, flags=0x1002, change=0x0
Jun 29, 2026 09:28:24.495 [547915821280] DEBUG - Network change.
Jun 29, 2026 09:28:24.495 [547915821280] DEBUG - NetworkInterface: Notified of network changed (force=0)
Jun 29, 2026 09:28:24.496 [547915821280] DEBUG - Network change notification but nothing changed.
Jun 29, 2026 09:28:24.496 [547915821280] DEBUG - NetworkInterface: received Netlink message len=688, type=RTM_DELLINK, flags=0x0
Jun 29, 2026 09:28:24.496 [547915821280] DEBUG - NetworkInterface: Netlink information message family=0, type=1, index=1170, flags=0x1002, change=0xffffffff
Jun 29, 2026 09:28:24.496 [547915821280] DEBUG - NetworkInterface: received Netlink message len=440, type=RTM_NEWLINK, flags=0x0
Jun 29, 2026 09:28:24.496 [547915821280] DEBUG - NetworkInterface: Netlink information message family=7, type=1, index=1171, flags=0x1002, change=0x0
Jun 29, 2026 09:28:24.496 [547915821280] DEBUG - Network change.
Jun 29, 2026 09:28:24.496 [547915821280] DEBUG - NetworkInterface: Notified of network changed (force=0)
Jun 29, 2026 09:28:24.497 [547915821280] DEBUG - Network change notification but nothing changed.
Jun 29, 2026 09:28:24.497 [547915821280] DEBUG - NetworkInterface: received Netlink message len=104, type=RTM_DELLINK, flags=0x0
Jun 29, 2026 09:28:24.497 [547915821280] DEBUG - NetworkInterface: Netlink information message family=7, type=1, index=1171, flags=0x1002, change=0x0
Jun 29, 2026 09:28:24.497 [547915821280] DEBUG - NetworkInterface: received Netlink message len=688, type=RTM_DELLINK, flags=0x0
Jun 29, 2026 09:28:24.497 [547915821280] DEBUG - NetworkInterface: Netlink information message family=0, type=1, index=1171, flags=0x1002, change=0xffffffff
Jun 29, 2026 09:28:24.504 [547941388512] DEBUG - [HttpClient/HCl#1e] HTTP/1.1 (2.4s) 200 response from POST http://127.0.0.1:32600/devices/discover
Jun 29, 2026 09:28:24.603 [547950997728] DEBUG - [EventSourceClient/pubsub/pubsub14.pop.fra.plex.bz:443] Read HTTP reply header.
Jun 29, 2026 09:28:24.603 [547950997728] DEBUG - [EventSourceClient/pubsub/pubsub14.pop.fra.plex.bz:443] MyPlex: We appear to have regained Internet connectivity.
Jun 29, 2026 09:28:24.611 [547950997728] DEBUG - [EventSourceClient/pubsub/pubsub14.pop.fra.plex.bz:443] PublicAddressManager: Obtaining public address and mapping port.
Jun 29, 2026 09:28:24.611 [547950997728] DEBUG - [EventSourceClient/pubsub/pubsub14.pop.fra.plex.bz:443] MyPlex: async reachability check - current mapped state: 'Not Mapped'.
Jun 29, 2026 09:28:24.611 [547950997728] WARN - [EventSourceClient/pubsub/pubsub14.pop.fra.plex.bz:443] MyPlex: attempted a reachability check but we're not yet mapped.
Jun 29, 2026 09:28:24.611 [547950997728] DEBUG - [EventSourceClient/pubsub/pubsub14.pop.fra.plex.bz:443] Successfully connected to pubsub14.pop.fra.plex.bz.
Jun 29, 2026 09:28:25.105 [547915821280] DEBUG - NetworkInterface: received Netlink message len=1500, type=RTM_NEWLINK, flags=0x0
Jun 29, 2026 09:28:25.105 [547915821280] DEBUG - NetworkInterface: Netlink information message family=0, type=1, index=1172, flags=0x1002, change=0xffffffff
Jun 29, 2026 09:28:25.105 [547915821280] DEBUG - Network change.
Jun 29, 2026 09:28:25.105 [547915821280] DEBUG - NetworkInterface: Notified of network changed (force=0)
Jun 29, 2026 09:28:25.112 [547915821280] DEBUG - Network change notification but nothing changed.
Jun 29, 2026 09:28:25.112 [547915821280] DEBUG - NetworkInterface: received Netlink message len=1500, type=RTM_NEWLINK, flags=0x0
Jun 29, 2026 09:28:25.112 [547915821280] DEBUG - NetworkInterface: Netlink information message family=0, type=1, index=1173, flags=0x1002, change=0xffffffff
Jun 29, 2026 09:28:25.112 [547915821280] DEBUG - Network change.
Jun 29, 2026 09:28:25.112 [547915821280] DEBUG - NetworkInterface: Notified of network changed (force=0)
Jun 29, 2026 09:28:25.116 [547915821280] DEBUG - Network change notification but nothing changed.
Jun 29, 2026 09:28:25.116 [547915821280] DEBUG - NetworkInterface: received Netlink message len=1856, type=RTM_NEWLINK, flags=0x0
Jun 29, 2026 09:28:25.116 [547915821280] DEBUG - NetworkInterface: Netlink information message family=0, type=1, index=1173, flags=0x1002, change=0x0
Jun 29, 2026 09:28:25.116 [547915821280] DEBUG - Network change.
Jun 29, 2026 09:28:25.116 [547915821280] DEBUG - NetworkInterface: Notified of network changed (force=0)
Jun 29, 2026 09:28:25.122 [547915821280] DEBUG - Network change notification but nothing changed.
Jun 29, 2026 09:28:25.122 [547915821280] DEBUG - NetworkInterface: received Netlink message len=1856, type=RTM_NEWLINK, flags=0x0
Jun 29, 2026 09:28:25.122 [547915821280] DEBUG - NetworkInterface: Netlink information message family=0, type=1, index=1173, flags=0x1002, change=0x100
Jun 29, 2026 09:28:25.122 [547915821280] DEBUG - Network change.
Jun 29, 2026 09:28:25.122 [547915821280] DEBUG - NetworkInterface: Notified of network changed (force=0)
Jun 29, 2026 09:28:25.123 [547915821280] DEBUG - Network change notification but nothing changed.
Jun 29, 2026 09:28:25.123 [547915821280] DEBUG - NetworkInterface: received Netlink message len=440, type=RTM_NEWLINK, flags=0x0
Jun 29, 2026 09:28:25.123 [547915821280] DEBUG - NetworkInterface: Netlink information message family=7, type=1, index=1173, flags=0x1002, change=0x0
Jun 29, 2026 09:28:25.123 [547915821280] DEBUG - Network change.
Jun 29, 2026 09:28:25.123 [547915821280] DEBUG - NetworkInterface: Notified of network changed (force=0)
Jun 29, 2026 09:28:25.124 [547915821280] DEBUG - Network change notification but nothing changed.
Jun 29, 2026 09:28:25.124 [547915821280] DEBUG - NetworkInterface: received Netlink message len=1856, type=RTM_NEWLINK, flags=0x0
Jun 29, 2026 09:28:25.124 [547915821280] DEBUG - NetworkInterface: Netlink information message family=0, type=1, index=1173, flags=0x1003, change=0x1
Jun 29, 2026 09:28:25.124 [547915821280] DEBUG - Network change.
Jun 29, 2026 09:28:25.124 [547915821280] DEBUG - NetworkInterface: Notified of network changed (force=0)
Jun 29, 2026 09:28:25.129 [547915821280] DEBUG - Network change notification but nothing changed.
Jun 29, 2026 09:28:25.129 [547915821280] DEBUG - NetworkInterface: received Netlink message len=440, type=RTM_NEWLINK, flags=0x0
Jun 29, 2026 09:28:25.129 [547915821280] DEBUG - NetworkInterface: Netlink information message family=7, type=1, index=1173, flags=0x1003, change=0x0
Jun 29, 2026 09:28:25.129 [547915821280] DEBUG - Network change.
Jun 29, 2026 09:28:25.129 [547915821280] DEBUG - NetworkInterface: Notified of network changed (force=0)
Jun 29, 2026 09:28:25.130 [547915821280] DEBUG - Network change notification but nothing changed.
Jun 29, 2026 09:28:25.148 [547915821280] DEBUG - NetworkInterface: received Netlink message len=1500, type=RTM_NEWLINK, flags=0x0
Jun 29, 2026 09:28:25.148 [547915821280] DEBUG - NetworkInterface: Netlink information message family=0, type=1, index=1172, flags=0x11003, change=0x1
Jun 29, 2026 09:28:25.148 [547915821280] DEBUG - Network change.
Jun 29, 2026 09:28:25.148 [547915821280] DEBUG - NetworkInterface: Notified of network changed (force=0)
Jun 29, 2026 09:28:25.151 [547915821280] DEBUG - Network change notification but nothing changed.
Jun 29, 2026 09:28:25.151 [547915821280] DEBUG - NetworkInterface: received Netlink message len=1500, type=RTM_NEWLINK, flags=0x0
Jun 29, 2026 09:28:25.151 [547915821280] DEBUG - NetworkInterface: Netlink information message family=0, type=1, index=1172, flags=0x11043, change=0x0
Jun 29, 2026 09:28:25.151 [547915821280] DEBUG - Network change.
Jun 29, 2026 09:28:25.151 [547915821280] DEBUG - NetworkInterface: Notified of network changed (force=0)
Jun 29, 2026 09:28:25.152 [547915821280] DEBUG - Network change notification but nothing changed.
Jun 29, 2026 09:28:25.152 [547915821280] DEBUG - NetworkInterface: received Netlink message len=440, type=RTM_NEWLINK, flags=0x0
Jun 29, 2026 09:28:25.152 [547915821280] DEBUG - NetworkInterface: Netlink information message family=7, type=1, index=1173, flags=0x11043, change=0x0
Jun 29, 2026 09:28:25.152 [547915821280] DEBUG - Network change.
Jun 29, 2026 09:28:25.152 [547915821280] DEBUG - NetworkInterface: Notified of network changed (force=0)
Jun 29, 2026 09:28:25.153 [547915821280] DEBUG - Network change notification but nothing changed.
Jun 29, 2026 09:28:25.157 [547915821280] DEBUG - NetworkInterface: received Netlink message len=440, type=RTM_NEWLINK, flags=0x0
Jun 29, 2026 09:28:25.157 [547915821280] DEBUG - NetworkInterface: Netlink information message family=7, type=1, index=1173, flags=0x11043, change=0x0
Jun 29, 2026 09:28:25.157 [547915821280] DEBUG - Network change.
Jun 29, 2026 09:28:25.157 [547915821280] DEBUG - NetworkInterface: Notified of network changed (force=0)
Jun 29, 2026 09:28:25.158 [547915821280] DEBUG - Network change notification but nothing changed.
Jun 29, 2026 09:28:25.158 [547915821280] DEBUG - NetworkInterface: received Netlink message len=1856, type=RTM_NEWLINK, flags=0x0
Jun 29, 2026 09:28:25.158 [547915821280] DEBUG - NetworkInterface: Netlink information message family=0, type=1, index=1173, flags=0x11043, change=0x0
Jun 29, 2026 09:28:25.158 [547915821280] DEBUG - Network change.
Jun 29, 2026 09:28:25.158 [547915821280] DEBUG - NetworkInterface: Notified of network changed (force=0)
Jun 29, 2026 09:28:25.158 [547915821280] DEBUG - Network change notification but nothing changed.
Jun 29, 2026 09:28:25.759 [547907383520] DEBUG - [MediaProviderManager/MetadataAgentManager] Found media provider for agent provider 'tv.plex.agents.movie' with source URI 'provider://tv.plex.provider.metadata'
Jun 29, 2026 09:28:25.761 [547907383520] DEBUG - [MediaProviderManager/MetadataAgentManager] Found media provider for agent provider 'tv.plex.agents.series' with source URI 'provider://tv.plex.provider.metadata'
Jun 29, 2026 09:28:25.762 [547907383520] DEBUG - [MediaProviderManager/MetadataAgentManager] Found media provider for agent provider 'tv.plex.agents.music' with source URI 'provider://tv.plex.provider.metadata'
Jun 29, 2026 09:28:25.762 [547907383520] DEBUG - [MediaProviderManager/MetadataAgentManager] Found media provider for agent provider 'org.musicbrainz.agents.music' with source URI 'provider://tv.plex.provider.metadata'
Jun 29, 2026 09:28:25.763 [547907383520] DEBUG - [MediaProviderManager/MetadataAgentManager] Found media provider for agent provider 'tv.plex.agents.nfo.movie' with source URI 'provider://tv.plex.provider.metadata'
Jun 29, 2026 09:28:25.763 [547907383520] DEBUG - [MediaProviderManager/MetadataAgentManager] Found media provider for agent provider 'tv.plex.agents.nfo.series' with source URI 'provider://tv.plex.provider.metadata'
Jun 29, 2026 09:28:25.945 [547915821280] DEBUG - NetworkInterface: received Netlink message len=1500, type=RTM_NEWLINK, flags=0x0
Jun 29, 2026 09:28:25.945 [547915821280] DEBUG - NetworkInterface: Netlink information message family=0, type=1, index=1172, flags=0x1002, change=0x41
Jun 29, 2026 09:28:25.945 [547915821280] DEBUG - Network change.
Jun 29, 2026 09:28:25.945 [547915821280] DEBUG - NetworkInterface: Notified of network changed (force=0)
Jun 29, 2026 09:28:25.967 [547915821280] DEBUG - Network change notification but nothing changed.
Jun 29, 2026 09:28:25.967 [547915821280] DEBUG - NetworkInterface: received Netlink message len=704, type=RTM_DELLINK, flags=0x0
Jun 29, 2026 09:28:25.967 [547915821280] DEBUG - NetworkInterface: Netlink information message family=0, type=1, index=1172, flags=0x1002, change=0xffffffff
Jun 29, 2026 09:28:25.967 [547915821280] DEBUG - NetworkInterface: received Netlink message len=440, type=RTM_NEWLINK, flags=0x0
Jun 29, 2026 09:28:25.967 [547915821280] DEBUG - NetworkInterface: Netlink information message family=7, type=1, index=1173, flags=0x1003, change=0x0
Jun 29, 2026 09:28:25.967 [547915821280] DEBUG - Network change.
Jun 29, 2026 09:28:25.967 [547915821280] DEBUG - NetworkInterface: Notified of network changed (force=0)
Jun 29, 2026 09:28:25.968 [547915821280] DEBUG - Network change notification but nothing changed.
Jun 29, 2026 09:28:25.968 [547915821280] DEBUG - NetworkInterface: received Netlink message len=1864, type=RTM_NEWLINK, flags=0x0
Jun 29, 2026 09:28:25.968 [547915821280] DEBUG - NetworkInterface: Netlink information message family=0, type=1, index=1173, flags=0x1003, change=0x0
Jun 29, 2026 09:28:25.968 [547915821280] DEBUG - Network change.
Jun 29, 2026 09:28:25.968 [547915821280] DEBUG - NetworkInterface: Notified of network changed (force=0)
Jun 29, 2026 09:28:25.971 [547915821280] DEBUG - Network change notification but nothing changed.
Jun 29, 2026 09:28:25.972 [547915821280] DEBUG - NetworkInterface: received Netlink message len=440, type=RTM_NEWLINK, flags=0x0
Jun 29, 2026 09:28:25.973 [547915821280] DEBUG - NetworkInterface: Netlink information message family=7, type=1, index=1173, flags=0x11043, change=0x0
Jun 29, 2026 09:28:25.973 [547915821280] DEBUG - Network change.
Jun 29, 2026 09:28:25.973 [547915821280] DEBUG - NetworkInterface: Notified of network changed (force=0)
Jun 29, 2026 09:28:25.975 [547915821280] DEBUG - Network change notification but nothing changed.
Jun 29, 2026 09:28:25.975 [547915821280] DEBUG - NetworkInterface: received Netlink message len=440, type=RTM_NEWLINK, flags=0x0
Jun 29, 2026 09:28:25.975 [547915821280] DEBUG - NetworkInterface: Netlink information message family=7, type=1, index=1173, flags=0x11043, change=0x0
Jun 29, 2026 09:28:25.975 [547915821280] DEBUG - Network change.
Jun 29, 2026 09:28:25.975 [547915821280] DEBUG - NetworkInterface: Notified of network changed (force=0)
Jun 29, 2026 09:28:25.977 [547915821280] DEBUG - Network change notification but nothing changed.
Jun 29, 2026 09:28:25.977 [547915821280] DEBUG - NetworkInterface: received Netlink message len=1864, type=RTM_NEWLINK, flags=0x0
Jun 29, 2026 09:28:25.977 [547915821280] DEBUG - NetworkInterface: Netlink information message family=0, type=1, index=1173, flags=0x11043, change=0x0
Jun 29, 2026 09:28:25.977 [547915821280] DEBUG - Network change.
Jun 29, 2026 09:28:25.977 [547915821280] DEBUG - NetworkInterface: Notified of network changed (force=0)
Jun 29, 2026 09:28:25.978 [547915821280] DEBUG - Network change notification but nothing changed.
Jun 29, 2026 09:28:26.675 [547930587360] DEBUG - NAT: UPnP, found device <http://192.168.1.1:47733/60fdacb1/IGDV1/rootDesc.xml> with private address <192.168.1.137>
Jun 29, 2026 09:28:27.560 [547907383520] DEBUG - Grabber: Cleaning up orphaned grabs.
Jun 29, 2026 09:28:27.560 [547907383520] DEBUG - Grabber: Cleaned up 0 decrepit directories in 0.0 sec.
Jun 29, 2026 09:28:27.561 [547907383520] DEBUG - Activity: registered new activity 60cb62c1-f56d-4ee1-84c4-1fd34328b108 - "Processing subscriptions"
Jun 29, 2026 09:28:27.561 [547907383520] DEBUG - Subscription: Scheduling subscriptions.
Jun 29, 2026 09:28:27.562 [547907383520] DEBUG - Subscription: Initialized 0 schedulers.
Jun 29, 2026 09:28:27.562 [547907383520] DEBUG - Subscription: Starting with 0 grabs, scheduled 0 active ones preemptively.
Jun 29, 2026 09:28:27.562 [547907383520] DEBUG - Subscription: Scheduled all subscriptions in 0 ms.
Jun 29, 2026 09:28:27.562 [547907383520] DEBUG - Activity: Ended activity 60cb62c1-f56d-4ee1-84c4-1fd34328b108.
Jun 29, 2026 09:28:27.562 [547907383520] DEBUG - Subscription: There are 0 active grabs at the end.
Jun 29, 2026 09:28:27.562 [547907383520] DEBUG - Activity: Ended activity 49d3caf7-d351-48a8-8f78-168cb747f809.
Jun 29, 2026 09:28:27.562 [547907383520] DEBUG - Subscription: Refreshed all content in 2 ms.
Jun 29, 2026 09:28:27.695 [547960742112] DEBUG - NAT: UPnP, usable device <http://192.168.1.1:47733/60fdacb1/IGDV1/rootDesc.xml> with private address <192.168.1.137>.
Jun 29, 2026 09:28:27.955 [547884015840] DEBUG - [HCl#25] HTTP requesting GET https://plex.tv/api/resources.xml?includeHttps=1&includeRelay=1&auth_token=xxxxxxxxxxxxxxxxxxxx
Jun 29, 2026 09:28:28.125 [547941388512] DEBUG - [HttpClient/HCl#25] HTTP/1.1 (0.2s) 200 response from GET https://plex.tv/api/resources.xml?includeHttps=1&includeRelay=1&auth_token=xxxxxxxxxxxxxxxxxxxx (reused)
Jun 29, 2026 09:28:28.126 [547884015840] DEBUG - Connection Tester: Testing the server NarPi with 3 URLs.
Jun 29, 2026 09:28:28.126 [547884015840] DEBUG - [HCl#26] HTTP requesting GET https://192-168-1-137.42d74e781a474cc387fa31062de3e045.plex.direct:32400
Jun 29, 2026 09:28:28.127 [547884015840] DEBUG - [HCl#27] HTTP requesting GET https://172-22-0-1.42d74e781a474cc387fa31062de3e045.plex.direct:32400
Jun 29, 2026 09:28:28.127 [547884015840] DEBUG - [HCl#28] HTTP requesting GET https://37-15-102-100.42d74e781a474cc387fa31062de3e045.plex.direct:17397
Jun 29, 2026 09:28:28.129 [547950997728] WARN - [CERT] TLS connection from [::ffff:192.168.1.137]:38472 came in with unrecognized plex.direct SNI name '192-168-1-137.42d74e781a474cc387fa31062de3e045.plex.direct'; using installed plex.direct cert
Jun 29, 2026 09:28:28.142 [547953107168] WARN - [CERT] TLS connection from [::ffff:192.168.1.1]:44998 came in with unrecognized plex.direct SNI name '37-15-102-100.42d74e781a474cc387fa31062de3e045.plex.direct'; using installed plex.direct cert
Jun 29, 2026 09:28:28.144 [547941388512] WARN - [HttpClient/HCl#26] HTTP error requesting GET https://192-168-1-137.42d74e781a474cc387fa31062de3e045.plex.direct:32400 (60, SSL peer certificate or SSH remote key was not OK) (SSL: no alternative certificate subject name matches target host name '192-168-1-137.42d74e781a474cc387fa31062de3e045.plex.direct')
Jun 29, 2026 09:28:28.162 [547941388512] WARN - [HttpClient/HCl#28] HTTP error requesting GET https://37-15-102-100.42d74e781a474cc387fa31062de3e045.plex.direct:17397 (60, SSL peer certificate or SSH remote key was not OK) (SSL: no alternative certificate subject name matches target host name '37-15-102-100.42d74e781a474cc387fa31062de3e045.plex.direct')
Jun 29, 2026 09:28:28.407 [547915821280] DEBUG - NetworkInterface: received Netlink message len=440, type=RTM_NEWLINK, flags=0x0
Jun 29, 2026 09:28:28.407 [547915821280] DEBUG - NetworkInterface: Netlink information message family=7, type=1, index=1173, flags=0x1003, change=0x0
Jun 29, 2026 09:28:28.407 [547915821280] DEBUG - Network change.
Jun 29, 2026 09:28:28.407 [547915821280] DEBUG - NetworkInterface: Notified of network changed (force=0)
Jun 29, 2026 09:28:28.430 [547915821280] DEBUG - Network change notification but nothing changed.
Jun 29, 2026 09:28:28.430 [547915821280] DEBUG - NetworkInterface: received Netlink message len=1864, type=RTM_NEWLINK, flags=0x0
Jun 29, 2026 09:28:28.430 [547915821280] DEBUG - NetworkInterface: Netlink information message family=0, type=1, index=1173, flags=0x1003, change=0x0
Jun 29, 2026 09:28:28.430 [547915821280] DEBUG - Network change.
Jun 29, 2026 09:28:28.430 [547915821280] DEBUG - NetworkInterface: Notified of network changed (force=0)
Jun 29, 2026 09:28:28.431 [547915821280] DEBUG - Network change notification but nothing changed.
Jun 29, 2026 09:28:28.431 [547915821280] DEBUG - NetworkInterface: received Netlink message len=1500, type=RTM_NEWLINK, flags=0x0
Jun 29, 2026 09:28:28.431 [547915821280] DEBUG - NetworkInterface: Netlink information message family=0, type=1, index=1172, flags=0x1002, change=0xffffffff
Jun 29, 2026 09:28:28.431 [547915821280] DEBUG - Network change.
Jun 29, 2026 09:28:28.431 [547915821280] DEBUG - NetworkInterface: Notified of network changed (force=0)
Jun 29, 2026 09:28:28.432 [547915821280] DEBUG - Network change notification but nothing changed.
Jun 29, 2026 09:28:28.456 [547915821280] DEBUG - NetworkInterface: received Netlink message len=1500, type=RTM_NEWLINK, flags=0x0
Jun 29, 2026 09:28:28.456 [547915821280] DEBUG - NetworkInterface: Netlink information message family=0, type=1, index=1172, flags=0x11003, change=0x1
Jun 29, 2026 09:28:28.456 [547915821280] DEBUG - Network change.
Jun 29, 2026 09:28:28.456 [547915821280] DEBUG - NetworkInterface: Notified of network changed (force=0)
Jun 29, 2026 09:28:28.458 [547915821280] DEBUG - Network change notification but nothing changed.
Jun 29, 2026 09:28:28.458 [547915821280] DEBUG - NetworkInterface: received Netlink message len=1500, type=RTM_NEWLINK, flags=0x0
Jun 29, 2026 09:28:28.458 [547915821280] DEBUG - NetworkInterface: Netlink information message family=0, type=1, index=1172, flags=0x11043, change=0x0
Jun 29, 2026 09:28:28.458 [547915821280] DEBUG - Network change.
Jun 29, 2026 09:28:28.458 [547915821280] DEBUG - NetworkInterface: Notified of network changed (force=0)
Jun 29, 2026 09:28:28.458 [547915821280] DEBUG - Network change notification but nothing changed.
Jun 29, 2026 09:28:28.458 [547915821280] DEBUG - NetworkInterface: received Netlink message len=440, type=RTM_NEWLINK, flags=0x0
Jun 29, 2026 09:28:28.458 [547915821280] DEBUG - NetworkInterface: Netlink information message family=7, type=1, index=1173, flags=0x11043, change=0x0
Jun 29, 2026 09:28:28.458 [547915821280] DEBUG - Network change.
Jun 29, 2026 09:28:28.458 [547915821280] DEBUG - NetworkInterface: Notified of network changed (force=0)
Jun 29, 2026 09:28:28.459 [547915821280] DEBUG - Network change notification but nothing changed.
Jun 29, 2026 09:28:28.459 [547915821280] DEBUG - NetworkInterface: received Netlink message len=440, type=RTM_NEWLINK, flags=0x0
Jun 29, 2026 09:28:28.459 [547915821280] DEBUG - NetworkInterface: Netlink information message family=7, type=1, index=1173, flags=0x11043, change=0x0
Jun 29, 2026 09:28:28.459 [547915821280] DEBUG - Network change.
Jun 29, 2026 09:28:28.459 [547915821280] DEBUG - NetworkInterface: Notified of network changed (force=0)
Jun 29, 2026 09:28:28.460 [547915821280] DEBUG - Network change notification but nothing changed.
Jun 29, 2026 09:28:28.460 [547915821280] DEBUG - NetworkInterface: received Netlink message len=1856, type=RTM_NEWLINK, flags=0x0
Jun 29, 2026 09:28:28.460 [547915821280] DEBUG - NetworkInterface: Netlink information message family=0, type=1, index=1173, flags=0x11043, change=0x0
Jun 29, 2026 09:28:28.460 [547915821280] DEBUG - Network change.
Jun 29, 2026 09:28:28.460 [547915821280] DEBUG - NetworkInterface: Notified of network changed (force=0)
Jun 29, 2026 09:28:28.462 [547915821280] DEBUG - Network change notification but nothing changed.
Jun 29, 2026 09:28:28.530 [547915821280] DEBUG - NetworkInterface: received Netlink message len=1500, type=RTM_NEWLINK, flags=0x0
Jun 29, 2026 09:28:28.530 [547915821280] DEBUG - NetworkInterface: Netlink information message family=0, type=1, index=1172, flags=0x1002, change=0x41
Jun 29, 2026 09:28:28.530 [547915821280] DEBUG - Network change.
Jun 29, 2026 09:28:28.530 [547915821280] DEBUG - NetworkInterface: Notified of network changed (force=0)
Jun 29, 2026 09:28:28.536 [547915821280] DEBUG - Network change notification but nothing changed.
Jun 29, 2026 09:28:28.536 [547915821280] DEBUG - NetworkInterface: received Netlink message len=1856, type=RTM_NEWLINK, flags=0x0
Jun 29, 2026 09:28:28.536 [547915821280] DEBUG - NetworkInterface: Netlink information message family=0, type=1, index=1173, flags=0x1002, change=0x41
Jun 29, 2026 09:28:28.536 [547915821280] DEBUG - Network change.
Jun 29, 2026 09:28:28.536 [547915821280] DEBUG - NetworkInterface: Notified of network changed (force=0)
Jun 29, 2026 09:28:28.537 [547915821280] DEBUG - Network change notification but nothing changed.
Jun 29, 2026 09:28:28.537 [547915821280] DEBUG - NetworkInterface: received Netlink message len=440, type=RTM_NEWLINK, flags=0x0
Jun 29, 2026 09:28:28.537 [547915821280] DEBUG - NetworkInterface: Netlink information message family=7, type=1, index=1173, flags=0x1002, change=0x0
Jun 29, 2026 09:28:28.537 [547915821280] DEBUG - Network change.
Jun 29, 2026 09:28:28.537 [547915821280] DEBUG - NetworkInterface: Notified of network changed (force=0)
Jun 29, 2026 09:28:28.538 [547915821280] DEBUG - Network change notification but nothing changed.
Jun 29, 2026 09:28:28.538 [547915821280] DEBUG - NetworkInterface: received Netlink message len=688, type=RTM_DELLINK, flags=0x0
Jun 29, 2026 09:28:28.538 [547915821280] DEBUG - NetworkInterface: Netlink information message family=0, type=1, index=1172, flags=0x1002, change=0xffffffff
Jun 29, 2026 09:28:28.538 [547915821280] DEBUG - NetworkInterface: received Netlink message len=440, type=RTM_NEWLINK, flags=0x0
Jun 29, 2026 09:28:28.538 [547915821280] DEBUG - NetworkInterface: Netlink information message family=7, type=1, index=1173, flags=0x1002, change=0x0
Jun 29, 2026 09:28:28.538 [547915821280] DEBUG - Network change.
Jun 29, 2026 09:28:28.538 [547915821280] DEBUG - NetworkInterface: Notified of network changed (force=0)
Jun 29, 2026 09:28:28.539 [547915821280] DEBUG - Network change notification but nothing changed.
Jun 29, 2026 09:28:28.540 [547915821280] DEBUG - NetworkInterface: received Netlink message len=104, type=RTM_DELLINK, flags=0x0
Jun 29, 2026 09:28:28.540 [547915821280] DEBUG - NetworkInterface: Netlink information message family=7, type=1, index=1173, flags=0x1002, change=0x0
Jun 29, 2026 09:28:28.540 [547915821280] DEBUG - NetworkInterface: received Netlink message len=688, type=RTM_DELLINK, flags=0x0
Jun 29, 2026 09:28:28.540 [547915821280] DEBUG - NetworkInterface: Netlink information message family=0, type=1, index=1173, flags=0x1002, change=0xffffffff
Jun 29, 2026 09:28:29.725 [547960742112] DEBUG - NAT: UPnP, public address is 37.15.102.100
Jun 29, 2026 09:28:29.726 [547960742112] DEBUG - MyPlex: sendMapping resetting state - previous mapping state: 'Not Mapped'.
Jun 29, 2026 09:28:29.726 [547960742112] DEBUG - MyPlex: mapping state set to 'Unknown'.
Jun 29, 2026 09:28:29.728 [547960742112] DEBUG - MyPlex: Sending Server Info to myPlex (user=nmatas53@gmail.com, ip=37.15.102.100, port=0)
Jun 29, 2026 09:28:29.728 [547960742112] DEBUG - [HCl#29] HTTP requesting POST https://plex.tv/servers.xml?auth_token=xxxxxxxxxxxxxxxxxxxx
Jun 29, 2026 09:28:29.817 [547915821280] DEBUG - NetworkInterface: received Netlink message len=1500, type=RTM_NEWLINK, flags=0x0
Jun 29, 2026 09:28:29.817 [547915821280] DEBUG - NetworkInterface: Netlink information message family=0, type=1, index=1174, flags=0x1002, change=0xffffffff
Jun 29, 2026 09:28:29.817 [547915821280] DEBUG - Network change.
Jun 29, 2026 09:28:29.817 [547915821280] DEBUG - NetworkInterface: Notified of network changed (force=0)
Jun 29, 2026 09:28:29.821 [547915821280] DEBUG - Network change notification but nothing changed.
Jun 29, 2026 09:28:29.823 [547915821280] DEBUG - NetworkInterface: received Netlink message len=1500, type=RTM_NEWLINK, flags=0x0
Jun 29, 2026 09:28:29.823 [547915821280] DEBUG - NetworkInterface: Netlink information message family=0, type=1, index=1175, flags=0x1002, change=0xffffffff
Jun 29, 2026 09:28:29.823 [547915821280] DEBUG - Network change.
Jun 29, 2026 09:28:29.823 [547915821280] DEBUG - NetworkInterface: Notified of network changed (force=0)
Jun 29, 2026 09:28:29.824 [547915821280] DEBUG - Network change notification but nothing changed.
Jun 29, 2026 09:28:29.834 [547915821280] DEBUG - NetworkInterface: received Netlink message len=1856, type=RTM_NEWLINK, flags=0x0
Jun 29, 2026 09:28:29.835 [547915821280] DEBUG - NetworkInterface: Netlink information message family=0, type=1, index=1175, flags=0x1002, change=0x0
Jun 29, 2026 09:28:29.835 [547915821280] DEBUG - Network change.
Jun 29, 2026 09:28:29.835 [547915821280] DEBUG - NetworkInterface: Notified of network changed (force=0)
Jun 29, 2026 09:28:29.836 [547915821280] DEBUG - Network change notification but nothing changed.
Jun 29, 2026 09:28:29.836 [547915821280] DEBUG - NetworkInterface: received Netlink message len=1856, type=RTM_NEWLINK, flags=0x0
Jun 29, 2026 09:28:29.836 [547915821280] DEBUG - NetworkInterface: Netlink information message family=0, type=1, index=1175, flags=0x1002, change=0x100
Jun 29, 2026 09:28:29.836 [547915821280] DEBUG - Network change.
Jun 29, 2026 09:28:29.836 [547915821280] DEBUG - NetworkInterface: Notified of network changed (force=0)
Jun 29, 2026 09:28:29.841 [547915821280] DEBUG - Network change notification but nothing changed.
Jun 29, 2026 09:28:29.841 [547915821280] DEBUG - NetworkInterface: received Netlink message len=440, type=RTM_NEWLINK, flags=0x0
Jun 29, 2026 09:28:29.841 [547915821280] DEBUG - NetworkInterface: Netlink information message family=7, type=1, index=1175, flags=0x1002, change=0x0
Jun 29, 2026 09:28:29.841 [547915821280] DEBUG - Network change.
Jun 29, 2026 09:28:29.841 [547915821280] DEBUG - NetworkInterface: Notified of network changed (force=0)
Jun 29, 2026 09:28:29.842 [547915821280] DEBUG - Network change notification but nothing changed.
Jun 29, 2026 09:28:29.842 [547915821280] DEBUG - NetworkInterface: received Netlink message len=1856, type=RTM_NEWLINK, flags=0x0
Jun 29, 2026 09:28:29.842 [547915821280] DEBUG - NetworkInterface: Netlink information message family=0, type=1, index=1175, flags=0x1003, change=0x1
Jun 29, 2026 09:28:29.842 [547915821280] DEBUG - Network change.
Jun 29, 2026 09:28:29.842 [547915821280] DEBUG - NetworkInterface: Notified of network changed (force=0)
Jun 29, 2026 09:28:29.843 [547915821280] DEBUG - Network change notification but nothing changed.
Jun 29, 2026 09:28:29.843 [547915821280] DEBUG - NetworkInterface: received Netlink message len=440, type=RTM_NEWLINK, flags=0x0
Jun 29, 2026 09:28:29.843 [547915821280] DEBUG - NetworkInterface: Netlink information message family=7, type=1, index=1175, flags=0x1003, change=0x0
Jun 29, 2026 09:28:29.843 [547915821280] DEBUG - Network change.
Jun 29, 2026 09:28:29.843 [547915821280] DEBUG - NetworkInterface: Notified of network changed (force=0)
Jun 29, 2026 09:28:29.844 [547915821280] DEBUG - Network change notification but nothing changed.
Jun 29, 2026 09:28:29.860 [547941388512] DEBUG - [HttpClient/HCl#29] HTTP/1.1 (0.1s) 422 response from POST https://plex.tv/servers.xml?auth_token=xxxxxxxxxxxxxxxxxxxx (reused)
Jun 29, 2026 09:28:29.861 [547960742112] DEBUG - MyPlex: Published Mapping State response was 422
Jun 29, 2026 09:28:29.861 [547960742112] DEBUG - MyPlex: Got response for 852d69654ed685d07d2d7f072dec0b61ea7d12ba ~ registered :0
Jun 29, 2026 09:28:29.861 [547960742112] DEBUG - MyPlex: updating mapped state - current state: 'Not Mapped'
Jun 29, 2026 09:28:29.861 [547960742112] DEBUG - MyPlex: mapping state set to 'Not Mapped'.
Jun 29, 2026 09:28:29.863 [547960742112] DEBUG - MyPlex: Updating device connections (from timer: 0)
Jun 29, 2026 09:28:29.863 [547960742112] DEBUG - [HCl#2a] HTTP requesting PUT https://plex.tv/devices/852d69654ed685d07d2d7f072dec0b61ea7d12ba?Connection[][uri]=http://192.168.1.137:32400&Connection[][uri]=http://172.23.0.1:32400&httpsEnabled=1&httpsRequired=0&dnsRebindingProtection=0&natLoopbackSupported=0&X-Plex-Token=xxxxxxxxxxxxxxxxxxxx
Jun 29, 2026 09:28:29.873 [547915821280] DEBUG - NetworkInterface: received Netlink message len=1500, type=RTM_NEWLINK, flags=0x0
Jun 29, 2026 09:28:29.873 [547915821280] DEBUG - NetworkInterface: Netlink information message family=0, type=1, index=1174, flags=0x11003, change=0x1
Jun 29, 2026 09:28:29.873 [547915821280] DEBUG - Network change.
Jun 29, 2026 09:28:29.873 [547915821280] DEBUG - NetworkInterface: Notified of network changed (force=0)
Jun 29, 2026 09:28:29.877 [547915821280] DEBUG - Network change notification but nothing changed.
Jun 29, 2026 09:28:29.877 [547915821280] DEBUG - NetworkInterface: received Netlink message len=1500, type=RTM_NEWLINK, flags=0x0
Jun 29, 2026 09:28:29.877 [547915821280] DEBUG - NetworkInterface: Netlink information message family=0, type=1, index=1174, flags=0x11043, change=0x0
Jun 29, 2026 09:28:29.877 [547915821280] DEBUG - Network change.
Jun 29, 2026 09:28:29.877 [547915821280] DEBUG - NetworkInterface: Notified of network changed (force=0)
Jun 29, 2026 09:28:29.879 [547915821280] DEBUG - Network change notification but nothing changed.
Jun 29, 2026 09:28:29.879 [547915821280] DEBUG - NetworkInterface: received Netlink message len=440, type=RTM_NEWLINK, flags=0x0
Jun 29, 2026 09:28:29.879 [547915821280] DEBUG - NetworkInterface: Netlink information message family=7, type=1, index=1175, flags=0x11043, change=0x0
Jun 29, 2026 09:28:29.879 [547915821280] DEBUG - Network change.
Jun 29, 2026 09:28:29.879 [547915821280] DEBUG - NetworkInterface: Notified of network changed (force=0)
Jun 29, 2026 09:28:29.880 [547915821280] DEBUG - Network change notification but nothing changed.
Jun 29, 2026 09:28:29.880 [547915821280] DEBUG - NetworkInterface: received Netlink message len=440, type=RTM_NEWLINK, flags=0x0
Jun 29, 2026 09:28:29.880 [547915821280] DEBUG - NetworkInterface: Netlink information message family=7, type=1, index=1175, flags=0x11043, change=0x0
Jun 29, 2026 09:28:29.880 [547915821280] DEBUG - Network change.
Jun 29, 2026 09:28:29.880 [547915821280] DEBUG - NetworkInterface: Notified of network changed (force=0)
Jun 29, 2026 09:28:29.884 [547915821280] DEBUG - Network change notification but nothing changed.
Jun 29, 2026 09:28:29.884 [547915821280] DEBUG - NetworkInterface: received Netlink message len=1856, type=RTM_NEWLINK, flags=0x0
Jun 29, 2026 09:28:29.884 [547915821280] DEBUG - NetworkInterface: Netlink information message family=0, type=1, index=1175, flags=0x11043, change=0x0
Jun 29, 2026 09:28:29.885 [547915821280] DEBUG - Network change.
Jun 29, 2026 09:28:29.885 [547915821280] DEBUG - NetworkInterface: Notified of network changed (force=0)
Jun 29, 2026 09:28:29.886 [547915821280] DEBUG - Network change notification but nothing changed.
Jun 29, 2026 09:28:29.983 [547941388512] DEBUG - [HttpClient/HCl#2a] HTTP/1.1 (0.1s) 200 response from PUT https://plex.tv/devices/852d69654ed685d07d2d7f072dec0b61ea7d12ba?Connection[][uri]=http://192.168.1.137:32400&Connection[][uri]=http://172.23.0.1:32400&httpsEnabled=1&httpsRequired=0&dnsRebindingProtection=0&natLoopbackSupported=0&X-Plex-Token=xxxxxxxxxxxxxxxxxxxx (reused)
Jun 29, 2026 09:28:30.633 [547915821280] DEBUG - NetworkInterface: received Netlink message len=1500, type=RTM_NEWLINK, flags=0x0
Jun 29, 2026 09:28:30.633 [547915821280] DEBUG - NetworkInterface: Netlink information message family=0, type=1, index=1174, flags=0x1002, change=0x41
Jun 29, 2026 09:28:30.633 [547915821280] DEBUG - Network change.
Jun 29, 2026 09:28:30.633 [547915821280] DEBUG - NetworkInterface: Notified of network changed (force=0)
Jun 29, 2026 09:28:30.652 [547915821280] DEBUG - Network change notification but nothing changed.
Jun 29, 2026 09:28:30.652 [547915821280] DEBUG - NetworkInterface: received Netlink message len=704, type=RTM_DELLINK, flags=0x0
Jun 29, 2026 09:28:30.652 [547915821280] DEBUG - NetworkInterface: Netlink information message family=0, type=1, index=1174, flags=0x1002, change=0xffffffff
Jun 29, 2026 09:28:30.652 [547915821280] DEBUG - NetworkInterface: received Netlink message len=440, type=RTM_NEWLINK, flags=0x0
Jun 29, 2026 09:28:30.652 [547915821280] DEBUG - NetworkInterface: Netlink information message family=7, type=1, index=1175, flags=0x1003, change=0x0
Jun 29, 2026 09:28:30.652 [547915821280] DEBUG - Network change.
Jun 29, 2026 09:28:30.652 [547915821280] DEBUG - NetworkInterface: Notified of network changed (force=0)
Jun 29, 2026 09:28:30.654 [547915821280] DEBUG - Network change notification but nothing changed.
Jun 29, 2026 09:28:30.654 [547915821280] DEBUG - NetworkInterface: received Netlink message len=1864, type=RTM_NEWLINK, flags=0x0
Jun 29, 2026 09:28:30.654 [547915821280] DEBUG - NetworkInterface: Netlink information message family=0, type=1, index=1175, flags=0x1003, change=0x0
Jun 29, 2026 09:28:30.654 [547915821280] DEBUG - Network change.
Jun 29, 2026 09:28:30.654 [547915821280] DEBUG - NetworkInterface: Notified of network changed (force=0)
Jun 29, 2026 09:28:30.655 [547915821280] DEBUG - Network change notification but nothing changed.
Jun 29, 2026 09:28:30.655 [547915821280] DEBUG - NetworkInterface: received Netlink message len=440, type=RTM_NEWLINK, flags=0x0
Jun 29, 2026 09:28:30.655 [547915821280] DEBUG - NetworkInterface: Netlink information message family=7, type=1, index=1175, flags=0x11043, change=0x0
Jun 29, 2026 09:28:30.655 [547915821280] DEBUG - Network change.
Jun 29, 2026 09:28:30.655 [547915821280] DEBUG - NetworkInterface: Notified of network changed (force=0)
Jun 29, 2026 09:28:30.656 [547915821280] DEBUG - Network change notification but nothing changed.
Jun 29, 2026 09:28:30.656 [547915821280] DEBUG - NetworkInterface: received Netlink message len=440, type=RTM_NEWLINK, flags=0x0
Jun 29, 2026 09:28:30.656 [547915821280] DEBUG - NetworkInterface: Netlink information message family=7, type=1, index=1175, flags=0x11043, change=0x0
Jun 29, 2026 09:28:30.656 [547915821280] DEBUG - Network change.
Jun 29, 2026 09:28:30.656 [547915821280] DEBUG - NetworkInterface: Notified of network changed (force=0)
Jun 29, 2026 09:28:30.657 [547915821280] DEBUG - Network change notification but nothing changed.
Jun 29, 2026 09:28:30.657 [547915821280] DEBUG - NetworkInterface: received Netlink message len=1864, type=RTM_NEWLINK, flags=0x0
Jun 29, 2026 09:28:30.657 [547915821280] DEBUG - NetworkInterface: Netlink information message family=0, type=1, index=1175, flags=0x11043, change=0x0
Jun 29, 2026 09:28:30.657 [547915821280] DEBUG - Network change.
Jun 29, 2026 09:28:30.657 [547915821280] DEBUG - NetworkInterface: Notified of network changed (force=0)
Jun 29, 2026 09:28:30.658 [547915821280] DEBUG - Network change notification but nothing changed.
Jun 29, 2026 09:28:30.751 [547930587360] DEBUG - NAT: UPnP, usable device <http://192.168.1.1:47733/60fdacb1/IGDV1/rootDesc.xml> with private address <192.168.1.137>.
Jun 29, 2026 09:28:32.831 [547930587360] DEBUG - NAT: UPnP, mapped port 14340 to 192.168.1.137:32400.
Jun 29, 2026 09:28:32.831 [547930587360] DEBUG - PublicAddressManager: Mapping succeeded for 192.168.1.137:14340.
Jun 29, 2026 09:28:32.834 [547930587360] DEBUG - MyPlex: mapping state set to 'Mapped - Not Published'.
Jun 29, 2026 09:28:32.834 [547930587360] DEBUG - MyPlex: sendMapping resetting state - previous mapping state: 'Mapped - Not Published'.
Jun 29, 2026 09:28:32.834 [547930587360] DEBUG - MyPlex: mapping state set to 'Unknown'.
Jun 29, 2026 09:28:32.839 [547930587360] DEBUG - MyPlex: Sending Server Info to myPlex (user=nmatas53@gmail.com, ip=37.15.102.100, port=14340)
Jun 29, 2026 09:28:32.840 [547930587360] DEBUG - [HCl#2b] HTTP requesting POST https://plex.tv/servers.xml?auth_token=xxxxxxxxxxxxxxxxxxxx
Jun 29, 2026 09:28:32.986 [547941388512] DEBUG - [HttpClient/HCl#2b] HTTP/1.1 (0.1s) 201 response from POST https://plex.tv/servers.xml?auth_token=xxxxxxxxxxxxxxxxxxxx (reused)
Jun 29, 2026 09:28:32.987 [547930587360] DEBUG - MyPlex: Published Mapping State response was 201
Jun 29, 2026 09:28:32.987 [547930587360] DEBUG - MyPlex: Got response for 852d69654ed685d07d2d7f072dec0b61ea7d12ba ~ registered 37.15.102.100:14340
Jun 29, 2026 09:28:32.987 [547930587360] DEBUG - MyPlex: updating mapped state - current state: 'Mapped - Not Published'
Jun 29, 2026 09:28:32.987 [547930587360] DEBUG - MyPlex: mapping state set to 'Mapped - Publishing'.
Jun 29, 2026 09:28:32.987 [547930587360] DEBUG - MyPlex: async reachability check - current mapped state: 'Mapped - Publishing'.
Jun 29, 2026 09:28:32.987 [547930587360] DEBUG - MyPlex: Requesting reachability check.
Jun 29, 2026 09:28:32.987 [547930587360] DEBUG - [HCl#2c] HTTP requesting PUT https://plex.tv/api/servers/852d69654ed685d07d2d7f072dec0b61ea7d12ba/connectivity?X-Plex-Token=xxxxxxxxxxxxxxxxxxxx&asyncIdentifier=c0ee87a9-f926-443e-abff-a0ba389478e9
Jun 29, 2026 09:28:33.008 [547915821280] DEBUG - NetworkInterface: received Netlink message len=440, type=RTM_NEWLINK, flags=0x0
Jun 29, 2026 09:28:33.008 [547915821280] DEBUG - NetworkInterface: Netlink information message family=7, type=1, index=1175, flags=0x1003, change=0x0
Jun 29, 2026 09:28:33.008 [547915821280] DEBUG - Network change.
Jun 29, 2026 09:28:33.008 [547915821280] DEBUG - NetworkInterface: Notified of network changed (force=0)
Jun 29, 2026 09:28:33.030 [547915821280] DEBUG - Network change notification but nothing changed.
Jun 29, 2026 09:28:33.030 [547915821280] DEBUG - NetworkInterface: received Netlink message len=1864, type=RTM_NEWLINK, flags=0x0
Jun 29, 2026 09:28:33.030 [547915821280] DEBUG - NetworkInterface: Netlink information message family=0, type=1, index=1175, flags=0x1003, change=0x0
Jun 29, 2026 09:28:33.030 [547915821280] DEBUG - Network change.
Jun 29, 2026 09:28:33.030 [547915821280] DEBUG - NetworkInterface: Notified of network changed (force=0)
Jun 29, 2026 09:28:33.032 [547915821280] DEBUG - Network change notification but nothing changed.
Jun 29, 2026 09:28:33.032 [547915821280] DEBUG - NetworkInterface: received Netlink message len=1500, type=RTM_NEWLINK, flags=0x0
Jun 29, 2026 09:28:33.032 [547915821280] DEBUG - NetworkInterface: Netlink information message family=0, type=1, index=1174, flags=0x1002, change=0xffffffff
Jun 29, 2026 09:28:33.032 [547915821280] DEBUG - Network change.
Jun 29, 2026 09:28:33.032 [547915821280] DEBUG - NetworkInterface: Notified of network changed (force=0)
Jun 29, 2026 09:28:33.033 [547915821280] DEBUG - Network change notification but nothing changed.
Jun 29, 2026 09:28:33.055 [547915821280] DEBUG - NetworkInterface: received Netlink message len=1500, type=RTM_NEWLINK, flags=0x0
Jun 29, 2026 09:28:33.055 [547915821280] DEBUG - NetworkInterface: Netlink information message family=0, type=1, index=1174, flags=0x11003, change=0x1
Jun 29, 2026 09:28:33.055 [547915821280] DEBUG - Network change.
Jun 29, 2026 09:28:33.055 [547915821280] DEBUG - NetworkInterface: Notified of network changed (force=0)
Jun 29, 2026 09:28:33.057 [547915821280] DEBUG - Network change notification but nothing changed.
Jun 29, 2026 09:28:33.057 [547915821280] DEBUG - NetworkInterface: received Netlink message len=1500, type=RTM_NEWLINK, flags=0x0
Jun 29, 2026 09:28:33.057 [547915821280] DEBUG - NetworkInterface: Netlink information message family=0, type=1, index=1174, flags=0x11043, change=0x0
Jun 29, 2026 09:28:33.057 [547915821280] DEBUG - Network change.
Jun 29, 2026 09:28:33.057 [547915821280] DEBUG - NetworkInterface: Notified of network changed (force=0)
Jun 29, 2026 09:28:33.058 [547915821280] DEBUG - Network change notification but nothing changed.
Jun 29, 2026 09:28:33.058 [547915821280] DEBUG - NetworkInterface: received Netlink message len=440, type=RTM_NEWLINK, flags=0x0
Jun 29, 2026 09:28:33.058 [547915821280] DEBUG - NetworkInterface: Netlink information message family=7, type=1, index=1175, flags=0x11043, change=0x0
Jun 29, 2026 09:28:33.058 [547915821280] DEBUG - Network change.
Jun 29, 2026 09:28:33.058 [547915821280] DEBUG - NetworkInterface: Notified of network changed (force=0)
Jun 29, 2026 09:28:33.059 [547915821280] DEBUG - Network change notification but nothing changed.
Jun 29, 2026 09:28:33.059 [547915821280] DEBUG - NetworkInterface: received Netlink message len=440, type=RTM_NEWLINK, flags=0x0
Jun 29, 2026 09:28:33.059 [547915821280] DEBUG - NetworkInterface: Netlink information message family=7, type=1, index=1175, flags=0x11043, change=0x0
Jun 29, 2026 09:28:33.059 [547915821280] DEBUG - Network change.
Jun 29, 2026 09:28:33.059 [547915821280] DEBUG - NetworkInterface: Notified of network changed (force=0)
Jun 29, 2026 09:28:33.060 [547915821280] DEBUG - Network change notification but nothing changed.
Jun 29, 2026 09:28:33.060 [547915821280] DEBUG - NetworkInterface: received Netlink message len=1856, type=RTM_NEWLINK, flags=0x0
Jun 29, 2026 09:28:33.060 [547915821280] DEBUG - NetworkInterface: Netlink information message family=0, type=1, index=1175, flags=0x11043, change=0x0
Jun 29, 2026 09:28:33.060 [547915821280] DEBUG - Network change.
Jun 29, 2026 09:28:33.060 [547915821280] DEBUG - NetworkInterface: Notified of network changed (force=0)
Jun 29, 2026 09:28:33.062 [547915821280] DEBUG - Network change notification but nothing changed.
Jun 29, 2026 09:28:33.094 [547941388512] DEBUG - [HttpClient/HCl#2c] HTTP/1.1 (0.1s) 200 response from PUT https://plex.tv/api/servers/852d69654ed685d07d2d7f072dec0b61ea7d12ba/connectivity?X-Plex-Token=xxxxxxxxxxxxxxxxxxxx&asyncIdentifier=c0ee87a9-f926-443e-abff-a0ba389478e9 (reused)
Jun 29, 2026 09:28:33.096 [547930587360] DEBUG - MyPlex: Updating device connections (from timer: 0)
Jun 29, 2026 09:28:33.096 [547930587360] DEBUG - [HCl#2d] HTTP requesting PUT https://plex.tv/devices/852d69654ed685d07d2d7f072dec0b61ea7d12ba?Connection[][uri]=http://37.15.102.100:14340&Connection[][uri]=http://192.168.1.137:32400&Connection[][uri]=http://172.23.0.1:32400&httpsEnabled=1&httpsRequired=0&dnsRebindingProtection=0&natLoopbackSupported=0&X-Plex-Token=xxxxxxxxxxxxxxxxxxxx
Jun 29, 2026 09:28:33.128 [547941388512] DEBUG - [HttpClient/HCl#27] HTTP simulating 408 after curl timeout
Jun 29, 2026 09:28:33.128 [547894726880] WARN - Connection Tester: Error testing media server NarPi in 5001 ms.
Jun 29, 2026 09:28:33.128 [547894726880] DEBUG - PromiseQueue: promise resolved (queued: 0, active: 0)
Jun 29, 2026 09:28:33.128 [547884015840] DEBUG - Media Server: Tested all servers in 5.0 seconds.
Jun 29, 2026 09:28:33.141 [547915821280] DEBUG - NetworkInterface: received Netlink message len=1500, type=RTM_NEWLINK, flags=0x0
Jun 29, 2026 09:28:33.141 [547915821280] DEBUG - NetworkInterface: Netlink information message family=0, type=1, index=1174, flags=0x1002, change=0x41
Jun 29, 2026 09:28:33.141 [547915821280] DEBUG - Network change.
Jun 29, 2026 09:28:33.141 [547915821280] DEBUG - NetworkInterface: Notified of network changed (force=0)
Jun 29, 2026 09:28:33.150 [547915821280] DEBUG - Network change notification but nothing changed.
Jun 29, 2026 09:28:33.150 [547915821280] DEBUG - NetworkInterface: received Netlink message len=1856, type=RTM_NEWLINK, flags=0x0
Jun 29, 2026 09:28:33.150 [547915821280] DEBUG - NetworkInterface: Netlink information message family=0, type=1, index=1175, flags=0x1002, change=0x41
Jun 29, 2026 09:28:33.150 [547915821280] DEBUG - Network change.
Jun 29, 2026 09:28:33.150 [547915821280] DEBUG - NetworkInterface: Notified of network changed (force=0)
Jun 29, 2026 09:28:33.152 [547915821280] DEBUG - Network change notification but nothing changed.
Jun 29, 2026 09:28:33.152 [547915821280] DEBUG - NetworkInterface: received Netlink message len=440, type=RTM_NEWLINK, flags=0x0
Jun 29, 2026 09:28:33.152 [547915821280] DEBUG - NetworkInterface: Netlink information message family=7, type=1, index=1175, flags=0x1002, change=0x0
Jun 29, 2026 09:28:33.152 [547915821280] DEBUG - Network change.
Jun 29, 2026 09:28:33.152 [547915821280] DEBUG - NetworkInterface: Notified of network changed (force=0)
Jun 29, 2026 09:28:33.152 [547915821280] DEBUG - Network change notification but nothing changed.
Jun 29, 2026 09:28:33.153 [547915821280] DEBUG - NetworkInterface: received Netlink message len=688, type=RTM_DELLINK, flags=0x0
Jun 29, 2026 09:28:33.153 [547915821280] DEBUG - NetworkInterface: Netlink information message family=0, type=1, index=1174, flags=0x1002, change=0xffffffff
Jun 29, 2026 09:28:33.153 [547915821280] DEBUG - NetworkInterface: received Netlink message len=440, type=RTM_NEWLINK, flags=0x0
Jun 29, 2026 09:28:33.153 [547915821280] DEBUG - NetworkInterface: Netlink information message family=7, type=1, index=1175, flags=0x1002, change=0x0
Jun 29, 2026 09:28:33.153 [547915821280] DEBUG - Network change.
Jun 29, 2026 09:28:33.153 [547915821280] DEBUG - NetworkInterface: Notified of network changed (force=0)
Jun 29, 2026 09:28:33.153 [547915821280] DEBUG - Network change notification but nothing changed.
Jun 29, 2026 09:28:33.153 [547915821280] DEBUG - NetworkInterface: received Netlink message len=104, type=RTM_DELLINK, flags=0x0
Jun 29, 2026 09:28:33.153 [547915821280] DEBUG - NetworkInterface: Netlink information message family=7, type=1, index=1175, flags=0x1002, change=0x0
Jun 29, 2026 09:28:33.153 [547915821280] DEBUG - NetworkInterface: received Netlink message len=688, type=RTM_DELLINK, flags=0x0
Jun 29, 2026 09:28:33.153 [547915821280] DEBUG - NetworkInterface: Netlink information message family=0, type=1, index=1175, flags=0x1002, change=0xffffffff
Jun 29, 2026 09:28:33.226 [547941388512] DEBUG - [HttpClient/HCl#2d] HTTP/1.1 (0.1s) 200 response from PUT https://plex.tv/devices/852d69654ed685d07d2d7f072dec0b61ea7d12ba?Connection[][uri]=http://37.15.102.100:14340&Connection[][uri]=http://192.168.1.137:32400&Connection[][uri]=http://172.23.0.1:32400&httpsEnabled=1&httpsRequired=0&dnsRebindingProtection=0&natLoopbackSupported=0&X-Plex-Token=xxxxxxxxxxxxxxxxxxxx (reused)
Jun 29, 2026 09:28:33.324 [547926368480] DEBUG - Request: [34.239.73.157:30476 (WAN)] GET /identity (2 live) #22 TLS Signed-in
Jun 29, 2026 09:28:33.324 [547950997728] DEBUG - Completed: [34.239.73.157:30476] 200 GET /identity (2 live) #22 TLS 0ms 418 bytes (pipelined: 1)
Jun 29, 2026 09:28:33.518 [547953107168] DEBUG - [EventSourceClient/pubsub/pubsub14.pop.fra.plex.bz:443] EventSource: Got event [data] '<Message address="37.15.102.100" port="14340" asyncIdentifier="c0ee87a9-f926-443e-abff-a0ba389478e9" connectivity="1" command="notifyConnectivity"/>'
Jun 29, 2026 09:28:33.518 [547953107168] DEBUG - [EventSourceClient/pubsub/pubsub14.pop.fra.plex.bz:443] PubSub: Got notified of reachability for async identifier c0ee87a9-f926-443e-abff-a0ba389478e9: 1 for 37.15.102.100:14340 (responded in 424 ms)
Jun 29, 2026 09:28:33.518 [547953107168] DEBUG - [EventSourceClient/pubsub/pubsub14.pop.fra.plex.bz:443] MyPlex: reachability check - current mapping state: 'Mapped - Publishing'.
Jun 29, 2026 09:28:33.518 [547953107168] DEBUG - [EventSourceClient/pubsub/pubsub14.pop.fra.plex.bz:443] MyPlex: mapping state set to 'Mapped'.
Jun 29, 2026 09:28:36.072 [547915821280] DEBUG - NetworkInterface: received Netlink message len=1500, type=RTM_NEWLINK, flags=0x0
Jun 29, 2026 09:28:36.072 [547915821280] DEBUG - NetworkInterface: Netlink information message family=0, type=1, index=1176, flags=0x1002, change=0xffffffff
Jun 29, 2026 09:28:36.072 [547915821280] DEBUG - Network change.
Jun 29, 2026 09:28:36.072 [547915821280] DEBUG - NetworkInterface: Notified of network changed (force=0)
Jun 29, 2026 09:28:36.082 [547915821280] DEBUG - Network change notification but nothing changed.
Jun 29, 2026 09:28:36.082 [547915821280] DEBUG - NetworkInterface: received Netlink message len=1500, type=RTM_NEWLINK, flags=0x0
Jun 29, 2026 09:28:36.082 [547915821280] DEBUG - NetworkInterface: Netlink information message family=0, type=1, index=1177, flags=0x1002, change=0xffffffff
Jun 29, 2026 09:28:36.082 [547915821280] DEBUG - Network change.
Jun 29, 2026 09:28:36.082 [547915821280] DEBUG - NetworkInterface: Notified of network changed (force=0)
Jun 29, 2026 09:28:36.083 [547915821280] DEBUG - Network change notification but nothing changed.
Jun 29, 2026 09:28:36.091 [547915821280] DEBUG - NetworkInterface: received Netlink message len=1856, type=RTM_NEWLINK, flags=0x0
Jun 29, 2026 09:28:36.091 [547915821280] DEBUG - NetworkInterface: Netlink information message family=0, type=1, index=1177, flags=0x1002, change=0x0
Jun 29, 2026 09:28:36.091 [547915821280] DEBUG - Network change.
Jun 29, 2026 09:28:36.091 [547915821280] DEBUG - NetworkInterface: Notified of network changed (force=0)
Jun 29, 2026 09:28:36.094 [547915821280] DEBUG - Network change notification but nothing changed.
Jun 29, 2026 09:28:36.094 [547915821280] DEBUG - NetworkInterface: received Netlink message len=1856, type=RTM_NEWLINK, flags=0x0
Jun 29, 2026 09:28:36.094 [547915821280] DEBUG - NetworkInterface: Netlink information message family=0, type=1, index=1177, flags=0x1002, change=0x100
Jun 29, 2026 09:28:36.094 [547915821280] DEBUG - Network change.
Jun 29, 2026 09:28:36.094 [547915821280] DEBUG - NetworkInterface: Notified of network changed (force=0)
Jun 29, 2026 09:28:36.095 [547915821280] DEBUG - Network change notification but nothing changed.
Jun 29, 2026 09:28:36.095 [547915821280] DEBUG - NetworkInterface: received Netlink message len=440, type=RTM_NEWLINK, flags=0x0
Jun 29, 2026 09:28:36.095 [547915821280] DEBUG - NetworkInterface: Netlink information message family=7, type=1, index=1177, flags=0x1002, change=0x0
Jun 29, 2026 09:28:36.095 [547915821280] DEBUG - Network change.
Jun 29, 2026 09:28:36.095 [547915821280] DEBUG - NetworkInterface: Notified of network changed (force=0)
Jun 29, 2026 09:28:36.095 [547915821280] DEBUG - Network change notification but nothing changed.
Jun 29, 2026 09:28:36.103 [547915821280] DEBUG - NetworkInterface: received Netlink message len=1856, type=RTM_NEWLINK, flags=0x0
Jun 29, 2026 09:28:36.103 [547915821280] DEBUG - NetworkInterface: Netlink information message family=0, type=1, index=1177, flags=0x1003, change=0x1
Jun 29, 2026 09:28:36.104 [547915821280] DEBUG - Network change.
Jun 29, 2026 09:28:36.104 [547915821280] DEBUG - NetworkInterface: Notified of network changed (force=0)
Jun 29, 2026 09:28:36.106 [547915821280] DEBUG - Network change notification but nothing changed.
Jun 29, 2026 09:28:36.106 [547915821280] DEBUG - NetworkInterface: received Netlink message len=440, type=RTM_NEWLINK, flags=0x0
Jun 29, 2026 09:28:36.106 [547915821280] DEBUG - NetworkInterface: Netlink information message family=7, type=1, index=1177, flags=0x1003, change=0x0
Jun 29, 2026 09:28:36.106 [547915821280] DEBUG - Network change.
Jun 29, 2026 09:28:36.106 [547915821280] DEBUG - NetworkInterface: Notified of network changed (force=0)
Jun 29, 2026 09:28:36.108 [547915821280] DEBUG - Network change notification but nothing changed.
Jun 29, 2026 09:28:36.121 [547915821280] DEBUG - NetworkInterface: received Netlink message len=1500, type=RTM_NEWLINK, flags=0x0
Jun 29, 2026 09:28:36.121 [547915821280] DEBUG - NetworkInterface: Netlink information message family=0, type=1, index=1176, flags=0x11003, change=0x1
Jun 29, 2026 09:28:36.121 [547915821280] DEBUG - Network change.
Jun 29, 2026 09:28:36.121 [547915821280] DEBUG - NetworkInterface: Notified of network changed (force=0)
Jun 29, 2026 09:28:36.128 [547915821280] DEBUG - Network change notification but nothing changed.
Jun 29, 2026 09:28:36.128 [547915821280] DEBUG - NetworkInterface: received Netlink message len=1500, type=RTM_NEWLINK, flags=0x0
Jun 29, 2026 09:28:36.128 [547915821280] DEBUG - NetworkInterface: Netlink information message family=0, type=1, index=1176, flags=0x11043, change=0x0
Jun 29, 2026 09:28:36.128 [547915821280] DEBUG - Network change.
Jun 29, 2026 09:28:36.128 [547915821280] DEBUG - NetworkInterface: Notified of network changed (force=0)
Jun 29, 2026 09:28:36.131 [547915821280] DEBUG - Network change notification but nothing changed.
Jun 29, 2026 09:28:36.131 [547915821280] DEBUG - NetworkInterface: received Netlink message len=440, type=RTM_NEWLINK, flags=0x0
Jun 29, 2026 09:28:36.131 [547915821280] DEBUG - NetworkInterface: Netlink information message family=7, type=1, index=1177, flags=0x11043, change=0x0
Jun 29, 2026 09:28:36.131 [547915821280] DEBUG - Network change.
Jun 29, 2026 09:28:36.131 [547915821280] DEBUG - NetworkInterface: Notified of network changed (force=0)
Jun 29, 2026 09:28:36.132 [547915821280] DEBUG - Network change notification but nothing changed.
Jun 29, 2026 09:28:36.132 [547915821280] DEBUG - NetworkInterface: received Netlink message len=440, type=RTM_NEWLINK, flags=0x0
Jun 29, 2026 09:28:36.132 [547915821280] DEBUG - NetworkInterface: Netlink information message family=7, type=1, index=1177, flags=0x11043, change=0x0
Jun 29, 2026 09:28:36.132 [547915821280] DEBUG - Network change.
Jun 29, 2026 09:28:36.132 [547915821280] DEBUG - NetworkInterface: Notified of network changed (force=0)
Jun 29, 2026 09:28:36.133 [547915821280] DEBUG - Network change notification but nothing changed.
Jun 29, 2026 09:28:36.133 [547915821280] DEBUG - NetworkInterface: received Netlink message len=1856, type=RTM_NEWLINK, flags=0x0
Jun 29, 2026 09:28:36.133 [547915821280] DEBUG - NetworkInterface: Netlink information message family=0, type=1, index=1177, flags=0x11043, change=0x0
Jun 29, 2026 09:28:36.133 [547915821280] DEBUG - Network change.
Jun 29, 2026 09:28:36.133 [547915821280] DEBUG - NetworkInterface: Notified of network changed (force=0)
Jun 29, 2026 09:28:36.134 [547915821280] DEBUG - Network change notification but nothing changed.
Jun 29, 2026 09:28:37.015 [547915821280] DEBUG - NetworkInterface: received Netlink message len=1500, type=RTM_NEWLINK, flags=0x0
Jun 29, 2026 09:28:37.015 [547915821280] DEBUG - NetworkInterface: Netlink information message family=0, type=1, index=1176, flags=0x1002, change=0x41
Jun 29, 2026 09:28:37.015 [547915821280] DEBUG - Network change.
Jun 29, 2026 09:28:37.015 [547915821280] DEBUG - NetworkInterface: Notified of network changed (force=0)
Jun 29, 2026 09:28:37.038 [547915821280] DEBUG - Network change notification but nothing changed.
Jun 29, 2026 09:28:37.038 [547915821280] DEBUG - NetworkInterface: received Netlink message len=704, type=RTM_DELLINK, flags=0x0
Jun 29, 2026 09:28:37.038 [547915821280] DEBUG - NetworkInterface: Netlink information message family=0, type=1, index=1176, flags=0x1002, change=0xffffffff
Jun 29, 2026 09:28:37.038 [547915821280] DEBUG - NetworkInterface: received Netlink message len=440, type=RTM_NEWLINK, flags=0x0
Jun 29, 2026 09:28:37.038 [547915821280] DEBUG - NetworkInterface: Netlink information message family=7, type=1, index=1177, flags=0x1003, change=0x0
Jun 29, 2026 09:28:37.038 [547915821280] DEBUG - Network change.
Jun 29, 2026 09:28:37.038 [547915821280] DEBUG - NetworkInterface: Notified of network changed (force=0)
Jun 29, 2026 09:28:37.039 [547915821280] DEBUG - Network change notification but nothing changed.
Jun 29, 2026 09:28:37.039 [547915821280] DEBUG - NetworkInterface: received Netlink message len=1864, type=RTM_NEWLINK, flags=0x0
Jun 29, 2026 09:28:37.039 [547915821280] DEBUG - NetworkInterface: Netlink information message family=0, type=1, index=1177, flags=0x1003, change=0x0
Jun 29, 2026 09:28:37.039 [547915821280] DEBUG - Network change.
Jun 29, 2026 09:28:37.039 [547915821280] DEBUG - NetworkInterface: Notified of network changed (force=0)
Jun 29, 2026 09:28:37.040 [547915821280] DEBUG - Network change notification but nothing changed.
Jun 29, 2026 09:28:37.043 [547915821280] DEBUG - NetworkInterface: received Netlink message len=440, type=RTM_NEWLINK, flags=0x0
Jun 29, 2026 09:28:37.043 [547915821280] DEBUG - NetworkInterface: Netlink information message family=7, type=1, index=1177, flags=0x11043, change=0x0
Jun 29, 2026 09:28:37.043 [547915821280] DEBUG - Network change.
Jun 29, 2026 09:28:37.043 [547915821280] DEBUG - NetworkInterface: Notified of network changed (force=0)
Jun 29, 2026 09:28:37.044 [547915821280] DEBUG - Network change notification but nothing changed.
Jun 29, 2026 09:28:37.044 [547915821280] DEBUG - NetworkInterface: received Netlink message len=440, type=RTM_NEWLINK, flags=0x0
Jun 29, 2026 09:28:37.044 [547915821280] DEBUG - NetworkInterface: Netlink information message family=7, type=1, index=1177, flags=0x11043, change=0x0
Jun 29, 2026 09:28:37.044 [547915821280] DEBUG - Network change.
Jun 29, 2026 09:28:37.044 [547915821280] DEBUG - NetworkInterface: Notified of network changed (force=0)
Jun 29, 2026 09:28:37.045 [547915821280] DEBUG - Network change notification but nothing changed.
Jun 29, 2026 09:28:37.045 [547915821280] DEBUG - NetworkInterface: received Netlink message len=1864, type=RTM_NEWLINK, flags=0x0
Jun 29, 2026 09:28:37.045 [547915821280] DEBUG - NetworkInterface: Netlink information message family=0, type=1, index=1177, flags=0x11043, change=0x0
Jun 29, 2026 09:28:37.045 [547915821280] DEBUG - Network change.
Jun 29, 2026 09:28:37.045 [547915821280] DEBUG - NetworkInterface: Notified of network changed (force=0)
Jun 29, 2026 09:28:37.046 [547915821280] DEBUG - Network change notification but nothing changed.
Jun 29, 2026 09:28:39.452 [547915821280] DEBUG - NetworkInterface: received Netlink message len=440, type=RTM_NEWLINK, flags=0x0
Jun 29, 2026 09:28:39.452 [547915821280] DEBUG - NetworkInterface: Netlink information message family=7, type=1, index=1177, flags=0x1003, change=0x0
Jun 29, 2026 09:28:39.452 [547915821280] DEBUG - Network change.
Jun 29, 2026 09:28:39.452 [547915821280] DEBUG - NetworkInterface: Notified of network changed (force=0)
Jun 29, 2026 09:28:39.490 [547915821280] DEBUG - Network change notification but nothing changed.
Jun 29, 2026 09:28:39.490 [547915821280] DEBUG - NetworkInterface: received Netlink message len=1864, type=RTM_NEWLINK, flags=0x0
Jun 29, 2026 09:28:39.490 [547915821280] DEBUG - NetworkInterface: Netlink information message family=0, type=1, index=1177, flags=0x1003, change=0x0
Jun 29, 2026 09:28:39.490 [547915821280] DEBUG - Network change.
Jun 29, 2026 09:28:39.490 [547915821280] DEBUG - NetworkInterface: Notified of network changed (force=0)
Jun 29, 2026 09:28:39.491 [547915821280] DEBUG - Network change notification but nothing changed.
Jun 29, 2026 09:28:39.491 [547915821280] DEBUG - NetworkInterface: received Netlink message len=1500, type=RTM_NEWLINK, flags=0x0
Jun 29, 2026 09:28:39.491 [547915821280] DEBUG - NetworkInterface: Netlink information message family=0, type=1, index=1176, flags=0x1002, change=0xffffffff
Jun 29, 2026 09:28:39.491 [547915821280] DEBUG - Network change.
Jun 29, 2026 09:28:39.491 [547915821280] DEBUG - NetworkInterface: Notified of network changed (force=0)
Jun 29, 2026 09:28:39.492 [547915821280] DEBUG - Network change notification but nothing changed.
Jun 29, 2026 09:28:39.514 [547915821280] DEBUG - NetworkInterface: received Netlink message len=1500, type=RTM_NEWLINK, flags=0x0
Jun 29, 2026 09:28:39.514 [547915821280] DEBUG - NetworkInterface: Netlink information message family=0, type=1, index=1176, flags=0x11003, change=0x1
Jun 29, 2026 09:28:39.514 [547915821280] DEBUG - Network change.
Jun 29, 2026 09:28:39.514 [547915821280] DEBUG - NetworkInterface: Notified of network changed (force=0)
Jun 29, 2026 09:28:39.515 [547915821280] DEBUG - Network change notification but nothing changed.
Jun 29, 2026 09:28:39.515 [547915821280] DEBUG - NetworkInterface: received Netlink message len=1500, type=RTM_NEWLINK, flags=0x0
Jun 29, 2026 09:28:39.515 [547915821280] DEBUG - NetworkInterface: Netlink information message family=0, type=1, index=1176, flags=0x11043, change=0x0
Jun 29, 2026 09:28:39.515 [547915821280] DEBUG - Network change.
Jun 29, 2026 09:28:39.515 [547915821280] DEBUG - NetworkInterface: Notified of network changed (force=0)
Jun 29, 2026 09:28:39.516 [547915821280] DEBUG - Network change notification but nothing changed.
Jun 29, 2026 09:28:39.516 [547915821280] DEBUG - NetworkInterface: received Netlink message len=440, type=RTM_NEWLINK, flags=0x0
Jun 29, 2026 09:28:39.516 [547915821280] DEBUG - NetworkInterface: Netlink information message family=7, type=1, index=1177, flags=0x11043, change=0x0
Jun 29, 2026 09:28:39.516 [547915821280] DEBUG - Network change.
Jun 29, 2026 09:28:39.516 [547915821280] DEBUG - NetworkInterface: Notified of network changed (force=0)
Jun 29, 2026 09:28:39.517 [547915821280] DEBUG - Network change notification but nothing changed.
Jun 29, 2026 09:28:39.517 [547915821280] DEBUG - NetworkInterface: received Netlink message len=440, type=RTM_NEWLINK, flags=0x0
Jun 29, 2026 09:28:39.517 [547915821280] DEBUG - NetworkInterface: Netlink information message family=7, type=1, index=1177, flags=0x11043, change=0x0
Jun 29, 2026 09:28:39.517 [547915821280] DEBUG - Network change.
Jun 29, 2026 09:28:39.517 [547915821280] DEBUG - NetworkInterface: Notified of network changed (force=0)
Jun 29, 2026 09:28:39.518 [547915821280] DEBUG - Network change notification but nothing changed.
Jun 29, 2026 09:28:39.518 [547915821280] DEBUG - NetworkInterface: received Netlink message len=1856, type=RTM_NEWLINK, flags=0x0
Jun 29, 2026 09:28:39.518 [547915821280] DEBUG - NetworkInterface: Netlink information message family=0, type=1, index=1177, flags=0x11043, change=0x0
Jun 29, 2026 09:28:39.518 [547915821280] DEBUG - Network change.
Jun 29, 2026 09:28:39.518 [547915821280] DEBUG - NetworkInterface: Notified of network changed (force=0)
Jun 29, 2026 09:28:39.520 [547915821280] DEBUG - Network change notification but nothing changed.
Jun 29, 2026 09:28:39.586 [547915821280] DEBUG - NetworkInterface: received Netlink message len=1500, type=RTM_NEWLINK, flags=0x0
Jun 29, 2026 09:28:39.586 [547915821280] DEBUG - NetworkInterface: Netlink information message family=0, type=1, index=1176, flags=0x1002, change=0x41
Jun 29, 2026 09:28:39.586 [547915821280] DEBUG - Network change.
Jun 29, 2026 09:28:39.586 [547915821280] DEBUG - NetworkInterface: Notified of network changed (force=0)
Jun 29, 2026 09:28:39.593 [547915821280] DEBUG - Network change notification but nothing changed.
Jun 29, 2026 09:28:39.593 [547915821280] DEBUG - NetworkInterface: received Netlink message len=1856, type=RTM_NEWLINK, flags=0x0
Jun 29, 2026 09:28:39.593 [547915821280] DEBUG - NetworkInterface: Netlink information message family=0, type=1, index=1177, flags=0x1002, change=0x41
Jun 29, 2026 09:28:39.593 [547915821280] DEBUG - Network change.
Jun 29, 2026 09:28:39.593 [547915821280] DEBUG - NetworkInterface: Notified of network changed (force=0)
Jun 29, 2026 09:28:39.595 [547915821280] DEBUG - Network change notification but nothing changed.
Jun 29, 2026 09:28:39.595 [547915821280] DEBUG - NetworkInterface: received Netlink message len=440, type=RTM_NEWLINK, flags=0x0
Jun 29, 2026 09:28:39.595 [547915821280] DEBUG - NetworkInterface: Netlink information message family=7, type=1, index=1177, flags=0x1002, change=0x0
Jun 29, 2026 09:28:39.595 [547915821280] DEBUG - Network change.
Jun 29, 2026 09:28:39.595 [547915821280] DEBUG - NetworkInterface: Notified of network changed (force=0)
Jun 29, 2026 09:28:39.596 [547915821280] DEBUG - Network change notification but nothing changed.
Jun 29, 2026 09:28:39.596 [547915821280] DEBUG - NetworkInterface: received Netlink message len=688, type=RTM_DELLINK, flags=0x0
Jun 29, 2026 09:28:39.596 [547915821280] DEBUG - NetworkInterface: Netlink information message family=0, type=1, index=1176, flags=0x1002, change=0xffffffff
Jun 29, 2026 09:28:39.596 [547915821280] DEBUG - NetworkInterface: received Netlink message len=440, type=RTM_NEWLINK, flags=0x0
Jun 29, 2026 09:28:39.597 [547915821280] DEBUG - NetworkInterface: Netlink information message family=7, type=1, index=1177, flags=0x1002, change=0x0
Jun 29, 2026 09:28:39.598 [547915821280] DEBUG - Network change.
Jun 29, 2026 09:28:39.598 [547915821280] DEBUG - NetworkInterface: Notified of network changed (force=0)
Jun 29, 2026 09:28:39.598 [547915821280] DEBUG - Network change notification but nothing changed.
Jun 29, 2026 09:28:39.598 [547915821280] DEBUG - NetworkInterface: received Netlink message len=104, type=RTM_DELLINK, flags=0x0
Jun 29, 2026 09:28:39.598 [547915821280] DEBUG - NetworkInterface: Netlink information message family=7, type=1, index=1177, flags=0x1002, change=0x0
Jun 29, 2026 09:28:39.598 [547915821280] DEBUG - NetworkInterface: received Netlink message len=688, type=RTM_DELLINK, flags=0x0
Jun 29, 2026 09:28:39.598 [547915821280] DEBUG - NetworkInterface: Netlink information message family=0, type=1, index=1177, flags=0x1002, change=0xffffffff
Jun 29, 2026 09:28:41.847 [547881906400] DEBUG - [HCl#2f] HTTP requesting GET https://plex.tv/api/v2/shared_sources/owned?machineIdentifier=852d69654ed685d07d2d7f072dec0b61ea7d12ba
Jun 29, 2026 09:28:41.953 [547941388512] DEBUG - [HttpClient/HCl#2f] HTTP/1.1 (0.1s) 200 response from GET https://plex.tv/api/v2/shared_sources/owned?machineIdentifier=852d69654ed685d07d2d7f072dec0b61ea7d12ba (reused)
Jun 29, 2026 09:28:41.955 [547881906400] DEBUG - [HCl#30] HTTP requesting GET https://plex.tv/api/v2/server/access_tokens?auth_token=xxxxxxxxxxxxxxxxxxxx
Jun 29, 2026 09:28:42.073 [547941388512] DEBUG - [HttpClient/HCl#30] HTTP/1.1 (0.1s) 200 response from GET https://plex.tv/api/v2/server/access_tokens?auth_token=xxxxxxxxxxxxxxxxxxxx (reused)
Jun 29, 2026 09:28:42.075 [547881906400] DEBUG - MyPlex: updating with 5 access tokens
Jun 29, 2026 09:28:42.076 [547881906400] DEBUG - [HCl#31] HTTP requesting GET https://plex.tv/api/v2/server/users?auth_token=xxxxxxxxxxxxxxxxxxxx
Jun 29, 2026 09:28:42.186 [547941388512] DEBUG - [HttpClient/HCl#31] HTTP/1.1 (0.1s) 200 response from GET https://plex.tv/api/v2/server/users?auth_token=xxxxxxxxxxxxxxxxxxxx (reused)
Jun 29, 2026 09:28:42.187 [547932696800] DEBUG - [HCl#32] HTTP requesting GET https://plex.tv/api/v2/server/users/subscriptions?auth_token=xxxxxxxxxxxxxxxxxxxx
Jun 29, 2026 09:28:42.293 [547941388512] DEBUG - [HttpClient/HCl#32] HTTP/1.1 (0.1s) 200 response from GET https://plex.tv/api/v2/server/users/subscriptions?auth_token=xxxxxxxxxxxxxxxxxxxx (reused)
Jun 29, 2026 09:28:42.295 [547886125280] DEBUG - MyPlex: using cached data for request for https://plex.tv/api/v2/server/users/services?auth_token=xxxxxxxxxxxxxxxxxxxx
Jun 29, 2026 09:28:45.077 [547901055200] DEBUG - [MediaProviderManager] Refreshing media providers
Jun 29, 2026 09:28:45.077 [547901055200] DEBUG - [MediaProviderManager/Response::fetch/HCl#33] HTTP requesting GET https://plex.tv/media/providers
Jun 29, 2026 09:28:45.194 [547941388512] DEBUG - [HttpClient/HCl#33] HTTP/1.1 (0.1s) 200 response from GET https://plex.tv/media/providers (reused)
Jun 29, 2026 09:28:45.194 [547901055200] DEBUG - [MediaProviderManager] discovered cloud provider (Movies & Shows)
Jun 29, 2026 09:28:45.194 [547901055200] DEBUG - [MediaProviderManager] discovered cloud provider (Metadata)
Jun 29, 2026 09:28:45.194 [547901055200] DEBUG - [MediaProviderManager] loading cloud provider details (Metadata) (alive: 1)
Jun 29, 2026 09:28:45.194 [547901055200] DEBUG - [MediaProviderManager] loading cloud provider details (Movies & Shows) (alive: 1)
Jun 29, 2026 09:28:45.195 [547901055200] DEBUG - [MediaProviderManager] we had 2 cloud providers online, we now have 2
Jun 29, 2026 09:28:45.195 [547901055200] DEBUG - [MediaProviderManager] cloud provider (Metadata) is online and available
Jun 29, 2026 09:28:45.195 [547901055200] DEBUG - [MediaProviderManager] cloud provider (Movies & Shows) is online and available
Jun 29, 2026 09:28:45.195 [547901055200] DEBUG - [MediaProviderManager] Media provider refresh complete
Jun 29, 2026 09:28:45.653 [547915821280] DEBUG - NetworkInterface: received Netlink message len=1500, type=RTM_NEWLINK, flags=0x0
Jun 29, 2026 09:28:45.653 [547915821280] DEBUG - NetworkInterface: Netlink information message family=0, type=1, index=1178, flags=0x1002, change=0xffffffff
Jun 29, 2026 09:28:45.653 [547915821280] DEBUG - Network change.
Jun 29, 2026 09:28:45.653 [547915821280] DEBUG - NetworkInterface: Notified of network changed (force=0)
Jun 29, 2026 09:28:45.661 [547915821280] DEBUG - Network change notification but nothing changed.
Jun 29, 2026 09:28:45.663 [547915821280] DEBUG - NetworkInterface: received Netlink message len=1500, type=RTM_NEWLINK, flags=0x0
Jun 29, 2026 09:28:45.663 [547915821280] DEBUG - NetworkInterface: Netlink information message family=0, type=1, index=1179, flags=0x1002, change=0xffffffff
Jun 29, 2026 09:28:45.663 [547915821280] DEBUG - Network change.
Jun 29, 2026 09:28:45.663 [547915821280] DEBUG - NetworkInterface: Notified of network changed (force=0)
Jun 29, 2026 09:28:45.677 [547915821280] DEBUG - Network change notification but nothing changed.
Jun 29, 2026 09:28:45.678 [547915821280] DEBUG - NetworkInterface: received Netlink message len=1856, type=RTM_NEWLINK, flags=0x0
Jun 29, 2026 09:28:45.678 [547915821280] DEBUG - NetworkInterface: Netlink information message family=0, type=1, index=1179, flags=0x1002, change=0x0
Jun 29, 2026 09:28:45.678 [547915821280] DEBUG - Network change.
Jun 29, 2026 09:28:45.678 [547915821280] DEBUG - NetworkInterface: Notified of network changed (force=0)
Jun 29, 2026 09:28:45.679 [547915821280] DEBUG - Network change notification but nothing changed.
Jun 29, 2026 09:28:45.679 [547915821280] DEBUG - NetworkInterface: received Netlink message len=1856, type=RTM_NEWLINK, flags=0x0
Jun 29, 2026 09:28:45.679 [547915821280] DEBUG - NetworkInterface: Netlink information message family=0, type=1, index=1179, flags=0x1002, change=0x100
Jun 29, 2026 09:28:45.679 [547915821280] DEBUG - Network change.
Jun 29, 2026 09:28:45.679 [547915821280] DEBUG - NetworkInterface: Notified of network changed (force=0)
Jun 29, 2026 09:28:45.681 [547915821280] DEBUG - Network change notification but nothing changed.
Jun 29, 2026 09:28:45.682 [547915821280] DEBUG - NetworkInterface: received Netlink message len=440, type=RTM_NEWLINK, flags=0x0
Jun 29, 2026 09:28:45.682 [547915821280] DEBUG - NetworkInterface: Netlink information message family=7, type=1, index=1179, flags=0x1002, change=0x0
Jun 29, 2026 09:28:45.682 [547915821280] DEBUG - Network change.
Jun 29, 2026 09:28:45.682 [547915821280] DEBUG - NetworkInterface: Notified of network changed (force=0)
Jun 29, 2026 09:28:45.688 [547915821280] DEBUG - Network change notification but nothing changed.
Jun 29, 2026 09:28:45.688 [547915821280] DEBUG - NetworkInterface: received Netlink message len=1856, type=RTM_NEWLINK, flags=0x0
Jun 29, 2026 09:28:45.688 [547915821280] DEBUG - NetworkInterface: Netlink information message family=0, type=1, index=1179, flags=0x1003, change=0x1
Jun 29, 2026 09:28:45.688 [547915821280] DEBUG - Network change.
Jun 29, 2026 09:28:45.688 [547915821280] DEBUG - NetworkInterface: Notified of network changed (force=0)
Jun 29, 2026 09:28:45.695 [547915821280] DEBUG - Network change notification but nothing changed.
Jun 29, 2026 09:28:45.695 [547915821280] DEBUG - NetworkInterface: received Netlink message len=440, type=RTM_NEWLINK, flags=0x0
Jun 29, 2026 09:28:45.695 [547915821280] DEBUG - NetworkInterface: Netlink information message family=7, type=1, index=1179, flags=0x1003, change=0x0
Jun 29, 2026 09:28:45.695 [547915821280] DEBUG - Network change.
Jun 29, 2026 09:28:45.695 [547915821280] DEBUG - NetworkInterface: Notified of network changed (force=0)
Jun 29, 2026 09:28:45.706 [547915821280] DEBUG - Network change notification but nothing changed.
Jun 29, 2026 09:28:45.736 [547915821280] DEBUG - NetworkInterface: received Netlink message len=1500, type=RTM_NEWLINK, flags=0x0
Jun 29, 2026 09:28:45.736 [547915821280] DEBUG - NetworkInterface: Netlink information message family=0, type=1, index=1178, flags=0x11003, change=0x1
Jun 29, 2026 09:28:45.736 [547915821280] DEBUG - Network change.
Jun 29, 2026 09:28:45.736 [547915821280] DEBUG - NetworkInterface: Notified of network changed (force=0)
Jun 29, 2026 09:28:45.737 [547915821280] DEBUG - Network change notification but nothing changed.
Jun 29, 2026 09:28:45.737 [547915821280] DEBUG - NetworkInterface: received Netlink message len=1500, type=RTM_NEWLINK, flags=0x0
Jun 29, 2026 09:28:45.737 [547915821280] DEBUG - NetworkInterface: Netlink information message family=0, type=1, index=1178, flags=0x11043, change=0x0
Jun 29, 2026 09:28:45.737 [547915821280] DEBUG - Network change.
Jun 29, 2026 09:28:45.737 [547915821280] DEBUG - NetworkInterface: Notified of network changed (force=0)
Jun 29, 2026 09:28:45.738 [547915821280] DEBUG - Network change notification but nothing changed.
Jun 29, 2026 09:28:45.738 [547915821280] DEBUG - NetworkInterface: received Netlink message len=440, type=RTM_NEWLINK, flags=0x0
Jun 29, 2026 09:28:45.738 [547915821280] DEBUG - NetworkInterface: Netlink information message family=7, type=1, index=1179, flags=0x11043, change=0x0
Jun 29, 2026 09:28:45.738 [547915821280] DEBUG - Network change.
Jun 29, 2026 09:28:45.738 [547915821280] DEBUG - NetworkInterface: Notified of network changed (force=0)
Jun 29, 2026 09:28:45.739 [547915821280] DEBUG - Network change notification but nothing changed.
Jun 29, 2026 09:28:45.739 [547915821280] DEBUG - NetworkInterface: received Netlink message len=440, type=RTM_NEWLINK, flags=0x0
Jun 29, 2026 09:28:45.739 [547915821280] DEBUG - NetworkInterface: Netlink information message family=7, type=1, index=1179, flags=0x11043, change=0x0
Jun 29, 2026 09:28:45.739 [547915821280] DEBUG - Network change.
Jun 29, 2026 09:28:45.739 [547915821280] DEBUG - NetworkInterface: Notified of network changed (force=0)
Jun 29, 2026 09:28:45.740 [547915821280] DEBUG - Network change notification but nothing changed.
Jun 29, 2026 09:28:45.740 [547915821280] DEBUG - NetworkInterface: received Netlink message len=1856, type=RTM_NEWLINK, flags=0x0
Jun 29, 2026 09:28:45.740 [547915821280] DEBUG - NetworkInterface: Netlink information message family=0, type=1, index=1179, flags=0x11043, change=0x0
Jun 29, 2026 09:28:45.740 [547915821280] DEBUG - Network change.
Jun 29, 2026 09:28:45.740 [547915821280] DEBUG - NetworkInterface: Notified of network changed (force=0)
Jun 29, 2026 09:28:45.753 [547915821280] DEBUG - Network change notification but nothing changed.
Jun 29, 2026 09:28:46.484 [547915821280] DEBUG - NetworkInterface: received Netlink message len=1500, type=RTM_NEWLINK, flags=0x0
Jun 29, 2026 09:28:46.484 [547915821280] DEBUG - NetworkInterface: Netlink information message family=0, type=1, index=1178, flags=0x1002, change=0x41
Jun 29, 2026 09:28:46.484 [547915821280] DEBUG - Network change.
Jun 29, 2026 09:28:46.484 [547915821280] DEBUG - NetworkInterface: Notified of network changed (force=0)
Jun 29, 2026 09:28:46.515 [547915821280] DEBUG - Network change notification but nothing changed.
Jun 29, 2026 09:28:46.515 [547915821280] DEBUG - NetworkInterface: received Netlink message len=704, type=RTM_DELLINK, flags=0x0
Jun 29, 2026 09:28:46.515 [547915821280] DEBUG - NetworkInterface: Netlink information message family=0, type=1, index=1178, flags=0x1002, change=0xffffffff
Jun 29, 2026 09:28:46.515 [547915821280] DEBUG - NetworkInterface: received Netlink message len=440, type=RTM_NEWLINK, flags=0x0
Jun 29, 2026 09:28:46.515 [547915821280] DEBUG - NetworkInterface: Netlink information message family=7, type=1, index=1179, flags=0x1003, change=0x0
Jun 29, 2026 09:28:46.515 [547915821280] DEBUG - Network change.
Jun 29, 2026 09:28:46.515 [547915821280] DEBUG - NetworkInterface: Notified of network changed (force=0)
Jun 29, 2026 09:28:46.519 [547915821280] DEBUG - Network change notification but nothing changed.
Jun 29, 2026 09:28:46.519 [547915821280] DEBUG - NetworkInterface: received Netlink message len=1864, type=RTM_NEWLINK, flags=0x0
Jun 29, 2026 09:28:46.519 [547915821280] DEBUG - NetworkInterface: Netlink information message family=0, type=1, index=1179, flags=0x1003, change=0x0
Jun 29, 2026 09:28:46.519 [547915821280] DEBUG - Network change.
Jun 29, 2026 09:28:46.519 [547915821280] DEBUG - NetworkInterface: Notified of network changed (force=0)
Jun 29, 2026 09:28:46.520 [547915821280] DEBUG - Network change notification but nothing changed.
Jun 29, 2026 09:28:46.520 [547915821280] DEBUG - NetworkInterface: received Netlink message len=440, type=RTM_NEWLINK, flags=0x0
Jun 29, 2026 09:28:46.520 [547915821280] DEBUG - NetworkInterface: Netlink information message family=7, type=1, index=1179, flags=0x11043, change=0x0
Jun 29, 2026 09:28:46.520 [547915821280] DEBUG - Network change.
Jun 29, 2026 09:28:46.520 [547915821280] DEBUG - NetworkInterface: Notified of network changed (force=0)
Jun 29, 2026 09:28:46.520 [547915821280] DEBUG - Network change notification but nothing changed.
Jun 29, 2026 09:28:46.520 [547915821280] DEBUG - NetworkInterface: received Netlink message len=440, type=RTM_NEWLINK, flags=0x0
Jun 29, 2026 09:28:46.520 [547915821280] DEBUG - NetworkInterface: Netlink information message family=7, type=1, index=1179, flags=0x11043, change=0x0
Jun 29, 2026 09:28:46.520 [547915821280] DEBUG - Network change.
Jun 29, 2026 09:28:46.520 [547915821280] DEBUG - NetworkInterface: Notified of network changed (force=0)
Jun 29, 2026 09:28:46.521 [547915821280] DEBUG - Network change notification but nothing changed.
Jun 29, 2026 09:28:46.521 [547915821280] DEBUG - NetworkInterface: received Netlink message len=1864, type=RTM_NEWLINK, flags=0x0
Jun 29, 2026 09:28:46.521 [547915821280] DEBUG - NetworkInterface: Netlink information message family=0, type=1, index=1179, flags=0x11043, change=0x0
Jun 29, 2026 09:28:46.521 [547915821280] DEBUG - Network change.
Jun 29, 2026 09:28:46.521 [547915821280] DEBUG - NetworkInterface: Notified of network changed (force=0)
Jun 29, 2026 09:28:46.522 [547915821280] DEBUG - Network change notification but nothing changed.
Jun 29, 2026 09:28:48.875 [547915821280] DEBUG - NetworkInterface: received Netlink message len=440, type=RTM_NEWLINK, flags=0x0
Jun 29, 2026 09:28:48.875 [547915821280] DEBUG - NetworkInterface: Netlink information message family=7, type=1, index=1179, flags=0x1003, change=0x0
Jun 29, 2026 09:28:48.875 [547915821280] DEBUG - Network change.
Jun 29, 2026 09:28:48.875 [547915821280] DEBUG - NetworkInterface: Notified of network changed (force=0)
Jun 29, 2026 09:28:48.910 [547915821280] DEBUG - Network change notification but nothing changed.
Jun 29, 2026 09:28:48.910 [547915821280] DEBUG - NetworkInterface: received Netlink message len=1864, type=RTM_NEWLINK, flags=0x0
Jun 29, 2026 09:28:48.910 [547915821280] DEBUG - NetworkInterface: Netlink information message family=0, type=1, index=1179, flags=0x1003, change=0x0
Jun 29, 2026 09:28:48.910 [547915821280] DEBUG - Network change.
Jun 29, 2026 09:28:48.910 [547915821280] DEBUG - NetworkInterface: Notified of network changed (force=0)
Jun 29, 2026 09:28:48.911 [547915821280] DEBUG - Network change notification but nothing changed.
Jun 29, 2026 09:28:48.911 [547915821280] DEBUG - NetworkInterface: received Netlink message len=1500, type=RTM_NEWLINK, flags=0x0
Jun 29, 2026 09:28:48.911 [547915821280] DEBUG - NetworkInterface: Netlink information message family=0, type=1, index=1178, flags=0x1002, change=0xffffffff
Jun 29, 2026 09:28:48.911 [547915821280] DEBUG - Network change.
Jun 29, 2026 09:28:48.911 [547915821280] DEBUG - NetworkInterface: Notified of network changed (force=0)
Jun 29, 2026 09:28:48.911 [547915821280] DEBUG - Network change notification but nothing changed.
Jun 29, 2026 09:28:48.934 [547915821280] DEBUG - NetworkInterface: received Netlink message len=1500, type=RTM_NEWLINK, flags=0x0
Jun 29, 2026 09:28:48.934 [547915821280] DEBUG - NetworkInterface: Netlink information message family=0, type=1, index=1178, flags=0x11003, change=0x1
Jun 29, 2026 09:28:48.934 [547915821280] DEBUG - Network change.
Jun 29, 2026 09:28:48.934 [547915821280] DEBUG - NetworkInterface: Notified of network changed (force=0)
Jun 29, 2026 09:28:48.936 [547915821280] DEBUG - Network change notification but nothing changed.
Jun 29, 2026 09:28:48.936 [547915821280] DEBUG - NetworkInterface: received Netlink message len=1500, type=RTM_NEWLINK, flags=0x0
Jun 29, 2026 09:28:48.936 [547915821280] DEBUG - NetworkInterface: Netlink information message family=0, type=1, index=1178, flags=0x11043, change=0x0
Jun 29, 2026 09:28:48.936 [547915821280] DEBUG - Network change.
Jun 29, 2026 09:28:48.936 [547915821280] DEBUG - NetworkInterface: Notified of network changed (force=0)
Jun 29, 2026 09:28:48.937 [547915821280] DEBUG - Network change notification but nothing changed.
Jun 29, 2026 09:28:48.937 [547915821280] DEBUG - NetworkInterface: received Netlink message len=440, type=RTM_NEWLINK, flags=0x0
Jun 29, 2026 09:28:48.937 [547915821280] DEBUG - NetworkInterface: Netlink information message family=7, type=1, index=1179, flags=0x11043, change=0x0
Jun 29, 2026 09:28:48.937 [547915821280] DEBUG - Network change.
Jun 29, 2026 09:28:48.937 [547915821280] DEBUG - NetworkInterface: Notified of network changed (force=0)
Jun 29, 2026 09:28:48.938 [547915821280] DEBUG - Network change notification but nothing changed.
Jun 29, 2026 09:28:48.938 [547915821280] DEBUG - NetworkInterface: received Netlink message len=440, type=RTM_NEWLINK, flags=0x0
Jun 29, 2026 09:28:48.938 [547915821280] DEBUG - NetworkInterface: Netlink information message family=7, type=1, index=1179, flags=0x11043, change=0x0
Jun 29, 2026 09:28:48.938 [547915821280] DEBUG - Network change.
Jun 29, 2026 09:28:48.938 [547915821280] DEBUG - NetworkInterface: Notified of network changed (force=0)
Jun 29, 2026 09:28:48.938 [547915821280] DEBUG - Network change notification but nothing changed.
Jun 29, 2026 09:28:48.938 [547915821280] DEBUG - NetworkInterface: received Netlink message len=1856, type=RTM_NEWLINK, flags=0x0
Jun 29, 2026 09:28:48.938 [547915821280] DEBUG - NetworkInterface: Netlink information message family=0, type=1, index=1179, flags=0x11043, change=0x0
Jun 29, 2026 09:28:48.938 [547915821280] DEBUG - Network change.
Jun 29, 2026 09:28:48.938 [547915821280] DEBUG - NetworkInterface: Notified of network changed (force=0)
Jun 29, 2026 09:28:48.939 [547915821280] DEBUG - Network change notification but nothing changed.
Jun 29, 2026 09:28:49.008 [547915821280] DEBUG - NetworkInterface: received Netlink message len=1500, type=RTM_NEWLINK, flags=0x0
Jun 29, 2026 09:28:49.008 [547915821280] DEBUG - NetworkInterface: Netlink information message family=0, type=1, index=1178, flags=0x1002, change=0x41
Jun 29, 2026 09:28:49.008 [547915821280] DEBUG - Network change.
Jun 29, 2026 09:28:49.008 [547915821280] DEBUG - NetworkInterface: Notified of network changed (force=0)
Jun 29, 2026 09:28:49.015 [547915821280] DEBUG - Network change notification but nothing changed.
Jun 29, 2026 09:28:49.015 [547915821280] DEBUG - NetworkInterface: received Netlink message len=1856, type=RTM_NEWLINK, flags=0x0
Jun 29, 2026 09:28:49.015 [547915821280] DEBUG - NetworkInterface: Netlink information message family=0, type=1, index=1179, flags=0x1002, change=0x41
Jun 29, 2026 09:28:49.015 [547915821280] DEBUG - Network change.
Jun 29, 2026 09:28:49.015 [547915821280] DEBUG - NetworkInterface: Notified of network changed (force=0)
Jun 29, 2026 09:28:49.016 [547915821280] DEBUG - Network change notification but nothing changed.
Jun 29, 2026 09:28:49.016 [547915821280] DEBUG - NetworkInterface: received Netlink message len=440, type=RTM_NEWLINK, flags=0x0
Jun 29, 2026 09:28:49.016 [547915821280] DEBUG - NetworkInterface: Netlink information message family=7, type=1, index=1179, flags=0x1002, change=0x0
Jun 29, 2026 09:28:49.016 [547915821280] DEBUG - Network change.
Jun 29, 2026 09:28:49.016 [547915821280] DEBUG - NetworkInterface: Notified of network changed (force=0)
Jun 29, 2026 09:28:49.016 [547915821280] DEBUG - Network change notification but nothing changed.
Jun 29, 2026 09:28:49.016 [547915821280] DEBUG - NetworkInterface: received Netlink message len=688, type=RTM_DELLINK, flags=0x0
Jun 29, 2026 09:28:49.016 [547915821280] DEBUG - NetworkInterface: Netlink information message family=0, type=1, index=1178, flags=0x1002, change=0xffffffff
Jun 29, 2026 09:28:49.016 [547915821280] DEBUG - NetworkInterface: received Netlink message len=440, type=RTM_NEWLINK, flags=0x0
Jun 29, 2026 09:28:49.016 [547915821280] DEBUG - NetworkInterface: Netlink information message family=7, type=1, index=1179, flags=0x1002, change=0x0
Jun 29, 2026 09:28:49.016 [547915821280] DEBUG - Network change.
Jun 29, 2026 09:28:49.016 [547915821280] DEBUG - NetworkInterface: Notified of network changed (force=0)
Jun 29, 2026 09:28:49.017 [547915821280] DEBUG - Network change notification but nothing changed.
Jun 29, 2026 09:28:49.018 [547915821280] DEBUG - NetworkInterface: received Netlink message len=104, type=RTM_DELLINK, flags=0x0
Jun 29, 2026 09:28:49.018 [547915821280] DEBUG - NetworkInterface: Netlink information message family=7, type=1, index=1179, flags=0x1002, change=0x0
Jun 29, 2026 09:28:49.018 [547915821280] DEBUG - NetworkInterface: received Netlink message len=688, type=RTM_DELLINK, flags=0x0
Jun 29, 2026 09:28:49.018 [547915821280] DEBUG - NetworkInterface: Netlink information message family=0, type=1, index=1179, flags=0x1002, change=0xffffffff
Jun 29, 2026 09:28:49.563 [547913711840] DEBUG - [NSB/SSDP] Parsing SSDP schema for http://192.168.1.1:49152/wps_device.xml
Jun 29, 2026 09:29:01.530 [547915821280] DEBUG - NetworkInterface: received Netlink message len=1500, type=RTM_NEWLINK, flags=0x0
Jun 29, 2026 09:29:01.530 [547915821280] DEBUG - NetworkInterface: Netlink information message family=0, type=1, index=1180, flags=0x1002, change=0xffffffff
Jun 29, 2026 09:29:01.530 [547915821280] DEBUG - Network change.
Jun 29, 2026 09:29:01.530 [547915821280] DEBUG - NetworkInterface: Notified of network changed (force=0)
Jun 29, 2026 09:29:01.538 [547915821280] DEBUG - Network change notification but nothing changed.
Jun 29, 2026 09:29:01.541 [547915821280] DEBUG - NetworkInterface: received Netlink message len=1500, type=RTM_NEWLINK, flags=0x0
Jun 29, 2026 09:29:01.541 [547915821280] DEBUG - NetworkInterface: Netlink information message family=0, type=1, index=1181, flags=0x1002, change=0xffffffff
Jun 29, 2026 09:29:01.541 [547915821280] DEBUG - Network change.
Jun 29, 2026 09:29:01.541 [547915821280] DEBUG - NetworkInterface: Notified of network changed (force=0)
Jun 29, 2026 09:29:01.542 [547915821280] DEBUG - Network change notification but nothing changed.
Jun 29, 2026 09:29:01.542 [547915821280] DEBUG - NetworkInterface: received Netlink message len=1856, type=RTM_NEWLINK, flags=0x0
Jun 29, 2026 09:29:01.542 [547915821280] DEBUG - NetworkInterface: Netlink information message family=0, type=1, index=1181, flags=0x1002, change=0x0
Jun 29, 2026 09:29:01.542 [547915821280] DEBUG - Network change.
Jun 29, 2026 09:29:01.542 [547915821280] DEBUG - NetworkInterface: Notified of network changed (force=0)
Jun 29, 2026 09:29:01.548 [547915821280] DEBUG - Network change notification but nothing changed.
Jun 29, 2026 09:29:01.552 [547915821280] DEBUG - NetworkInterface: received Netlink message len=1856, type=RTM_NEWLINK, flags=0x0
Jun 29, 2026 09:29:01.552 [547915821280] DEBUG - NetworkInterface: Netlink information message family=0, type=1, index=1181, flags=0x1002, change=0x100
Jun 29, 2026 09:29:01.553 [547915821280] DEBUG - Network change.
Jun 29, 2026 09:29:01.553 [547915821280] DEBUG - NetworkInterface: Notified of network changed (force=0)
Jun 29, 2026 09:29:01.554 [547915821280] DEBUG - Network change notification but nothing changed.
Jun 29, 2026 09:29:01.554 [547915821280] DEBUG - NetworkInterface: received Netlink message len=440, type=RTM_NEWLINK, flags=0x0
Jun 29, 2026 09:29:01.554 [547915821280] DEBUG - NetworkInterface: Netlink information message family=7, type=1, index=1181, flags=0x1002, change=0x0
Jun 29, 2026 09:29:01.554 [547915821280] DEBUG - Network change.
Jun 29, 2026 09:29:01.554 [547915821280] DEBUG - NetworkInterface: Notified of network changed (force=0)
Jun 29, 2026 09:29:01.569 [547915821280] DEBUG - Network change notification but nothing changed.
Jun 29, 2026 09:29:01.569 [547915821280] DEBUG - NetworkInterface: received Netlink message len=1856, type=RTM_NEWLINK, flags=0x0
Jun 29, 2026 09:29:01.569 [547915821280] DEBUG - NetworkInterface: Netlink information message family=0, type=1, index=1181, flags=0x1003, change=0x1
Jun 29, 2026 09:29:01.569 [547915821280] DEBUG - Network change.
Jun 29, 2026 09:29:01.569 [547915821280] DEBUG - NetworkInterface: Notified of network changed (force=0)
Jun 29, 2026 09:29:01.582 [547915821280] DEBUG - Network change notification but nothing changed.
Jun 29, 2026 09:29:01.582 [547915821280] DEBUG - NetworkInterface: received Netlink message len=440, type=RTM_NEWLINK, flags=0x0
Jun 29, 2026 09:29:01.582 [547915821280] DEBUG - NetworkInterface: Netlink information message family=7, type=1, index=1181, flags=0x1003, change=0x0
Jun 29, 2026 09:29:01.582 [547915821280] DEBUG - Network change.
Jun 29, 2026 09:29:01.582 [547915821280] DEBUG - NetworkInterface: Notified of network changed (force=0)
Jun 29, 2026 09:29:01.587 [547915821280] DEBUG - Network change notification but nothing changed.
Jun 29, 2026 09:29:01.612 [547915821280] DEBUG - NetworkInterface: received Netlink message len=1500, type=RTM_NEWLINK, flags=0x0
Jun 29, 2026 09:29:01.612 [547915821280] DEBUG - NetworkInterface: Netlink information message family=0, type=1, index=1180, flags=0x11003, change=0x1
Jun 29, 2026 09:29:01.612 [547915821280] DEBUG - Network change.
Jun 29, 2026 09:29:01.612 [547915821280] DEBUG - NetworkInterface: Notified of network changed (force=0)
Jun 29, 2026 09:29:01.619 [547915821280] DEBUG - Network change notification but nothing changed.
Jun 29, 2026 09:29:01.619 [547915821280] DEBUG - NetworkInterface: received Netlink message len=1500, type=RTM_NEWLINK, flags=0x0
Jun 29, 2026 09:29:01.619 [547915821280] DEBUG - NetworkInterface: Netlink information message family=0, type=1, index=1180, flags=0x11043, change=0x0
Jun 29, 2026 09:29:01.619 [547915821280] DEBUG - Network change.
Jun 29, 2026 09:29:01.619 [547915821280] DEBUG - NetworkInterface: Notified of network changed (force=0)
Jun 29, 2026 09:29:01.620 [547915821280] DEBUG - Network change notification but nothing changed.
Jun 29, 2026 09:29:01.620 [547915821280] DEBUG - NetworkInterface: received Netlink message len=440, type=RTM_NEWLINK, flags=0x0
Jun 29, 2026 09:29:01.620 [547915821280] DEBUG - NetworkInterface: Netlink information message family=7, type=1, index=1181, flags=0x11043, change=0x0
Jun 29, 2026 09:29:01.620 [547915821280] DEBUG - Network change.
Jun 29, 2026 09:29:01.620 [547915821280] DEBUG - NetworkInterface: Notified of network changed (force=0)
Jun 29, 2026 09:29:01.632 [547915821280] DEBUG - Network change notification but nothing changed.
Jun 29, 2026 09:29:01.632 [547915821280] DEBUG - NetworkInterface: received Netlink message len=440, type=RTM_NEWLINK, flags=0x0
Jun 29, 2026 09:29:01.632 [547915821280] DEBUG - NetworkInterface: Netlink information message family=7, type=1, index=1181, flags=0x11043, change=0x0
Jun 29, 2026 09:29:01.632 [547915821280] DEBUG - Network change.
Jun 29, 2026 09:29:01.632 [547915821280] DEBUG - NetworkInterface: Notified of network changed (force=0)
Jun 29, 2026 09:29:01.651 [547915821280] DEBUG - Network change notification but nothing changed.
Jun 29, 2026 09:29:01.651 [547915821280] DEBUG - NetworkInterface: received Netlink message len=1856, type=RTM_NEWLINK, flags=0x0
Jun 29, 2026 09:29:01.651 [547915821280] DEBUG - NetworkInterface: Netlink information message family=0, type=1, index=1181, flags=0x11043, change=0x0
Jun 29, 2026 09:29:01.651 [547915821280] DEBUG - Network change.
Jun 29, 2026 09:29:01.651 [547915821280] DEBUG - NetworkInterface: Notified of network changed (force=0)
Jun 29, 2026 09:29:01.652 [547915821280] DEBUG - Network change notification but nothing changed.
Jun 29, 2026 09:29:02.695 [547915821280] DEBUG - NetworkInterface: received Netlink message len=1500, type=RTM_NEWLINK, flags=0x0
Jun 29, 2026 09:29:02.695 [547915821280] DEBUG - NetworkInterface: Netlink information message family=0, type=1, index=1180, flags=0x1002, change=0x41
Jun 29, 2026 09:29:02.695 [547915821280] DEBUG - Network change.
Jun 29, 2026 09:29:02.695 [547915821280] DEBUG - NetworkInterface: Notified of network changed (force=0)
Jun 29, 2026 09:29:02.730 [547915821280] DEBUG - Network change notification but nothing changed.
Jun 29, 2026 09:29:02.730 [547915821280] DEBUG - NetworkInterface: received Netlink message len=704, type=RTM_DELLINK, flags=0x0
Jun 29, 2026 09:29:02.730 [547915821280] DEBUG - NetworkInterface: Netlink information message family=0, type=1, index=1180, flags=0x1002, change=0xffffffff
Jun 29, 2026 09:29:02.731 [547915821280] DEBUG - NetworkInterface: received Netlink message len=440, type=RTM_NEWLINK, flags=0x0
Jun 29, 2026 09:29:02.731 [547915821280] DEBUG - NetworkInterface: Netlink information message family=7, type=1, index=1181, flags=0x1003, change=0x0
Jun 29, 2026 09:29:02.731 [547915821280] DEBUG - Network change.
Jun 29, 2026 09:29:02.731 [547915821280] DEBUG - NetworkInterface: Notified of network changed (force=0)
Jun 29, 2026 09:29:02.732 [547915821280] DEBUG - Network change notification but nothing changed.
Jun 29, 2026 09:29:02.732 [547915821280] DEBUG - NetworkInterface: received Netlink message len=1864, type=RTM_NEWLINK, flags=0x0
Jun 29, 2026 09:29:02.732 [547915821280] DEBUG - NetworkInterface: Netlink information message family=0, type=1, index=1181, flags=0x1003, change=0x0
Jun 29, 2026 09:29:02.732 [547915821280] DEBUG - Network change.
Jun 29, 2026 09:29:02.732 [547915821280] DEBUG - NetworkInterface: Notified of network changed (force=0)
Jun 29, 2026 09:29:02.733 [547915821280] DEBUG - Network change notification but nothing changed.
Jun 29, 2026 09:29:02.735 [547915821280] DEBUG - NetworkInterface: received Netlink message len=440, type=RTM_NEWLINK, flags=0x0
Jun 29, 2026 09:29:02.735 [547915821280] DEBUG - NetworkInterface: Netlink information message family=7, type=1, index=1181, flags=0x11043, change=0x0
Jun 29, 2026 09:29:02.735 [547915821280] DEBUG - Network change.
Jun 29, 2026 09:29:02.735 [547915821280] DEBUG - NetworkInterface: Notified of network changed (force=0)
Jun 29, 2026 09:29:02.736 [547915821280] DEBUG - Network change notification but nothing changed.
Jun 29, 2026 09:29:02.736 [547915821280] DEBUG - NetworkInterface: received Netlink message len=440, type=RTM_NEWLINK, flags=0x0
Jun 29, 2026 09:29:02.736 [547915821280] DEBUG - NetworkInterface: Netlink information message family=7, type=1, index=1181, flags=0x11043, change=0x0
Jun 29, 2026 09:29:02.736 [547915821280] DEBUG - Network change.
Jun 29, 2026 09:29:02.736 [547915821280] DEBUG - NetworkInterface: Notified of network changed (force=0)
Jun 29, 2026 09:29:02.737 [547915821280] DEBUG - Network change notification but nothing changed.
Jun 29, 2026 09:29:02.737 [547915821280] DEBUG - NetworkInterface: received Netlink message len=1864, type=RTM_NEWLINK, flags=0x0
Jun 29, 2026 09:29:02.737 [547915821280] DEBUG - NetworkInterface: Netlink information message family=0, type=1, index=1181, flags=0x11043, change=0x0
Jun 29, 2026 09:29:02.737 [547915821280] DEBUG - Network change.
Jun 29, 2026 09:29:02.737 [547915821280] DEBUG - NetworkInterface: Notified of network changed (force=0)
Jun 29, 2026 09:29:02.737 [547915821280] DEBUG - Network change notification but nothing changed.
Jun 29, 2026 09:29:04.577 [547941388512] DEBUG - [HttpClient/HCl#34] HTTP simulating 408 after curl timeout
Jun 29, 2026 09:29:05.098 [547915821280] DEBUG - NetworkInterface: received Netlink message len=440, type=RTM_NEWLINK, flags=0x0
Jun 29, 2026 09:29:05.098 [547915821280] DEBUG - NetworkInterface: Netlink information message family=7, type=1, index=1181, flags=0x1003, change=0x0
Jun 29, 2026 09:29:05.098 [547915821280] DEBUG - Network change.
Jun 29, 2026 09:29:05.098 [547915821280] DEBUG - NetworkInterface: Notified of network changed (force=0)
Jun 29, 2026 09:29:05.099 [547915821280] DEBUG - Network change notification but nothing changed.
Jun 29, 2026 09:29:05.099 [547915821280] DEBUG - NetworkInterface: received Netlink message len=1864, type=RTM_NEWLINK, flags=0x0
Jun 29, 2026 09:29:05.099 [547915821280] DEBUG - NetworkInterface: Netlink information message family=0, type=1, index=1181, flags=0x1003, change=0x0
Jun 29, 2026 09:29:05.099 [547915821280] DEBUG - Network change.
Jun 29, 2026 09:29:05.099 [547915821280] DEBUG - NetworkInterface: Notified of network changed (force=0)
Jun 29, 2026 09:29:05.133 [547915821280] DEBUG - Network change notification but nothing changed.
Jun 29, 2026 09:29:05.133 [547915821280] DEBUG - NetworkInterface: received Netlink message len=1500, type=RTM_NEWLINK, flags=0x0
Jun 29, 2026 09:29:05.133 [547915821280] DEBUG - NetworkInterface: Netlink information message family=0, type=1, index=1180, flags=0x1002, change=0xffffffff
Jun 29, 2026 09:29:05.133 [547915821280] DEBUG - Network change.
Jun 29, 2026 09:29:05.133 [547915821280] DEBUG - NetworkInterface: Notified of network changed (force=0)
Jun 29, 2026 09:29:05.134 [547915821280] DEBUG - Network change notification but nothing changed.
Jun 29, 2026 09:29:05.155 [547915821280] DEBUG - NetworkInterface: received Netlink message len=1500, type=RTM_NEWLINK, flags=0x0
Jun 29, 2026 09:29:05.155 [547915821280] DEBUG - NetworkInterface: Netlink information message family=0, type=1, index=1180, flags=0x11003, change=0x1
Jun 29, 2026 09:29:05.155 [547915821280] DEBUG - Network change.
Jun 29, 2026 09:29:05.155 [547915821280] DEBUG - NetworkInterface: Notified of network changed (force=0)
Jun 29, 2026 09:29:05.156 [547915821280] DEBUG - Network change notification but nothing changed.
Jun 29, 2026 09:29:05.156 [547915821280] DEBUG - NetworkInterface: received Netlink message len=1500, type=RTM_NEWLINK, flags=0x0
Jun 29, 2026 09:29:05.156 [547915821280] DEBUG - NetworkInterface: Netlink information message family=0, type=1, index=1180, flags=0x11043, change=0x0
Jun 29, 2026 09:29:05.156 [547915821280] DEBUG - Network change.
Jun 29, 2026 09:29:05.156 [547915821280] DEBUG - NetworkInterface: Notified of network changed (force=0)
Jun 29, 2026 09:29:05.157 [547915821280] DEBUG - Network change notification but nothing changed.
Jun 29, 2026 09:29:05.157 [547915821280] DEBUG - NetworkInterface: received Netlink message len=440, type=RTM_NEWLINK, flags=0x0
Jun 29, 2026 09:29:05.157 [547915821280] DEBUG - NetworkInterface: Netlink information message family=7, type=1, index=1181, flags=0x11043, change=0x0
Jun 29, 2026 09:29:05.157 [547915821280] DEBUG - Network change.
Jun 29, 2026 09:29:05.157 [547915821280] DEBUG - NetworkInterface: Notified of network changed (force=0)
Jun 29, 2026 09:29:05.158 [547915821280] DEBUG - Network change notification but nothing changed.
Jun 29, 2026 09:29:05.158 [547915821280] DEBUG - NetworkInterface: received Netlink message len=440, type=RTM_NEWLINK, flags=0x0
Jun 29, 2026 09:29:05.158 [547915821280] DEBUG - NetworkInterface: Netlink information message family=7, type=1, index=1181, flags=0x11043, change=0x0
Jun 29, 2026 09:29:05.158 [547915821280] DEBUG - Network change.
Jun 29, 2026 09:29:05.158 [547915821280] DEBUG - NetworkInterface: Notified of network changed (force=0)
Jun 29, 2026 09:29:05.158 [547915821280] DEBUG - Network change notification but nothing changed.
Jun 29, 2026 09:29:05.158 [547915821280] DEBUG - NetworkInterface: received Netlink message len=1856, type=RTM_NEWLINK, flags=0x0
Jun 29, 2026 09:29:05.158 [547915821280] DEBUG - NetworkInterface: Netlink information message family=0, type=1, index=1181, flags=0x11043, change=0x0
Jun 29, 2026 09:29:05.158 [547915821280] DEBUG - Network change.
Jun 29, 2026 09:29:05.158 [547915821280] DEBUG - NetworkInterface: Notified of network changed (force=0)
Jun 29, 2026 09:29:05.159 [547915821280] DEBUG - Network change notification but nothing changed.
Jun 29, 2026 09:29:05.254 [547915821280] DEBUG - NetworkInterface: received Netlink message len=1500, type=RTM_NEWLINK, flags=0x0
Jun 29, 2026 09:29:05.254 [547915821280] DEBUG - NetworkInterface: Netlink information message family=0, type=1, index=1180, flags=0x1002, change=0x41
Jun 29, 2026 09:29:05.254 [547915821280] DEBUG - Network change.
Jun 29, 2026 09:29:05.254 [547915821280] DEBUG - NetworkInterface: Notified of network changed (force=0)
Jun 29, 2026 09:29:05.261 [547915821280] DEBUG - Network change notification but nothing changed.
Jun 29, 2026 09:29:05.261 [547915821280] DEBUG - NetworkInterface: received Netlink message len=1856, type=RTM_NEWLINK, flags=0x0
Jun 29, 2026 09:29:05.261 [547915821280] DEBUG - NetworkInterface: Netlink information message family=0, type=1, index=1181, flags=0x1002, change=0x41
Jun 29, 2026 09:29:05.261 [547915821280] DEBUG - Network change.
Jun 29, 2026 09:29:05.261 [547915821280] DEBUG - NetworkInterface: Notified of network changed (force=0)
Jun 29, 2026 09:29:05.262 [547915821280] DEBUG - Network change notification but nothing changed.
Jun 29, 2026 09:29:05.262 [547915821280] DEBUG - NetworkInterface: received Netlink message len=440, type=RTM_NEWLINK, flags=0x0
Jun 29, 2026 09:29:05.262 [547915821280] DEBUG - NetworkInterface: Netlink information message family=7, type=1, index=1181, flags=0x1002, change=0x0
Jun 29, 2026 09:29:05.262 [547915821280] DEBUG - Network change.
Jun 29, 2026 09:29:05.262 [547915821280] DEBUG - NetworkInterface: Notified of network changed (force=0)
Jun 29, 2026 09:29:05.263 [547915821280] DEBUG - Network change notification but nothing changed.
Jun 29, 2026 09:29:05.263 [547915821280] DEBUG - NetworkInterface: received Netlink message len=688, type=RTM_DELLINK, flags=0x0
Jun 29, 2026 09:29:05.263 [547915821280] DEBUG - NetworkInterface: Netlink information message family=0, type=1, index=1180, flags=0x1002, change=0xffffffff
Jun 29, 2026 09:29:05.263 [547915821280] DEBUG - NetworkInterface: received Netlink message len=440, type=RTM_NEWLINK, flags=0x0
Jun 29, 2026 09:29:05.263 [547915821280] DEBUG - NetworkInterface: Netlink information message family=7, type=1, index=1181, flags=0x1002, change=0x0
Jun 29, 2026 09:29:05.263 [547915821280] DEBUG - Network change.
Jun 29, 2026 09:29:05.263 [547915821280] DEBUG - NetworkInterface: Notified of network changed (force=0)
Jun 29, 2026 09:29:05.265 [547915821280] DEBUG - Network change notification but nothing changed.
Jun 29, 2026 09:29:05.265 [547915821280] DEBUG - NetworkInterface: received Netlink message len=104, type=RTM_DELLINK, flags=0x0
Jun 29, 2026 09:29:05.265 [547915821280] DEBUG - NetworkInterface: Netlink information message family=7, type=1, index=1181, flags=0x1002, change=0x0
Jun 29, 2026 09:29:05.265 [547915821280] DEBUG - NetworkInterface: received Netlink message len=688, type=RTM_DELLINK, flags=0x0
Jun 29, 2026 09:29:05.265 [547915821280] DEBUG - NetworkInterface: Netlink information message family=0, type=1, index=1181, flags=0x1002, change=0xffffffff
Jun 29, 2026 09:29:26.646 [547915821280] DEBUG - NetworkInterface: received Netlink message len=64, type=RTM_NEWLINK, flags=0x0
Jun 29, 2026 09:29:26.646 [547915821280] DEBUG - NetworkInterface: Netlink information message family=0, type=1, index=3, flags=0x11043, change=0x0
Jun 29, 2026 09:29:26.646 [547915821280] DEBUG - Network change.
Jun 29, 2026 09:29:26.646 [547915821280] DEBUG - NetworkInterface: Notified of network changed (force=0)
Jun 29, 2026 09:29:26.648 [547915821280] DEBUG - Network change notification but nothing changed.
Jun 29, 2026 09:29:30.532 [547915821280] DEBUG - NetworkInterface: received Netlink message len=1500, type=RTM_NEWLINK, flags=0x0
Jun 29, 2026 09:29:30.532 [547915821280] DEBUG - NetworkInterface: Netlink information message family=0, type=1, index=1182, flags=0x1002, change=0xffffffff
Jun 29, 2026 09:29:30.532 [547915821280] DEBUG - Network change.
Jun 29, 2026 09:29:30.532 [547915821280] DEBUG - NetworkInterface: Notified of network changed (force=0)
Jun 29, 2026 09:29:30.533 [547915821280] DEBUG - Network change notification but nothing changed.
Jun 29, 2026 09:29:30.534 [547915821280] DEBUG - NetworkInterface: received Netlink message len=1500, type=RTM_NEWLINK, flags=0x0
Jun 29, 2026 09:29:30.535 [547915821280] DEBUG - NetworkInterface: Netlink information message family=0, type=1, index=1183, flags=0x1002, change=0xffffffff
Jun 29, 2026 09:29:30.535 [547915821280] DEBUG - Network change.
Jun 29, 2026 09:29:30.535 [547915821280] DEBUG - NetworkInterface: Notified of network changed (force=0)
Jun 29, 2026 09:29:30.536 [547915821280] DEBUG - Network change notification but nothing changed.
Jun 29, 2026 09:29:30.536 [547915821280] DEBUG - NetworkInterface: received Netlink message len=1856, type=RTM_NEWLINK, flags=0x0
Jun 29, 2026 09:29:30.536 [547915821280] DEBUG - NetworkInterface: Netlink information message family=0, type=1, index=1183, flags=0x1002, change=0x0
Jun 29, 2026 09:29:30.536 [547915821280] DEBUG - Network change.
Jun 29, 2026 09:29:30.536 [547915821280] DEBUG - NetworkInterface: Notified of network changed (force=0)
Jun 29, 2026 09:29:30.538 [547915821280] DEBUG - Network change notification but nothing changed.
Jun 29, 2026 09:29:30.538 [547915821280] DEBUG - NetworkInterface: received Netlink message len=1856, type=RTM_NEWLINK, flags=0x0
Jun 29, 2026 09:29:30.538 [547915821280] DEBUG - NetworkInterface: Netlink information message family=0, type=1, index=1183, flags=0x1002, change=0x100
Jun 29, 2026 09:29:30.538 [547915821280] DEBUG - Network change.
Jun 29, 2026 09:29:30.538 [547915821280] DEBUG - NetworkInterface: Notified of network changed (force=0)
Jun 29, 2026 09:29:30.539 [547915821280] DEBUG - Network change notification but nothing changed.
Jun 29, 2026 09:29:30.539 [547915821280] DEBUG - NetworkInterface: received Netlink message len=440, type=RTM_NEWLINK, flags=0x0
Jun 29, 2026 09:29:30.539 [547915821280] DEBUG - NetworkInterface: Netlink information message family=7, type=1, index=1183, flags=0x1002, change=0x0
Jun 29, 2026 09:29:30.539 [547915821280] DEBUG - Network change.
Jun 29, 2026 09:29:30.539 [547915821280] DEBUG - NetworkInterface: Notified of network changed (force=0)
Jun 29, 2026 09:29:30.540 [547915821280] DEBUG - Network change notification but nothing changed.
Jun 29, 2026 09:29:30.540 [547915821280] DEBUG - NetworkInterface: received Netlink message len=1856, type=RTM_NEWLINK, flags=0x0
Jun 29, 2026 09:29:30.540 [547915821280] DEBUG - NetworkInterface: Netlink information message family=0, type=1, index=1183, flags=0x1003, change=0x1
Jun 29, 2026 09:29:30.540 [547915821280] DEBUG - Network change.
Jun 29, 2026 09:29:30.540 [547915821280] DEBUG - NetworkInterface: Notified of network changed (force=0)
Jun 29, 2026 09:29:30.541 [547915821280] DEBUG - Network change notification but nothing changed.
Jun 29, 2026 09:29:30.541 [547915821280] DEBUG - NetworkInterface: received Netlink message len=440, type=RTM_NEWLINK, flags=0x0
Jun 29, 2026 09:29:30.541 [547915821280] DEBUG - NetworkInterface: Netlink information message family=7, type=1, index=1183, flags=0x1003, change=0x0
Jun 29, 2026 09:29:30.541 [547915821280] DEBUG - Network change.
Jun 29, 2026 09:29:30.541 [547915821280] DEBUG - NetworkInterface: Notified of network changed (force=0)
Jun 29, 2026 09:29:30.541 [547915821280] DEBUG - Network change notification but nothing changed.
Jun 29, 2026 09:29:30.573 [547915821280] DEBUG - NetworkInterface: received Netlink message len=1500, type=RTM_NEWLINK, flags=0x0
Jun 29, 2026 09:29:30.573 [547915821280] DEBUG - NetworkInterface: Netlink information message family=0, type=1, index=1182, flags=0x11003, change=0x1
Jun 29, 2026 09:29:30.573 [547915821280] DEBUG - Network change.
Jun 29, 2026 09:29:30.573 [547915821280] DEBUG - NetworkInterface: Notified of network changed (force=0)
Jun 29, 2026 09:29:30.574 [547915821280] DEBUG - Network change notification but nothing changed.
Jun 29, 2026 09:29:30.574 [547915821280] DEBUG - NetworkInterface: received Netlink message len=1500, type=RTM_NEWLINK, flags=0x0
Jun 29, 2026 09:29:30.574 [547915821280] DEBUG - NetworkInterface: Netlink information message family=0, type=1, index=1182, flags=0x11043, change=0x0
Jun 29, 2026 09:29:30.574 [547915821280] DEBUG - Network change.
Jun 29, 2026 09:29:30.574 [547915821280] DEBUG - NetworkInterface: Notified of network changed (force=0)
Jun 29, 2026 09:29:30.574 [547915821280] DEBUG - Network change notification but nothing changed.
Jun 29, 2026 09:29:30.574 [547915821280] DEBUG - NetworkInterface: received Netlink message len=440, type=RTM_NEWLINK, flags=0x0
Jun 29, 2026 09:29:30.574 [547915821280] DEBUG - NetworkInterface: Netlink information message family=7, type=1, index=1183, flags=0x11043, change=0x0
Jun 29, 2026 09:29:30.574 [547915821280] DEBUG - Network change.
Jun 29, 2026 09:29:30.574 [547915821280] DEBUG - NetworkInterface: Notified of network changed (force=0)
Jun 29, 2026 09:29:30.575 [547915821280] DEBUG - Network change notification but nothing changed.
Jun 29, 2026 09:29:30.575 [547915821280] DEBUG - NetworkInterface: received Netlink message len=440, type=RTM_NEWLINK, flags=0x0
Jun 29, 2026 09:29:30.575 [547915821280] DEBUG - NetworkInterface: Netlink information message family=7, type=1, index=1183, flags=0x11043, change=0x0
Jun 29, 2026 09:29:30.575 [547915821280] DEBUG - Network change.
Jun 29, 2026 09:29:30.575 [547915821280] DEBUG - NetworkInterface: Notified of network changed (force=0)
Jun 29, 2026 09:29:30.576 [547915821280] DEBUG - Network change notification but nothing changed.
Jun 29, 2026 09:29:30.576 [547915821280] DEBUG - NetworkInterface: received Netlink message len=1856, type=RTM_NEWLINK, flags=0x0
Jun 29, 2026 09:29:30.576 [547915821280] DEBUG - NetworkInterface: Netlink information message family=0, type=1, index=1183, flags=0x11043, change=0x0
Jun 29, 2026 09:29:30.576 [547915821280] DEBUG - Network change.
Jun 29, 2026 09:29:30.576 [547915821280] DEBUG - NetworkInterface: Notified of network changed (force=0)
Jun 29, 2026 09:29:30.577 [547915821280] DEBUG - Network change notification but nothing changed.
Jun 29, 2026 09:29:31.700 [547915821280] DEBUG - NetworkInterface: received Netlink message len=1500, type=RTM_NEWLINK, flags=0x0
Jun 29, 2026 09:29:31.700 [547915821280] DEBUG - NetworkInterface: Netlink information message family=0, type=1, index=1182, flags=0x1002, change=0x41
Jun 29, 2026 09:29:31.700 [547915821280] DEBUG - Network change.
Jun 29, 2026 09:29:31.700 [547915821280] DEBUG - NetworkInterface: Notified of network changed (force=0)
Jun 29, 2026 09:29:31.726 [547915821280] DEBUG - Network change notification but nothing changed.
Jun 29, 2026 09:29:31.726 [547915821280] DEBUG - NetworkInterface: received Netlink message len=704, type=RTM_DELLINK, flags=0x0
Jun 29, 2026 09:29:31.726 [547915821280] DEBUG - NetworkInterface: Netlink information message family=0, type=1, index=1182, flags=0x1002, change=0xffffffff
Jun 29, 2026 09:29:31.726 [547915821280] DEBUG - NetworkInterface: received Netlink message len=440, type=RTM_NEWLINK, flags=0x0
Jun 29, 2026 09:29:31.726 [547915821280] DEBUG - NetworkInterface: Netlink information message family=7, type=1, index=1183, flags=0x1003, change=0x0
Jun 29, 2026 09:29:31.726 [547915821280] DEBUG - Network change.
Jun 29, 2026 09:29:31.726 [547915821280] DEBUG - NetworkInterface: Notified of network changed (force=0)
Jun 29, 2026 09:29:31.730 [547915821280] DEBUG - Network change notification but nothing changed.
Jun 29, 2026 09:29:31.730 [547915821280] DEBUG - NetworkInterface: received Netlink message len=1864, type=RTM_NEWLINK, flags=0x0
Jun 29, 2026 09:29:31.730 [547915821280] DEBUG - NetworkInterface: Netlink information message family=0, type=1, index=1183, flags=0x1003, change=0x0
Jun 29, 2026 09:29:31.730 [547915821280] DEBUG - Network change.
Jun 29, 2026 09:29:31.730 [547915821280] DEBUG - NetworkInterface: Notified of network changed (force=0)
Jun 29, 2026 09:29:31.731 [547915821280] DEBUG - Network change notification but nothing changed.
Jun 29, 2026 09:29:31.731 [547915821280] DEBUG - NetworkInterface: received Netlink message len=440, type=RTM_NEWLINK, flags=0x0
Jun 29, 2026 09:29:31.731 [547915821280] DEBUG - NetworkInterface: Netlink information message family=7, type=1, index=1183, flags=0x11043, change=0x0
Jun 29, 2026 09:29:31.731 [547915821280] DEBUG - Network change.
Jun 29, 2026 09:29:31.731 [547915821280] DEBUG - NetworkInterface: Notified of network changed (force=0)
Jun 29, 2026 09:29:31.732 [547915821280] DEBUG - Network change notification but nothing changed.
Jun 29, 2026 09:29:31.732 [547915821280] DEBUG - NetworkInterface: received Netlink message len=440, type=RTM_NEWLINK, flags=0x0
Jun 29, 2026 09:29:31.732 [547915821280] DEBUG - NetworkInterface: Netlink information message family=7, type=1, index=1183, flags=0x11043, change=0x0
Jun 29, 2026 09:29:31.732 [547915821280] DEBUG - Network change.
Jun 29, 2026 09:29:31.732 [547915821280] DEBUG - NetworkInterface: Notified of network changed (force=0)
Jun 29, 2026 09:29:31.732 [547915821280] DEBUG - Network change notification but nothing changed.
Jun 29, 2026 09:29:31.732 [547915821280] DEBUG - NetworkInterface: received Netlink message len=1864, type=RTM_NEWLINK, flags=0x0
Jun 29, 2026 09:29:31.732 [547915821280] DEBUG - NetworkInterface: Netlink information message family=0, type=1, index=1183, flags=0x11043, change=0x0
Jun 29, 2026 09:29:31.732 [547915821280] DEBUG - Network change.
Jun 29, 2026 09:29:31.732 [547915821280] DEBUG - NetworkInterface: Notified of network changed (force=0)
Jun 29, 2026 09:29:31.733 [547915821280] DEBUG - Network change notification but nothing changed.
Jun 29, 2026 09:29:34.144 [547915821280] DEBUG - NetworkInterface: received Netlink message len=440, type=RTM_NEWLINK, flags=0x0
Jun 29, 2026 09:29:34.144 [547915821280] DEBUG - NetworkInterface: Netlink information message family=7, type=1, index=1183, flags=0x1003, change=0x0
Jun 29, 2026 09:29:34.144 [547915821280] DEBUG - Network change.
Jun 29, 2026 09:29:34.144 [547915821280] DEBUG - NetworkInterface: Notified of network changed (force=0)
Jun 29, 2026 09:29:34.182 [547915821280] DEBUG - Network change notification but nothing changed.
Jun 29, 2026 09:29:34.184 [547915821280] DEBUG - NetworkInterface: received Netlink message len=1864, type=RTM_NEWLINK, flags=0x0
Jun 29, 2026 09:29:34.184 [547915821280] DEBUG - NetworkInterface: Netlink information message family=0, type=1, index=1183, flags=0x1003, change=0x0
Jun 29, 2026 09:29:34.184 [547915821280] DEBUG - Network change.
Jun 29, 2026 09:29:34.184 [547915821280] DEBUG - NetworkInterface: Notified of network changed (force=0)
Jun 29, 2026 09:29:34.185 [547915821280] DEBUG - Network change notification but nothing changed.
Jun 29, 2026 09:29:34.185 [547915821280] DEBUG - NetworkInterface: received Netlink message len=1500, type=RTM_NEWLINK, flags=0x0
Jun 29, 2026 09:29:34.185 [547915821280] DEBUG - NetworkInterface: Netlink information message family=0, type=1, index=1182, flags=0x1002, change=0xffffffff
Jun 29, 2026 09:29:34.185 [547915821280] DEBUG - Network change.
Jun 29, 2026 09:29:34.185 [547915821280] DEBUG - NetworkInterface: Notified of network changed (force=0)
Jun 29, 2026 09:29:34.186 [547915821280] DEBUG - Network change notification but nothing changed.
Jun 29, 2026 09:29:34.206 [547915821280] DEBUG - NetworkInterface: received Netlink message len=1500, type=RTM_NEWLINK, flags=0x0
Jun 29, 2026 09:29:34.206 [547915821280] DEBUG - NetworkInterface: Netlink information message family=0, type=1, index=1182, flags=0x11003, change=0x1
Jun 29, 2026 09:29:34.206 [547915821280] DEBUG - Network change.
Jun 29, 2026 09:29:34.206 [547915821280] DEBUG - NetworkInterface: Notified of network changed (force=0)
Jun 29, 2026 09:29:34.207 [547915821280] DEBUG - Network change notification but nothing changed.
Jun 29, 2026 09:29:34.207 [547915821280] DEBUG - NetworkInterface: received Netlink message len=1500, type=RTM_NEWLINK, flags=0x0
Jun 29, 2026 09:29:34.207 [547915821280] DEBUG - NetworkInterface: Netlink information message family=0, type=1, index=1182, flags=0x11043, change=0x0
Jun 29, 2026 09:29:34.207 [547915821280] DEBUG - Network change.
Jun 29, 2026 09:29:34.207 [547915821280] DEBUG - NetworkInterface: Notified of network changed (force=0)
Jun 29, 2026 09:29:34.208 [547915821280] DEBUG - Network change notification but nothing changed.
Jun 29, 2026 09:29:34.208 [547915821280] DEBUG - NetworkInterface: received Netlink message len=440, type=RTM_NEWLINK, flags=0x0
Jun 29, 2026 09:29:34.208 [547915821280] DEBUG - NetworkInterface: Netlink information message family=7, type=1, index=1183, flags=0x11043, change=0x0
Jun 29, 2026 09:29:34.208 [547915821280] DEBUG - Network change.
Jun 29, 2026 09:29:34.208 [547915821280] DEBUG - NetworkInterface: Notified of network changed (force=0)
Jun 29, 2026 09:29:34.208 [547915821280] DEBUG - Network change notification but nothing changed.
Jun 29, 2026 09:29:34.208 [547915821280] DEBUG - NetworkInterface: received Netlink message len=440, type=RTM_NEWLINK, flags=0x0
Jun 29, 2026 09:29:34.208 [547915821280] DEBUG - NetworkInterface: Netlink information message family=7, type=1, index=1183, flags=0x11043, change=0x0
Jun 29, 2026 09:29:34.208 [547915821280] DEBUG - Network change.
Jun 29, 2026 09:29:34.208 [547915821280] DEBUG - NetworkInterface: Notified of network changed (force=0)
Jun 29, 2026 09:29:34.209 [547915821280] DEBUG - Network change notification but nothing changed.
Jun 29, 2026 09:29:34.209 [547915821280] DEBUG - NetworkInterface: received Netlink message len=1856, type=RTM_NEWLINK, flags=0x0
Jun 29, 2026 09:29:34.209 [547915821280] DEBUG - NetworkInterface: Netlink information message family=0, type=1, index=1183, flags=0x11043, change=0x0
Jun 29, 2026 09:29:34.209 [547915821280] DEBUG - Network change.
Jun 29, 2026 09:29:34.209 [547915821280] DEBUG - NetworkInterface: Notified of network changed (force=0)
Jun 29, 2026 09:29:34.210 [547915821280] DEBUG - Network change notification but nothing changed.
Jun 29, 2026 09:29:34.266 [547915821280] DEBUG - NetworkInterface: received Netlink message len=1500, type=RTM_NEWLINK, flags=0x0
Jun 29, 2026 09:29:34.266 [547915821280] DEBUG - NetworkInterface: Netlink information message family=0, type=1, index=1182, flags=0x1002, change=0x41
Jun 29, 2026 09:29:34.266 [547915821280] DEBUG - Network change.
Jun 29, 2026 09:29:34.266 [547915821280] DEBUG - NetworkInterface: Notified of network changed (force=0)
Jun 29, 2026 09:29:34.274 [547915821280] DEBUG - Network change notification but nothing changed.
Jun 29, 2026 09:29:34.274 [547915821280] DEBUG - NetworkInterface: received Netlink message len=1856, type=RTM_NEWLINK, flags=0x0
Jun 29, 2026 09:29:34.274 [547915821280] DEBUG - NetworkInterface: Netlink information message family=0, type=1, index=1183, flags=0x1002, change=0x41
Jun 29, 2026 09:29:34.274 [547915821280] DEBUG - Network change.
Jun 29, 2026 09:29:34.274 [547915821280] DEBUG - NetworkInterface: Notified of network changed (force=0)
Jun 29, 2026 09:29:34.275 [547915821280] DEBUG - Network change notification but nothing changed.
Jun 29, 2026 09:29:34.275 [547915821280] DEBUG - NetworkInterface: received Netlink message len=440, type=RTM_NEWLINK, flags=0x0
Jun 29, 2026 09:29:34.275 [547915821280] DEBUG - NetworkInterface: Netlink information message family=7, type=1, index=1183, flags=0x1002, change=0x0
Jun 29, 2026 09:29:34.275 [547915821280] DEBUG - Network change.
Jun 29, 2026 09:29:34.275 [547915821280] DEBUG - NetworkInterface: Notified of network changed (force=0)
Jun 29, 2026 09:29:34.276 [547915821280] DEBUG - Network change notification but nothing changed.
Jun 29, 2026 09:29:34.276 [547915821280] DEBUG - NetworkInterface: received Netlink message len=688, type=RTM_DELLINK, flags=0x0
Jun 29, 2026 09:29:34.276 [547915821280] DEBUG - NetworkInterface: Netlink information message family=0, type=1, index=1182, flags=0x1002, change=0xffffffff
Jun 29, 2026 09:29:34.276 [547915821280] DEBUG - NetworkInterface: received Netlink message len=440, type=RTM_NEWLINK, flags=0x0
Jun 29, 2026 09:29:34.276 [547915821280] DEBUG - NetworkInterface: Netlink information message family=7, type=1, index=1183, flags=0x1002, change=0x0
Jun 29, 2026 09:29:34.276 [547915821280] DEBUG - Network change.
Jun 29, 2026 09:29:34.276 [547915821280] DEBUG - NetworkInterface: Notified of network changed (force=0)
Jun 29, 2026 09:29:34.276 [547915821280] DEBUG - Network change notification but nothing changed.
Jun 29, 2026 09:29:34.276 [547915821280] DEBUG - NetworkInterface: received Netlink message len=104, type=RTM_DELLINK, flags=0x0
Jun 29, 2026 09:29:34.276 [547915821280] DEBUG - NetworkInterface: Netlink information message family=7, type=1, index=1183, flags=0x1002, change=0x0
Jun 29, 2026 09:29:34.276 [547915821280] DEBUG - NetworkInterface: received Netlink message len=688, type=RTM_DELLINK, flags=0x0
Jun 29, 2026 09:29:34.276 [547915821280] DEBUG - NetworkInterface: Netlink information message family=0, type=1, index=1183, flags=0x1002, change=0xffffffff
Jun 29, 2026 09:29:48.573 [547913711840] DEBUG - [NSB/SSDP] Parsing SSDP schema for http://192.168.1.1:49152/wps_device.xml
Jun 29, 2026 09:30:03.590 [547941388512] DEBUG - [HttpClient/HCl#35] HTTP simulating 408 after curl timeout
Jun 29, 2026 09:30:11.583 [547928477920] DEBUG - BPQ: [Starting] -> [Processing]
Jun 29, 2026 09:30:11.586 [547928477920] DEBUG - BPQ: generating queue items from 0 generator(s)
Jun 29, 2026 09:30:11.586 [547928477920] DEBUG - BPQ: generated 0 item(s) for queue
Jun 29, 2026 09:30:11.586 [547928477920] DEBUG - BPQ: [Processing] -> [Idle]
Jun 29, 2026 09:30:17.467 [547926368480] DEBUG - Request: [127.0.0.1:51998 (Loopback)] GET /servers (2 live) #32 GZIP Signed-in Token (narcsm)
Jun 29, 2026 09:30:17.469 [547950997728] DEBUG - Completed: [127.0.0.1:51998] 200 GET /servers (2 live) #32 GZIP 1ms 490 bytes
Jun 29, 2026 09:30:17.481 [547926368480] DEBUG - Request: [127.0.0.1:52006 (Loopback)] GET / (2 live) #35 GZIP Signed-in Token (narcsm)
Jun 29, 2026 09:30:17.486 [547953107168] DEBUG - Completed: [127.0.0.1:52006] 200 GET / (2 live) #35 GZIP 5ms 4113 bytes
Jun 29, 2026 09:30:17.499 [547926368480] DEBUG - Request: [127.0.0.1:52022 (Loopback)] GET /library/sections (2 live) #37 GZIP Signed-in Token (narcsm)
Jun 29, 2026 09:30:17.509 [547953107168] DEBUG - Completed: [127.0.0.1:52022] 200 GET /library/sections (2 live) #37 GZIP 9ms 811 bytes
Jun 29, 2026 09:30:17.518 [547926368480] DEBUG - Request: [127.0.0.1:52034 (Loopback)] GET /channels/all (2 live) #39 GZIP Signed-in Token (narcsm)
Jun 29, 2026 09:30:17.520 [547953107168] DEBUG - Completed: [127.0.0.1:52034] 200 GET /channels/all (2 live) #39 GZIP 1ms 387 bytes
Jun 29, 2026 09:30:17.535 [547926368480] DEBUG - Request: [127.0.0.1:52050 (Loopback)] GET /library/sections (2 live) #3b GZIP Signed-in Token (narcsm)
Jun 29, 2026 09:30:17.536 [547950997728] DEBUG - Completed: [127.0.0.1:52050] 200 GET /library/sections (2 live) #3b GZIP 1ms 811 bytes
Jun 29, 2026 09:30:17.541 [547926368480] DEBUG - Request: [127.0.0.1:52052 (Loopback)] GET /channels/all (2 live) #3d GZIP Signed-in Token (narcsm)
Jun 29, 2026 09:30:17.542 [547950997728] DEBUG - Completed: [127.0.0.1:52052] 200 GET /channels/all (2 live) #3d GZIP 0ms 387 bytes
Jun 29, 2026 09:30:25.143 [547915821280] DEBUG - NetworkInterface: received Netlink message len=1500, type=RTM_NEWLINK, flags=0x0
Jun 29, 2026 09:30:25.143 [547915821280] DEBUG - NetworkInterface: Netlink information message family=0, type=1, index=1184, flags=0x1002, change=0xffffffff
Jun 29, 2026 09:30:25.143 [547915821280] DEBUG - Network change.
Jun 29, 2026 09:30:25.143 [547915821280] DEBUG - NetworkInterface: Notified of network changed (force=0)
Jun 29, 2026 09:30:25.155 [547915821280] DEBUG - Network change notification but nothing changed.
Jun 29, 2026 09:30:25.155 [547915821280] DEBUG - NetworkInterface: received Netlink message len=1500, type=RTM_NEWLINK, flags=0x0
Jun 29, 2026 09:30:25.155 [547915821280] DEBUG - NetworkInterface: Netlink information message family=0, type=1, index=1185, flags=0x1002, change=0xffffffff
Jun 29, 2026 09:30:25.155 [547915821280] DEBUG - Network change.
Jun 29, 2026 09:30:25.155 [547915821280] DEBUG - NetworkInterface: Notified of network changed (force=0)
Jun 29, 2026 09:30:25.160 [547915821280] DEBUG - Network change notification but nothing changed.
Jun 29, 2026 09:30:25.160 [547915821280] DEBUG - NetworkInterface: received Netlink message len=1856, type=RTM_NEWLINK, flags=0x0
Jun 29, 2026 09:30:25.160 [547915821280] DEBUG - NetworkInterface: Netlink information message family=0, type=1, index=1185, flags=0x1002, change=0x0
Jun 29, 2026 09:30:25.160 [547915821280] DEBUG - Network change.
Jun 29, 2026 09:30:25.160 [547915821280] DEBUG - NetworkInterface: Notified of network changed (force=0)
Jun 29, 2026 09:30:25.162 [547915821280] DEBUG - Network change notification but nothing changed.
Jun 29, 2026 09:30:25.162 [547915821280] DEBUG - NetworkInterface: received Netlink message len=1856, type=RTM_NEWLINK, flags=0x0
Jun 29, 2026 09:30:25.163 [547915821280] DEBUG - NetworkInterface: Netlink information message family=0, type=1, index=1185, flags=0x1002, change=0x100
Jun 29, 2026 09:30:25.163 [547915821280] DEBUG - Network change.
Jun 29, 2026 09:30:25.163 [547915821280] DEBUG - NetworkInterface: Notified of network changed (force=0)
Jun 29, 2026 09:30:25.165 [547915821280] DEBUG - Network change notification but nothing changed.
Jun 29, 2026 09:30:25.165 [547915821280] DEBUG - NetworkInterface: received Netlink message len=440, type=RTM_NEWLINK, flags=0x0
Jun 29, 2026 09:30:25.165 [547915821280] DEBUG - NetworkInterface: Netlink information message family=7, type=1, index=1185, flags=0x1002, change=0x0
Jun 29, 2026 09:30:25.165 [547915821280] DEBUG - Network change.
Jun 29, 2026 09:30:25.165 [547915821280] DEBUG - NetworkInterface: Notified of network changed (force=0)
Jun 29, 2026 09:30:25.167 [547915821280] DEBUG - Network change notification but nothing changed.
Jun 29, 2026 09:30:25.167 [547915821280] DEBUG - NetworkInterface: received Netlink message len=1856, type=RTM_NEWLINK, flags=0x0
Jun 29, 2026 09:30:25.167 [547915821280] DEBUG - NetworkInterface: Netlink information message family=0, type=1, index=1185, flags=0x1003, change=0x1
Jun 29, 2026 09:30:25.167 [547915821280] DEBUG - Network change.
Jun 29, 2026 09:30:25.167 [547915821280] DEBUG - NetworkInterface: Notified of network changed (force=0)
Jun 29, 2026 09:30:25.168 [547915821280] DEBUG - Network change notification but nothing changed.
Jun 29, 2026 09:30:25.168 [547915821280] DEBUG - NetworkInterface: received Netlink message len=440, type=RTM_NEWLINK, flags=0x0
Jun 29, 2026 09:30:25.168 [547915821280] DEBUG - NetworkInterface: Netlink information message family=7, type=1, index=1185, flags=0x1003, change=0x0
Jun 29, 2026 09:30:25.168 [547915821280] DEBUG - Network change.
Jun 29, 2026 09:30:25.168 [547915821280] DEBUG - NetworkInterface: Notified of network changed (force=0)
Jun 29, 2026 09:30:25.170 [547915821280] DEBUG - Network change notification but nothing changed.
Jun 29, 2026 09:30:25.214 [547915821280] DEBUG - NetworkInterface: received Netlink message len=1500, type=RTM_NEWLINK, flags=0x0
Jun 29, 2026 09:30:25.214 [547915821280] DEBUG - NetworkInterface: Netlink information message family=0, type=1, index=1184, flags=0x11003, change=0x1
Jun 29, 2026 09:30:25.214 [547915821280] DEBUG - Network change.
Jun 29, 2026 09:30:25.214 [547915821280] DEBUG - NetworkInterface: Notified of network changed (force=0)
Jun 29, 2026 09:30:25.226 [547915821280] DEBUG - Network change notification but nothing changed.
Jun 29, 2026 09:30:25.226 [547915821280] DEBUG - NetworkInterface: received Netlink message len=1500, type=RTM_NEWLINK, flags=0x0
Jun 29, 2026 09:30:25.226 [547915821280] DEBUG - NetworkInterface: Netlink information message family=0, type=1, index=1184, flags=0x11043, change=0x0
Jun 29, 2026 09:30:25.226 [547915821280] DEBUG - Network change.
Jun 29, 2026 09:30:25.226 [547915821280] DEBUG - NetworkInterface: Notified of network changed (force=0)
Jun 29, 2026 09:30:25.229 [547915821280] DEBUG - Network change notification but nothing changed.
Jun 29, 2026 09:30:25.229 [547915821280] DEBUG - NetworkInterface: received Netlink message len=440, type=RTM_NEWLINK, flags=0x0
Jun 29, 2026 09:30:25.229 [547915821280] DEBUG - NetworkInterface: Netlink information message family=7, type=1, index=1185, flags=0x11043, change=0x0
Jun 29, 2026 09:30:25.229 [547915821280] DEBUG - Network change.
Jun 29, 2026 09:30:25.229 [547915821280] DEBUG - NetworkInterface: Notified of network changed (force=0)
Jun 29, 2026 09:30:25.231 [547915821280] DEBUG - Network change notification but nothing changed.
Jun 29, 2026 09:30:25.232 [547915821280] DEBUG - NetworkInterface: received Netlink message len=440, type=RTM_NEWLINK, flags=0x0
Jun 29, 2026 09:30:25.232 [547915821280] DEBUG - NetworkInterface: Netlink information message family=7, type=1, index=1185, flags=0x11043, change=0x0
Jun 29, 2026 09:30:25.232 [547915821280] DEBUG - Network change.
Jun 29, 2026 09:30:25.232 [547915821280] DEBUG - NetworkInterface: Notified of network changed (force=0)
Jun 29, 2026 09:30:25.235 [547915821280] DEBUG - Network change notification but nothing changed.
Jun 29, 2026 09:30:25.235 [547915821280] DEBUG - NetworkInterface: received Netlink message len=1856, type=RTM_NEWLINK, flags=0x0
Jun 29, 2026 09:30:25.235 [547915821280] DEBUG - NetworkInterface: Netlink information message family=0, type=1, index=1185, flags=0x11043, change=0x0
Jun 29, 2026 09:30:25.235 [547915821280] DEBUG - Network change.
Jun 29, 2026 09:30:25.235 [547915821280] DEBUG - NetworkInterface: Notified of network changed (force=0)
Jun 29, 2026 09:30:25.237 [547915821280] DEBUG - Network change notification but nothing changed.
Jun 29, 2026 09:30:26.268 [547915821280] DEBUG - NetworkInterface: received Netlink message len=1500, type=RTM_NEWLINK, flags=0x0
Jun 29, 2026 09:30:26.268 [547915821280] DEBUG - NetworkInterface: Netlink information message family=0, type=1, index=1184, flags=0x1002, change=0x41
Jun 29, 2026 09:30:26.268 [547915821280] DEBUG - Network change.
Jun 29, 2026 09:30:26.268 [547915821280] DEBUG - NetworkInterface: Notified of network changed (force=0)
Jun 29, 2026 09:30:26.308 [547915821280] DEBUG - Network change notification but nothing changed.
Jun 29, 2026 09:30:26.308 [547915821280] DEBUG - NetworkInterface: received Netlink message len=704, type=RTM_DELLINK, flags=0x0
Jun 29, 2026 09:30:26.308 [547915821280] DEBUG - NetworkInterface: Netlink information message family=0, type=1, index=1184, flags=0x1002, change=0xffffffff
Jun 29, 2026 09:30:26.308 [547915821280] DEBUG - NetworkInterface: received Netlink message len=440, type=RTM_NEWLINK, flags=0x0
Jun 29, 2026 09:30:26.308 [547915821280] DEBUG - NetworkInterface: Netlink information message family=7, type=1, index=1185, flags=0x1003, change=0x0
Jun 29, 2026 09:30:26.308 [547915821280] DEBUG - Network change.
Jun 29, 2026 09:30:26.308 [547915821280] DEBUG - NetworkInterface: Notified of network changed (force=0)
Jun 29, 2026 09:30:26.309 [547915821280] DEBUG - Network change notification but nothing changed.
Jun 29, 2026 09:30:26.309 [547915821280] DEBUG - NetworkInterface: received Netlink message len=1864, type=RTM_NEWLINK, flags=0x0
Jun 29, 2026 09:30:26.309 [547915821280] DEBUG - NetworkInterface: Netlink information message family=0, type=1, index=1185, flags=0x1003, change=0x0
Jun 29, 2026 09:30:26.309 [547915821280] DEBUG - Network change.
Jun 29, 2026 09:30:26.309 [547915821280] DEBUG - NetworkInterface: Notified of network changed (force=0)
Jun 29, 2026 09:30:26.310 [547915821280] DEBUG - Network change notification but nothing changed.
Jun 29, 2026 09:30:26.311 [547915821280] DEBUG - NetworkInterface: received Netlink message len=440, type=RTM_NEWLINK, flags=0x0
Jun 29, 2026 09:30:26.311 [547915821280] DEBUG - NetworkInterface: Netlink information message family=7, type=1, index=1185, flags=0x11043, change=0x0
Jun 29, 2026 09:30:26.311 [547915821280] DEBUG - Network change.
Jun 29, 2026 09:30:26.311 [547915821280] DEBUG - NetworkInterface: Notified of network changed (force=0)
Jun 29, 2026 09:30:26.313 [547915821280] DEBUG - Network change notification but nothing changed.
Jun 29, 2026 09:30:26.313 [547915821280] DEBUG - NetworkInterface: received Netlink message len=440, type=RTM_NEWLINK, flags=0x0
Jun 29, 2026 09:30:26.313 [547915821280] DEBUG - NetworkInterface: Netlink information message family=7, type=1, index=1185, flags=0x11043, change=0x0
Jun 29, 2026 09:30:26.313 [547915821280] DEBUG - Network change.
Jun 29, 2026 09:30:26.313 [547915821280] DEBUG - NetworkInterface: Notified of network changed (force=0)
Jun 29, 2026 09:30:26.314 [547915821280] DEBUG - Network change notification but nothing changed.
Jun 29, 2026 09:30:26.314 [547915821280] DEBUG - NetworkInterface: received Netlink message len=1864, type=RTM_NEWLINK, flags=0x0
Jun 29, 2026 09:30:26.314 [547915821280] DEBUG - NetworkInterface: Netlink information message family=0, type=1, index=1185, flags=0x11043, change=0x0
Jun 29, 2026 09:30:26.314 [547915821280] DEBUG - Network change.
Jun 29, 2026 09:30:26.314 [547915821280] DEBUG - NetworkInterface: Notified of network changed (force=0)
Jun 29, 2026 09:30:26.315 [547915821280] DEBUG - Network change notification but nothing changed.
Jun 29, 2026 09:30:29.202 [547915821280] DEBUG - NetworkInterface: received Netlink message len=440, type=RTM_NEWLINK, flags=0x0
Jun 29, 2026 09:30:29.202 [547915821280] DEBUG - NetworkInterface: Netlink information message family=7, type=1, index=1185, flags=0x1003, change=0x0
Jun 29, 2026 09:30:29.202 [547915821280] DEBUG - Network change.
Jun 29, 2026 09:30:29.202 [547915821280] DEBUG - NetworkInterface: Notified of network changed (force=0)
Jun 29, 2026 09:30:29.226 [547915821280] DEBUG - Network change notification but nothing changed.
Jun 29, 2026 09:30:29.226 [547915821280] DEBUG - NetworkInterface: received Netlink message len=1864, type=RTM_NEWLINK, flags=0x0
Jun 29, 2026 09:30:29.226 [547915821280] DEBUG - NetworkInterface: Netlink information message family=0, type=1, index=1185, flags=0x1003, change=0x0
Jun 29, 2026 09:30:29.226 [547915821280] DEBUG - Network change.
Jun 29, 2026 09:30:29.226 [547915821280] DEBUG - NetworkInterface: Notified of network changed (force=0)
Jun 29, 2026 09:30:29.227 [547915821280] DEBUG - Network change notification but nothing changed.
Jun 29, 2026 09:30:29.227 [547915821280] DEBUG - NetworkInterface: received Netlink message len=1500, type=RTM_NEWLINK, flags=0x0
Jun 29, 2026 09:30:29.227 [547915821280] DEBUG - NetworkInterface: Netlink information message family=0, type=1, index=1184, flags=0x1002, change=0xffffffff
Jun 29, 2026 09:30:29.227 [547915821280] DEBUG - Network change.
Jun 29, 2026 09:30:29.227 [547915821280] DEBUG - NetworkInterface: Notified of network changed (force=0)
Jun 29, 2026 09:30:29.228 [547915821280] DEBUG - Network change notification but nothing changed.
Jun 29, 2026 09:30:29.250 [547915821280] DEBUG - NetworkInterface: received Netlink message len=1500, type=RTM_NEWLINK, flags=0x0
Jun 29, 2026 09:30:29.250 [547915821280] DEBUG - NetworkInterface: Netlink information message family=0, type=1, index=1184, flags=0x11003, change=0x1
Jun 29, 2026 09:30:29.250 [547915821280] DEBUG - Network change.
Jun 29, 2026 09:30:29.250 [547915821280] DEBUG - NetworkInterface: Notified of network changed (force=0)
Jun 29, 2026 09:30:29.251 [547915821280] DEBUG - Network change notification but nothing changed.
Jun 29, 2026 09:30:29.251 [547915821280] DEBUG - NetworkInterface: received Netlink message len=1500, type=RTM_NEWLINK, flags=0x0
Jun 29, 2026 09:30:29.251 [547915821280] DEBUG - NetworkInterface: Netlink information message family=0, type=1, index=1184, flags=0x11043, change=0x0
Jun 29, 2026 09:30:29.251 [547915821280] DEBUG - Network change.
Jun 29, 2026 09:30:29.251 [547915821280] DEBUG - NetworkInterface: Notified of network changed (force=0)
Jun 29, 2026 09:30:29.252 [547915821280] DEBUG - Network change notification but nothing changed.
Jun 29, 2026 09:30:29.252 [547915821280] DEBUG - NetworkInterface: received Netlink message len=440, type=RTM_NEWLINK, flags=0x0
Jun 29, 2026 09:30:29.252 [547915821280] DEBUG - NetworkInterface: Netlink information message family=7, type=1, index=1185, flags=0x11043, change=0x0
Jun 29, 2026 09:30:29.252 [547915821280] DEBUG - Network change.
Jun 29, 2026 09:30:29.252 [547915821280] DEBUG - NetworkInterface: Notified of network changed (force=0)
Jun 29, 2026 09:30:29.253 [547915821280] DEBUG - Network change notification but nothing changed.
Jun 29, 2026 09:30:29.253 [547915821280] DEBUG - NetworkInterface: received Netlink message len=440, type=RTM_NEWLINK, flags=0x0
Jun 29, 2026 09:30:29.253 [547915821280] DEBUG - NetworkInterface: Netlink information message family=7, type=1, index=1185, flags=0x11043, change=0x0
Jun 29, 2026 09:30:29.253 [547915821280] DEBUG - Network change.
Jun 29, 2026 09:30:29.253 [547915821280] DEBUG - NetworkInterface: Notified of network changed (force=0)
Jun 29, 2026 09:30:29.254 [547915821280] DEBUG - Network change notification but nothing changed.
Jun 29, 2026 09:30:29.254 [547915821280] DEBUG - NetworkInterface: received Netlink message len=1856, type=RTM_NEWLINK, flags=0x0
Jun 29, 2026 09:30:29.254 [547915821280] DEBUG - NetworkInterface: Netlink information message family=0, type=1, index=1185, flags=0x11043, change=0x0
Jun 29, 2026 09:30:29.254 [547915821280] DEBUG - Network change.
Jun 29, 2026 09:30:29.254 [547915821280] DEBUG - NetworkInterface: Notified of network changed (force=0)
Jun 29, 2026 09:30:29.256 [547915821280] DEBUG - Network change notification but nothing changed.
Jun 29, 2026 09:30:29.324 [547915821280] DEBUG - NetworkInterface: received Netlink message len=1500, type=RTM_NEWLINK, flags=0x0
Jun 29, 2026 09:30:29.324 [547915821280] DEBUG - NetworkInterface: Netlink information message family=0, type=1, index=1184, flags=0x1002, change=0x41
Jun 29, 2026 09:30:29.325 [547915821280] DEBUG - Network change.
Jun 29, 2026 09:30:29.325 [547915821280] DEBUG - NetworkInterface: Notified of network changed (force=0)
Jun 29, 2026 09:30:29.333 [547915821280] DEBUG - Network change notification but nothing changed.
Jun 29, 2026 09:30:29.333 [547915821280] DEBUG - NetworkInterface: received Netlink message len=1856, type=RTM_NEWLINK, flags=0x0
Jun 29, 2026 09:30:29.333 [547915821280] DEBUG - NetworkInterface: Netlink information message family=0, type=1, index=1185, flags=0x1002, change=0x41
Jun 29, 2026 09:30:29.333 [547915821280] DEBUG - Network change.
Jun 29, 2026 09:30:29.333 [547915821280] DEBUG - NetworkInterface: Notified of network changed (force=0)
Jun 29, 2026 09:30:29.335 [547915821280] DEBUG - Network change notification but nothing changed.
Jun 29, 2026 09:30:29.335 [547915821280] DEBUG - NetworkInterface: received Netlink message len=440, type=RTM_NEWLINK, flags=0x0
Jun 29, 2026 09:30:29.335 [547915821280] DEBUG - NetworkInterface: Netlink information message family=7, type=1, index=1185, flags=0x1002, change=0x0
Jun 29, 2026 09:30:29.335 [547915821280] DEBUG - Network change.
Jun 29, 2026 09:30:29.335 [547915821280] DEBUG - NetworkInterface: Notified of network changed (force=0)
Jun 29, 2026 09:30:29.335 [547915821280] DEBUG - Network change notification but nothing changed.
Jun 29, 2026 09:30:29.335 [547915821280] DEBUG - NetworkInterface: received Netlink message len=688, type=RTM_DELLINK, flags=0x0
Jun 29, 2026 09:30:29.335 [547915821280] DEBUG - NetworkInterface: Netlink information message family=0, type=1, index=1184, flags=0x1002, change=0xffffffff
Jun 29, 2026 09:30:29.335 [547915821280] DEBUG - NetworkInterface: received Netlink message len=440, type=RTM_NEWLINK, flags=0x0
Jun 29, 2026 09:30:29.335 [547915821280] DEBUG - NetworkInterface: Netlink information message family=7, type=1, index=1185, flags=0x1002, change=0x0
Jun 29, 2026 09:30:29.335 [547915821280] DEBUG - Network change.
Jun 29, 2026 09:30:29.335 [547915821280] DEBUG - NetworkInterface: Notified of network changed (force=0)
Jun 29, 2026 09:30:29.336 [547915821280] DEBUG - Network change notification but nothing changed.
Jun 29, 2026 09:30:29.336 [547915821280] DEBUG - NetworkInterface: received Netlink message len=104, type=RTM_DELLINK, flags=0x0
Jun 29, 2026 09:30:29.336 [547915821280] DEBUG - NetworkInterface: Netlink information message family=7, type=1, index=1185, flags=0x1002, change=0x0
Jun 29, 2026 09:30:29.336 [547915821280] DEBUG - NetworkInterface: received Netlink message len=688, type=RTM_DELLINK, flags=0x0
Jun 29, 2026 09:30:29.336 [547915821280] DEBUG - NetworkInterface: Netlink information message family=0, type=1, index=1185, flags=0x1002, change=0xffffffff
Jun 29, 2026 09:30:47.569 [547913711840] DEBUG - [NSB/SSDP] Parsing SSDP schema for http://192.168.1.1:49152/wps_device.xml
Jun 29, 2026 09:31:02.585 [547941388512] DEBUG - [HttpClient/HCl#36] HTTP simulating 408 after curl timeout
Jun 29, 2026 09:31:28.517 [547915821280] DEBUG - NetworkInterface: received Netlink message len=1500, type=RTM_NEWLINK, flags=0x0
Jun 29, 2026 09:31:28.517 [547915821280] DEBUG - NetworkInterface: Netlink information message family=0, type=1, index=1186, flags=0x1002, change=0xffffffff
Jun 29, 2026 09:31:28.517 [547915821280] DEBUG - Network change.
Jun 29, 2026 09:31:28.517 [547915821280] DEBUG - NetworkInterface: Notified of network changed (force=0)
Jun 29, 2026 09:31:28.526 [547915821280] DEBUG - Network change notification but nothing changed.
Jun 29, 2026 09:31:28.528 [547915821280] DEBUG - NetworkInterface: received Netlink message len=1500, type=RTM_NEWLINK, flags=0x0
Jun 29, 2026 09:31:28.528 [547915821280] DEBUG - NetworkInterface: Netlink information message family=0, type=1, index=1187, flags=0x1002, change=0xffffffff
Jun 29, 2026 09:31:28.528 [547915821280] DEBUG - Network change.
Jun 29, 2026 09:31:28.528 [547915821280] DEBUG - NetworkInterface: Notified of network changed (force=0)
Jun 29, 2026 09:31:28.532 [547915821280] DEBUG - Network change notification but nothing changed.
Jun 29, 2026 09:31:28.532 [547915821280] DEBUG - NetworkInterface: received Netlink message len=1856, type=RTM_NEWLINK, flags=0x0
Jun 29, 2026 09:31:28.532 [547915821280] DEBUG - NetworkInterface: Netlink information message family=0, type=1, index=1187, flags=0x1002, change=0x0
Jun 29, 2026 09:31:28.532 [547915821280] DEBUG - Network change.
Jun 29, 2026 09:31:28.532 [547915821280] DEBUG - NetworkInterface: Notified of network changed (force=0)
Jun 29, 2026 09:31:28.538 [547915821280] DEBUG - Network change notification but nothing changed.
Jun 29, 2026 09:31:28.538 [547915821280] DEBUG - NetworkInterface: received Netlink message len=1856, type=RTM_NEWLINK, flags=0x0
Jun 29, 2026 09:31:28.538 [547915821280] DEBUG - NetworkInterface: Netlink information message family=0, type=1, index=1187, flags=0x1002, change=0x100
Jun 29, 2026 09:31:28.538 [547915821280] DEBUG - Network change.
Jun 29, 2026 09:31:28.538 [547915821280] DEBUG - NetworkInterface: Notified of network changed (force=0)
Jun 29, 2026 09:31:28.539 [547915821280] DEBUG - Network change notification but nothing changed.
Jun 29, 2026 09:31:28.540 [547915821280] DEBUG - NetworkInterface: received Netlink message len=440, type=RTM_NEWLINK, flags=0x0
Jun 29, 2026 09:31:28.540 [547915821280] DEBUG - NetworkInterface: Netlink information message family=7, type=1, index=1187, flags=0x1002, change=0x0
Jun 29, 2026 09:31:28.540 [547915821280] DEBUG - Network change.
Jun 29, 2026 09:31:28.540 [547915821280] DEBUG - NetworkInterface: Notified of network changed (force=0)
Jun 29, 2026 09:31:28.541 [547915821280] DEBUG - Network change notification but nothing changed.
Jun 29, 2026 09:31:28.541 [547915821280] DEBUG - NetworkInterface: received Netlink message len=1856, type=RTM_NEWLINK, flags=0x0
Jun 29, 2026 09:31:28.541 [547915821280] DEBUG - NetworkInterface: Netlink information message family=0, type=1, index=1187, flags=0x1003, change=0x1
Jun 29, 2026 09:31:28.541 [547915821280] DEBUG - Network change.
Jun 29, 2026 09:31:28.541 [547915821280] DEBUG - NetworkInterface: Notified of network changed (force=0)
Jun 29, 2026 09:31:28.543 [547915821280] DEBUG - Network change notification but nothing changed.
Jun 29, 2026 09:31:28.543 [547915821280] DEBUG - NetworkInterface: received Netlink message len=440, type=RTM_NEWLINK, flags=0x0
Jun 29, 2026 09:31:28.543 [547915821280] DEBUG - NetworkInterface: Netlink information message family=7, type=1, index=1187, flags=0x1003, change=0x0
Jun 29, 2026 09:31:28.543 [547915821280] DEBUG - Network change.
Jun 29, 2026 09:31:28.543 [547915821280] DEBUG - NetworkInterface: Notified of network changed (force=0)
Jun 29, 2026 09:31:28.545 [547915821280] DEBUG - Network change notification but nothing changed.
Jun 29, 2026 09:31:28.601 [547915821280] DEBUG - NetworkInterface: received Netlink message len=1500, type=RTM_NEWLINK, flags=0x0
Jun 29, 2026 09:31:28.601 [547915821280] DEBUG - NetworkInterface: Netlink information message family=0, type=1, index=1186, flags=0x11003, change=0x1
Jun 29, 2026 09:31:28.601 [547915821280] DEBUG - Network change.
Jun 29, 2026 09:31:28.601 [547915821280] DEBUG - NetworkInterface: Notified of network changed (force=0)
Jun 29, 2026 09:31:28.607 [547915821280] DEBUG - Network change notification but nothing changed.
Jun 29, 2026 09:31:28.607 [547915821280] DEBUG - NetworkInterface: received Netlink message len=1500, type=RTM_NEWLINK, flags=0x0
Jun 29, 2026 09:31:28.607 [547915821280] DEBUG - NetworkInterface: Netlink information message family=0, type=1, index=1186, flags=0x11043, change=0x0
Jun 29, 2026 09:31:28.607 [547915821280] DEBUG - Network change.
Jun 29, 2026 09:31:28.607 [547915821280] DEBUG - NetworkInterface: Notified of network changed (force=0)
Jun 29, 2026 09:31:28.610 [547915821280] DEBUG - Network change notification but nothing changed.
Jun 29, 2026 09:31:28.612 [547915821280] DEBUG - NetworkInterface: received Netlink message len=440, type=RTM_NEWLINK, flags=0x0
Jun 29, 2026 09:31:28.612 [547915821280] DEBUG - NetworkInterface: Netlink information message family=7, type=1, index=1187, flags=0x11043, change=0x0
Jun 29, 2026 09:31:28.612 [547915821280] DEBUG - Network change.
Jun 29, 2026 09:31:28.612 [547915821280] DEBUG - NetworkInterface: Notified of network changed (force=0)
Jun 29, 2026 09:31:28.613 [547915821280] DEBUG - Network change notification but nothing changed.
Jun 29, 2026 09:31:28.613 [547915821280] DEBUG - NetworkInterface: received Netlink message len=440, type=RTM_NEWLINK, flags=0x0
Jun 29, 2026 09:31:28.613 [547915821280] DEBUG - NetworkInterface: Netlink information message family=7, type=1, index=1187, flags=0x11043, change=0x0
Jun 29, 2026 09:31:28.613 [547915821280] DEBUG - Network change.
Jun 29, 2026 09:31:28.614 [547915821280] DEBUG - NetworkInterface: Notified of network changed (force=0)
Jun 29, 2026 09:31:28.614 [547915821280] DEBUG - Network change notification but nothing changed.
Jun 29, 2026 09:31:28.614 [547915821280] DEBUG - NetworkInterface: received Netlink message len=1856, type=RTM_NEWLINK, flags=0x0
Jun 29, 2026 09:31:28.614 [547915821280] DEBUG - NetworkInterface: Netlink information message family=0, type=1, index=1187, flags=0x11043, change=0x0
Jun 29, 2026 09:31:28.614 [547915821280] DEBUG - Network change.
Jun 29, 2026 09:31:28.614 [547915821280] DEBUG - NetworkInterface: Notified of network changed (force=0)
Jun 29, 2026 09:31:28.616 [547915821280] DEBUG - Network change notification but nothing changed.
Jun 29, 2026 09:31:29.383 [547915821280] DEBUG - NetworkInterface: received Netlink message len=1500, type=RTM_NEWLINK, flags=0x0
Jun 29, 2026 09:31:29.383 [547915821280] DEBUG - NetworkInterface: Netlink information message family=0, type=1, index=1186, flags=0x1002, change=0x41
Jun 29, 2026 09:31:29.383 [547915821280] DEBUG - Network change.
Jun 29, 2026 09:31:29.383 [547915821280] DEBUG - NetworkInterface: Notified of network changed (force=0)
Jun 29, 2026 09:31:29.424 [547915821280] DEBUG - Network change notification but nothing changed.
Jun 29, 2026 09:31:29.424 [547915821280] DEBUG - NetworkInterface: received Netlink message len=704, type=RTM_DELLINK, flags=0x0
Jun 29, 2026 09:31:29.424 [547915821280] DEBUG - NetworkInterface: Netlink information message family=0, type=1, index=1186, flags=0x1002, change=0xffffffff
Jun 29, 2026 09:31:29.424 [547915821280] DEBUG - NetworkInterface: received Netlink message len=440, type=RTM_NEWLINK, flags=0x0
Jun 29, 2026 09:31:29.424 [547915821280] DEBUG - NetworkInterface: Netlink information message family=7, type=1, index=1187, flags=0x1003, change=0x0
Jun 29, 2026 09:31:29.424 [547915821280] DEBUG - Network change.
Jun 29, 2026 09:31:29.424 [547915821280] DEBUG - NetworkInterface: Notified of network changed (force=0)
Jun 29, 2026 09:31:29.426 [547915821280] DEBUG - Network change notification but nothing changed.
Jun 29, 2026 09:31:29.426 [547915821280] DEBUG - NetworkInterface: received Netlink message len=1864, type=RTM_NEWLINK, flags=0x0
Jun 29, 2026 09:31:29.426 [547915821280] DEBUG - NetworkInterface: Netlink information message family=0, type=1, index=1187, flags=0x1003, change=0x0
Jun 29, 2026 09:31:29.426 [547915821280] DEBUG - Network change.
Jun 29, 2026 09:31:29.426 [547915821280] DEBUG - NetworkInterface: Notified of network changed (force=0)
Jun 29, 2026 09:31:29.428 [547915821280] DEBUG - Network change notification but nothing changed.
Jun 29, 2026 09:31:29.428 [547915821280] DEBUG - NetworkInterface: received Netlink message len=440, type=RTM_NEWLINK, flags=0x0
Jun 29, 2026 09:31:29.428 [547915821280] DEBUG - NetworkInterface: Netlink information message family=7, type=1, index=1187, flags=0x11043, change=0x0
Jun 29, 2026 09:31:29.428 [547915821280] DEBUG - Network change.
Jun 29, 2026 09:31:29.428 [547915821280] DEBUG - NetworkInterface: Notified of network changed (force=0)
Jun 29, 2026 09:31:29.429 [547915821280] DEBUG - Network change notification but nothing changed.
Jun 29, 2026 09:31:29.429 [547915821280] DEBUG - NetworkInterface: received Netlink message len=440, type=RTM_NEWLINK, flags=0x0
Jun 29, 2026 09:31:29.429 [547915821280] DEBUG - NetworkInterface: Netlink information message family=7, type=1, index=1187, flags=0x11043, change=0x0
Jun 29, 2026 09:31:29.429 [547915821280] DEBUG - Network change.
Jun 29, 2026 09:31:29.429 [547915821280] DEBUG - NetworkInterface: Notified of network changed (force=0)
Jun 29, 2026 09:31:29.429 [547915821280] DEBUG - Network change notification but nothing changed.
Jun 29, 2026 09:31:29.429 [547915821280] DEBUG - NetworkInterface: received Netlink message len=1864, type=RTM_NEWLINK, flags=0x0
Jun 29, 2026 09:31:29.429 [547915821280] DEBUG - NetworkInterface: Netlink information message family=0, type=1, index=1187, flags=0x11043, change=0x0
Jun 29, 2026 09:31:29.429 [547915821280] DEBUG - Network change.
Jun 29, 2026 09:31:29.429 [547915821280] DEBUG - NetworkInterface: Notified of network changed (force=0)
Jun 29, 2026 09:31:29.430 [547915821280] DEBUG - Network change notification but nothing changed.
Jun 29, 2026 09:31:31.806 [547915821280] DEBUG - NetworkInterface: received Netlink message len=440, type=RTM_NEWLINK, flags=0x0
Jun 29, 2026 09:31:31.806 [547915821280] DEBUG - NetworkInterface: Netlink information message family=7, type=1, index=1187, flags=0x1003, change=0x0
Jun 29, 2026 09:31:31.806 [547915821280] DEBUG - Network change.
Jun 29, 2026 09:31:31.806 [547915821280] DEBUG - NetworkInterface: Notified of network changed (force=0)
Jun 29, 2026 09:31:31.847 [547915821280] DEBUG - Network change notification but nothing changed.
Jun 29, 2026 09:31:31.847 [547915821280] DEBUG - NetworkInterface: received Netlink message len=1864, type=RTM_NEWLINK, flags=0x0
Jun 29, 2026 09:31:31.847 [547915821280] DEBUG - NetworkInterface: Netlink information message family=0, type=1, index=1187, flags=0x1003, change=0x0
Jun 29, 2026 09:31:31.847 [547915821280] DEBUG - Network change.
Jun 29, 2026 09:31:31.847 [547915821280] DEBUG - NetworkInterface: Notified of network changed (force=0)
Jun 29, 2026 09:31:31.848 [547915821280] DEBUG - Network change notification but nothing changed.
Jun 29, 2026 09:31:31.848 [547915821280] DEBUG - NetworkInterface: received Netlink message len=1500, type=RTM_NEWLINK, flags=0x0
Jun 29, 2026 09:31:31.848 [547915821280] DEBUG - NetworkInterface: Netlink information message family=0, type=1, index=1186, flags=0x1002, change=0xffffffff
Jun 29, 2026 09:31:31.848 [547915821280] DEBUG - Network change.
Jun 29, 2026 09:31:31.848 [547915821280] DEBUG - NetworkInterface: Notified of network changed (force=0)
Jun 29, 2026 09:31:31.849 [547915821280] DEBUG - Network change notification but nothing changed.
Jun 29, 2026 09:31:31.867 [547915821280] DEBUG - NetworkInterface: received Netlink message len=1500, type=RTM_NEWLINK, flags=0x0
Jun 29, 2026 09:31:31.867 [547915821280] DEBUG - NetworkInterface: Netlink information message family=0, type=1, index=1186, flags=0x11003, change=0x1
Jun 29, 2026 09:31:31.867 [547915821280] DEBUG - Network change.
Jun 29, 2026 09:31:31.867 [547915821280] DEBUG - NetworkInterface: Notified of network changed (force=0)
Jun 29, 2026 09:31:31.868 [547915821280] DEBUG - Network change notification but nothing changed.
Jun 29, 2026 09:31:31.868 [547915821280] DEBUG - NetworkInterface: received Netlink message len=1500, type=RTM_NEWLINK, flags=0x0
Jun 29, 2026 09:31:31.868 [547915821280] DEBUG - NetworkInterface: Netlink information message family=0, type=1, index=1186, flags=0x11043, change=0x0
Jun 29, 2026 09:31:31.868 [547915821280] DEBUG - Network change.
Jun 29, 2026 09:31:31.868 [547915821280] DEBUG - NetworkInterface: Notified of network changed (force=0)
Jun 29, 2026 09:31:31.869 [547915821280] DEBUG - Network change notification but nothing changed.
Jun 29, 2026 09:31:31.869 [547915821280] DEBUG - NetworkInterface: received Netlink message len=440, type=RTM_NEWLINK, flags=0x0
Jun 29, 2026 09:31:31.869 [547915821280] DEBUG - NetworkInterface: Netlink information message family=7, type=1, index=1187, flags=0x11043, change=0x0
Jun 29, 2026 09:31:31.869 [547915821280] DEBUG - Network change.
Jun 29, 2026 09:31:31.869 [547915821280] DEBUG - NetworkInterface: Notified of network changed (force=0)
Jun 29, 2026 09:31:31.870 [547915821280] DEBUG - Network change notification but nothing changed.
Jun 29, 2026 09:31:31.870 [547915821280] DEBUG - NetworkInterface: received Netlink message len=440, type=RTM_NEWLINK, flags=0x0
Jun 29, 2026 09:31:31.870 [547915821280] DEBUG - NetworkInterface: Netlink information message family=7, type=1, index=1187, flags=0x11043, change=0x0
Jun 29, 2026 09:31:31.870 [547915821280] DEBUG - Network change.
Jun 29, 2026 09:31:31.870 [547915821280] DEBUG - NetworkInterface: Notified of network changed (force=0)
Jun 29, 2026 09:31:31.871 [547915821280] DEBUG - Network change notification but nothing changed.
Jun 29, 2026 09:31:31.871 [547915821280] DEBUG - NetworkInterface: received Netlink message len=1856, type=RTM_NEWLINK, flags=0x0
Jun 29, 2026 09:31:31.871 [547915821280] DEBUG - NetworkInterface: Netlink information message family=0, type=1, index=1187, flags=0x11043, change=0x0
Jun 29, 2026 09:31:31.871 [547915821280] DEBUG - Network change.
Jun 29, 2026 09:31:31.871 [547915821280] DEBUG - NetworkInterface: Notified of network changed (force=0)
Jun 29, 2026 09:31:31.872 [547915821280] DEBUG - Network change notification but nothing changed.
Jun 29, 2026 09:31:31.971 [547915821280] DEBUG - NetworkInterface: received Netlink message len=1500, type=RTM_NEWLINK, flags=0x0
Jun 29, 2026 09:31:31.972 [547915821280] DEBUG - NetworkInterface: Netlink information message family=0, type=1, index=1186, flags=0x1002, change=0x41
Jun 29, 2026 09:31:31.972 [547915821280] DEBUG - Network change.
Jun 29, 2026 09:31:31.972 [547915821280] DEBUG - NetworkInterface: Notified of network changed (force=0)
Jun 29, 2026 09:31:31.979 [547915821280] DEBUG - Network change notification but nothing changed.
Jun 29, 2026 09:31:31.979 [547915821280] DEBUG - NetworkInterface: received Netlink message len=1856, type=RTM_NEWLINK, flags=0x0
Jun 29, 2026 09:31:31.979 [547915821280] DEBUG - NetworkInterface: Netlink information message family=0, type=1, index=1187, flags=0x1002, change=0x41
Jun 29, 2026 09:31:31.979 [547915821280] DEBUG - Network change.
Jun 29, 2026 09:31:31.979 [547915821280] DEBUG - NetworkInterface: Notified of network changed (force=0)
Jun 29, 2026 09:31:31.980 [547915821280] DEBUG - Network change notification but nothing changed.
Jun 29, 2026 09:31:31.980 [547915821280] DEBUG - NetworkInterface: received Netlink message len=440, type=RTM_NEWLINK, flags=0x0
Jun 29, 2026 09:31:31.980 [547915821280] DEBUG - NetworkInterface: Netlink information message family=7, type=1, index=1187, flags=0x1002, change=0x0
Jun 29, 2026 09:31:31.980 [547915821280] DEBUG - Network change.
Jun 29, 2026 09:31:31.980 [547915821280] DEBUG - NetworkInterface: Notified of network changed (force=0)
Jun 29, 2026 09:31:31.980 [547915821280] DEBUG - Network change notification but nothing changed.
Jun 29, 2026 09:31:31.980 [547915821280] DEBUG - NetworkInterface: received Netlink message len=688, type=RTM_DELLINK, flags=0x0
Jun 29, 2026 09:31:31.980 [547915821280] DEBUG - NetworkInterface: Netlink information message family=0, type=1, index=1186, flags=0x1002, change=0xffffffff
Jun 29, 2026 09:31:31.980 [547915821280] DEBUG - NetworkInterface: received Netlink message len=440, type=RTM_NEWLINK, flags=0x0
Jun 29, 2026 09:31:31.980 [547915821280] DEBUG - NetworkInterface: Netlink information message family=7, type=1, index=1187, flags=0x1002, change=0x0
Jun 29, 2026 09:31:31.980 [547915821280] DEBUG - Network change.
Jun 29, 2026 09:31:31.980 [547915821280] DEBUG - NetworkInterface: Notified of network changed (force=0)
Jun 29, 2026 09:31:31.981 [547915821280] DEBUG - Network change notification but nothing changed.
Jun 29, 2026 09:31:31.981 [547915821280] DEBUG - NetworkInterface: received Netlink message len=104, type=RTM_DELLINK, flags=0x0
Jun 29, 2026 09:31:31.981 [547915821280] DEBUG - NetworkInterface: Netlink information message family=7, type=1, index=1187, flags=0x1002, change=0x0
Jun 29, 2026 09:31:31.981 [547915821280] DEBUG - NetworkInterface: received Netlink message len=688, type=RTM_DELLINK, flags=0x0
Jun 29, 2026 09:31:31.981 [547915821280] DEBUG - NetworkInterface: Netlink information message family=0, type=1, index=1187, flags=0x1002, change=0xffffffff
Jun 29, 2026 09:31:48.572 [547913711840] DEBUG - [NSB/SSDP] Parsing SSDP schema for http://192.168.1.1:49152/wps_device.xml
Jun 29, 2026 09:32:03.588 [547941388512] DEBUG - [HttpClient/HCl#37] HTTP simulating 408 after curl timeout
Jun 29, 2026 09:32:31.650 [547915821280] DEBUG - NetworkInterface: received Netlink message len=1500, type=RTM_NEWLINK, flags=0x0
Jun 29, 2026 09:32:31.650 [547915821280] DEBUG - NetworkInterface: Netlink information message family=0, type=1, index=1188, flags=0x1002, change=0xffffffff
Jun 29, 2026 09:32:31.650 [547915821280] DEBUG - Network change.
Jun 29, 2026 09:32:31.650 [547915821280] DEBUG - NetworkInterface: Notified of network changed (force=0)
Jun 29, 2026 09:32:31.655 [547915821280] DEBUG - Network change notification but nothing changed.
Jun 29, 2026 09:32:31.656 [547915821280] DEBUG - NetworkInterface: received Netlink message len=1500, type=RTM_NEWLINK, flags=0x0
Jun 29, 2026 09:32:31.656 [547915821280] DEBUG - NetworkInterface: Netlink information message family=0, type=1, index=1189, flags=0x1002, change=0xffffffff
Jun 29, 2026 09:32:31.656 [547915821280] DEBUG - Network change.
Jun 29, 2026 09:32:31.656 [547915821280] DEBUG - NetworkInterface: Notified of network changed (force=0)
Jun 29, 2026 09:32:31.661 [547915821280] DEBUG - Network change notification but nothing changed.
Jun 29, 2026 09:32:31.662 [547915821280] DEBUG - NetworkInterface: received Netlink message len=1856, type=RTM_NEWLINK, flags=0x0
Jun 29, 2026 09:32:31.662 [547915821280] DEBUG - NetworkInterface: Netlink information message family=0, type=1, index=1189, flags=0x1002, change=0x0
Jun 29, 2026 09:32:31.662 [547915821280] DEBUG - Network change.
Jun 29, 2026 09:32:31.662 [547915821280] DEBUG - NetworkInterface: Notified of network changed (force=0)
Jun 29, 2026 09:32:31.666 [547915821280] DEBUG - Network change notification but nothing changed.
Jun 29, 2026 09:32:31.666 [547915821280] DEBUG - NetworkInterface: received Netlink message len=1856, type=RTM_NEWLINK, flags=0x0
Jun 29, 2026 09:32:31.666 [547915821280] DEBUG - NetworkInterface: Netlink information message family=0, type=1, index=1189, flags=0x1002, change=0x100
Jun 29, 2026 09:32:31.666 [547915821280] DEBUG - Network change.
Jun 29, 2026 09:32:31.666 [547915821280] DEBUG - NetworkInterface: Notified of network changed (force=0)
Jun 29, 2026 09:32:31.668 [547915821280] DEBUG - Network change notification but nothing changed.
Jun 29, 2026 09:32:31.668 [547915821280] DEBUG - NetworkInterface: received Netlink message len=440, type=RTM_NEWLINK, flags=0x0
Jun 29, 2026 09:32:31.668 [547915821280] DEBUG - NetworkInterface: Netlink information message family=7, type=1, index=1189, flags=0x1002, change=0x0
Jun 29, 2026 09:32:31.668 [547915821280] DEBUG - Network change.
Jun 29, 2026 09:32:31.668 [547915821280] DEBUG - NetworkInterface: Notified of network changed (force=0)
Jun 29, 2026 09:32:31.674 [547915821280] DEBUG - Network change notification but nothing changed.
Jun 29, 2026 09:32:31.674 [547915821280] DEBUG - NetworkInterface: received Netlink message len=1856, type=RTM_NEWLINK, flags=0x0
Jun 29, 2026 09:32:31.674 [547915821280] DEBUG - NetworkInterface: Netlink information message family=0, type=1, index=1189, flags=0x1003, change=0x1
Jun 29, 2026 09:32:31.674 [547915821280] DEBUG - Network change.
Jun 29, 2026 09:32:31.674 [547915821280] DEBUG - NetworkInterface: Notified of network changed (force=0)
Jun 29, 2026 09:32:31.676 [547915821280] DEBUG - Network change notification but nothing changed.
Jun 29, 2026 09:32:31.676 [547915821280] DEBUG - NetworkInterface: received Netlink message len=440, type=RTM_NEWLINK, flags=0x0
Jun 29, 2026 09:32:31.676 [547915821280] DEBUG - NetworkInterface: Netlink information message family=7, type=1, index=1189, flags=0x1003, change=0x0
Jun 29, 2026 09:32:31.676 [547915821280] DEBUG - Network change.
Jun 29, 2026 09:32:31.676 [547915821280] DEBUG - NetworkInterface: Notified of network changed (force=0)
Jun 29, 2026 09:32:31.680 [547915821280] DEBUG - Network change notification but nothing changed.
Jun 29, 2026 09:32:31.725 [547915821280] DEBUG - NetworkInterface: received Netlink message len=1500, type=RTM_NEWLINK, flags=0x0
Jun 29, 2026 09:32:31.725 [547915821280] DEBUG - NetworkInterface: Netlink information message family=0, type=1, index=1188, flags=0x11003, change=0x1
Jun 29, 2026 09:32:31.725 [547915821280] DEBUG - Network change.
Jun 29, 2026 09:32:31.725 [547915821280] DEBUG - NetworkInterface: Notified of network changed (force=0)
Jun 29, 2026 09:32:31.732 [547915821280] DEBUG - Network change notification but nothing changed.
Jun 29, 2026 09:32:31.732 [547915821280] DEBUG - NetworkInterface: received Netlink message len=1500, type=RTM_NEWLINK, flags=0x0
Jun 29, 2026 09:32:31.732 [547915821280] DEBUG - NetworkInterface: Netlink information message family=0, type=1, index=1188, flags=0x11043, change=0x0
Jun 29, 2026 09:32:31.732 [547915821280] DEBUG - Network change.
Jun 29, 2026 09:32:31.732 [547915821280] DEBUG - NetworkInterface: Notified of network changed (force=0)
Jun 29, 2026 09:32:31.738 [547915821280] DEBUG - Network change notification but nothing changed.
Jun 29, 2026 09:32:31.738 [547915821280] DEBUG - NetworkInterface: received Netlink message len=440, type=RTM_NEWLINK, flags=0x0
Jun 29, 2026 09:32:31.738 [547915821280] DEBUG - NetworkInterface: Netlink information message family=7, type=1, index=1189, flags=0x11043, change=0x0
Jun 29, 2026 09:32:31.738 [547915821280] DEBUG - Network change.
Jun 29, 2026 09:32:31.738 [547915821280] DEBUG - NetworkInterface: Notified of network changed (force=0)
Jun 29, 2026 09:32:31.738 [547915821280] DEBUG - Network change notification but nothing changed.
Jun 29, 2026 09:32:31.738 [547915821280] DEBUG - NetworkInterface: received Netlink message len=440, type=RTM_NEWLINK, flags=0x0
Jun 29, 2026 09:32:31.738 [547915821280] DEBUG - NetworkInterface: Netlink information message family=7, type=1, index=1189, flags=0x11043, change=0x0
Jun 29, 2026 09:32:31.738 [547915821280] DEBUG - Network change.
Jun 29, 2026 09:32:31.738 [547915821280] DEBUG - NetworkInterface: Notified of network changed (force=0)
Jun 29, 2026 09:32:31.739 [547915821280] DEBUG - Network change notification but nothing changed.
Jun 29, 2026 09:32:31.739 [547915821280] DEBUG - NetworkInterface: received Netlink message len=1856, type=RTM_NEWLINK, flags=0x0
Jun 29, 2026 09:32:31.739 [547915821280] DEBUG - NetworkInterface: Netlink information message family=0, type=1, index=1189, flags=0x11043, change=0x0
Jun 29, 2026 09:32:31.739 [547915821280] DEBUG - Network change.
Jun 29, 2026 09:32:31.739 [547915821280] DEBUG - NetworkInterface: Notified of network changed (force=0)
Jun 29, 2026 09:32:31.746 [547915821280] DEBUG - Network change notification but nothing changed.
Jun 29, 2026 09:32:32.782 [547915821280] DEBUG - NetworkInterface: received Netlink message len=1500, type=RTM_NEWLINK, flags=0x0
Jun 29, 2026 09:32:32.783 [547915821280] DEBUG - NetworkInterface: Netlink information message family=0, type=1, index=1188, flags=0x1002, change=0x41
Jun 29, 2026 09:32:32.783 [547915821280] DEBUG - Network change.
Jun 29, 2026 09:32:32.783 [547915821280] DEBUG - NetworkInterface: Notified of network changed (force=0)
Jun 29, 2026 09:32:32.831 [547915821280] DEBUG - Network change notification but nothing changed.
Jun 29, 2026 09:32:32.831 [547915821280] DEBUG - NetworkInterface: received Netlink message len=704, type=RTM_DELLINK, flags=0x0
Jun 29, 2026 09:32:32.831 [547915821280] DEBUG - NetworkInterface: Netlink information message family=0, type=1, index=1188, flags=0x1002, change=0xffffffff
Jun 29, 2026 09:32:32.831 [547915821280] DEBUG - NetworkInterface: received Netlink message len=440, type=RTM_NEWLINK, flags=0x0
Jun 29, 2026 09:32:32.831 [547915821280] DEBUG - NetworkInterface: Netlink information message family=7, type=1, index=1189, flags=0x1003, change=0x0
Jun 29, 2026 09:32:32.831 [547915821280] DEBUG - Network change.
Jun 29, 2026 09:32:32.831 [547915821280] DEBUG - NetworkInterface: Notified of network changed (force=0)
Jun 29, 2026 09:32:32.835 [547915821280] DEBUG - Network change notification but nothing changed.
Jun 29, 2026 09:32:32.835 [547915821280] DEBUG - NetworkInterface: received Netlink message len=1864, type=RTM_NEWLINK, flags=0x0
Jun 29, 2026 09:32:32.835 [547915821280] DEBUG - NetworkInterface: Netlink information message family=0, type=1, index=1189, flags=0x1003, change=0x0
Jun 29, 2026 09:32:32.835 [547915821280] DEBUG - Network change.
Jun 29, 2026 09:32:32.835 [547915821280] DEBUG - NetworkInterface: Notified of network changed (force=0)
Jun 29, 2026 09:32:32.836 [547915821280] DEBUG - Network change notification but nothing changed.
Jun 29, 2026 09:32:32.836 [547915821280] DEBUG - NetworkInterface: received Netlink message len=440, type=RTM_NEWLINK, flags=0x0
Jun 29, 2026 09:32:32.836 [547915821280] DEBUG - NetworkInterface: Netlink information message family=7, type=1, index=1189, flags=0x11043, change=0x0
Jun 29, 2026 09:32:32.836 [547915821280] DEBUG - Network change.
Jun 29, 2026 09:32:32.836 [547915821280] DEBUG - NetworkInterface: Notified of network changed (force=0)
Jun 29, 2026 09:32:32.836 [547915821280] DEBUG - Network change notification but nothing changed.
Jun 29, 2026 09:32:32.836 [547915821280] DEBUG - NetworkInterface: received Netlink message len=440, type=RTM_NEWLINK, flags=0x0
Jun 29, 2026 09:32:32.836 [547915821280] DEBUG - NetworkInterface: Netlink information message family=7, type=1, index=1189, flags=0x11043, change=0x0
Jun 29, 2026 09:32:32.836 [547915821280] DEBUG - Network change.
Jun 29, 2026 09:32:32.836 [547915821280] DEBUG - NetworkInterface: Notified of network changed (force=0)
Jun 29, 2026 09:32:32.837 [547915821280] DEBUG - Network change notification but nothing changed.
Jun 29, 2026 09:32:32.837 [547915821280] DEBUG - NetworkInterface: received Netlink message len=1864, type=RTM_NEWLINK, flags=0x0
Jun 29, 2026 09:32:32.837 [547915821280] DEBUG - NetworkInterface: Netlink information message family=0, type=1, index=1189, flags=0x11043, change=0x0
Jun 29, 2026 09:32:32.837 [547915821280] DEBUG - Network change.
Jun 29, 2026 09:32:32.837 [547915821280] DEBUG - NetworkInterface: Notified of network changed (force=0)
Jun 29, 2026 09:32:32.838 [547915821280] DEBUG - Network change notification but nothing changed.
Jun 29, 2026 09:32:35.231 [547915821280] DEBUG - NetworkInterface: received Netlink message len=440, type=RTM_NEWLINK, flags=0x0
Jun 29, 2026 09:32:35.231 [547915821280] DEBUG - NetworkInterface: Netlink information message family=7, type=1, index=1189, flags=0x1003, change=0x0
Jun 29, 2026 09:32:35.231 [547915821280] DEBUG - Network change.
Jun 29, 2026 09:32:35.231 [547915821280] DEBUG - NetworkInterface: Notified of network changed (force=0)
Jun 29, 2026 09:32:35.258 [547915821280] DEBUG - Network change notification but nothing changed.
Jun 29, 2026 09:32:35.258 [547915821280] DEBUG - NetworkInterface: received Netlink message len=1864, type=RTM_NEWLINK, flags=0x0
Jun 29, 2026 09:32:35.258 [547915821280] DEBUG - NetworkInterface: Netlink information message family=0, type=1, index=1189, flags=0x1003, change=0x0
Jun 29, 2026 09:32:35.258 [547915821280] DEBUG - Network change.
Jun 29, 2026 09:32:35.258 [547915821280] DEBUG - NetworkInterface: Notified of network changed (force=0)
Jun 29, 2026 09:32:35.259 [547915821280] DEBUG - Network change notification but nothing changed.
Jun 29, 2026 09:32:35.259 [547915821280] DEBUG - NetworkInterface: received Netlink message len=1500, type=RTM_NEWLINK, flags=0x0
Jun 29, 2026 09:32:35.259 [547915821280] DEBUG - NetworkInterface: Netlink information message family=0, type=1, index=1188, flags=0x1002, change=0xffffffff
Jun 29, 2026 09:32:35.259 [547915821280] DEBUG - Network change.
Jun 29, 2026 09:32:35.259 [547915821280] DEBUG - NetworkInterface: Notified of network changed (force=0)
Jun 29, 2026 09:32:35.259 [547915821280] DEBUG - Network change notification but nothing changed.
Jun 29, 2026 09:32:35.284 [547915821280] DEBUG - NetworkInterface: received Netlink message len=1500, type=RTM_NEWLINK, flags=0x0
Jun 29, 2026 09:32:35.284 [547915821280] DEBUG - NetworkInterface: Netlink information message family=0, type=1, index=1188, flags=0x11003, change=0x1
Jun 29, 2026 09:32:35.284 [547915821280] DEBUG - Network change.
Jun 29, 2026 09:32:35.284 [547915821280] DEBUG - NetworkInterface: Notified of network changed (force=0)
Jun 29, 2026 09:32:35.286 [547915821280] DEBUG - Network change notification but nothing changed.
Jun 29, 2026 09:32:35.286 [547915821280] DEBUG - NetworkInterface: received Netlink message len=1500, type=RTM_NEWLINK, flags=0x0
Jun 29, 2026 09:32:35.286 [547915821280] DEBUG - NetworkInterface: Netlink information message family=0, type=1, index=1188, flags=0x11043, change=0x0
Jun 29, 2026 09:32:35.286 [547915821280] DEBUG - Network change.
Jun 29, 2026 09:32:35.286 [547915821280] DEBUG - NetworkInterface: Notified of network changed (force=0)
Jun 29, 2026 09:32:35.287 [547915821280] DEBUG - Network change notification but nothing changed.
Jun 29, 2026 09:32:35.287 [547915821280] DEBUG - NetworkInterface: received Netlink message len=440, type=RTM_NEWLINK, flags=0x0
Jun 29, 2026 09:32:35.287 [547915821280] DEBUG - NetworkInterface: Netlink information message family=7, type=1, index=1189, flags=0x11043, change=0x0
Jun 29, 2026 09:32:35.287 [547915821280] DEBUG - Network change.
Jun 29, 2026 09:32:35.287 [547915821280] DEBUG - NetworkInterface: Notified of network changed (force=0)
Jun 29, 2026 09:32:35.287 [547915821280] DEBUG - Network change notification but nothing changed.
Jun 29, 2026 09:32:35.287 [547915821280] DEBUG - NetworkInterface: received Netlink message len=440, type=RTM_NEWLINK, flags=0x0
Jun 29, 2026 09:32:35.287 [547915821280] DEBUG - NetworkInterface: Netlink information message family=7, type=1, index=1189, flags=0x11043, change=0x0
Jun 29, 2026 09:32:35.287 [547915821280] DEBUG - Network change.
Jun 29, 2026 09:32:35.287 [547915821280] DEBUG - NetworkInterface: Notified of network changed (force=0)
Jun 29, 2026 09:32:35.288 [547915821280] DEBUG - Network change notification but nothing changed.
Jun 29, 2026 09:32:35.288 [547915821280] DEBUG - NetworkInterface: received Netlink message len=1856, type=RTM_NEWLINK, flags=0x0
Jun 29, 2026 09:32:35.288 [547915821280] DEBUG - NetworkInterface: Netlink information message family=0, type=1, index=1189, flags=0x11043, change=0x0
Jun 29, 2026 09:32:35.288 [547915821280] DEBUG - Network change.
Jun 29, 2026 09:32:35.288 [547915821280] DEBUG - NetworkInterface: Notified of network changed (force=0)
Jun 29, 2026 09:32:35.290 [547915821280] DEBUG - Network change notification but nothing changed.
Jun 29, 2026 09:32:35.342 [547915821280] DEBUG - NetworkInterface: received Netlink message len=1500, type=RTM_NEWLINK, flags=0x0
Jun 29, 2026 09:32:35.342 [547915821280] DEBUG - NetworkInterface: Netlink information message family=0, type=1, index=1188, flags=0x1002, change=0x41
Jun 29, 2026 09:32:35.342 [547915821280] DEBUG - Network change.
Jun 29, 2026 09:32:35.342 [547915821280] DEBUG - NetworkInterface: Notified of network changed (force=0)
Jun 29, 2026 09:32:35.351 [547915821280] DEBUG - Network change notification but nothing changed.
Jun 29, 2026 09:32:35.351 [547915821280] DEBUG - NetworkInterface: received Netlink message len=1856, type=RTM_NEWLINK, flags=0x0
Jun 29, 2026 09:32:35.351 [547915821280] DEBUG - NetworkInterface: Netlink information message family=0, type=1, index=1189, flags=0x1002, change=0x41
Jun 29, 2026 09:32:35.351 [547915821280] DEBUG - Network change.
Jun 29, 2026 09:32:35.351 [547915821280] DEBUG - NetworkInterface: Notified of network changed (force=0)
Jun 29, 2026 09:32:35.352 [547915821280] DEBUG - Network change notification but nothing changed.
Jun 29, 2026 09:32:35.352 [547915821280] DEBUG - NetworkInterface: received Netlink message len=440, type=RTM_NEWLINK, flags=0x0
Jun 29, 2026 09:32:35.352 [547915821280] DEBUG - NetworkInterface: Netlink information message family=7, type=1, index=1189, flags=0x1002, change=0x0
Jun 29, 2026 09:32:35.352 [547915821280] DEBUG - Network change.
Jun 29, 2026 09:32:35.352 [547915821280] DEBUG - NetworkInterface: Notified of network changed (force=0)
Jun 29, 2026 09:32:35.353 [547915821280] DEBUG - Network change notification but nothing changed.
Jun 29, 2026 09:32:35.353 [547915821280] DEBUG - NetworkInterface: received Netlink message len=688, type=RTM_DELLINK, flags=0x0
Jun 29, 2026 09:32:35.353 [547915821280] DEBUG - NetworkInterface: Netlink information message family=0, type=1, index=1188, flags=0x1002, change=0xffffffff
Jun 29, 2026 09:32:35.353 [547915821280] DEBUG - NetworkInterface: received Netlink message len=440, type=RTM_NEWLINK, flags=0x0
Jun 29, 2026 09:32:35.353 [547915821280] DEBUG - NetworkInterface: Netlink information message family=7, type=1, index=1189, flags=0x1002, change=0x0
Jun 29, 2026 09:32:35.353 [547915821280] DEBUG - Network change.
Jun 29, 2026 09:32:35.353 [547915821280] DEBUG - NetworkInterface: Notified of network changed (force=0)
Jun 29, 2026 09:32:35.354 [547915821280] DEBUG - Network change notification but nothing changed.
Jun 29, 2026 09:32:35.354 [547915821280] DEBUG - NetworkInterface: received Netlink message len=104, type=RTM_DELLINK, flags=0x0
Jun 29, 2026 09:32:35.354 [547915821280] DEBUG - NetworkInterface: Netlink information message family=7, type=1, index=1189, flags=0x1002, change=0x0
Jun 29, 2026 09:32:35.354 [547915821280] DEBUG - NetworkInterface: received Netlink message len=688, type=RTM_DELLINK, flags=0x0
Jun 29, 2026 09:32:35.354 [547915821280] DEBUG - NetworkInterface: Netlink information message family=0, type=1, index=1189, flags=0x1002, change=0xffffffff
Jun 29, 2026 09:32:48.579 [547913711840] DEBUG - [NSB/SSDP] Parsing SSDP schema for http://192.168.1.1:49152/wps_device.xml
Jun 29, 2026 09:33:03.589 [547941388512] DEBUG - [HttpClient/HCl#38] HTTP simulating 408 after curl timeout
Jun 29, 2026 09:33:13.156 [547915821280] DEBUG - NetworkInterface: received Netlink message len=1500, type=RTM_NEWLINK, flags=0x0
Jun 29, 2026 09:33:13.156 [547915821280] DEBUG - NetworkInterface: Netlink information message family=0, type=1, index=1190, flags=0x1002, change=0xffffffff
Jun 29, 2026 09:33:13.156 [547915821280] DEBUG - Network change.
Jun 29, 2026 09:33:13.156 [547915821280] DEBUG - NetworkInterface: Notified of network changed (force=0)
Jun 29, 2026 09:33:13.158 [547915821280] DEBUG - Network change notification but nothing changed.
Jun 29, 2026 09:33:13.158 [547915821280] DEBUG - NetworkInterface: received Netlink message len=1500, type=RTM_NEWLINK, flags=0x0
Jun 29, 2026 09:33:13.158 [547915821280] DEBUG - NetworkInterface: Netlink information message family=0, type=1, index=1191, flags=0x1002, change=0xffffffff
Jun 29, 2026 09:33:13.158 [547915821280] DEBUG - Network change.
Jun 29, 2026 09:33:13.158 [547915821280] DEBUG - NetworkInterface: Notified of network changed (force=0)
Jun 29, 2026 09:33:13.160 [547915821280] DEBUG - Network change notification but nothing changed.
Jun 29, 2026 09:33:13.160 [547915821280] DEBUG - NetworkInterface: received Netlink message len=1856, type=RTM_NEWLINK, flags=0x0
Jun 29, 2026 09:33:13.160 [547915821280] DEBUG - NetworkInterface: Netlink information message family=0, type=1, index=1191, flags=0x1002, change=0x0
Jun 29, 2026 09:33:13.160 [547915821280] DEBUG - Network change.
Jun 29, 2026 09:33:13.160 [547915821280] DEBUG - NetworkInterface: Notified of network changed (force=0)
Jun 29, 2026 09:33:13.161 [547915821280] DEBUG - Network change notification but nothing changed.
Jun 29, 2026 09:33:13.161 [547915821280] DEBUG - NetworkInterface: received Netlink message len=1856, type=RTM_NEWLINK, flags=0x0
Jun 29, 2026 09:33:13.161 [547915821280] DEBUG - NetworkInterface: Netlink information message family=0, type=1, index=1191, flags=0x1002, change=0x100
Jun 29, 2026 09:33:13.161 [547915821280] DEBUG - Network change.
Jun 29, 2026 09:33:13.161 [547915821280] DEBUG - NetworkInterface: Notified of network changed (force=0)
Jun 29, 2026 09:33:13.162 [547915821280] DEBUG - Network change notification but nothing changed.
Jun 29, 2026 09:33:13.162 [547915821280] DEBUG - NetworkInterface: received Netlink message len=1924, type=RTM_NEWLINK, flags=0x0
Jun 29, 2026 09:33:13.162 [547915821280] DEBUG - NetworkInterface: Netlink information message family=0, type=1, index=4, flags=0x1003, change=0x0
Jun 29, 2026 09:33:13.162 [547915821280] DEBUG - Network change.
Jun 29, 2026 09:33:13.162 [547915821280] DEBUG - NetworkInterface: Notified of network changed (force=0)
Jun 29, 2026 09:33:13.163 [547915821280] DEBUG - Network change notification but nothing changed.
Jun 29, 2026 09:33:13.163 [547915821280] DEBUG - NetworkInterface: received Netlink message len=440, type=RTM_NEWLINK, flags=0x0
Jun 29, 2026 09:33:13.163 [547915821280] DEBUG - NetworkInterface: Netlink information message family=7, type=1, index=1191, flags=0x1002, change=0x0
Jun 29, 2026 09:33:13.163 [547915821280] DEBUG - Network change.
Jun 29, 2026 09:33:13.163 [547915821280] DEBUG - NetworkInterface: Notified of network changed (force=0)
Jun 29, 2026 09:33:13.164 [547915821280] DEBUG - Network change notification but nothing changed.
Jun 29, 2026 09:33:13.164 [547915821280] DEBUG - NetworkInterface: received Netlink message len=1856, type=RTM_NEWLINK, flags=0x0
Jun 29, 2026 09:33:13.164 [547915821280] DEBUG - NetworkInterface: Netlink information message family=0, type=1, index=1191, flags=0x1003, change=0x1
Jun 29, 2026 09:33:13.164 [547915821280] DEBUG - Network change.
Jun 29, 2026 09:33:13.164 [547915821280] DEBUG - NetworkInterface: Notified of network changed (force=0)
Jun 29, 2026 09:33:13.164 [547915821280] DEBUG - Network change notification but nothing changed.
Jun 29, 2026 09:33:13.164 [547915821280] DEBUG - NetworkInterface: received Netlink message len=440, type=RTM_NEWLINK, flags=0x0
Jun 29, 2026 09:33:13.164 [547915821280] DEBUG - NetworkInterface: Netlink information message family=7, type=1, index=1191, flags=0x1003, change=0x0
Jun 29, 2026 09:33:13.164 [547915821280] DEBUG - Network change.
Jun 29, 2026 09:33:13.164 [547915821280] DEBUG - NetworkInterface: Notified of network changed (force=0)
Jun 29, 2026 09:33:13.168 [547915821280] DEBUG - Network change notification but nothing changed.
Jun 29, 2026 09:33:13.204 [547915821280] DEBUG - NetworkInterface: received Netlink message len=1500, type=RTM_NEWLINK, flags=0x0
Jun 29, 2026 09:33:13.204 [547915821280] DEBUG - NetworkInterface: Netlink information message family=0, type=1, index=1190, flags=0x11003, change=0x1
Jun 29, 2026 09:33:13.204 [547915821280] DEBUG - Network change.
Jun 29, 2026 09:33:13.204 [547915821280] DEBUG - NetworkInterface: Notified of network changed (force=0)
Jun 29, 2026 09:33:13.215 [547915821280] DEBUG - Network change notification but nothing changed.
Jun 29, 2026 09:33:13.215 [547915821280] DEBUG - NetworkInterface: received Netlink message len=1500, type=RTM_NEWLINK, flags=0x0
Jun 29, 2026 09:33:13.215 [547915821280] DEBUG - NetworkInterface: Netlink information message family=0, type=1, index=1190, flags=0x11043, change=0x0
Jun 29, 2026 09:33:13.215 [547915821280] DEBUG - Network change.
Jun 29, 2026 09:33:13.215 [547915821280] DEBUG - NetworkInterface: Notified of network changed (force=0)
Jun 29, 2026 09:33:13.216 [547915821280] DEBUG - Network change notification but nothing changed.
Jun 29, 2026 09:33:13.216 [547915821280] DEBUG - NetworkInterface: received Netlink message len=440, type=RTM_NEWLINK, flags=0x0
Jun 29, 2026 09:33:13.216 [547915821280] DEBUG - NetworkInterface: Netlink information message family=7, type=1, index=1191, flags=0x11043, change=0x0
Jun 29, 2026 09:33:13.216 [547915821280] DEBUG - Network change.
Jun 29, 2026 09:33:13.216 [547915821280] DEBUG - NetworkInterface: Notified of network changed (force=0)
Jun 29, 2026 09:33:13.217 [547915821280] DEBUG - Network change notification but nothing changed.
Jun 29, 2026 09:33:13.217 [547915821280] DEBUG - NetworkInterface: received Netlink message len=440, type=RTM_NEWLINK, flags=0x0
Jun 29, 2026 09:33:13.217 [547915821280] DEBUG - NetworkInterface: Netlink information message family=7, type=1, index=1191, flags=0x11043, change=0x0
Jun 29, 2026 09:33:13.217 [547915821280] DEBUG - Network change.
Jun 29, 2026 09:33:13.217 [547915821280] DEBUG - NetworkInterface: Notified of network changed (force=0)
Jun 29, 2026 09:33:13.218 [547915821280] DEBUG - Network change notification but nothing changed.
Jun 29, 2026 09:33:13.218 [547915821280] DEBUG - NetworkInterface: received Netlink message len=1856, type=RTM_NEWLINK, flags=0x0
Jun 29, 2026 09:33:13.218 [547915821280] DEBUG - NetworkInterface: Netlink information message family=0, type=1, index=1191, flags=0x11043, change=0x0
Jun 29, 2026 09:33:13.218 [547915821280] DEBUG - Network change.
Jun 29, 2026 09:33:13.218 [547915821280] DEBUG - NetworkInterface: Notified of network changed (force=0)
Jun 29, 2026 09:33:13.219 [547915821280] DEBUG - Network change notification but nothing changed.
Jun 29, 2026 09:33:13.219 [547915821280] DEBUG - NetworkInterface: received Netlink message len=1916, type=RTM_NEWLINK, flags=0x0
Jun 29, 2026 09:33:13.219 [547915821280] DEBUG - NetworkInterface: Netlink information message family=0, type=1, index=4, flags=0x11043, change=0x0
Jun 29, 2026 09:33:13.219 [547915821280] DEBUG - Network change.
Jun 29, 2026 09:33:13.219 [547915821280] DEBUG - NetworkInterface: Notified of network changed (force=0)
Jun 29, 2026 09:33:13.220 [547915821280] DEBUG - Network change notification but nothing changed.
Jun 29, 2026 09:33:13.866 [547915821280] DEBUG - NetworkInterface: received Netlink message len=1500, type=RTM_NEWLINK, flags=0x0
Jun 29, 2026 09:33:13.866 [547915821280] DEBUG - NetworkInterface: Netlink information message family=0, type=1, index=1190, flags=0x1002, change=0x41
Jun 29, 2026 09:33:13.866 [547915821280] DEBUG - Network change.
Jun 29, 2026 09:33:13.866 [547915821280] DEBUG - NetworkInterface: Notified of network changed (force=0)
Jun 29, 2026 09:33:13.902 [547915821280] DEBUG - Network change notification but nothing changed.
Jun 29, 2026 09:33:13.902 [547915821280] DEBUG - NetworkInterface: received Netlink message len=704, type=RTM_DELLINK, flags=0x0
Jun 29, 2026 09:33:13.902 [547915821280] DEBUG - NetworkInterface: Netlink information message family=0, type=1, index=1190, flags=0x1002, change=0xffffffff
Jun 29, 2026 09:33:13.902 [547915821280] DEBUG - NetworkInterface: received Netlink message len=440, type=RTM_NEWLINK, flags=0x0
Jun 29, 2026 09:33:13.902 [547915821280] DEBUG - NetworkInterface: Netlink information message family=7, type=1, index=1191, flags=0x1003, change=0x0
Jun 29, 2026 09:33:13.902 [547915821280] DEBUG - Network change.
Jun 29, 2026 09:33:13.902 [547915821280] DEBUG - NetworkInterface: Notified of network changed (force=0)
Jun 29, 2026 09:33:13.903 [547915821280] DEBUG - Network change notification but nothing changed.
Jun 29, 2026 09:33:13.903 [547915821280] DEBUG - NetworkInterface: received Netlink message len=1864, type=RTM_NEWLINK, flags=0x0
Jun 29, 2026 09:33:13.903 [547915821280] DEBUG - NetworkInterface: Netlink information message family=0, type=1, index=1191, flags=0x1003, change=0x0
Jun 29, 2026 09:33:13.903 [547915821280] DEBUG - Network change.
Jun 29, 2026 09:33:13.903 [547915821280] DEBUG - NetworkInterface: Notified of network changed (force=0)
Jun 29, 2026 09:33:13.904 [547915821280] DEBUG - Network change notification but nothing changed.
Jun 29, 2026 09:33:13.907 [547915821280] DEBUG - NetworkInterface: received Netlink message len=1916, type=RTM_NEWLINK, flags=0x0
Jun 29, 2026 09:33:13.907 [547915821280] DEBUG - NetworkInterface: Netlink information message family=0, type=1, index=4, flags=0x1003, change=0x0
Jun 29, 2026 09:33:13.907 [547915821280] DEBUG - Network change.
Jun 29, 2026 09:33:13.907 [547915821280] DEBUG - NetworkInterface: Notified of network changed (force=0)
Jun 29, 2026 09:33:13.908 [547915821280] DEBUG - Network change notification but nothing changed.
Jun 29, 2026 09:33:13.908 [547915821280] DEBUG - NetworkInterface: received Netlink message len=440, type=RTM_NEWLINK, flags=0x0
Jun 29, 2026 09:33:13.908 [547915821280] DEBUG - NetworkInterface: Netlink information message family=7, type=1, index=1191, flags=0x11043, change=0x0
Jun 29, 2026 09:33:13.908 [547915821280] DEBUG - Network change.
Jun 29, 2026 09:33:13.908 [547915821280] DEBUG - NetworkInterface: Notified of network changed (force=0)
Jun 29, 2026 09:33:13.909 [547915821280] DEBUG - Network change notification but nothing changed.
Jun 29, 2026 09:33:13.909 [547915821280] DEBUG - NetworkInterface: received Netlink message len=440, type=RTM_NEWLINK, flags=0x0
Jun 29, 2026 09:33:13.909 [547915821280] DEBUG - NetworkInterface: Netlink information message family=7, type=1, index=1191, flags=0x11043, change=0x0
Jun 29, 2026 09:33:13.909 [547915821280] DEBUG - Network change.
Jun 29, 2026 09:33:13.909 [547915821280] DEBUG - NetworkInterface: Notified of network changed (force=0)
Jun 29, 2026 09:33:13.910 [547915821280] DEBUG - Network change notification but nothing changed.
Jun 29, 2026 09:33:13.910 [547915821280] DEBUG - NetworkInterface: received Netlink message len=1864, type=RTM_NEWLINK, flags=0x0
Jun 29, 2026 09:33:13.910 [547915821280] DEBUG - NetworkInterface: Netlink information message family=0, type=1, index=1191, flags=0x11043, change=0x0
Jun 29, 2026 09:33:13.910 [547915821280] DEBUG - Network change.
Jun 29, 2026 09:33:13.910 [547915821280] DEBUG - NetworkInterface: Notified of network changed (force=0)
Jun 29, 2026 09:33:13.911 [547915821280] DEBUG - Network change notification but nothing changed.
Jun 29, 2026 09:33:13.911 [547915821280] DEBUG - NetworkInterface: received Netlink message len=1916, type=RTM_NEWLINK, flags=0x0
Jun 29, 2026 09:33:13.911 [547915821280] DEBUG - NetworkInterface: Netlink information message family=0, type=1, index=4, flags=0x11043, change=0x0
Jun 29, 2026 09:33:13.911 [547915821280] DEBUG - Network change.
Jun 29, 2026 09:33:13.911 [547915821280] DEBUG - NetworkInterface: Notified of network changed (force=0)
Jun 29, 2026 09:33:13.912 [547915821280] DEBUG - Network change notification but nothing changed.
Jun 29, 2026 09:33:14.200 [547915821280] DEBUG - NetworkInterface: received Netlink message len=440, type=RTM_NEWLINK, flags=0x0
Jun 29, 2026 09:33:14.200 [547915821280] DEBUG - NetworkInterface: Netlink information message family=7, type=1, index=1191, flags=0x1003, change=0x0
Jun 29, 2026 09:33:14.200 [547915821280] DEBUG - Network change.
Jun 29, 2026 09:33:14.200 [547915821280] DEBUG - NetworkInterface: Notified of network changed (force=0)
Jun 29, 2026 09:33:14.222 [547915821280] DEBUG - Network change notification but nothing changed.
Jun 29, 2026 09:33:14.222 [547915821280] DEBUG - NetworkInterface: received Netlink message len=1864, type=RTM_NEWLINK, flags=0x0
Jun 29, 2026 09:33:14.222 [547915821280] DEBUG - NetworkInterface: Netlink information message family=0, type=1, index=1191, flags=0x1003, change=0x0
Jun 29, 2026 09:33:14.222 [547915821280] DEBUG - Network change.
Jun 29, 2026 09:33:14.222 [547915821280] DEBUG - NetworkInterface: Notified of network changed (force=0)
Jun 29, 2026 09:33:14.223 [547915821280] DEBUG - Network change notification but nothing changed.
Jun 29, 2026 09:33:14.223 [547915821280] DEBUG - NetworkInterface: received Netlink message len=1500, type=RTM_NEWLINK, flags=0x0
Jun 29, 2026 09:33:14.223 [547915821280] DEBUG - NetworkInterface: Netlink information message family=0, type=1, index=1190, flags=0x1002, change=0xffffffff
Jun 29, 2026 09:33:14.223 [547915821280] DEBUG - Network change.
Jun 29, 2026 09:33:14.223 [547915821280] DEBUG - NetworkInterface: Notified of network changed (force=0)
Jun 29, 2026 09:33:14.224 [547915821280] DEBUG - Network change notification but nothing changed.
Jun 29, 2026 09:33:14.224 [547915821280] DEBUG - NetworkInterface: received Netlink message len=1916, type=RTM_NEWLINK, flags=0x0
Jun 29, 2026 09:33:14.224 [547915821280] DEBUG - NetworkInterface: Netlink information message family=0, type=1, index=4, flags=0x1003, change=0x0
Jun 29, 2026 09:33:14.224 [547915821280] DEBUG - Network change.
Jun 29, 2026 09:33:14.224 [547915821280] DEBUG - NetworkInterface: Notified of network changed (force=0)
Jun 29, 2026 09:33:14.224 [547915821280] DEBUG - Network change notification but nothing changed.
Jun 29, 2026 09:33:14.245 [547915821280] DEBUG - NetworkInterface: received Netlink message len=1500, type=RTM_NEWLINK, flags=0x0
Jun 29, 2026 09:33:14.245 [547915821280] DEBUG - NetworkInterface: Netlink information message family=0, type=1, index=1190, flags=0x11003, change=0x1
Jun 29, 2026 09:33:14.245 [547915821280] DEBUG - Network change.
Jun 29, 2026 09:33:14.245 [547915821280] DEBUG - NetworkInterface: Notified of network changed (force=0)
Jun 29, 2026 09:33:14.246 [547915821280] DEBUG - Network change notification but nothing changed.
Jun 29, 2026 09:33:14.247 [547915821280] DEBUG - NetworkInterface: received Netlink message len=1500, type=RTM_NEWLINK, flags=0x0
Jun 29, 2026 09:33:14.247 [547915821280] DEBUG - NetworkInterface: Netlink information message family=0, type=1, index=1190, flags=0x11043, change=0x0
Jun 29, 2026 09:33:14.247 [547915821280] DEBUG - Network change.
Jun 29, 2026 09:33:14.247 [547915821280] DEBUG - NetworkInterface: Notified of network changed (force=0)
Jun 29, 2026 09:33:14.248 [547915821280] DEBUG - Network change notification but nothing changed.
Jun 29, 2026 09:33:14.248 [547915821280] DEBUG - NetworkInterface: received Netlink message len=440, type=RTM_NEWLINK, flags=0x0
Jun 29, 2026 09:33:14.248 [547915821280] DEBUG - NetworkInterface: Netlink information message family=7, type=1, index=1191, flags=0x11043, change=0x0
Jun 29, 2026 09:33:14.248 [547915821280] DEBUG - Network change.
Jun 29, 2026 09:33:14.248 [547915821280] DEBUG - NetworkInterface: Notified of network changed (force=0)
Jun 29, 2026 09:33:14.249 [547915821280] DEBUG - Network change notification but nothing changed.
Jun 29, 2026 09:33:14.249 [547915821280] DEBUG - NetworkInterface: received Netlink message len=440, type=RTM_NEWLINK, flags=0x0
Jun 29, 2026 09:33:14.249 [547915821280] DEBUG - NetworkInterface: Netlink information message family=7, type=1, index=1191, flags=0x11043, change=0x0
Jun 29, 2026 09:33:14.249 [547915821280] DEBUG - Network change.
Jun 29, 2026 09:33:14.249 [547915821280] DEBUG - NetworkInterface: Notified of network changed (force=0)
Jun 29, 2026 09:33:14.250 [547915821280] DEBUG - Network change notification but nothing changed.
Jun 29, 2026 09:33:14.250 [547915821280] DEBUG - NetworkInterface: received Netlink message len=1856, type=RTM_NEWLINK, flags=0x0
Jun 29, 2026 09:33:14.250 [547915821280] DEBUG - NetworkInterface: Netlink information message family=0, type=1, index=1191, flags=0x11043, change=0x0
Jun 29, 2026 09:33:14.250 [547915821280] DEBUG - Network change.
Jun 29, 2026 09:33:14.250 [547915821280] DEBUG - NetworkInterface: Notified of network changed (force=0)
Jun 29, 2026 09:33:14.251 [547915821280] DEBUG - Network change notification but nothing changed.
Jun 29, 2026 09:33:14.251 [547915821280] DEBUG - NetworkInterface: received Netlink message len=1916, type=RTM_NEWLINK, flags=0x0
Jun 29, 2026 09:33:14.251 [547915821280] DEBUG - NetworkInterface: Netlink information message family=0, type=1, index=4, flags=0x11043, change=0x0
Jun 29, 2026 09:33:14.251 [547915821280] DEBUG - Network change.
Jun 29, 2026 09:33:14.251 [547915821280] DEBUG - NetworkInterface: Notified of network changed (force=0)
Jun 29, 2026 09:33:14.252 [547915821280] DEBUG - Network change notification but nothing changed.
Jun 29, 2026 09:33:14.322 [547915821280] DEBUG - NetworkInterface: received Netlink message len=1500, type=RTM_NEWLINK, flags=0x0
Jun 29, 2026 09:33:14.322 [547915821280] DEBUG - NetworkInterface: Netlink information message family=0, type=1, index=1190, flags=0x1002, change=0x41
Jun 29, 2026 09:33:14.322 [547915821280] DEBUG - Network change.
Jun 29, 2026 09:33:14.322 [547915821280] DEBUG - NetworkInterface: Notified of network changed (force=0)
Jun 29, 2026 09:33:14.330 [547915821280] DEBUG - Network change notification but nothing changed.
Jun 29, 2026 09:33:14.330 [547915821280] DEBUG - NetworkInterface: received Netlink message len=1856, type=RTM_NEWLINK, flags=0x0
Jun 29, 2026 09:33:14.330 [547915821280] DEBUG - NetworkInterface: Netlink information message family=0, type=1, index=1191, flags=0x1002, change=0x41
Jun 29, 2026 09:33:14.330 [547915821280] DEBUG - Network change.
Jun 29, 2026 09:33:14.330 [547915821280] DEBUG - NetworkInterface: Notified of network changed (force=0)
Jun 29, 2026 09:33:14.331 [547915821280] DEBUG - Network change notification but nothing changed.
Jun 29, 2026 09:33:14.331 [547915821280] DEBUG - NetworkInterface: received Netlink message len=440, type=RTM_NEWLINK, flags=0x0
Jun 29, 2026 09:33:14.331 [547915821280] DEBUG - NetworkInterface: Netlink information message family=7, type=1, index=1191, flags=0x1002, change=0x0
Jun 29, 2026 09:33:14.331 [547915821280] DEBUG - Network change.
Jun 29, 2026 09:33:14.331 [547915821280] DEBUG - NetworkInterface: Notified of network changed (force=0)
Jun 29, 2026 09:33:14.333 [547915821280] DEBUG - Network change notification but nothing changed.
Jun 29, 2026 09:33:14.333 [547915821280] DEBUG - NetworkInterface: received Netlink message len=688, type=RTM_DELLINK, flags=0x0
Jun 29, 2026 09:33:14.333 [547915821280] DEBUG - NetworkInterface: Netlink information message family=0, type=1, index=1190, flags=0x1002, change=0xffffffff
Jun 29, 2026 09:33:14.333 [547915821280] DEBUG - NetworkInterface: received Netlink message len=440, type=RTM_NEWLINK, flags=0x0
Jun 29, 2026 09:33:14.333 [547915821280] DEBUG - NetworkInterface: Netlink information message family=7, type=1, index=1191, flags=0x1002, change=0x0
Jun 29, 2026 09:33:14.333 [547915821280] DEBUG - Network change.
Jun 29, 2026 09:33:14.333 [547915821280] DEBUG - NetworkInterface: Notified of network changed (force=0)
Jun 29, 2026 09:33:14.334 [547915821280] DEBUG - Network change notification but nothing changed.
Jun 29, 2026 09:33:14.334 [547915821280] DEBUG - NetworkInterface: received Netlink message len=104, type=RTM_DELLINK, flags=0x0
Jun 29, 2026 09:33:14.334 [547915821280] DEBUG - NetworkInterface: Netlink information message family=7, type=1, index=1191, flags=0x1002, change=0x0
Jun 29, 2026 09:33:14.334 [547915821280] DEBUG - NetworkInterface: received Netlink message len=1924, type=RTM_NEWLINK, flags=0x0
Jun 29, 2026 09:33:14.334 [547915821280] DEBUG - NetworkInterface: Netlink information message family=0, type=1, index=4, flags=0x1043, change=0x0
Jun 29, 2026 09:33:14.334 [547915821280] DEBUG - Network change.
Jun 29, 2026 09:33:14.334 [547915821280] DEBUG - NetworkInterface: Notified of network changed (force=0)
Jun 29, 2026 09:33:14.335 [547915821280] DEBUG - Network change notification but nothing changed.
Jun 29, 2026 09:33:14.335 [547915821280] DEBUG - NetworkInterface: received Netlink message len=688, type=RTM_DELLINK, flags=0x0
Jun 29, 2026 09:33:14.335 [547915821280] DEBUG - NetworkInterface: Netlink information message family=0, type=1, index=1191, flags=0x1002, change=0xffffffff
Jun 29, 2026 09:33:14.335 [547915821280] DEBUG - NetworkInterface: received Netlink message len=1916, type=RTM_NEWLINK, flags=0x0
Jun 29, 2026 09:33:14.335 [547915821280] DEBUG - NetworkInterface: Netlink information message family=0, type=1, index=4, flags=0x1003, change=0x0
Jun 29, 2026 09:33:14.335 [547915821280] DEBUG - Network change.
Jun 29, 2026 09:33:14.335 [547915821280] DEBUG - NetworkInterface: Notified of network changed (force=0)
Jun 29, 2026 09:33:14.336 [547915821280] DEBUG - Network change notification but nothing changed.
Jun 29, 2026 09:33:35.034 [547915821280] DEBUG - NetworkInterface: received Netlink message len=1500, type=RTM_NEWLINK, flags=0x0
Jun 29, 2026 09:33:35.034 [547915821280] DEBUG - NetworkInterface: Netlink information message family=0, type=1, index=1192, flags=0x1002, change=0xffffffff
Jun 29, 2026 09:33:35.034 [547915821280] DEBUG - Network change.
Jun 29, 2026 09:33:35.034 [547915821280] DEBUG - NetworkInterface: Notified of network changed (force=0)
Jun 29, 2026 09:33:35.051 [547915821280] DEBUG - Network change notification but nothing changed.
Jun 29, 2026 09:33:35.053 [547915821280] DEBUG - NetworkInterface: received Netlink message len=1500, type=RTM_NEWLINK, flags=0x0
Jun 29, 2026 09:33:35.053 [547915821280] DEBUG - NetworkInterface: Netlink information message family=0, type=1, index=1193, flags=0x1002, change=0xffffffff
Jun 29, 2026 09:33:35.053 [547915821280] DEBUG - Network change.
Jun 29, 2026 09:33:35.053 [547915821280] DEBUG - NetworkInterface: Notified of network changed (force=0)
Jun 29, 2026 09:33:35.056 [547915821280] DEBUG - Network change notification but nothing changed.
Jun 29, 2026 09:33:35.056 [547915821280] DEBUG - NetworkInterface: received Netlink message len=1856, type=RTM_NEWLINK, flags=0x0
Jun 29, 2026 09:33:35.057 [547915821280] DEBUG - NetworkInterface: Netlink information message family=0, type=1, index=1193, flags=0x1002, change=0x0
Jun 29, 2026 09:33:35.057 [547915821280] DEBUG - Network change.
Jun 29, 2026 09:33:35.057 [547915821280] DEBUG - NetworkInterface: Notified of network changed (force=0)
Jun 29, 2026 09:33:35.059 [547915821280] DEBUG - Network change notification but nothing changed.
Jun 29, 2026 09:33:35.060 [547915821280] DEBUG - NetworkInterface: received Netlink message len=1856, type=RTM_NEWLINK, flags=0x0
Jun 29, 2026 09:33:35.060 [547915821280] DEBUG - NetworkInterface: Netlink information message family=0, type=1, index=1193, flags=0x1002, change=0x100
Jun 29, 2026 09:33:35.060 [547915821280] DEBUG - Network change.
Jun 29, 2026 09:33:35.060 [547915821280] DEBUG - NetworkInterface: Notified of network changed (force=0)
Jun 29, 2026 09:33:35.062 [547915821280] DEBUG - Network change notification but nothing changed.
Jun 29, 2026 09:33:35.063 [547915821280] DEBUG - NetworkInterface: received Netlink message len=440, type=RTM_NEWLINK, flags=0x0
Jun 29, 2026 09:33:35.063 [547915821280] DEBUG - NetworkInterface: Netlink information message family=7, type=1, index=1193, flags=0x1002, change=0x0
Jun 29, 2026 09:33:35.063 [547915821280] DEBUG - Network change.
Jun 29, 2026 09:33:35.063 [547915821280] DEBUG - NetworkInterface: Notified of network changed (force=0)
Jun 29, 2026 09:33:35.066 [547915821280] DEBUG - Network change notification but nothing changed.
Jun 29, 2026 09:33:35.066 [547915821280] DEBUG - NetworkInterface: received Netlink message len=1856, type=RTM_NEWLINK, flags=0x0
Jun 29, 2026 09:33:35.066 [547915821280] DEBUG - NetworkInterface: Netlink information message family=0, type=1, index=1193, flags=0x1003, change=0x1
Jun 29, 2026 09:33:35.067 [547915821280] DEBUG - Network change.
Jun 29, 2026 09:33:35.067 [547915821280] DEBUG - NetworkInterface: Notified of network changed (force=0)
Jun 29, 2026 09:33:35.068 [547915821280] DEBUG - Network change notification but nothing changed.
Jun 29, 2026 09:33:35.068 [547915821280] DEBUG - NetworkInterface: received Netlink message len=440, type=RTM_NEWLINK, flags=0x0
Jun 29, 2026 09:33:35.068 [547915821280] DEBUG - NetworkInterface: Netlink information message family=7, type=1, index=1193, flags=0x1003, change=0x0
Jun 29, 2026 09:33:35.068 [547915821280] DEBUG - Network change.
Jun 29, 2026 09:33:35.068 [547915821280] DEBUG - NetworkInterface: Notified of network changed (force=0)
Jun 29, 2026 09:33:35.072 [547915821280] DEBUG - Network change notification but nothing changed.
Jun 29, 2026 09:33:35.105 [547915821280] DEBUG - NetworkInterface: received Netlink message len=1500, type=RTM_NEWLINK, flags=0x0
Jun 29, 2026 09:33:35.105 [547915821280] DEBUG - NetworkInterface: Netlink information message family=0, type=1, index=1192, flags=0x11003, change=0x1
Jun 29, 2026 09:33:35.105 [547915821280] DEBUG - Network change.
Jun 29, 2026 09:33:35.105 [547915821280] DEBUG - NetworkInterface: Notified of network changed (force=0)
Jun 29, 2026 09:33:35.106 [547915821280] DEBUG - Network change notification but nothing changed.
Jun 29, 2026 09:33:35.111 [547915821280] DEBUG - NetworkInterface: received Netlink message len=1500, type=RTM_NEWLINK, flags=0x0
Jun 29, 2026 09:33:35.111 [547915821280] DEBUG - NetworkInterface: Netlink information message family=0, type=1, index=1192, flags=0x11043, change=0x0
Jun 29, 2026 09:33:35.111 [547915821280] DEBUG - Network change.
Jun 29, 2026 09:33:35.111 [547915821280] DEBUG - NetworkInterface: Notified of network changed (force=0)
Jun 29, 2026 09:33:35.112 [547915821280] DEBUG - Network change notification but nothing changed.
Jun 29, 2026 09:33:35.112 [547915821280] DEBUG - NetworkInterface: received Netlink message len=440, type=RTM_NEWLINK, flags=0x0
Jun 29, 2026 09:33:35.112 [547915821280] DEBUG - NetworkInterface: Netlink information message family=7, type=1, index=1193, flags=0x11043, change=0x0
Jun 29, 2026 09:33:35.112 [547915821280] DEBUG - Network change.
Jun 29, 2026 09:33:35.112 [547915821280] DEBUG - NetworkInterface: Notified of network changed (force=0)
Jun 29, 2026 09:33:35.114 [547915821280] DEBUG - Network change notification but nothing changed.
Jun 29, 2026 09:33:35.117 [547915821280] DEBUG - NetworkInterface: received Netlink message len=440, type=RTM_NEWLINK, flags=0x0
Jun 29, 2026 09:33:35.117 [547915821280] DEBUG - NetworkInterface: Netlink information message family=7, type=1, index=1193, flags=0x11043, change=0x0
Jun 29, 2026 09:33:35.117 [547915821280] DEBUG - Network change.
Jun 29, 2026 09:33:35.118 [547915821280] DEBUG - NetworkInterface: Notified of network changed (force=0)
Jun 29, 2026 09:33:35.123 [547915821280] DEBUG - Network change notification but nothing changed.
Jun 29, 2026 09:33:35.125 [547915821280] DEBUG - NetworkInterface: received Netlink message len=1856, type=RTM_NEWLINK, flags=0x0
Jun 29, 2026 09:33:35.125 [547915821280] DEBUG - NetworkInterface: Netlink information message family=0, type=1, index=1193, flags=0x11043, change=0x0
Jun 29, 2026 09:33:35.125 [547915821280] DEBUG - Network change.
Jun 29, 2026 09:33:35.125 [547915821280] DEBUG - NetworkInterface: Notified of network changed (force=0)
Jun 29, 2026 09:33:35.126 [547915821280] DEBUG - Network change notification but nothing changed.
Jun 29, 2026 09:33:36.193 [547915821280] DEBUG - NetworkInterface: received Netlink message len=1500, type=RTM_NEWLINK, flags=0x0
Jun 29, 2026 09:33:36.193 [547915821280] DEBUG - NetworkInterface: Netlink information message family=0, type=1, index=1192, flags=0x1002, change=0x41
Jun 29, 2026 09:33:36.193 [547915821280] DEBUG - Network change.
Jun 29, 2026 09:33:36.193 [547915821280] DEBUG - NetworkInterface: Notified of network changed (force=0)
Jun 29, 2026 09:33:36.223 [547915821280] DEBUG - Network change notification but nothing changed.
Jun 29, 2026 09:33:36.223 [547915821280] DEBUG - NetworkInterface: received Netlink message len=704, type=RTM_DELLINK, flags=0x0
Jun 29, 2026 09:33:36.223 [547915821280] DEBUG - NetworkInterface: Netlink information message family=0, type=1, index=1192, flags=0x1002, change=0xffffffff
Jun 29, 2026 09:33:36.223 [547915821280] DEBUG - NetworkInterface: received Netlink message len=440, type=RTM_NEWLINK, flags=0x0
Jun 29, 2026 09:33:36.223 [547915821280] DEBUG - NetworkInterface: Netlink information message family=7, type=1, index=1193, flags=0x1003, change=0x0
Jun 29, 2026 09:33:36.223 [547915821280] DEBUG - Network change.
Jun 29, 2026 09:33:36.223 [547915821280] DEBUG - NetworkInterface: Notified of network changed (force=0)
Jun 29, 2026 09:33:36.226 [547915821280] DEBUG - Network change notification but nothing changed.
Jun 29, 2026 09:33:36.226 [547915821280] DEBUG - NetworkInterface: received Netlink message len=1864, type=RTM_NEWLINK, flags=0x0
Jun 29, 2026 09:33:36.226 [547915821280] DEBUG - NetworkInterface: Netlink information message family=0, type=1, index=1193, flags=0x1003, change=0x0
Jun 29, 2026 09:33:36.226 [547915821280] DEBUG - Network change.
Jun 29, 2026 09:33:36.226 [547915821280] DEBUG - NetworkInterface: Notified of network changed (force=0)
Jun 29, 2026 09:33:36.227 [547915821280] DEBUG - Network change notification but nothing changed.
Jun 29, 2026 09:33:36.227 [547915821280] DEBUG - NetworkInterface: received Netlink message len=440, type=RTM_NEWLINK, flags=0x0
Jun 29, 2026 09:33:36.227 [547915821280] DEBUG - NetworkInterface: Netlink information message family=7, type=1, index=1193, flags=0x11043, change=0x0
Jun 29, 2026 09:33:36.227 [547915821280] DEBUG - Network change.
Jun 29, 2026 09:33:36.227 [547915821280] DEBUG - NetworkInterface: Notified of network changed (force=0)
Jun 29, 2026 09:33:36.228 [547915821280] DEBUG - Network change notification but nothing changed.
Jun 29, 2026 09:33:36.228 [547915821280] DEBUG - NetworkInterface: received Netlink message len=440, type=RTM_NEWLINK, flags=0x0
Jun 29, 2026 09:33:36.228 [547915821280] DEBUG - NetworkInterface: Netlink information message family=7, type=1, index=1193, flags=0x11043, change=0x0
Jun 29, 2026 09:33:36.228 [547915821280] DEBUG - Network change.
Jun 29, 2026 09:33:36.228 [547915821280] DEBUG - NetworkInterface: Notified of network changed (force=0)
Jun 29, 2026 09:33:36.229 [547915821280] DEBUG - Network change notification but nothing changed.
Jun 29, 2026 09:33:36.229 [547915821280] DEBUG - NetworkInterface: received Netlink message len=1864, type=RTM_NEWLINK, flags=0x0
Jun 29, 2026 09:33:36.229 [547915821280] DEBUG - NetworkInterface: Netlink information message family=0, type=1, index=1193, flags=0x11043, change=0x0
Jun 29, 2026 09:33:36.229 [547915821280] DEBUG - Network change.
Jun 29, 2026 09:33:36.229 [547915821280] DEBUG - NetworkInterface: Notified of network changed (force=0)
Jun 29, 2026 09:33:36.230 [547915821280] DEBUG - Network change notification but nothing changed.
Jun 29, 2026 09:33:38.634 [547915821280] DEBUG - NetworkInterface: received Netlink message len=440, type=RTM_NEWLINK, flags=0x0
Jun 29, 2026 09:33:38.634 [547915821280] DEBUG - NetworkInterface: Netlink information message family=7, type=1, index=1193, flags=0x1003, change=0x0
Jun 29, 2026 09:33:38.634 [547915821280] DEBUG - Network change.
Jun 29, 2026 09:33:38.634 [547915821280] DEBUG - NetworkInterface: Notified of network changed (force=0)
Jun 29, 2026 09:33:38.650 [547915821280] DEBUG - Network change notification but nothing changed.
Jun 29, 2026 09:33:38.650 [547915821280] DEBUG - NetworkInterface: received Netlink message len=1864, type=RTM_NEWLINK, flags=0x0
Jun 29, 2026 09:33:38.650 [547915821280] DEBUG - NetworkInterface: Netlink information message family=0, type=1, index=1193, flags=0x1003, change=0x0
Jun 29, 2026 09:33:38.650 [547915821280] DEBUG - Network change.
Jun 29, 2026 09:33:38.650 [547915821280] DEBUG - NetworkInterface: Notified of network changed (force=0)
Jun 29, 2026 09:33:38.651 [547915821280] DEBUG - Network change notification but nothing changed.
Jun 29, 2026 09:33:38.651 [547915821280] DEBUG - NetworkInterface: received Netlink message len=1500, type=RTM_NEWLINK, flags=0x0
Jun 29, 2026 09:33:38.651 [547915821280] DEBUG - NetworkInterface: Netlink information message family=0, type=1, index=1192, flags=0x1002, change=0xffffffff
Jun 29, 2026 09:33:38.651 [547915821280] DEBUG - Network change.
Jun 29, 2026 09:33:38.651 [547915821280] DEBUG - NetworkInterface: Notified of network changed (force=0)
Jun 29, 2026 09:33:38.652 [547915821280] DEBUG - Network change notification but nothing changed.
Jun 29, 2026 09:33:38.675 [547915821280] DEBUG - NetworkInterface: received Netlink message len=1500, type=RTM_NEWLINK, flags=0x0
Jun 29, 2026 09:33:38.675 [547915821280] DEBUG - NetworkInterface: Netlink information message family=0, type=1, index=1192, flags=0x11003, change=0x1
Jun 29, 2026 09:33:38.675 [547915821280] DEBUG - Network change.
Jun 29, 2026 09:33:38.675 [547915821280] DEBUG - NetworkInterface: Notified of network changed (force=0)
Jun 29, 2026 09:33:38.677 [547915821280] DEBUG - Network change notification but nothing changed.
Jun 29, 2026 09:33:38.677 [547915821280] DEBUG - NetworkInterface: received Netlink message len=1500, type=RTM_NEWLINK, flags=0x0
Jun 29, 2026 09:33:38.677 [547915821280] DEBUG - NetworkInterface: Netlink information message family=0, type=1, index=1192, flags=0x11043, change=0x0
Jun 29, 2026 09:33:38.677 [547915821280] DEBUG - Network change.
Jun 29, 2026 09:33:38.677 [547915821280] DEBUG - NetworkInterface: Notified of network changed (force=0)
Jun 29, 2026 09:33:38.678 [547915821280] DEBUG - Network change notification but nothing changed.
Jun 29, 2026 09:33:38.678 [547915821280] DEBUG - NetworkInterface: received Netlink message len=440, type=RTM_NEWLINK, flags=0x0
Jun 29, 2026 09:33:38.678 [547915821280] DEBUG - NetworkInterface: Netlink information message family=7, type=1, index=1193, flags=0x11043, change=0x0
Jun 29, 2026 09:33:38.678 [547915821280] DEBUG - Network change.
Jun 29, 2026 09:33:38.678 [547915821280] DEBUG - NetworkInterface: Notified of network changed (force=0)
Jun 29, 2026 09:33:38.678 [547915821280] DEBUG - Network change notification but nothing changed.
Jun 29, 2026 09:33:38.678 [547915821280] DEBUG - NetworkInterface: received Netlink message len=440, type=RTM_NEWLINK, flags=0x0
Jun 29, 2026 09:33:38.678 [547915821280] DEBUG - NetworkInterface: Netlink information message family=7, type=1, index=1193, flags=0x11043, change=0x0
Jun 29, 2026 09:33:38.678 [547915821280] DEBUG - Network change.
Jun 29, 2026 09:33:38.678 [547915821280] DEBUG - NetworkInterface: Notified of network changed (force=0)
Jun 29, 2026 09:33:38.679 [547915821280] DEBUG - Network change notification but nothing changed.
Jun 29, 2026 09:33:38.679 [547915821280] DEBUG - NetworkInterface: received Netlink message len=1856, type=RTM_NEWLINK, flags=0x0
Jun 29, 2026 09:33:38.679 [547915821280] DEBUG - NetworkInterface: Netlink information message family=0, type=1, index=1193, flags=0x11043, change=0x0
Jun 29, 2026 09:33:38.679 [547915821280] DEBUG - Network change.
Jun 29, 2026 09:33:38.679 [547915821280] DEBUG - NetworkInterface: Notified of network changed (force=0)
Jun 29, 2026 09:33:38.680 [547915821280] DEBUG - Network change notification but nothing changed.
Jun 29, 2026 09:33:38.745 [547915821280] DEBUG - NetworkInterface: received Netlink message len=1500, type=RTM_NEWLINK, flags=0x0
Jun 29, 2026 09:33:38.745 [547915821280] DEBUG - NetworkInterface: Netlink information message family=0, type=1, index=1192, flags=0x1002, change=0x41
Jun 29, 2026 09:33:38.745 [547915821280] DEBUG - Network change.
Jun 29, 2026 09:33:38.745 [547915821280] DEBUG - NetworkInterface: Notified of network changed (force=0)
Jun 29, 2026 09:33:38.754 [547915821280] DEBUG - Network change notification but nothing changed.
Jun 29, 2026 09:33:38.754 [547915821280] DEBUG - NetworkInterface: received Netlink message len=1856, type=RTM_NEWLINK, flags=0x0
Jun 29, 2026 09:33:38.754 [547915821280] DEBUG - NetworkInterface: Netlink information message family=0, type=1, index=1193, flags=0x1002, change=0x41
Jun 29, 2026 09:33:38.754 [547915821280] DEBUG - Network change.
Jun 29, 2026 09:33:38.754 [547915821280] DEBUG - NetworkInterface: Notified of network changed (force=0)
Jun 29, 2026 09:33:38.755 [547915821280] DEBUG - Network change notification but nothing changed.
Jun 29, 2026 09:33:38.755 [547915821280] DEBUG - NetworkInterface: received Netlink message len=440, type=RTM_NEWLINK, flags=0x0
Jun 29, 2026 09:33:38.755 [547915821280] DEBUG - NetworkInterface: Netlink information message family=7, type=1, index=1193, flags=0x1002, change=0x0
Jun 29, 2026 09:33:38.755 [547915821280] DEBUG - Network change.
Jun 29, 2026 09:33:38.755 [547915821280] DEBUG - NetworkInterface: Notified of network changed (force=0)
Jun 29, 2026 09:33:38.757 [547915821280] DEBUG - Network change notification but nothing changed.
Jun 29, 2026 09:33:38.757 [547915821280] DEBUG - NetworkInterface: received Netlink message len=688, type=RTM_DELLINK, flags=0x0
Jun 29, 2026 09:33:38.757 [547915821280] DEBUG - NetworkInterface: Netlink information message family=0, type=1, index=1192, flags=0x1002, change=0xffffffff
Jun 29, 2026 09:33:38.757 [547915821280] DEBUG - NetworkInterface: received Netlink message len=440, type=RTM_NEWLINK, flags=0x0
Jun 29, 2026 09:33:38.757 [547915821280] DEBUG - NetworkInterface: Netlink information message family=7, type=1, index=1193, flags=0x1002, change=0x0
Jun 29, 2026 09:33:38.757 [547915821280] DEBUG - Network change.
Jun 29, 2026 09:33:38.757 [547915821280] DEBUG - NetworkInterface: Notified of network changed (force=0)
Jun 29, 2026 09:33:38.758 [547915821280] DEBUG - Network change notification but nothing changed.
Jun 29, 2026 09:33:38.758 [547915821280] DEBUG - NetworkInterface: received Netlink message len=104, type=RTM_DELLINK, flags=0x0
Jun 29, 2026 09:33:38.758 [547915821280] DEBUG - NetworkInterface: Netlink information message family=7, type=1, index=1193, flags=0x1002, change=0x0
Jun 29, 2026 09:33:38.758 [547915821280] DEBUG - NetworkInterface: received Netlink message len=688, type=RTM_DELLINK, flags=0x0
Jun 29, 2026 09:33:38.758 [547915821280] DEBUG - NetworkInterface: Netlink information message family=0, type=1, index=1193, flags=0x1002, change=0xffffffff
Jun 29, 2026 09:33:47.568 [547913711840] DEBUG - [NSB/SSDP] Parsing SSDP schema for http://192.168.1.1:49152/wps_device.xml
Jun 29, 2026 09:34:02.583 [547941388512] DEBUG - [HttpClient/HCl#39] HTTP simulating 408 after curl timeout
Jun 29, 2026 09:34:29.853 [547915821280] DEBUG - NetworkInterface: received Netlink message len=64, type=RTM_NEWLINK, flags=0x0
Jun 29, 2026 09:34:29.853 [547915821280] DEBUG - NetworkInterface: Netlink information message family=0, type=1, index=3, flags=0x11043, change=0x0
Jun 29, 2026 09:34:29.853 [547915821280] DEBUG - Network change.
Jun 29, 2026 09:34:29.853 [547915821280] DEBUG - NetworkInterface: Notified of network changed (force=0)
Jun 29, 2026 09:34:29.854 [547915821280] DEBUG - Network change notification but nothing changed.
Jun 29, 2026 09:34:38.430 [547915821280] DEBUG - NetworkInterface: received Netlink message len=1500, type=RTM_NEWLINK, flags=0x0
Jun 29, 2026 09:34:38.430 [547915821280] DEBUG - NetworkInterface: Netlink information message family=0, type=1, index=1194, flags=0x1002, change=0xffffffff
Jun 29, 2026 09:34:38.430 [547915821280] DEBUG - Network change.
Jun 29, 2026 09:34:38.430 [547915821280] DEBUG - NetworkInterface: Notified of network changed (force=0)
Jun 29, 2026 09:34:38.431 [547915821280] DEBUG - Network change notification but nothing changed.
Jun 29, 2026 09:34:38.431 [547915821280] DEBUG - NetworkInterface: received Netlink message len=1500, type=RTM_NEWLINK, flags=0x0
Jun 29, 2026 09:34:38.431 [547915821280] DEBUG - NetworkInterface: Netlink information message family=0, type=1, index=1195, flags=0x1002, change=0xffffffff
Jun 29, 2026 09:34:38.431 [547915821280] DEBUG - Network change.
Jun 29, 2026 09:34:38.431 [547915821280] DEBUG - NetworkInterface: Notified of network changed (force=0)
Jun 29, 2026 09:34:38.432 [547915821280] DEBUG - Network change notification but nothing changed.
Jun 29, 2026 09:34:38.434 [547915821280] DEBUG - NetworkInterface: received Netlink message len=1856, type=RTM_NEWLINK, flags=0x0
Jun 29, 2026 09:34:38.434 [547915821280] DEBUG - NetworkInterface: Netlink information message family=0, type=1, index=1195, flags=0x1002, change=0x0
Jun 29, 2026 09:34:38.434 [547915821280] DEBUG - Network change.
Jun 29, 2026 09:34:38.434 [547915821280] DEBUG - NetworkInterface: Notified of network changed (force=0)
Jun 29, 2026 09:34:38.436 [547915821280] DEBUG - Network change notification but nothing changed.
Jun 29, 2026 09:34:38.436 [547915821280] DEBUG - NetworkInterface: received Netlink message len=1856, type=RTM_NEWLINK, flags=0x0
Jun 29, 2026 09:34:38.436 [547915821280] DEBUG - NetworkInterface: Netlink information message family=0, type=1, index=1195, flags=0x1002, change=0x100
Jun 29, 2026 09:34:38.436 [547915821280] DEBUG - Network change.
Jun 29, 2026 09:34:38.436 [547915821280] DEBUG - NetworkInterface: Notified of network changed (force=0)
Jun 29, 2026 09:34:38.437 [547915821280] DEBUG - Network change notification but nothing changed.
Jun 29, 2026 09:34:38.437 [547915821280] DEBUG - NetworkInterface: received Netlink message len=440, type=RTM_NEWLINK, flags=0x0
Jun 29, 2026 09:34:38.437 [547915821280] DEBUG - NetworkInterface: Netlink information message family=7, type=1, index=1195, flags=0x1002, change=0x0
Jun 29, 2026 09:34:38.437 [547915821280] DEBUG - Network change.
Jun 29, 2026 09:34:38.437 [547915821280] DEBUG - NetworkInterface: Notified of network changed (force=0)
Jun 29, 2026 09:34:38.438 [547915821280] DEBUG - Network change notification but nothing changed.
Jun 29, 2026 09:34:38.438 [547915821280] DEBUG - NetworkInterface: received Netlink message len=1856, type=RTM_NEWLINK, flags=0x0
Jun 29, 2026 09:34:38.438 [547915821280] DEBUG - NetworkInterface: Netlink information message family=0, type=1, index=1195, flags=0x1003, change=0x1
Jun 29, 2026 09:34:38.438 [547915821280] DEBUG - Network change.
Jun 29, 2026 09:34:38.438 [547915821280] DEBUG - NetworkInterface: Notified of network changed (force=0)
Jun 29, 2026 09:34:38.440 [547915821280] DEBUG - Network change notification but nothing changed.
Jun 29, 2026 09:34:38.440 [547915821280] DEBUG - NetworkInterface: received Netlink message len=440, type=RTM_NEWLINK, flags=0x0
Jun 29, 2026 09:34:38.440 [547915821280] DEBUG - NetworkInterface: Netlink information message family=7, type=1, index=1195, flags=0x1003, change=0x0
Jun 29, 2026 09:34:38.440 [547915821280] DEBUG - Network change.
Jun 29, 2026 09:34:38.440 [547915821280] DEBUG - NetworkInterface: Notified of network changed (force=0)
Jun 29, 2026 09:34:38.440 [547915821280] DEBUG - Network change notification but nothing changed.
Jun 29, 2026 09:34:38.482 [547915821280] DEBUG - NetworkInterface: received Netlink message len=1500, type=RTM_NEWLINK, flags=0x0
Jun 29, 2026 09:34:38.482 [547915821280] DEBUG - NetworkInterface: Netlink information message family=0, type=1, index=1194, flags=0x11003, change=0x1
Jun 29, 2026 09:34:38.482 [547915821280] DEBUG - Network change.
Jun 29, 2026 09:34:38.482 [547915821280] DEBUG - NetworkInterface: Notified of network changed (force=0)
Jun 29, 2026 09:34:38.486 [547915821280] DEBUG - Network change notification but nothing changed.
Jun 29, 2026 09:34:38.486 [547915821280] DEBUG - NetworkInterface: received Netlink message len=1500, type=RTM_NEWLINK, flags=0x0
Jun 29, 2026 09:34:38.486 [547915821280] DEBUG - NetworkInterface: Netlink information message family=0, type=1, index=1194, flags=0x11043, change=0x0
Jun 29, 2026 09:34:38.486 [547915821280] DEBUG - Network change.
Jun 29, 2026 09:34:38.486 [547915821280] DEBUG - NetworkInterface: Notified of network changed (force=0)
Jun 29, 2026 09:34:38.487 [547915821280] DEBUG - Network change notification but nothing changed.
Jun 29, 2026 09:34:38.487 [547915821280] DEBUG - NetworkInterface: received Netlink message len=440, type=RTM_NEWLINK, flags=0x0
Jun 29, 2026 09:34:38.487 [547915821280] DEBUG - NetworkInterface: Netlink information message family=7, type=1, index=1195, flags=0x11043, change=0x0
Jun 29, 2026 09:34:38.487 [547915821280] DEBUG - Network change.
Jun 29, 2026 09:34:38.487 [547915821280] DEBUG - NetworkInterface: Notified of network changed (force=0)
Jun 29, 2026 09:34:38.488 [547915821280] DEBUG - Network change notification but nothing changed.
Jun 29, 2026 09:34:38.488 [547915821280] DEBUG - NetworkInterface: received Netlink message len=440, type=RTM_NEWLINK, flags=0x0
Jun 29, 2026 09:34:38.488 [547915821280] DEBUG - NetworkInterface: Netlink information message family=7, type=1, index=1195, flags=0x11043, change=0x0
Jun 29, 2026 09:34:38.488 [547915821280] DEBUG - Network change.
Jun 29, 2026 09:34:38.488 [547915821280] DEBUG - NetworkInterface: Notified of network changed (force=0)
Jun 29, 2026 09:34:38.489 [547915821280] DEBUG - Network change notification but nothing changed.
Jun 29, 2026 09:34:38.489 [547915821280] DEBUG - NetworkInterface: received Netlink message len=1856, type=RTM_NEWLINK, flags=0x0
Jun 29, 2026 09:34:38.489 [547915821280] DEBUG - NetworkInterface: Netlink information message family=0, type=1, index=1195, flags=0x11043, change=0x0
Jun 29, 2026 09:34:38.489 [547915821280] DEBUG - Network change.
Jun 29, 2026 09:34:38.489 [547915821280] DEBUG - NetworkInterface: Notified of network changed (force=0)
Jun 29, 2026 09:34:38.489 [547915821280] DEBUG - Network change notification but nothing changed.
Jun 29, 2026 09:34:39.253 [547915821280] DEBUG - NetworkInterface: received Netlink message len=1500, type=RTM_NEWLINK, flags=0x0
Jun 29, 2026 09:34:39.253 [547915821280] DEBUG - NetworkInterface: Netlink information message family=0, type=1, index=1194, flags=0x1002, change=0x41
Jun 29, 2026 09:34:39.253 [547915821280] DEBUG - Network change.
Jun 29, 2026 09:34:39.253 [547915821280] DEBUG - NetworkInterface: Notified of network changed (force=0)
Jun 29, 2026 09:34:39.294 [547915821280] DEBUG - Network change notification but nothing changed.
Jun 29, 2026 09:34:39.294 [547915821280] DEBUG - NetworkInterface: received Netlink message len=704, type=RTM_DELLINK, flags=0x0
Jun 29, 2026 09:34:39.294 [547915821280] DEBUG - NetworkInterface: Netlink information message family=0, type=1, index=1194, flags=0x1002, change=0xffffffff
Jun 29, 2026 09:34:39.294 [547915821280] DEBUG - NetworkInterface: received Netlink message len=440, type=RTM_NEWLINK, flags=0x0
Jun 29, 2026 09:34:39.294 [547915821280] DEBUG - NetworkInterface: Netlink information message family=7, type=1, index=1195, flags=0x1003, change=0x0
Jun 29, 2026 09:34:39.294 [547915821280] DEBUG - Network change.
Jun 29, 2026 09:34:39.294 [547915821280] DEBUG - NetworkInterface: Notified of network changed (force=0)
Jun 29, 2026 09:34:39.295 [547915821280] DEBUG - Network change notification but nothing changed.
Jun 29, 2026 09:34:39.295 [547915821280] DEBUG - NetworkInterface: received Netlink message len=1864, type=RTM_NEWLINK, flags=0x0
Jun 29, 2026 09:34:39.295 [547915821280] DEBUG - NetworkInterface: Netlink information message family=0, type=1, index=1195, flags=0x1003, change=0x0
Jun 29, 2026 09:34:39.295 [547915821280] DEBUG - Network change.
Jun 29, 2026 09:34:39.295 [547915821280] DEBUG - NetworkInterface: Notified of network changed (force=0)
Jun 29, 2026 09:34:39.296 [547915821280] DEBUG - Network change notification but nothing changed.
Jun 29, 2026 09:34:39.299 [547915821280] DEBUG - NetworkInterface: received Netlink message len=440, type=RTM_NEWLINK, flags=0x0
Jun 29, 2026 09:34:39.299 [547915821280] DEBUG - NetworkInterface: Netlink information message family=7, type=1, index=1195, flags=0x11043, change=0x0
Jun 29, 2026 09:34:39.299 [547915821280] DEBUG - Network change.
Jun 29, 2026 09:34:39.299 [547915821280] DEBUG - NetworkInterface: Notified of network changed (force=0)
Jun 29, 2026 09:34:39.300 [547915821280] DEBUG - Network change notification but nothing changed.
Jun 29, 2026 09:34:39.300 [547915821280] DEBUG - NetworkInterface: received Netlink message len=440, type=RTM_NEWLINK, flags=0x0
Jun 29, 2026 09:34:39.300 [547915821280] DEBUG - NetworkInterface: Netlink information message family=7, type=1, index=1195, flags=0x11043, change=0x0
Jun 29, 2026 09:34:39.300 [547915821280] DEBUG - Network change.
Jun 29, 2026 09:34:39.300 [547915821280] DEBUG - NetworkInterface: Notified of network changed (force=0)
Jun 29, 2026 09:34:39.301 [547915821280] DEBUG - Network change notification but nothing changed.
Jun 29, 2026 09:34:39.301 [547915821280] DEBUG - NetworkInterface: received Netlink message len=1864, type=RTM_NEWLINK, flags=0x0
Jun 29, 2026 09:34:39.301 [547915821280] DEBUG - NetworkInterface: Netlink information message family=0, type=1, index=1195, flags=0x11043, change=0x0
Jun 29, 2026 09:34:39.301 [547915821280] DEBUG - Network change.
Jun 29, 2026 09:34:39.301 [547915821280] DEBUG - NetworkInterface: Notified of network changed (force=0)
Jun 29, 2026 09:34:39.301 [547915821280] DEBUG - Network change notification but nothing changed.
Jun 29, 2026 09:34:41.715 [547915821280] DEBUG - NetworkInterface: received Netlink message len=440, type=RTM_NEWLINK, flags=0x0
Jun 29, 2026 09:34:41.715 [547915821280] DEBUG - NetworkInterface: Netlink information message family=7, type=1, index=1195, flags=0x1003, change=0x0
Jun 29, 2026 09:34:41.715 [547915821280] DEBUG - Network change.
Jun 29, 2026 09:34:41.715 [547915821280] DEBUG - NetworkInterface: Notified of network changed (force=0)
Jun 29, 2026 09:34:41.746 [547915821280] DEBUG - Network change notification but nothing changed.
Jun 29, 2026 09:34:41.746 [547915821280] DEBUG - NetworkInterface: received Netlink message len=1864, type=RTM_NEWLINK, flags=0x0
Jun 29, 2026 09:34:41.746 [547915821280] DEBUG - NetworkInterface: Netlink information message family=0, type=1, index=1195, flags=0x1003, change=0x0
Jun 29, 2026 09:34:41.746 [547915821280] DEBUG - Network change.
Jun 29, 2026 09:34:41.746 [547915821280] DEBUG - NetworkInterface: Notified of network changed (force=0)
Jun 29, 2026 09:34:41.748 [547915821280] DEBUG - Network change notification but nothing changed.
Jun 29, 2026 09:34:41.748 [547915821280] DEBUG - NetworkInterface: received Netlink message len=1500, type=RTM_NEWLINK, flags=0x0
Jun 29, 2026 09:34:41.748 [547915821280] DEBUG - NetworkInterface: Netlink information message family=0, type=1, index=1194, flags=0x1002, change=0xffffffff
Jun 29, 2026 09:34:41.748 [547915821280] DEBUG - Network change.
Jun 29, 2026 09:34:41.748 [547915821280] DEBUG - NetworkInterface: Notified of network changed (force=0)
Jun 29, 2026 09:34:41.749 [547915821280] DEBUG - Network change notification but nothing changed.
Jun 29, 2026 09:34:41.771 [547915821280] DEBUG - NetworkInterface: received Netlink message len=1500, type=RTM_NEWLINK, flags=0x0
Jun 29, 2026 09:34:41.771 [547915821280] DEBUG - NetworkInterface: Netlink information message family=0, type=1, index=1194, flags=0x11003, change=0x1
Jun 29, 2026 09:34:41.771 [547915821280] DEBUG - Network change.
Jun 29, 2026 09:34:41.771 [547915821280] DEBUG - NetworkInterface: Notified of network changed (force=0)
Jun 29, 2026 09:34:41.772 [547915821280] DEBUG - Network change notification but nothing changed.
Jun 29, 2026 09:34:41.772 [547915821280] DEBUG - NetworkInterface: received Netlink message len=1500, type=RTM_NEWLINK, flags=0x0
Jun 29, 2026 09:34:41.773 [547915821280] DEBUG - NetworkInterface: Netlink information message family=0, type=1, index=1194, flags=0x11043, change=0x0
Jun 29, 2026 09:34:41.773 [547915821280] DEBUG - Network change.
Jun 29, 2026 09:34:41.773 [547915821280] DEBUG - NetworkInterface: Notified of network changed (force=0)
Jun 29, 2026 09:34:41.773 [547915821280] DEBUG - Network change notification but nothing changed.
Jun 29, 2026 09:34:41.773 [547915821280] DEBUG - NetworkInterface: received Netlink message len=440, type=RTM_NEWLINK, flags=0x0
Jun 29, 2026 09:34:41.773 [547915821280] DEBUG - NetworkInterface: Netlink information message family=7, type=1, index=1195, flags=0x11043, change=0x0
Jun 29, 2026 09:34:41.773 [547915821280] DEBUG - Network change.
Jun 29, 2026 09:34:41.773 [547915821280] DEBUG - NetworkInterface: Notified of network changed (force=0)
Jun 29, 2026 09:34:41.774 [547915821280] DEBUG - Network change notification but nothing changed.
Jun 29, 2026 09:34:41.774 [547915821280] DEBUG - NetworkInterface: received Netlink message len=440, type=RTM_NEWLINK, flags=0x0
Jun 29, 2026 09:34:41.774 [547915821280] DEBUG - NetworkInterface: Netlink information message family=7, type=1, index=1195, flags=0x11043, change=0x0
Jun 29, 2026 09:34:41.774 [547915821280] DEBUG - Network change.
Jun 29, 2026 09:34:41.774 [547915821280] DEBUG - NetworkInterface: Notified of network changed (force=0)
Jun 29, 2026 09:34:41.775 [547915821280] DEBUG - Network change notification but nothing changed.
Jun 29, 2026 09:34:41.775 [547915821280] DEBUG - NetworkInterface: received Netlink message len=1856, type=RTM_NEWLINK, flags=0x0
Jun 29, 2026 09:34:41.775 [547915821280] DEBUG - NetworkInterface: Netlink information message family=0, type=1, index=1195, flags=0x11043, change=0x0
Jun 29, 2026 09:34:41.775 [547915821280] DEBUG - Network change.
Jun 29, 2026 09:34:41.775 [547915821280] DEBUG - NetworkInterface: Notified of network changed (force=0)
Jun 29, 2026 09:34:41.776 [547915821280] DEBUG - Network change notification but nothing changed.
Jun 29, 2026 09:34:41.849 [547915821280] DEBUG - NetworkInterface: received Netlink message len=1500, type=RTM_NEWLINK, flags=0x0
Jun 29, 2026 09:34:41.850 [547915821280] DEBUG - NetworkInterface: Netlink information message family=0, type=1, index=1194, flags=0x1002, change=0x41
Jun 29, 2026 09:34:41.851 [547915821280] DEBUG - Network change.
Jun 29, 2026 09:34:41.851 [547915821280] DEBUG - NetworkInterface: Notified of network changed (force=0)
Jun 29, 2026 09:34:41.858 [547915821280] DEBUG - Network change notification but nothing changed.
Jun 29, 2026 09:34:41.858 [547915821280] DEBUG - NetworkInterface: received Netlink message len=1856, type=RTM_NEWLINK, flags=0x0
Jun 29, 2026 09:34:41.858 [547915821280] DEBUG - NetworkInterface: Netlink information message family=0, type=1, index=1195, flags=0x1002, change=0x41
Jun 29, 2026 09:34:41.858 [547915821280] DEBUG - Network change.
Jun 29, 2026 09:34:41.858 [547915821280] DEBUG - NetworkInterface: Notified of network changed (force=0)
Jun 29, 2026 09:34:41.860 [547915821280] DEBUG - Network change notification but nothing changed.
Jun 29, 2026 09:34:41.860 [547915821280] DEBUG - NetworkInterface: received Netlink message len=440, type=RTM_NEWLINK, flags=0x0
Jun 29, 2026 09:34:41.860 [547915821280] DEBUG - NetworkInterface: Netlink information message family=7, type=1, index=1195, flags=0x1002, change=0x0
Jun 29, 2026 09:34:41.860 [547915821280] DEBUG - Network change.
Jun 29, 2026 09:34:41.860 [547915821280] DEBUG - NetworkInterface: Notified of network changed (force=0)
Jun 29, 2026 09:34:41.860 [547915821280] DEBUG - Network change notification but nothing changed.
Jun 29, 2026 09:34:41.860 [547915821280] DEBUG - NetworkInterface: received Netlink message len=688, type=RTM_DELLINK, flags=0x0
Jun 29, 2026 09:34:41.860 [547915821280] DEBUG - NetworkInterface: Netlink information message family=0, type=1, index=1194, flags=0x1002, change=0xffffffff
Jun 29, 2026 09:34:41.860 [547915821280] DEBUG - NetworkInterface: received Netlink message len=440, type=RTM_NEWLINK, flags=0x0
Jun 29, 2026 09:34:41.860 [547915821280] DEBUG - NetworkInterface: Netlink information message family=7, type=1, index=1195, flags=0x1002, change=0x0
Jun 29, 2026 09:34:41.860 [547915821280] DEBUG - Network change.
Jun 29, 2026 09:34:41.860 [547915821280] DEBUG - NetworkInterface: Notified of network changed (force=0)
Jun 29, 2026 09:34:41.861 [547915821280] DEBUG - Network change notification but nothing changed.
Jun 29, 2026 09:34:41.861 [547915821280] DEBUG - NetworkInterface: received Netlink message len=104, type=RTM_DELLINK, flags=0x0
Jun 29, 2026 09:34:41.861 [547915821280] DEBUG - NetworkInterface: Netlink information message family=7, type=1, index=1195, flags=0x1002, change=0x0
Jun 29, 2026 09:34:41.861 [547915821280] DEBUG - NetworkInterface: received Netlink message len=688, type=RTM_DELLINK, flags=0x0
Jun 29, 2026 09:34:41.861 [547915821280] DEBUG - NetworkInterface: Netlink information message family=0, type=1, index=1195, flags=0x1002, change=0xffffffff
Jun 29, 2026 09:34:48.567 [547913711840] DEBUG - [NSB/SSDP] Parsing SSDP schema for http://192.168.1.1:47733/60fdacb1/rootDesc.xml
Jun 29, 2026 09:34:50.597 [547941388512] DEBUG - [HttpClient/HCl#3a] HTTP/1.1 (2.0s) 200 response from GET http://192.168.1.1:47733/60fdacb1/rootDesc.xml
Jun 29, 2026 09:34:50.600 [547913711840] DEBUG - [NSB/SSDP] found 3 SSDP devices via http://192.168.1.1:47733/60fdacb1/rootDesc.xml
Jun 29, 2026 09:34:50.600 [547913711840] DEBUG - [NSB/SSDP] SSDP arrived: 192.168.1.1 (OSP Livebox)
Jun 29, 2026 09:34:50.600 [547913711840] DEBUG - [NSB/SSDP] SSDP arrived: 192.168.1.1 (WANDevice)
Jun 29, 2026 09:34:50.600 [547913711840] DEBUG - [NSB/SSDP] SSDP arrived: 192.168.1.1 (WANConnectionDevice)
Jun 29, 2026 09:35:03.783 [547963306208] DEBUG - Shutting down with signal 15 (Terminated)
Jun 29, 2026 09:35:03.783 [547963306208] DEBUG - Ordered to stop server.
Jun 29, 2026 09:35:03.784 [547963306208] DEBUG - [JobRunner] Job running: /usr/lib/plexmediaserver/CrashUploader --sessionStatus=exited --sessionStart=1782718091 --sessionDuration=412 --version=1.43.2.10687-563d026ea --userId=nmatas53@gmail.com --sentryUrl=https://o17675.ingest.sentry.io/api/1233455/ --sentryKey=xxxxxxxxxxxxxxxxxxxxxxxxxxxxxxxx
Jun 29, 2026 09:35:03.798 [547963306208] DEBUG - [JobRunner] Jobs: Starting child process with pid 381
Jun 29, 2026 09:35:03.809 [548063494176] DEBUG - Stopping server...
Jun 29, 2026 09:35:03.809 [548063494176] DEBUG - HttpServer: Stopping server.
Jun 29, 2026 09:35:03.814 [547932696800] DEBUG - TranscodeJobManager: [Running] onServerShutdown
Jun 29, 2026 09:35:03.815 [547907383520] DEBUG - MetadataItemClusterRequestHandler: a shutdown event has been received
Jun 29, 2026 09:35:03.815 [547932696800] DEBUG - TranscodeJobManager: [Running] -> [Shutdown]
Jun 29, 2026 09:35:03.815 [548063494176] DEBUG - Server stopped.
Jun 29, 2026 09:35:03.815 [548063494176] DEBUG - NetworkService: Stopping advertisement.
Jun 29, 2026 09:35:03.815 [548063494176] DEBUG - Killing plug-ins.
Jun 29, 2026 09:35:03.879 [548063494176] DEBUG - [com.plexapp.agents.imdb] Killing.
Jun 29, 2026 09:35:03.891 [547963306208] WARN - JobManager: Could not find job for handle 313
Jun 29, 2026 09:35:03.898 [548063494176] DEBUG - [com.plexapp.system] Killing.
Jun 29, 2026 09:35:03.912 [547963306208] WARN - JobManager: Could not find job for handle 209
Jun 29, 2026 09:35:03.920 [548063494176] DEBUG - ChildProcessMonitor: Waiting for Plex Tuner Service to exit.
Jun 29, 2026 09:35:03.920 [548063494176] DEBUG - [JobRunner] Signalling job ID 275 with 2
Jun 29, 2026 09:35:03.973 [547963306208] DEBUG - Jobs: '/usr/lib/plexmediaserver/Plex Tuner Service' exit code for process 275 is 0 (success)
Jun 29, 2026 09:35:03.973 [547911602400] DEBUG - [ChildProcessMonitor] Plex Tuner Service exited.
Jun 29, 2026 09:35:03.974 [548063494176] DEBUG - Database: Shutting down.
Jun 29, 2026 09:35:04.067 [548063494176] DEBUG - Database: Shutting down.
