Jul 11, 2026 02:04:00.168 [548467158520] INFO - Plex Media Scanner v1.43.2.10687-563d026ea - Docker Docker Container (LinuxServer.io) aarch64 - build: linux-aarch64 - GMT 02:00
Jul 11, 2026 02:04:00.168 [548467158520] INFO - Linux version: 6.18.34+rpt-rpi-v8, language: en-US
Jul 11, 2026 02:04:00.169 [548467158520] INFO - Processor: 4-core ARM Cortex-A72
Jul 11, 2026 02:04:00.169 [548467158520] INFO - /usr/lib/plexmediaserver/Plex Media Scanner --analyze --item 19,15,16,18,17 --log-file-suffix  Analysis
Jul 11, 2026 02:04:00.170 [548562853944] DEBUG - Opening 20 database sessions to library (com.plexapp.plugins.library), SQLite 3.39.4, threadsafe=1
Jul 11, 2026 02:04:00.409 [548562853944] DEBUG - It took 0.000000 ms to retrieve 129 items.
Jul 11, 2026 02:04:00.411 [548562853944] DEBUG - Analyzing media parts for item 19 (Michael): 18
Jul 11, 2026 02:04:00.414 [548562853944] DEBUG - [ID 18] Media part analysis: /data/medios/Pelis/Michael (2026)/Michael (2026).mkv
Jul 11, 2026 02:04:00.414 [548562853944] DEBUG - [MI] Opening input file: "/data/medios/Pelis/Michael (2026)/Michael (2026).mkv"
Jul 11, 2026 02:04:00.414 [548562853944] DEBUG - [FFMPEG] - Opening '/data/medios/Pelis/Michael (2026)/Michael (2026).mkv' for reading
Jul 11, 2026 02:04:00.414 [548562853944] DEBUG - [FFMPEG] - Setting default whitelist 'file,crypto,data'
Jul 11, 2026 02:04:00.414 [548562853944] DEBUG - [FFMPEG] - Format matroska,webm probed with size=2048 and score=100
Jul 11, 2026 02:04:00.415 [548562853944] DEBUG - [FFMPEG] - Unknown entry 0x437D at pos. 6065
Jul 11, 2026 02:04:00.415 [548562853944] DEBUG - [FFMPEG] - Unknown entry 0x437D at pos. 6117
Jul 11, 2026 02:04:00.415 [548562853944] DEBUG - [FFMPEG] - Unknown entry 0x437D at pos. 6169
Jul 11, 2026 02:04:00.415 [548562853944] DEBUG - [FFMPEG] - Unknown entry 0x437D at pos. 6222
Jul 11, 2026 02:04:00.415 [548562853944] DEBUG - [FFMPEG] - Unknown entry 0x437D at pos. 6275
Jul 11, 2026 02:04:00.415 [548562853944] DEBUG - [FFMPEG] - Unknown entry 0x437D at pos. 6328
Jul 11, 2026 02:04:00.415 [548562853944] DEBUG - [FFMPEG] - Unknown entry 0x437D at pos. 6381
Jul 11, 2026 02:04:00.415 [548562853944] DEBUG - [FFMPEG] - Unknown entry 0x437D at pos. 6434
Jul 11, 2026 02:04:00.415 [548562853944] DEBUG - [FFMPEG] - Unknown entry 0x437D at pos. 6487
Jul 11, 2026 02:04:00.415 [548562853944] DEBUG - [FFMPEG] - Unknown entry 0x437D at pos. 6540
Jul 11, 2026 02:04:00.415 [548562853944] DEBUG - [FFMPEG] - Unknown entry 0x437D at pos. 6593
Jul 11, 2026 02:04:00.415 [548562853944] DEBUG - [FFMPEG] - Unknown entry 0x437D at pos. 6646
Jul 11, 2026 02:04:00.415 [548562853944] DEBUG - [FFMPEG] - Unknown entry 0x437D at pos. 6699
Jul 11, 2026 02:04:00.415 [548562853944] DEBUG - [FFMPEG] - Unknown entry 0x437D at pos. 6752
Jul 11, 2026 02:04:00.415 [548562853944] DEBUG - [FFMPEG] - Unknown entry 0x437D at pos. 6805
Jul 11, 2026 02:04:00.415 [548562853944] DEBUG - [FFMPEG] - Unknown entry 0x437D at pos. 6858
Jul 11, 2026 02:04:00.415 [548562853944] DEBUG - [FFMPEG] - st:0 removing common factor 1000000 from timebase
Jul 11, 2026 02:04:00.415 [548562853944] DEBUG - [FFMPEG] - st:1 removing common factor 1000000 from timebase
Jul 11, 2026 02:04:00.415 [548562853944] DEBUG - [FFMPEG] - st:2 removing common factor 1000000 from timebase
Jul 11, 2026 02:04:00.415 [548562853944] DEBUG - [FFMPEG] - st:3 removing common factor 1000000 from timebase
Jul 11, 2026 02:04:00.415 [548562853944] DEBUG - [FFMPEG] - st:4 removing common factor 1000000 from timebase
Jul 11, 2026 02:04:00.415 [548562853944] DEBUG - [FFMPEG] - st:5 removing common factor 1000000 from timebase
Jul 11, 2026 02:04:00.415 [548562853944] DEBUG - [FFMPEG] - st:6 removing common factor 1000000 from timebase
Jul 11, 2026 02:04:00.416 [548562853944] DEBUG - [FFMPEG] - Before avformat_find_stream_info() pos: 6970 bytes read:35660 seeks:2 nb_streams:7
Jul 11, 2026 02:04:00.417 [548562853944] DEBUG - [FFMPEG] - nal_unit_type: 7(SPS), nal_ref_idc: 3
Jul 11, 2026 02:04:00.417 [548562853944] DEBUG - [FFMPEG] - Decoding VUI
Jul 11, 2026 02:04:00.417 [548562853944] DEBUG - [FFMPEG] - nal_unit_type: 8(PPS), nal_ref_idc: 3
Jul 11, 2026 02:04:00.418 [548562853944] DEBUG - [FFMPEG] - nal_unit_type: 7(SPS), nal_ref_idc: 3
Jul 11, 2026 02:04:00.418 [548562853944] DEBUG - [FFMPEG] - Decoding VUI
Jul 11, 2026 02:04:00.418 [548562853944] DEBUG - [FFMPEG] - nal_unit_type: 8(PPS), nal_ref_idc: 3
Jul 11, 2026 02:04:00.418 [548562853944] DEBUG - [FFMPEG] - nal_unit_type: 5(IDR), nal_ref_idc: 3
Jul 11, 2026 02:04:00.418 [548562853944] DEBUG - [FFMPEG] - Format yuv420p chosen by get_format().
Jul 11, 2026 02:04:00.424 [548562853944] DEBUG - [FFMPEG] - no picture 
Jul 11, 2026 02:04:00.430 [548562853944] DEBUG - [FFMPEG] - nal_unit_type: 1(Coded slice of a non-IDR picture), nal_ref_idc: 2
Jul 11, 2026 02:04:00.434 [548562853944] DEBUG - [FFMPEG] - no picture 
Jul 11, 2026 02:04:00.440 [548562853944] DEBUG - [FFMPEG] - nal_unit_type: 1(Coded slice of a non-IDR picture), nal_ref_idc: 2
Jul 11, 2026 02:04:00.454 [548562853944] DEBUG - [FFMPEG] - nal_unit_type: 1(Coded slice of a non-IDR picture), nal_ref_idc: 0
Jul 11, 2026 02:04:00.467 [548562853944] DEBUG - [FFMPEG] - nal_unit_type: 1(Coded slice of a non-IDR picture), nal_ref_idc: 0
Jul 11, 2026 02:04:00.481 [548562853944] DEBUG - [FFMPEG] - nal_unit_type: 1(Coded slice of a non-IDR picture), nal_ref_idc: 2
Jul 11, 2026 02:04:00.487 [548562853944] DEBUG - [FFMPEG] - nal_unit_type: 1(Coded slice of a non-IDR picture), nal_ref_idc: 2
Jul 11, 2026 02:04:00.496 [548562853944] DEBUG - [FFMPEG] - nal_unit_type: 1(Coded slice of a non-IDR picture), nal_ref_idc: 0
Jul 11, 2026 02:04:00.505 [548562853944] DEBUG - [FFMPEG] - nal_unit_type: 1(Coded slice of a non-IDR picture), nal_ref_idc: 0
Jul 11, 2026 02:04:00.515 [548562853944] DEBUG - [FFMPEG] - All info found
Jul 11, 2026 02:04:00.518 [548562853944] DEBUG - [FFMPEG] - After avformat_find_stream_info() pos: 130994 bytes read:166732 seeks:2 frames:58
Jul 11, 2026 02:04:00.530 [548562853944] DEBUG - [MI]  * 01353a300efe2298345894899c10ce2adde47d67 [mkv h264/eac3] Duration: 7724736ms, 1920x1040 (1.850000) 23.976fps, bitrate=11054kbps, audio channels=6, optimizedForStreaming=0 ("/data/medios/Pelis/Michael (2026)/Michael (2026).mkv")
Jul 11, 2026 02:04:00.530 [548562853944] DEBUG - [MI] Importing 16 media chapters.
Jul 11, 2026 02:04:00.530 [548562853944] DEBUG - [MI] Chapters had generic titles, clearing.
Jul 11, 2026 02:04:00.531 [548562853944] DEBUG - [MI] Closing input file: "/data/medios/Pelis/Michael (2026)/Michael (2026).mkv"
Jul 11, 2026 02:04:00.533 [548562853944] DEBUG - Committing media stream changes for part 18
Jul 11, 2026 02:04:00.534 [548562853944] DEBUG - Updating media item 18, size=10674410264, metadata_item_id=19
Jul 11, 2026 02:04:00.534 [548562853944] DEBUG - Updating part with ID=18 [/data/medios/Pelis/Michael (2026)/Michael (2026).mkv]
Jul 11, 2026 02:04:00.535 [548433546744] DEBUG - [HCl#1] HTTP requesting GET http://127.0.0.1:32400/:/metadata/notify/changeItemState?librarySectionID=1&metadataItemID=19&metadataType=1&state=-1&parentID=-1&rootID=-1&mediaState=analyzing
Jul 11, 2026 02:04:00.535 [548562853944] DEBUG - [MI] Opening input file: "/data/medios/Pelis/Michael (2026)/Michael (2026).mkv"
Jul 11, 2026 02:04:00.535 [548562853944] DEBUG - [FFMPEG] - Opening '/data/medios/Pelis/Michael (2026)/Michael (2026).mkv' for reading
Jul 11, 2026 02:04:00.535 [548562853944] DEBUG - [FFMPEG] - Setting default whitelist 'file,crypto,data'
Jul 11, 2026 02:04:00.536 [548562853944] DEBUG - [FFMPEG] - Format matroska,webm probed with size=2048 and score=100
Jul 11, 2026 02:04:00.536 [548562853944] DEBUG - [FFMPEG] - Unknown entry 0x437D at pos. 6065
Jul 11, 2026 02:04:00.536 [548562853944] DEBUG - [FFMPEG] - Unknown entry 0x437D at pos. 6117
Jul 11, 2026 02:04:00.536 [548562853944] DEBUG - [FFMPEG] - Unknown entry 0x437D at pos. 6169
Jul 11, 2026 02:04:00.536 [548562853944] DEBUG - [FFMPEG] - Unknown entry 0x437D at pos. 6222
Jul 11, 2026 02:04:00.536 [548562853944] DEBUG - [FFMPEG] - Unknown entry 0x437D at pos. 6275
Jul 11, 2026 02:04:00.536 [548562853944] DEBUG - [FFMPEG] - Unknown entry 0x437D at pos. 6328
Jul 11, 2026 02:04:00.536 [548562853944] DEBUG - [FFMPEG] - Unknown entry 0x437D at pos. 6381
Jul 11, 2026 02:04:00.536 [548562853944] DEBUG - [FFMPEG] - Unknown entry 0x437D at pos. 6434
Jul 11, 2026 02:04:00.536 [548562853944] DEBUG - [FFMPEG] - Unknown entry 0x437D at pos. 6487
Jul 11, 2026 02:04:00.536 [548562853944] DEBUG - [FFMPEG] - Unknown entry 0x437D at pos. 6540
Jul 11, 2026 02:04:00.536 [548562853944] DEBUG - [FFMPEG] - Unknown entry 0x437D at pos. 6593
Jul 11, 2026 02:04:00.536 [548562853944] DEBUG - [FFMPEG] - Unknown entry 0x437D at pos. 6646
Jul 11, 2026 02:04:00.536 [548562853944] DEBUG - [FFMPEG] - Unknown entry 0x437D at pos. 6699
Jul 11, 2026 02:04:00.536 [548562853944] DEBUG - [FFMPEG] - Unknown entry 0x437D at pos. 6752
Jul 11, 2026 02:04:00.536 [548562853944] DEBUG - [FFMPEG] - Unknown entry 0x437D at pos. 6805
Jul 11, 2026 02:04:00.536 [548562853944] DEBUG - [FFMPEG] - Unknown entry 0x437D at pos. 6858
Jul 11, 2026 02:04:00.536 [548562853944] DEBUG - [FFMPEG] - st:0 removing common factor 1000000 from timebase
Jul 11, 2026 02:04:00.536 [548562853944] DEBUG - [FFMPEG] - st:1 removing common factor 1000000 from timebase
Jul 11, 2026 02:04:00.536 [548562853944] DEBUG - [FFMPEG] - st:2 removing common factor 1000000 from timebase
Jul 11, 2026 02:04:00.536 [548562853944] DEBUG - [FFMPEG] - st:3 removing common factor 1000000 from timebase
Jul 11, 2026 02:04:00.536 [548562853944] DEBUG - [FFMPEG] - st:4 removing common factor 1000000 from timebase
Jul 11, 2026 02:04:00.536 [548562853944] DEBUG - [FFMPEG] - st:5 removing common factor 1000000 from timebase
Jul 11, 2026 02:04:00.536 [548562853944] DEBUG - [FFMPEG] - st:6 removing common factor 1000000 from timebase
Jul 11, 2026 02:04:00.537 [548433399288] DEBUG - [HttpClient/HCl#1] HTTP/1.1 (0.0s) 200 response from GET http://127.0.0.1:32400/:/metadata/notify/changeItemState?librarySectionID=1&metadataItemID=19&metadataType=1&state=-1&parentID=-1&rootID=-1&mediaState=analyzing
Jul 11, 2026 02:04:00.537 [548562853944] DEBUG - [FFMPEG] - Before avformat_find_stream_info() pos: 6970 bytes read:35660 seeks:2 nb_streams:7
Jul 11, 2026 02:04:00.537 [548433546744] DEBUG - [HCl#2] HTTP requesting GET http://127.0.0.1:32400/:/metadata/notify/changeItemState?librarySectionID=1&metadataItemID=19&metadataType=1&state=-1&parentID=-1&rootID=-1&mediaState=thumbnailing
Jul 11, 2026 02:04:00.538 [548562853944] DEBUG - [FFMPEG] - nal_unit_type: 7(SPS), nal_ref_idc: 3
Jul 11, 2026 02:04:00.538 [548562853944] DEBUG - [FFMPEG] - Decoding VUI
Jul 11, 2026 02:04:00.538 [548562853944] DEBUG - [FFMPEG] - nal_unit_type: 8(PPS), nal_ref_idc: 3
Jul 11, 2026 02:04:00.539 [548562853944] DEBUG - [FFMPEG] - nal_unit_type: 7(SPS), nal_ref_idc: 3
Jul 11, 2026 02:04:00.539 [548562853944] DEBUG - [FFMPEG] - Decoding VUI
Jul 11, 2026 02:04:00.539 [548562853944] DEBUG - [FFMPEG] - nal_unit_type: 8(PPS), nal_ref_idc: 3
Jul 11, 2026 02:04:00.539 [548433399288] DEBUG - [HttpClient/HCl#2] HTTP/1.1 (0.0s) 200 response from GET http://127.0.0.1:32400/:/metadata/notify/changeItemState?librarySectionID=1&metadataItemID=19&metadataType=1&state=-1&parentID=-1&rootID=-1&mediaState=thumbnailing (reused)
Jul 11, 2026 02:04:00.540 [548562853944] DEBUG - [FFMPEG] - nal_unit_type: 5(IDR), nal_ref_idc: 3
Jul 11, 2026 02:04:00.540 [548562853944] DEBUG - [FFMPEG] - Format yuv420p chosen by get_format().
Jul 11, 2026 02:04:00.545 [548562853944] DEBUG - [FFMPEG] - no picture 
Jul 11, 2026 02:04:00.551 [548562853944] DEBUG - [FFMPEG] - nal_unit_type: 1(Coded slice of a non-IDR picture), nal_ref_idc: 2
Jul 11, 2026 02:04:00.556 [548562853944] DEBUG - [FFMPEG] - no picture 
Jul 11, 2026 02:04:00.561 [548562853944] DEBUG - [FFMPEG] - nal_unit_type: 1(Coded slice of a non-IDR picture), nal_ref_idc: 2
Jul 11, 2026 02:04:00.574 [548562853944] DEBUG - [FFMPEG] - nal_unit_type: 1(Coded slice of a non-IDR picture), nal_ref_idc: 0
Jul 11, 2026 02:04:00.587 [548562853944] DEBUG - [FFMPEG] - nal_unit_type: 1(Coded slice of a non-IDR picture), nal_ref_idc: 0
Jul 11, 2026 02:04:00.601 [548562853944] DEBUG - [FFMPEG] - nal_unit_type: 1(Coded slice of a non-IDR picture), nal_ref_idc: 2
Jul 11, 2026 02:04:00.608 [548562853944] DEBUG - [FFMPEG] - nal_unit_type: 1(Coded slice of a non-IDR picture), nal_ref_idc: 2
Jul 11, 2026 02:04:00.616 [548562853944] DEBUG - [FFMPEG] - nal_unit_type: 1(Coded slice of a non-IDR picture), nal_ref_idc: 0
Jul 11, 2026 02:04:00.625 [548562853944] DEBUG - [FFMPEG] - nal_unit_type: 1(Coded slice of a non-IDR picture), nal_ref_idc: 0
Jul 11, 2026 02:04:00.634 [548562853944] DEBUG - [FFMPEG] - All info found
Jul 11, 2026 02:04:00.638 [548562853944] DEBUG - [FFMPEG] - After avformat_find_stream_info() pos: 130994 bytes read:166732 seeks:2 frames:58
Jul 11, 2026 02:04:00.638 [548562853944] DEBUG - Creating /config/Library/Application Support/Plex Media Server/Media/localhost/0/1353a300efe2298345894899c10ce2adde47d67.bundle/Contents/Thumbnails/thumb1.jpg (50.0%, 720x512).
Jul 11, 2026 02:04:00.639 [548562853944] DEBUG - [FFMPEG] - nal_unit_type: 7(SPS), nal_ref_idc: 3
Jul 11, 2026 02:04:00.639 [548562853944] DEBUG - [FFMPEG] - Decoding VUI
Jul 11, 2026 02:04:00.639 [548562853944] DEBUG - [FFMPEG] - nal_unit_type: 8(PPS), nal_ref_idc: 3
Jul 11, 2026 02:04:00.692 [548562853944] DEBUG - [FFMPEG] - nal_unit_type: 7(SPS), nal_ref_idc: 3
Jul 11, 2026 02:04:00.692 [548562853944] DEBUG - [FFMPEG] - Decoding VUI
Jul 11, 2026 02:04:00.692 [548562853944] DEBUG - [FFMPEG] - nal_unit_type: 8(PPS), nal_ref_idc: 3
Jul 11, 2026 02:04:00.693 [548562853944] DEBUG - [FFMPEG] - nal_unit_type: 5(IDR), nal_ref_idc: 3
Jul 11, 2026 02:04:00.693 [548562853944] DEBUG - [FFMPEG] - Format yuv420p chosen by get_format().
Jul 11, 2026 02:04:00.699 [548562853944] DEBUG - [FFMPEG] - no picture 
Jul 11, 2026 02:04:00.734 [548562853944] DEBUG - [FFMPEG] - nal_unit_type: 1(Coded slice of a non-IDR picture), nal_ref_idc: 2
Jul 11, 2026 02:04:00.740 [548562853944] DEBUG - [FFMPEG] - no picture 
Jul 11, 2026 02:04:00.769 [548562853944] DEBUG - [FFMPEG] - nal_unit_type: 1(Coded slice of a non-IDR picture), nal_ref_idc: 2
Jul 11, 2026 02:04:00.973 [548562853944] DEBUG - Loaded memory image of size 1924x1040.
Jul 11, 2026 02:04:01.044 [548562853944] DEBUG - [FFMPEG] - nal_unit_type: 7(SPS), nal_ref_idc: 3
Jul 11, 2026 02:04:01.044 [548562853944] DEBUG - [FFMPEG] - Decoding VUI
Jul 11, 2026 02:04:01.044 [548562853944] DEBUG - [FFMPEG] - nal_unit_type: 8(PPS), nal_ref_idc: 3
Jul 11, 2026 02:04:01.124 [548562853944] DEBUG - [FFMPEG] - nal_unit_type: 7(SPS), nal_ref_idc: 3
Jul 11, 2026 02:04:01.124 [548562853944] DEBUG - [FFMPEG] - Decoding VUI
Jul 11, 2026 02:04:01.124 [548562853944] DEBUG - [FFMPEG] - nal_unit_type: 8(PPS), nal_ref_idc: 3
Jul 11, 2026 02:04:01.125 [548562853944] DEBUG - [FFMPEG] - nal_unit_type: 5(IDR), nal_ref_idc: 3
Jul 11, 2026 02:04:01.125 [548562853944] DEBUG - [FFMPEG] - Format yuv420p chosen by get_format().
Jul 11, 2026 02:04:01.130 [548562853944] DEBUG - [FFMPEG] - no picture 
Jul 11, 2026 02:04:01.166 [548562853944] DEBUG - [FFMPEG] - nal_unit_type: 1(Coded slice of a non-IDR picture), nal_ref_idc: 2
Jul 11, 2026 02:04:01.170 [548562853944] DEBUG - [FFMPEG] - no picture 
Jul 11, 2026 02:04:01.204 [548562853944] DEBUG - [FFMPEG] - nal_unit_type: 1(Coded slice of a non-IDR picture), nal_ref_idc: 0
Jul 11, 2026 02:04:01.407 [548562853944] DEBUG - Loaded memory image of size 1924x1040.
Jul 11, 2026 02:04:01.480 [548562853944] DEBUG - [FFMPEG] - nal_unit_type: 7(SPS), nal_ref_idc: 3
Jul 11, 2026 02:04:01.480 [548562853944] DEBUG - [FFMPEG] - Decoding VUI
Jul 11, 2026 02:04:01.480 [548562853944] DEBUG - [FFMPEG] - nal_unit_type: 8(PPS), nal_ref_idc: 3
Jul 11, 2026 02:04:01.543 [548562853944] DEBUG - [FFMPEG] - nal_unit_type: 7(SPS), nal_ref_idc: 3
Jul 11, 2026 02:04:01.543 [548562853944] DEBUG - [FFMPEG] - Decoding VUI
Jul 11, 2026 02:04:01.543 [548562853944] DEBUG - [FFMPEG] - nal_unit_type: 8(PPS), nal_ref_idc: 3
Jul 11, 2026 02:04:01.544 [548562853944] DEBUG - [FFMPEG] - nal_unit_type: 5(IDR), nal_ref_idc: 3
Jul 11, 2026 02:04:01.544 [548562853944] DEBUG - [FFMPEG] - Format yuv420p chosen by get_format().
Jul 11, 2026 02:04:01.549 [548562853944] DEBUG - [FFMPEG] - no picture 
Jul 11, 2026 02:04:01.603 [548562853944] DEBUG - [FFMPEG] - nal_unit_type: 1(Coded slice of a non-IDR picture), nal_ref_idc: 2
Jul 11, 2026 02:04:01.608 [548562853944] DEBUG - [FFMPEG] - no picture 
Jul 11, 2026 02:04:01.646 [548562853944] DEBUG - [FFMPEG] - nal_unit_type: 1(Coded slice of a non-IDR picture), nal_ref_idc: 2
Jul 11, 2026 02:04:01.853 [548562853944] DEBUG - Loaded memory image of size 1924x1040.
Jul 11, 2026 02:04:01.928 [548562853944] DEBUG - [MI] Closing input file: "/data/medios/Pelis/Michael (2026)/Michael (2026).mkv"
Jul 11, 2026 02:04:01.930 [548562853944] DEBUG - [MI] Opening input file: "/data/medios/Pelis/Michael (2026)/Michael (2026).mkv"
Jul 11, 2026 02:04:01.930 [548562853944] DEBUG - [FFMPEG] - Opening '/data/medios/Pelis/Michael (2026)/Michael (2026).mkv' for reading
Jul 11, 2026 02:04:01.930 [548562853944] DEBUG - [FFMPEG] - Setting default whitelist 'file,crypto,data'
Jul 11, 2026 02:04:01.931 [548562853944] DEBUG - [FFMPEG] - Format matroska,webm probed with size=2048 and score=100
Jul 11, 2026 02:04:01.931 [548562853944] DEBUG - [FFMPEG] - Unknown entry 0x437D at pos. 6065
Jul 11, 2026 02:04:01.931 [548562853944] DEBUG - [FFMPEG] - Unknown entry 0x437D at pos. 6117
Jul 11, 2026 02:04:01.931 [548562853944] DEBUG - [FFMPEG] - Unknown entry 0x437D at pos. 6169
Jul 11, 2026 02:04:01.931 [548562853944] DEBUG - [FFMPEG] - Unknown entry 0x437D at pos. 6222
Jul 11, 2026 02:04:01.931 [548562853944] DEBUG - [FFMPEG] - Unknown entry 0x437D at pos. 6275
Jul 11, 2026 02:04:01.931 [548562853944] DEBUG - [FFMPEG] - Unknown entry 0x437D at pos. 6328
Jul 11, 2026 02:04:01.931 [548562853944] DEBUG - [FFMPEG] - Unknown entry 0x437D at pos. 6381
Jul 11, 2026 02:04:01.931 [548562853944] DEBUG - [FFMPEG] - Unknown entry 0x437D at pos. 6434
Jul 11, 2026 02:04:01.931 [548562853944] DEBUG - [FFMPEG] - Unknown entry 0x437D at pos. 6487
Jul 11, 2026 02:04:01.931 [548562853944] DEBUG - [FFMPEG] - Unknown entry 0x437D at pos. 6540
Jul 11, 2026 02:04:01.931 [548562853944] DEBUG - [FFMPEG] - Unknown entry 0x437D at pos. 6593
Jul 11, 2026 02:04:01.931 [548562853944] DEBUG - [FFMPEG] - Unknown entry 0x437D at pos. 6646
Jul 11, 2026 02:04:01.931 [548562853944] DEBUG - [FFMPEG] - Unknown entry 0x437D at pos. 6699
Jul 11, 2026 02:04:01.931 [548562853944] DEBUG - [FFMPEG] - Unknown entry 0x437D at pos. 6752
Jul 11, 2026 02:04:01.931 [548562853944] DEBUG - [FFMPEG] - Unknown entry 0x437D at pos. 6805
Jul 11, 2026 02:04:01.931 [548562853944] DEBUG - [FFMPEG] - Unknown entry 0x437D at pos. 6858
Jul 11, 2026 02:04:01.931 [548562853944] DEBUG - [FFMPEG] - st:0 removing common factor 1000000 from timebase
Jul 11, 2026 02:04:01.931 [548562853944] DEBUG - [FFMPEG] - st:1 removing common factor 1000000 from timebase
Jul 11, 2026 02:04:01.932 [548562853944] DEBUG - [FFMPEG] - st:2 removing common factor 1000000 from timebase
Jul 11, 2026 02:04:01.932 [548562853944] DEBUG - [FFMPEG] - st:3 removing common factor 1000000 from timebase
Jul 11, 2026 02:04:01.932 [548562853944] DEBUG - [FFMPEG] - st:4 removing common factor 1000000 from timebase
Jul 11, 2026 02:04:01.932 [548562853944] DEBUG - [FFMPEG] - st:5 removing common factor 1000000 from timebase
Jul 11, 2026 02:04:01.932 [548562853944] DEBUG - [FFMPEG] - st:6 removing common factor 1000000 from timebase
Jul 11, 2026 02:04:01.932 [548562853944] DEBUG - [FFMPEG] - Before avformat_find_stream_info() pos: 6970 bytes read:35660 seeks:2 nb_streams:7
Jul 11, 2026 02:04:01.933 [548562853944] DEBUG - [FFMPEG] - nal_unit_type: 7(SPS), nal_ref_idc: 3
Jul 11, 2026 02:04:01.933 [548562853944] DEBUG - [FFMPEG] - Decoding VUI
Jul 11, 2026 02:04:01.933 [548562853944] DEBUG - [FFMPEG] - nal_unit_type: 8(PPS), nal_ref_idc: 3
Jul 11, 2026 02:04:01.934 [548562853944] DEBUG - [FFMPEG] - nal_unit_type: 7(SPS), nal_ref_idc: 3
Jul 11, 2026 02:04:01.934 [548562853944] DEBUG - [FFMPEG] - Decoding VUI
Jul 11, 2026 02:04:01.934 [548562853944] DEBUG - [FFMPEG] - nal_unit_type: 8(PPS), nal_ref_idc: 3
Jul 11, 2026 02:04:01.934 [548562853944] DEBUG - [FFMPEG] - nal_unit_type: 5(IDR), nal_ref_idc: 3
Jul 11, 2026 02:04:01.934 [548562853944] DEBUG - [FFMPEG] - Format yuv420p chosen by get_format().
Jul 11, 2026 02:04:01.940 [548562853944] DEBUG - [FFMPEG] - no picture 
Jul 11, 2026 02:04:01.946 [548562853944] DEBUG - [FFMPEG] - nal_unit_type: 1(Coded slice of a non-IDR picture), nal_ref_idc: 2
Jul 11, 2026 02:04:01.951 [548562853944] DEBUG - [FFMPEG] - no picture 
Jul 11, 2026 02:04:01.956 [548562853944] DEBUG - [FFMPEG] - nal_unit_type: 1(Coded slice of a non-IDR picture), nal_ref_idc: 2
Jul 11, 2026 02:04:01.969 [548562853944] DEBUG - [FFMPEG] - nal_unit_type: 1(Coded slice of a non-IDR picture), nal_ref_idc: 0
Jul 11, 2026 02:04:01.982 [548562853944] DEBUG - [FFMPEG] - nal_unit_type: 1(Coded slice of a non-IDR picture), nal_ref_idc: 0
Jul 11, 2026 02:04:02.000 [548562853944] DEBUG - [FFMPEG] - nal_unit_type: 1(Coded slice of a non-IDR picture), nal_ref_idc: 2
Jul 11, 2026 02:04:02.010 [548562853944] DEBUG - [FFMPEG] - nal_unit_type: 1(Coded slice of a non-IDR picture), nal_ref_idc: 2
Jul 11, 2026 02:04:02.023 [548562853944] DEBUG - [FFMPEG] - nal_unit_type: 1(Coded slice of a non-IDR picture), nal_ref_idc: 0
Jul 11, 2026 02:04:02.036 [548562853944] DEBUG - [FFMPEG] - nal_unit_type: 1(Coded slice of a non-IDR picture), nal_ref_idc: 0
Jul 11, 2026 02:04:02.050 [548562853944] DEBUG - [FFMPEG] - All info found
Jul 11, 2026 02:04:02.057 [548562853944] DEBUG - [FFMPEG] - After avformat_find_stream_info() pos: 130994 bytes read:166732 seeks:2 frames:58
Jul 11, 2026 02:04:02.057 [548562853944] DEBUG - Creating /config/Library/Application Support/Plex Media Server/Media/localhost/0/1353a300efe2298345894899c10ce2adde47d67.bundle/Contents/Art/art1.jpg (50.0%, 1280x720).
Jul 11, 2026 02:04:02.059 [548562853944] DEBUG - [FFMPEG] - nal_unit_type: 7(SPS), nal_ref_idc: 3
Jul 11, 2026 02:04:02.059 [548562853944] DEBUG - [FFMPEG] - Decoding VUI
Jul 11, 2026 02:04:02.059 [548562853944] DEBUG - [FFMPEG] - nal_unit_type: 8(PPS), nal_ref_idc: 3
Jul 11, 2026 02:04:02.082 [548562853944] DEBUG - [FFMPEG] - nal_unit_type: 7(SPS), nal_ref_idc: 3
Jul 11, 2026 02:04:02.082 [548562853944] DEBUG - [FFMPEG] - Decoding VUI
Jul 11, 2026 02:04:02.082 [548562853944] DEBUG - [FFMPEG] - nal_unit_type: 8(PPS), nal_ref_idc: 3
Jul 11, 2026 02:04:02.084 [548562853944] DEBUG - [FFMPEG] - nal_unit_type: 5(IDR), nal_ref_idc: 3
Jul 11, 2026 02:04:02.084 [548562853944] DEBUG - [FFMPEG] - Format yuv420p chosen by get_format().
Jul 11, 2026 02:04:02.092 [548562853944] DEBUG - [FFMPEG] - no picture 
Jul 11, 2026 02:04:02.126 [548562853944] DEBUG - [FFMPEG] - nal_unit_type: 1(Coded slice of a non-IDR picture), nal_ref_idc: 2
Jul 11, 2026 02:04:02.130 [548562853944] DEBUG - [FFMPEG] - no picture 
Jul 11, 2026 02:04:02.156 [548562853944] DEBUG - [FFMPEG] - nal_unit_type: 1(Coded slice of a non-IDR picture), nal_ref_idc: 2
Jul 11, 2026 02:04:02.354 [548562853944] DEBUG - Loaded memory image of size 1924x1040.
Jul 11, 2026 02:04:02.538 [548562853944] DEBUG - [FFMPEG] - nal_unit_type: 7(SPS), nal_ref_idc: 3
Jul 11, 2026 02:04:02.538 [548562853944] DEBUG - [FFMPEG] - Decoding VUI
Jul 11, 2026 02:04:02.538 [548562853944] DEBUG - [FFMPEG] - nal_unit_type: 8(PPS), nal_ref_idc: 3
Jul 11, 2026 02:04:02.539 [548562853944] DEBUG - [FFMPEG] - nal_unit_type: 7(SPS), nal_ref_idc: 3
Jul 11, 2026 02:04:02.539 [548562853944] DEBUG - [FFMPEG] - Decoding VUI
Jul 11, 2026 02:04:02.539 [548562853944] DEBUG - [FFMPEG] - nal_unit_type: 8(PPS), nal_ref_idc: 3
Jul 11, 2026 02:04:02.540 [548562853944] DEBUG - [FFMPEG] - nal_unit_type: 5(IDR), nal_ref_idc: 3
Jul 11, 2026 02:04:02.540 [548562853944] DEBUG - [FFMPEG] - Format yuv420p chosen by get_format().
Jul 11, 2026 02:04:02.546 [548562853944] DEBUG - [FFMPEG] - no picture 
Jul 11, 2026 02:04:02.581 [548562853944] DEBUG - [FFMPEG] - nal_unit_type: 1(Coded slice of a non-IDR picture), nal_ref_idc: 2
Jul 11, 2026 02:04:02.585 [548562853944] DEBUG - [FFMPEG] - no picture 
Jul 11, 2026 02:04:02.618 [548562853944] DEBUG - [FFMPEG] - nal_unit_type: 1(Coded slice of a non-IDR picture), nal_ref_idc: 0
Jul 11, 2026 02:04:02.821 [548562853944] DEBUG - Loaded memory image of size 1924x1040.
Jul 11, 2026 02:04:03.006 [548562853944] DEBUG - [FFMPEG] - nal_unit_type: 7(SPS), nal_ref_idc: 3
Jul 11, 2026 02:04:03.006 [548562853944] DEBUG - [FFMPEG] - Decoding VUI
Jul 11, 2026 02:04:03.006 [548562853944] DEBUG - [FFMPEG] - nal_unit_type: 8(PPS), nal_ref_idc: 3
Jul 11, 2026 02:04:03.007 [548562853944] DEBUG - [FFMPEG] - nal_unit_type: 7(SPS), nal_ref_idc: 3
Jul 11, 2026 02:04:03.007 [548562853944] DEBUG - [FFMPEG] - Decoding VUI
Jul 11, 2026 02:04:03.007 [548562853944] DEBUG - [FFMPEG] - nal_unit_type: 8(PPS), nal_ref_idc: 3
Jul 11, 2026 02:04:03.008 [548562853944] DEBUG - [FFMPEG] - nal_unit_type: 5(IDR), nal_ref_idc: 3
Jul 11, 2026 02:04:03.008 [548562853944] DEBUG - [FFMPEG] - Format yuv420p chosen by get_format().
Jul 11, 2026 02:04:03.014 [548562853944] DEBUG - [FFMPEG] - no picture 
Jul 11, 2026 02:04:03.069 [548562853944] DEBUG - [FFMPEG] - nal_unit_type: 1(Coded slice of a non-IDR picture), nal_ref_idc: 2
Jul 11, 2026 02:04:03.073 [548562853944] DEBUG - [FFMPEG] - no picture 
Jul 11, 2026 02:04:03.113 [548562853944] DEBUG - [FFMPEG] - nal_unit_type: 1(Coded slice of a non-IDR picture), nal_ref_idc: 2
Jul 11, 2026 02:04:03.321 [548562853944] DEBUG - Loaded memory image of size 1924x1040.
Jul 11, 2026 02:04:03.505 [548562853944] DEBUG - [MI] Closing input file: "/data/medios/Pelis/Michael (2026)/Michael (2026).mkv"
Jul 11, 2026 02:04:03.508 [548562853944] DEBUG - Downloading document http://127.0.0.1:32400/library/changestamp
Jul 11, 2026 02:04:03.508 [548562853944] DEBUG - [HCl#3] HTTP requesting GET http://127.0.0.1:32400/library/changestamp
Jul 11, 2026 02:04:03.510 [548433399288] DEBUG - [HttpClient/HCl#3] HTTP/1.1 (0.0s) 200 response from GET http://127.0.0.1:32400/library/changestamp (reused)
Jul 11, 2026 02:04:03.510 [548562853944] DEBUG - Updating metadata item (save) (Michael) with ID 19
Jul 11, 2026 02:04:03.513 [548433546744] DEBUG - [HCl#4] HTTP requesting GET http://127.0.0.1:32400/:/metadata/notify/changeItemState?librarySectionID=1&metadataItemID=19&metadataType=1&state=-1&parentID=-1&rootID=-1&mediaState=idle
Jul 11, 2026 02:04:03.514 [548433399288] DEBUG - [HttpClient/HCl#4] HTTP/1.1 (0.0s) 200 response from GET http://127.0.0.1:32400/:/metadata/notify/changeItemState?librarySectionID=1&metadataItemID=19&metadataType=1&state=-1&parentID=-1&rootID=-1&mediaState=idle (reused)
Jul 11, 2026 02:04:03.522 [548562853944] DEBUG - It took 0.000000 ms to retrieve 129 items.
Jul 11, 2026 02:04:03.535 [548562853944] DEBUG - Analyzing media parts for item 15 (Cómo entrenar a tu dragón): 14
Jul 11, 2026 02:04:03.536 [548562853944] DEBUG - [ID 14] Media part analysis: /data/medios/Pelis/Como entrenar a tu dragon (2025) [Bluray 1080p][Esp]/Como entrenar a tu dragon (2025) [Bluray 1080p][Esp].mkv
Jul 11, 2026 02:04:03.536 [548562853944] DEBUG - [MI] Opening input file: "/data/medios/Pelis/Como entrenar a tu dragon (2025) [Bluray 1080p][Esp]/Como entrenar a tu dragon (2025) [Bluray 1080p][Esp].mkv"
Jul 11, 2026 02:04:03.536 [548562853944] DEBUG - [FFMPEG] - Opening '/data/medios/Pelis/Como entrenar a tu dragon (2025) [Bluray 1080p][Esp]/Como entrenar a tu dragon (2025) [Bluray 1080p][Esp].mkv' for reading
Jul 11, 2026 02:04:03.536 [548562853944] DEBUG - [FFMPEG] - Setting default whitelist 'file,crypto,data'
Jul 11, 2026 02:04:03.536 [548562853944] DEBUG - [FFMPEG] - Format matroska,webm probed with size=2048 and score=100
Jul 11, 2026 02:04:03.537 [548562853944] DEBUG - [FFMPEG] - Unknown entry 0x437D at pos. 6047
Jul 11, 2026 02:04:03.537 [548562853944] DEBUG - [FFMPEG] - Unknown entry 0x437D at pos. 6099
Jul 11, 2026 02:04:03.537 [548562853944] DEBUG - [FFMPEG] - Unknown entry 0x437D at pos. 6151
Jul 11, 2026 02:04:03.537 [548562853944] DEBUG - [FFMPEG] - Unknown entry 0x437D at pos. 6202
Jul 11, 2026 02:04:03.537 [548562853944] DEBUG - [FFMPEG] - Unknown entry 0x437D at pos. 6255
Jul 11, 2026 02:04:03.537 [548562853944] DEBUG - [FFMPEG] - Unknown entry 0x437D at pos. 6308
Jul 11, 2026 02:04:03.537 [548562853944] DEBUG - [FFMPEG] - Unknown entry 0x437D at pos. 6361
Jul 11, 2026 02:04:03.537 [548562853944] DEBUG - [FFMPEG] - Unknown entry 0x437D at pos. 6414
Jul 11, 2026 02:04:03.537 [548562853944] DEBUG - [FFMPEG] - Unknown entry 0x437D at pos. 6467
Jul 11, 2026 02:04:03.537 [548562853944] DEBUG - [FFMPEG] - Unknown entry 0x437D at pos. 6520
Jul 11, 2026 02:04:03.537 [548562853944] DEBUG - [FFMPEG] - Unknown entry 0x437D at pos. 6573
Jul 11, 2026 02:04:03.537 [548562853944] DEBUG - [FFMPEG] - Unknown entry 0x437D at pos. 6626
Jul 11, 2026 02:04:03.537 [548562853944] DEBUG - [FFMPEG] - Unknown entry 0x437D at pos. 6679
Jul 11, 2026 02:04:03.537 [548562853944] DEBUG - [FFMPEG] - Unknown entry 0x437D at pos. 6732
Jul 11, 2026 02:04:03.537 [548562853944] DEBUG - [FFMPEG] - Unknown entry 0x437D at pos. 6785
Jul 11, 2026 02:04:03.537 [548562853944] DEBUG - [FFMPEG] - Unknown entry 0x437D at pos. 6838
Jul 11, 2026 02:04:03.537 [548562853944] DEBUG - [FFMPEG] - Unknown entry 0x437D at pos. 6891
Jul 11, 2026 02:04:03.537 [548562853944] DEBUG - [FFMPEG] - Unknown entry 0x437D at pos. 6944
Jul 11, 2026 02:04:03.537 [548562853944] DEBUG - [FFMPEG] - Unknown entry 0x437D at pos. 6997
Jul 11, 2026 02:04:03.537 [548562853944] DEBUG - [FFMPEG] - Unknown entry 0x437D at pos. 7050
Jul 11, 2026 02:04:03.537 [548562853944] DEBUG - [FFMPEG] - st:0 removing common factor 1000000 from timebase
Jul 11, 2026 02:04:03.537 [548562853944] DEBUG - [FFMPEG] - st:1 removing common factor 1000000 from timebase
Jul 11, 2026 02:04:03.537 [548562853944] DEBUG - [FFMPEG] - st:2 removing common factor 1000000 from timebase
Jul 11, 2026 02:04:03.537 [548562853944] DEBUG - [FFMPEG] - st:3 removing common factor 1000000 from timebase
Jul 11, 2026 02:04:03.537 [548562853944] DEBUG - [FFMPEG] - st:4 removing common factor 1000000 from timebase
Jul 11, 2026 02:04:03.537 [548562853944] DEBUG - [FFMPEG] - st:5 removing common factor 1000000 from timebase
Jul 11, 2026 02:04:03.537 [548562853944] DEBUG - [FFMPEG] - st:6 removing common factor 1000000 from timebase
Jul 11, 2026 02:04:03.537 [548562853944] DEBUG - [FFMPEG] - Before avformat_find_stream_info() pos: 7162 bytes read:35661 seeks:2 nb_streams:7
Jul 11, 2026 02:04:03.539 [548562853944] DEBUG - [FFMPEG] - nal_unit_type: 7(SPS), nal_ref_idc: 3
Jul 11, 2026 02:04:03.539 [548562853944] DEBUG - [FFMPEG] - Decoding VUI
Jul 11, 2026 02:04:03.539 [548562853944] DEBUG - [FFMPEG] - nal_unit_type: 8(PPS), nal_ref_idc: 3
Jul 11, 2026 02:04:03.539 [548562853944] DEBUG - [FFMPEG] - nal_unit_type: 7(SPS), nal_ref_idc: 3
Jul 11, 2026 02:04:03.539 [548562853944] DEBUG - [FFMPEG] - Decoding VUI
Jul 11, 2026 02:04:03.539 [548562853944] DEBUG - [FFMPEG] - nal_unit_type: 8(PPS), nal_ref_idc: 3
Jul 11, 2026 02:04:03.540 [548562853944] DEBUG - [FFMPEG] - Decoding VUI
Jul 11, 2026 02:04:03.540 [548562853944] DEBUG - [FFMPEG] - nal_unit_type: 7(SPS), nal_ref_idc: 3
Jul 11, 2026 02:04:03.540 [548562853944] DEBUG - [FFMPEG] - nal_unit_type: 8(PPS), nal_ref_idc: 3
Jul 11, 2026 02:04:03.540 [548562853944] DEBUG - [FFMPEG] - nal_unit_type: 6(SEI), nal_ref_idc: 0
Jul 11, 2026 02:04:03.541 [548562853944] DEBUG - [FFMPEG] - nal_unit_type: 5(IDR), nal_ref_idc: 3
Jul 11, 2026 02:04:03.541 [548562853944] DEBUG - [FFMPEG] - Decoding VUI
Jul 11, 2026 02:04:03.541 [548562853944] DEBUG - [FFMPEG] - Format yuv420p chosen by get_format().
Jul 11, 2026 02:04:03.546 [548562853944] DEBUG - [FFMPEG] - no picture 
Jul 11, 2026 02:04:03.577 [548562853944] DEBUG - [FFMPEG] - nal_unit_type: 1(Coded slice of a non-IDR picture), nal_ref_idc: 2
Jul 11, 2026 02:04:03.581 [548562853944] DEBUG - [FFMPEG] - no picture 
Jul 11, 2026 02:04:03.605 [548562853944] DEBUG - [FFMPEG] - nal_unit_type: 1(Coded slice of a non-IDR picture), nal_ref_idc: 2
Jul 11, 2026 02:04:03.630 [548562853944] DEBUG - [FFMPEG] - nal_unit_type: 1(Coded slice of a non-IDR picture), nal_ref_idc: 0
Jul 11, 2026 02:04:03.653 [548562853944] DEBUG - [FFMPEG] - nal_unit_type: 1(Coded slice of a non-IDR picture), nal_ref_idc: 0
Jul 11, 2026 02:04:03.669 [548562853944] DEBUG - [FFMPEG] - nal_unit_type: 1(Coded slice of a non-IDR picture), nal_ref_idc: 2
Jul 11, 2026 02:04:03.693 [548562853944] DEBUG - [FFMPEG] - nal_unit_type: 1(Coded slice of a non-IDR picture), nal_ref_idc: 2
Jul 11, 2026 02:04:03.712 [548562853944] DEBUG - [FFMPEG] - nal_unit_type: 1(Coded slice of a non-IDR picture), nal_ref_idc: 0
Jul 11, 2026 02:04:03.731 [548562853944] DEBUG - [FFMPEG] - nal_unit_type: 1(Coded slice of a non-IDR picture), nal_ref_idc: 0
Jul 11, 2026 02:04:03.746 [548562853944] DEBUG - [FFMPEG] - All info found
Jul 11, 2026 02:04:03.750 [548562853944] DEBUG - [FFMPEG] - After avformat_find_stream_info() pos: 329449 bytes read:375319 seeks:2 frames:58
Jul 11, 2026 02:04:03.750 [548562853944] DEBUG - [MI]  * d69a59cccc7631b3e69125ebfb9d7774697f6886 [mkv h264/eac3] Duration: 7743776ms, 1920x1010 (1.900990) 23.976fps, bitrate=19585kbps, audio channels=6, optimizedForStreaming=0 ("/data/medios/Pelis/Como entrenar a tu dragon (2025) [Bluray 1080p][Esp]/Como entrenar a tu dragon (2025) [Bluray 1080p][Esp].mkv")
Jul 11, 2026 02:04:03.750 [548562853944] DEBUG - [MI] Importing 20 media chapters.
Jul 11, 2026 02:04:03.750 [548562853944] DEBUG - [MI] Chapters had generic titles, clearing.
Jul 11, 2026 02:04:03.751 [548562853944] DEBUG - [MI] Closing input file: "/data/medios/Pelis/Como entrenar a tu dragon (2025) [Bluray 1080p][Esp]/Como entrenar a tu dragon (2025) [Bluray 1080p][Esp].mkv"
Jul 11, 2026 02:04:03.752 [548562853944] DEBUG - Streams didn't change in analysis, not saving.
Jul 11, 2026 02:04:03.752 [548562853944] DEBUG - Updating media item 14, size=18958066566, metadata_item_id=15
Jul 11, 2026 02:04:03.752 [548562853944] DEBUG - Updating part with ID=14 [/data/medios/Pelis/Como entrenar a tu dragon (2025) [Bluray 1080p][Esp]/Como entrenar a tu dragon (2025) [Bluray 1080p][Esp].mkv]
Jul 11, 2026 02:04:03.753 [548433546744] DEBUG - [HCl#5] HTTP requesting GET http://127.0.0.1:32400/:/metadata/notify/changeItemState?librarySectionID=1&metadataItemID=15&metadataType=1&state=-1&parentID=-1&rootID=-1&mediaState=analyzing
Jul 11, 2026 02:04:03.753 [548562853944] DEBUG - [MI] Opening input file: "/data/medios/Pelis/Como entrenar a tu dragon (2025) [Bluray 1080p][Esp]/Como entrenar a tu dragon (2025) [Bluray 1080p][Esp].mkv"
Jul 11, 2026 02:04:03.753 [548562853944] DEBUG - [FFMPEG] - Opening '/data/medios/Pelis/Como entrenar a tu dragon (2025) [Bluray 1080p][Esp]/Como entrenar a tu dragon (2025) [Bluray 1080p][Esp].mkv' for reading
Jul 11, 2026 02:04:03.753 [548562853944] DEBUG - [FFMPEG] - Setting default whitelist 'file,crypto,data'
Jul 11, 2026 02:04:03.754 [548562853944] DEBUG - [FFMPEG] - Format matroska,webm probed with size=2048 and score=100
Jul 11, 2026 02:04:03.754 [548433399288] DEBUG - [HttpClient/HCl#5] HTTP/1.1 (0.0s) 200 response from GET http://127.0.0.1:32400/:/metadata/notify/changeItemState?librarySectionID=1&metadataItemID=15&metadataType=1&state=-1&parentID=-1&rootID=-1&mediaState=analyzing (reused)
Jul 11, 2026 02:04:03.754 [548562853944] DEBUG - [FFMPEG] - Unknown entry 0x437D at pos. 6047
Jul 11, 2026 02:04:03.754 [548562853944] DEBUG - [FFMPEG] - Unknown entry 0x437D at pos. 6099
Jul 11, 2026 02:04:03.754 [548562853944] DEBUG - [FFMPEG] - Unknown entry 0x437D at pos. 6151
Jul 11, 2026 02:04:03.754 [548562853944] DEBUG - [FFMPEG] - Unknown entry 0x437D at pos. 6202
Jul 11, 2026 02:04:03.754 [548562853944] DEBUG - [FFMPEG] - Unknown entry 0x437D at pos. 6255
Jul 11, 2026 02:04:03.754 [548562853944] DEBUG - [FFMPEG] - Unknown entry 0x437D at pos. 6308
Jul 11, 2026 02:04:03.754 [548562853944] DEBUG - [FFMPEG] - Unknown entry 0x437D at pos. 6361
Jul 11, 2026 02:04:03.755 [548562853944] DEBUG - [FFMPEG] - Unknown entry 0x437D at pos. 6414
Jul 11, 2026 02:04:03.755 [548562853944] DEBUG - [FFMPEG] - Unknown entry 0x437D at pos. 6467
Jul 11, 2026 02:04:03.755 [548562853944] DEBUG - [FFMPEG] - Unknown entry 0x437D at pos. 6520
Jul 11, 2026 02:04:03.755 [548562853944] DEBUG - [FFMPEG] - Unknown entry 0x437D at pos. 6573
Jul 11, 2026 02:04:03.755 [548562853944] DEBUG - [FFMPEG] - Unknown entry 0x437D at pos. 6626
Jul 11, 2026 02:04:03.755 [548562853944] DEBUG - [FFMPEG] - Unknown entry 0x437D at pos. 6679
Jul 11, 2026 02:04:03.755 [548562853944] DEBUG - [FFMPEG] - Unknown entry 0x437D at pos. 6732
Jul 11, 2026 02:04:03.755 [548562853944] DEBUG - [FFMPEG] - Unknown entry 0x437D at pos. 6785
Jul 11, 2026 02:04:03.755 [548562853944] DEBUG - [FFMPEG] - Unknown entry 0x437D at pos. 6838
Jul 11, 2026 02:04:03.755 [548562853944] DEBUG - [FFMPEG] - Unknown entry 0x437D at pos. 6891
Jul 11, 2026 02:04:03.755 [548562853944] DEBUG - [FFMPEG] - Unknown entry 0x437D at pos. 6944
Jul 11, 2026 02:04:03.755 [548562853944] DEBUG - [FFMPEG] - Unknown entry 0x437D at pos. 6997
Jul 11, 2026 02:04:03.755 [548562853944] DEBUG - [FFMPEG] - Unknown entry 0x437D at pos. 7050
Jul 11, 2026 02:04:03.755 [548433546744] DEBUG - [HCl#6] HTTP requesting GET http://127.0.0.1:32400/:/metadata/notify/changeItemState?librarySectionID=1&metadataItemID=15&metadataType=1&state=-1&parentID=-1&rootID=-1&mediaState=thumbnailing
Jul 11, 2026 02:04:03.755 [548562853944] DEBUG - [FFMPEG] - st:0 removing common factor 1000000 from timebase
Jul 11, 2026 02:04:03.755 [548562853944] DEBUG - [FFMPEG] - st:1 removing common factor 1000000 from timebase
Jul 11, 2026 02:04:03.755 [548562853944] DEBUG - [FFMPEG] - st:2 removing common factor 1000000 from timebase
Jul 11, 2026 02:04:03.755 [548562853944] DEBUG - [FFMPEG] - st:3 removing common factor 1000000 from timebase
Jul 11, 2026 02:04:03.755 [548562853944] DEBUG - [FFMPEG] - st:4 removing common factor 1000000 from timebase
Jul 11, 2026 02:04:03.755 [548562853944] DEBUG - [FFMPEG] - st:5 removing common factor 1000000 from timebase
Jul 11, 2026 02:04:03.755 [548562853944] DEBUG - [FFMPEG] - st:6 removing common factor 1000000 from timebase
Jul 11, 2026 02:04:03.755 [548562853944] DEBUG - [FFMPEG] - Before avformat_find_stream_info() pos: 7162 bytes read:35661 seeks:2 nb_streams:7
Jul 11, 2026 02:04:03.757 [548562853944] DEBUG - [FFMPEG] - nal_unit_type: 7(SPS), nal_ref_idc: 3
Jul 11, 2026 02:04:03.757 [548562853944] DEBUG - [FFMPEG] - Decoding VUI
Jul 11, 2026 02:04:03.757 [548562853944] DEBUG - [FFMPEG] - nal_unit_type: 8(PPS), nal_ref_idc: 3
Jul 11, 2026 02:04:03.757 [548433399288] DEBUG - [HttpClient/HCl#6] HTTP/1.1 (0.0s) 200 response from GET http://127.0.0.1:32400/:/metadata/notify/changeItemState?librarySectionID=1&metadataItemID=15&metadataType=1&state=-1&parentID=-1&rootID=-1&mediaState=thumbnailing (reused)
Jul 11, 2026 02:04:03.757 [548562853944] DEBUG - [FFMPEG] - nal_unit_type: 7(SPS), nal_ref_idc: 3
Jul 11, 2026 02:04:03.757 [548562853944] DEBUG - [FFMPEG] - Decoding VUI
Jul 11, 2026 02:04:03.757 [548562853944] DEBUG - [FFMPEG] - nal_unit_type: 8(PPS), nal_ref_idc: 3
Jul 11, 2026 02:04:03.758 [548562853944] DEBUG - [FFMPEG] - Decoding VUI
Jul 11, 2026 02:04:03.759 [548562853944] DEBUG - [FFMPEG] - nal_unit_type: 7(SPS), nal_ref_idc: 3
Jul 11, 2026 02:04:03.759 [548562853944] DEBUG - [FFMPEG] - nal_unit_type: 8(PPS), nal_ref_idc: 3
Jul 11, 2026 02:04:03.759 [548562853944] DEBUG - [FFMPEG] - nal_unit_type: 6(SEI), nal_ref_idc: 0
Jul 11, 2026 02:04:03.759 [548562853944] DEBUG - [FFMPEG] - nal_unit_type: 5(IDR), nal_ref_idc: 3
Jul 11, 2026 02:04:03.759 [548562853944] DEBUG - [FFMPEG] - Decoding VUI
Jul 11, 2026 02:04:03.759 [548562853944] DEBUG - [FFMPEG] - Format yuv420p chosen by get_format().
Jul 11, 2026 02:04:03.765 [548562853944] DEBUG - [FFMPEG] - no picture 
Jul 11, 2026 02:04:03.796 [548562853944] DEBUG - [FFMPEG] - nal_unit_type: 1(Coded slice of a non-IDR picture), nal_ref_idc: 2
Jul 11, 2026 02:04:03.800 [548562853944] DEBUG - [FFMPEG] - no picture 
Jul 11, 2026 02:04:03.824 [548562853944] DEBUG - [FFMPEG] - nal_unit_type: 1(Coded slice of a non-IDR picture), nal_ref_idc: 2
Jul 11, 2026 02:04:03.848 [548562853944] DEBUG - [FFMPEG] - nal_unit_type: 1(Coded slice of a non-IDR picture), nal_ref_idc: 0
Jul 11, 2026 02:04:03.872 [548562853944] DEBUG - [FFMPEG] - nal_unit_type: 1(Coded slice of a non-IDR picture), nal_ref_idc: 0
Jul 11, 2026 02:04:03.888 [548562853944] DEBUG - [FFMPEG] - nal_unit_type: 1(Coded slice of a non-IDR picture), nal_ref_idc: 2
Jul 11, 2026 02:04:03.912 [548562853944] DEBUG - [FFMPEG] - nal_unit_type: 1(Coded slice of a non-IDR picture), nal_ref_idc: 2
Jul 11, 2026 02:04:03.931 [548562853944] DEBUG - [FFMPEG] - nal_unit_type: 1(Coded slice of a non-IDR picture), nal_ref_idc: 0
Jul 11, 2026 02:04:03.948 [548562853944] DEBUG - [FFMPEG] - nal_unit_type: 1(Coded slice of a non-IDR picture), nal_ref_idc: 0
Jul 11, 2026 02:04:03.961 [548562853944] DEBUG - [FFMPEG] - All info found
Jul 11, 2026 02:04:03.965 [548562853944] DEBUG - [FFMPEG] - After avformat_find_stream_info() pos: 329449 bytes read:375319 seeks:2 frames:58
Jul 11, 2026 02:04:03.965 [548562853944] DEBUG - Creating /config/Library/Application Support/Plex Media Server/Media/localhost/d/69a59cccc7631b3e69125ebfb9d7774697f6886.bundle/Contents/Thumbnails/thumb1.jpg (50.0%, 720x512).
Jul 11, 2026 02:04:03.966 [548562853944] DEBUG - [FFMPEG] - nal_unit_type: 7(SPS), nal_ref_idc: 3
Jul 11, 2026 02:04:03.966 [548562853944] DEBUG - [FFMPEG] - Decoding VUI
Jul 11, 2026 02:04:03.966 [548562853944] DEBUG - [FFMPEG] - nal_unit_type: 8(PPS), nal_ref_idc: 3
Jul 11, 2026 02:04:04.027 [548562853944] DEBUG - [FFMPEG] - nal_unit_type: 7(SPS), nal_ref_idc: 3
Jul 11, 2026 02:04:04.027 [548562853944] DEBUG - [FFMPEG] - Decoding VUI
Jul 11, 2026 02:04:04.027 [548562853944] DEBUG - [FFMPEG] - nal_unit_type: 8(PPS), nal_ref_idc: 3
Jul 11, 2026 02:04:04.028 [548562853944] DEBUG - [FFMPEG] - Decoding VUI
Jul 11, 2026 02:04:04.028 [548562853944] DEBUG - [FFMPEG] - nal_unit_type: 7(SPS), nal_ref_idc: 3
Jul 11, 2026 02:04:04.028 [548562853944] DEBUG - [FFMPEG] - nal_unit_type: 8(PPS), nal_ref_idc: 3
Jul 11, 2026 02:04:04.029 [548562853944] DEBUG - [FFMPEG] - nal_unit_type: 5(IDR), nal_ref_idc: 3
Jul 11, 2026 02:04:04.029 [548562853944] DEBUG - [FFMPEG] - Decoding VUI
Jul 11, 2026 02:04:04.029 [548562853944] DEBUG - [FFMPEG] - Format yuv420p chosen by get_format().
Jul 11, 2026 02:04:04.035 [548562853944] DEBUG - [FFMPEG] - no picture 
Jul 11, 2026 02:04:04.078 [548562853944] DEBUG - [FFMPEG] - nal_unit_type: 1(Coded slice of a non-IDR picture), nal_ref_idc: 2
Jul 11, 2026 02:04:04.083 [548562853944] DEBUG - [FFMPEG] - no picture 
Jul 11, 2026 02:04:04.123 [548562853944] DEBUG - [FFMPEG] - nal_unit_type: 1(Coded slice of a non-IDR picture), nal_ref_idc: 2
Jul 11, 2026 02:04:04.162 [548562853944] WARN - [FFMPEG] - No accelerated colorspace conversion found from yuv420p to rgb24.
Jul 11, 2026 02:04:04.288 [548562853944] DEBUG - Loaded memory image of size 1920x1010.
Jul 11, 2026 02:04:04.359 [548562853944] DEBUG - [FFMPEG] - nal_unit_type: 7(SPS), nal_ref_idc: 3
Jul 11, 2026 02:04:04.359 [548562853944] DEBUG - [FFMPEG] - Decoding VUI
Jul 11, 2026 02:04:04.359 [548562853944] DEBUG - [FFMPEG] - nal_unit_type: 8(PPS), nal_ref_idc: 3
Jul 11, 2026 02:04:04.422 [548562853944] DEBUG - [FFMPEG] - nal_unit_type: 7(SPS), nal_ref_idc: 3
Jul 11, 2026 02:04:04.422 [548562853944] DEBUG - [FFMPEG] - Decoding VUI
Jul 11, 2026 02:04:04.422 [548562853944] DEBUG - [FFMPEG] - nal_unit_type: 8(PPS), nal_ref_idc: 3
Jul 11, 2026 02:04:04.422 [548562853944] DEBUG - [FFMPEG] - Decoding VUI
Jul 11, 2026 02:04:04.423 [548562853944] DEBUG - [FFMPEG] - nal_unit_type: 7(SPS), nal_ref_idc: 3
Jul 11, 2026 02:04:04.423 [548562853944] DEBUG - [FFMPEG] - nal_unit_type: 8(PPS), nal_ref_idc: 3
Jul 11, 2026 02:04:04.424 [548562853944] DEBUG - [FFMPEG] - nal_unit_type: 5(IDR), nal_ref_idc: 3
Jul 11, 2026 02:04:04.424 [548562853944] DEBUG - [FFMPEG] - Decoding VUI
Jul 11, 2026 02:04:04.424 [548562853944] DEBUG - [FFMPEG] - Format yuv420p chosen by get_format().
Jul 11, 2026 02:04:04.429 [548562853944] DEBUG - [FFMPEG] - no picture 
Jul 11, 2026 02:04:04.483 [548562853944] DEBUG - [FFMPEG] - nal_unit_type: 1(Coded slice of a non-IDR picture), nal_ref_idc: 2
Jul 11, 2026 02:04:04.488 [548562853944] DEBUG - [FFMPEG] - no picture 
Jul 11, 2026 02:04:04.533 [548562853944] DEBUG - [FFMPEG] - nal_unit_type: 1(Coded slice of a non-IDR picture), nal_ref_idc: 2
Jul 11, 2026 02:04:04.568 [548562853944] WARN - [FFMPEG] - No accelerated colorspace conversion found from yuv420p to rgb24.
Jul 11, 2026 02:04:04.694 [548562853944] DEBUG - Loaded memory image of size 1920x1010.
Jul 11, 2026 02:04:04.764 [548562853944] DEBUG - [FFMPEG] - nal_unit_type: 7(SPS), nal_ref_idc: 3
Jul 11, 2026 02:04:04.764 [548562853944] DEBUG - [FFMPEG] - Decoding VUI
Jul 11, 2026 02:04:04.764 [548562853944] DEBUG - [FFMPEG] - nal_unit_type: 8(PPS), nal_ref_idc: 3
Jul 11, 2026 02:04:04.822 [548562853944] DEBUG - [FFMPEG] - nal_unit_type: 7(SPS), nal_ref_idc: 3
Jul 11, 2026 02:04:04.822 [548562853944] DEBUG - [FFMPEG] - Decoding VUI
Jul 11, 2026 02:04:04.823 [548562853944] DEBUG - [FFMPEG] - nal_unit_type: 8(PPS), nal_ref_idc: 3
Jul 11, 2026 02:04:04.823 [548562853944] DEBUG - [FFMPEG] - Decoding VUI
Jul 11, 2026 02:04:04.824 [548562853944] DEBUG - [FFMPEG] - nal_unit_type: 7(SPS), nal_ref_idc: 3
Jul 11, 2026 02:04:04.824 [548562853944] DEBUG - [FFMPEG] - nal_unit_type: 8(PPS), nal_ref_idc: 3
Jul 11, 2026 02:04:04.824 [548562853944] DEBUG - [FFMPEG] - nal_unit_type: 5(IDR), nal_ref_idc: 3
Jul 11, 2026 02:04:04.824 [548562853944] DEBUG - [FFMPEG] - Decoding VUI
Jul 11, 2026 02:04:04.825 [548562853944] DEBUG - [FFMPEG] - Format yuv420p chosen by get_format().
Jul 11, 2026 02:04:04.830 [548562853944] DEBUG - [FFMPEG] - no picture 
Jul 11, 2026 02:04:04.886 [548562853944] DEBUG - [FFMPEG] - nal_unit_type: 1(Coded slice of a non-IDR picture), nal_ref_idc: 2
Jul 11, 2026 02:04:04.891 [548562853944] DEBUG - [FFMPEG] - no picture 
Jul 11, 2026 02:04:04.917 [548562853944] DEBUG - [FFMPEG] - nal_unit_type: 1(Coded slice of a non-IDR picture), nal_ref_idc: 2
Jul 11, 2026 02:04:04.940 [548562853944] WARN - [FFMPEG] - No accelerated colorspace conversion found from yuv420p to rgb24.
Jul 11, 2026 02:04:05.067 [548562853944] DEBUG - Loaded memory image of size 1920x1010.
Jul 11, 2026 02:04:05.136 [548562853944] DEBUG - [MI] Closing input file: "/data/medios/Pelis/Como entrenar a tu dragon (2025) [Bluray 1080p][Esp]/Como entrenar a tu dragon (2025) [Bluray 1080p][Esp].mkv"
Jul 11, 2026 02:04:05.137 [548562853944] DEBUG - [MI] Opening input file: "/data/medios/Pelis/Como entrenar a tu dragon (2025) [Bluray 1080p][Esp]/Como entrenar a tu dragon (2025) [Bluray 1080p][Esp].mkv"
Jul 11, 2026 02:04:05.137 [548562853944] DEBUG - [FFMPEG] - Opening '/data/medios/Pelis/Como entrenar a tu dragon (2025) [Bluray 1080p][Esp]/Como entrenar a tu dragon (2025) [Bluray 1080p][Esp].mkv' for reading
Jul 11, 2026 02:04:05.137 [548562853944] DEBUG - [FFMPEG] - Setting default whitelist 'file,crypto,data'
Jul 11, 2026 02:04:05.138 [548562853944] DEBUG - [FFMPEG] - Format matroska,webm probed with size=2048 and score=100
Jul 11, 2026 02:04:05.138 [548562853944] DEBUG - [FFMPEG] - Unknown entry 0x437D at pos. 6047
Jul 11, 2026 02:04:05.138 [548562853944] DEBUG - [FFMPEG] - Unknown entry 0x437D at pos. 6099
Jul 11, 2026 02:04:05.138 [548562853944] DEBUG - [FFMPEG] - Unknown entry 0x437D at pos. 6151
Jul 11, 2026 02:04:05.138 [548562853944] DEBUG - [FFMPEG] - Unknown entry 0x437D at pos. 6202
Jul 11, 2026 02:04:05.138 [548562853944] DEBUG - [FFMPEG] - Unknown entry 0x437D at pos. 6255
Jul 11, 2026 02:04:05.138 [548562853944] DEBUG - [FFMPEG] - Unknown entry 0x437D at pos. 6308
Jul 11, 2026 02:04:05.138 [548562853944] DEBUG - [FFMPEG] - Unknown entry 0x437D at pos. 6361
Jul 11, 2026 02:04:05.138 [548562853944] DEBUG - [FFMPEG] - Unknown entry 0x437D at pos. 6414
Jul 11, 2026 02:04:05.138 [548562853944] DEBUG - [FFMPEG] - Unknown entry 0x437D at pos. 6467
Jul 11, 2026 02:04:05.138 [548562853944] DEBUG - [FFMPEG] - Unknown entry 0x437D at pos. 6520
Jul 11, 2026 02:04:05.138 [548562853944] DEBUG - [FFMPEG] - Unknown entry 0x437D at pos. 6573
Jul 11, 2026 02:04:05.138 [548562853944] DEBUG - [FFMPEG] - Unknown entry 0x437D at pos. 6626
Jul 11, 2026 02:04:05.138 [548562853944] DEBUG - [FFMPEG] - Unknown entry 0x437D at pos. 6679
Jul 11, 2026 02:04:05.138 [548562853944] DEBUG - [FFMPEG] - Unknown entry 0x437D at pos. 6732
Jul 11, 2026 02:04:05.138 [548562853944] DEBUG - [FFMPEG] - Unknown entry 0x437D at pos. 6785
Jul 11, 2026 02:04:05.138 [548562853944] DEBUG - [FFMPEG] - Unknown entry 0x437D at pos. 6838
Jul 11, 2026 02:04:05.138 [548562853944] DEBUG - [FFMPEG] - Unknown entry 0x437D at pos. 6891
Jul 11, 2026 02:04:05.138 [548562853944] DEBUG - [FFMPEG] - Unknown entry 0x437D at pos. 6944
Jul 11, 2026 02:04:05.138 [548562853944] DEBUG - [FFMPEG] - Unknown entry 0x437D at pos. 6997
Jul 11, 2026 02:04:05.138 [548562853944] DEBUG - [FFMPEG] - Unknown entry 0x437D at pos. 7050
Jul 11, 2026 02:04:05.138 [548562853944] DEBUG - [FFMPEG] - st:0 removing common factor 1000000 from timebase
Jul 11, 2026 02:04:05.138 [548562853944] DEBUG - [FFMPEG] - st:1 removing common factor 1000000 from timebase
Jul 11, 2026 02:04:05.138 [548562853944] DEBUG - [FFMPEG] - st:2 removing common factor 1000000 from timebase
Jul 11, 2026 02:04:05.138 [548562853944] DEBUG - [FFMPEG] - st:3 removing common factor 1000000 from timebase
Jul 11, 2026 02:04:05.138 [548562853944] DEBUG - [FFMPEG] - st:4 removing common factor 1000000 from timebase
Jul 11, 2026 02:04:05.138 [548562853944] DEBUG - [FFMPEG] - st:5 removing common factor 1000000 from timebase
Jul 11, 2026 02:04:05.138 [548562853944] DEBUG - [FFMPEG] - st:6 removing common factor 1000000 from timebase
Jul 11, 2026 02:04:05.138 [548562853944] DEBUG - [FFMPEG] - Before avformat_find_stream_info() pos: 7162 bytes read:35661 seeks:2 nb_streams:7
Jul 11, 2026 02:04:05.140 [548562853944] DEBUG - [FFMPEG] - nal_unit_type: 7(SPS), nal_ref_idc: 3
Jul 11, 2026 02:04:05.140 [548562853944] DEBUG - [FFMPEG] - Decoding VUI
Jul 11, 2026 02:04:05.140 [548562853944] DEBUG - [FFMPEG] - nal_unit_type: 8(PPS), nal_ref_idc: 3
Jul 11, 2026 02:04:05.140 [548562853944] DEBUG - [FFMPEG] - nal_unit_type: 7(SPS), nal_ref_idc: 3
Jul 11, 2026 02:04:05.140 [548562853944] DEBUG - [FFMPEG] - Decoding VUI
Jul 11, 2026 02:04:05.140 [548562853944] DEBUG - [FFMPEG] - nal_unit_type: 8(PPS), nal_ref_idc: 3
Jul 11, 2026 02:04:05.141 [548562853944] DEBUG - [FFMPEG] - Decoding VUI
Jul 11, 2026 02:04:05.141 [548562853944] DEBUG - [FFMPEG] - nal_unit_type: 7(SPS), nal_ref_idc: 3
Jul 11, 2026 02:04:05.141 [548562853944] DEBUG - [FFMPEG] - nal_unit_type: 8(PPS), nal_ref_idc: 3
Jul 11, 2026 02:04:05.141 [548562853944] DEBUG - [FFMPEG] - nal_unit_type: 6(SEI), nal_ref_idc: 0
Jul 11, 2026 02:04:05.142 [548562853944] DEBUG - [FFMPEG] - nal_unit_type: 5(IDR), nal_ref_idc: 3
Jul 11, 2026 02:04:05.142 [548562853944] DEBUG - [FFMPEG] - Decoding VUI
Jul 11, 2026 02:04:05.142 [548562853944] DEBUG - [FFMPEG] - Format yuv420p chosen by get_format().
Jul 11, 2026 02:04:05.147 [548562853944] DEBUG - [FFMPEG] - no picture 
Jul 11, 2026 02:04:05.177 [548562853944] DEBUG - [FFMPEG] - nal_unit_type: 1(Coded slice of a non-IDR picture), nal_ref_idc: 2
Jul 11, 2026 02:04:05.182 [548562853944] DEBUG - [FFMPEG] - no picture 
Jul 11, 2026 02:04:05.206 [548562853944] DEBUG - [FFMPEG] - nal_unit_type: 1(Coded slice of a non-IDR picture), nal_ref_idc: 2
Jul 11, 2026 02:04:05.230 [548562853944] DEBUG - [FFMPEG] - nal_unit_type: 1(Coded slice of a non-IDR picture), nal_ref_idc: 0
Jul 11, 2026 02:04:05.254 [548562853944] DEBUG - [FFMPEG] - nal_unit_type: 1(Coded slice of a non-IDR picture), nal_ref_idc: 0
Jul 11, 2026 02:04:05.270 [548562853944] DEBUG - [FFMPEG] - nal_unit_type: 1(Coded slice of a non-IDR picture), nal_ref_idc: 2
Jul 11, 2026 02:04:05.294 [548562853944] DEBUG - [FFMPEG] - nal_unit_type: 1(Coded slice of a non-IDR picture), nal_ref_idc: 2
Jul 11, 2026 02:04:05.313 [548562853944] DEBUG - [FFMPEG] - nal_unit_type: 1(Coded slice of a non-IDR picture), nal_ref_idc: 0
Jul 11, 2026 02:04:05.331 [548562853944] DEBUG - [FFMPEG] - nal_unit_type: 1(Coded slice of a non-IDR picture), nal_ref_idc: 0
Jul 11, 2026 02:04:05.344 [548562853944] DEBUG - [FFMPEG] - All info found
Jul 11, 2026 02:04:05.348 [548562853944] DEBUG - [FFMPEG] - After avformat_find_stream_info() pos: 329449 bytes read:375319 seeks:2 frames:58
Jul 11, 2026 02:04:05.348 [548562853944] DEBUG - Creating /config/Library/Application Support/Plex Media Server/Media/localhost/d/69a59cccc7631b3e69125ebfb9d7774697f6886.bundle/Contents/Art/art1.jpg (50.0%, 1280x720).
Jul 11, 2026 02:04:05.349 [548562853944] DEBUG - [FFMPEG] - nal_unit_type: 7(SPS), nal_ref_idc: 3
Jul 11, 2026 02:04:05.349 [548562853944] DEBUG - [FFMPEG] - Decoding VUI
Jul 11, 2026 02:04:05.349 [548562853944] DEBUG - [FFMPEG] - nal_unit_type: 8(PPS), nal_ref_idc: 3
Jul 11, 2026 02:04:05.357 [548562853944] DEBUG - [FFMPEG] - nal_unit_type: 7(SPS), nal_ref_idc: 3
Jul 11, 2026 02:04:05.357 [548562853944] DEBUG - [FFMPEG] - Decoding VUI
Jul 11, 2026 02:04:05.357 [548562853944] DEBUG - [FFMPEG] - nal_unit_type: 8(PPS), nal_ref_idc: 3
Jul 11, 2026 02:04:05.358 [548562853944] DEBUG - [FFMPEG] - Decoding VUI
Jul 11, 2026 02:04:05.358 [548562853944] DEBUG - [FFMPEG] - nal_unit_type: 7(SPS), nal_ref_idc: 3
Jul 11, 2026 02:04:05.358 [548562853944] DEBUG - [FFMPEG] - nal_unit_type: 8(PPS), nal_ref_idc: 3
Jul 11, 2026 02:04:05.359 [548562853944] DEBUG - [FFMPEG] - nal_unit_type: 5(IDR), nal_ref_idc: 3
Jul 11, 2026 02:04:05.359 [548562853944] DEBUG - [FFMPEG] - Decoding VUI
Jul 11, 2026 02:04:05.359 [548562853944] DEBUG - [FFMPEG] - Format yuv420p chosen by get_format().
Jul 11, 2026 02:04:05.364 [548562853944] DEBUG - [FFMPEG] - no picture 
Jul 11, 2026 02:04:05.408 [548562853944] DEBUG - [FFMPEG] - nal_unit_type: 1(Coded slice of a non-IDR picture), nal_ref_idc: 2
Jul 11, 2026 02:04:05.412 [548562853944] DEBUG - [FFMPEG] - no picture 
Jul 11, 2026 02:04:05.452 [548562853944] DEBUG - [FFMPEG] - nal_unit_type: 1(Coded slice of a non-IDR picture), nal_ref_idc: 2
Jul 11, 2026 02:04:05.490 [548562853944] WARN - [FFMPEG] - No accelerated colorspace conversion found from yuv420p to rgb24.
Jul 11, 2026 02:04:05.617 [548562853944] DEBUG - Loaded memory image of size 1920x1010.
Jul 11, 2026 02:04:05.775 [548562853944] DEBUG - [FFMPEG] - nal_unit_type: 7(SPS), nal_ref_idc: 3
Jul 11, 2026 02:04:05.775 [548562853944] DEBUG - [FFMPEG] - Decoding VUI
Jul 11, 2026 02:04:05.775 [548562853944] DEBUG - [FFMPEG] - nal_unit_type: 8(PPS), nal_ref_idc: 3
Jul 11, 2026 02:04:05.776 [548562853944] DEBUG - [FFMPEG] - nal_unit_type: 7(SPS), nal_ref_idc: 3
Jul 11, 2026 02:04:05.776 [548562853944] DEBUG - [FFMPEG] - Decoding VUI
Jul 11, 2026 02:04:05.776 [548562853944] DEBUG - [FFMPEG] - nal_unit_type: 8(PPS), nal_ref_idc: 3
Jul 11, 2026 02:04:05.776 [548562853944] DEBUG - [FFMPEG] - Decoding VUI
Jul 11, 2026 02:04:05.777 [548562853944] DEBUG - [FFMPEG] - nal_unit_type: 7(SPS), nal_ref_idc: 3
Jul 11, 2026 02:04:05.777 [548562853944] DEBUG - [FFMPEG] - nal_unit_type: 8(PPS), nal_ref_idc: 3
Jul 11, 2026 02:04:05.778 [548562853944] DEBUG - [FFMPEG] - nal_unit_type: 5(IDR), nal_ref_idc: 3
Jul 11, 2026 02:04:05.778 [548562853944] DEBUG - [FFMPEG] - Decoding VUI
Jul 11, 2026 02:04:05.778 [548562853944] DEBUG - [FFMPEG] - Format yuv420p chosen by get_format().
Jul 11, 2026 02:04:05.783 [548562853944] DEBUG - [FFMPEG] - no picture 
Jul 11, 2026 02:04:05.837 [548562853944] DEBUG - [FFMPEG] - nal_unit_type: 1(Coded slice of a non-IDR picture), nal_ref_idc: 2
Jul 11, 2026 02:04:05.841 [548562853944] DEBUG - [FFMPEG] - no picture 
Jul 11, 2026 02:04:05.885 [548562853944] DEBUG - [FFMPEG] - nal_unit_type: 1(Coded slice of a non-IDR picture), nal_ref_idc: 2
Jul 11, 2026 02:04:05.920 [548562853944] WARN - [FFMPEG] - No accelerated colorspace conversion found from yuv420p to rgb24.
Jul 11, 2026 02:04:06.047 [548562853944] DEBUG - Loaded memory image of size 1920x1010.
Jul 11, 2026 02:04:06.205 [548562853944] DEBUG - [FFMPEG] - nal_unit_type: 7(SPS), nal_ref_idc: 3
Jul 11, 2026 02:04:06.205 [548562853944] DEBUG - [FFMPEG] - Decoding VUI
Jul 11, 2026 02:04:06.206 [548562853944] DEBUG - [FFMPEG] - nal_unit_type: 8(PPS), nal_ref_idc: 3
Jul 11, 2026 02:04:06.206 [548562853944] DEBUG - [FFMPEG] - nal_unit_type: 7(SPS), nal_ref_idc: 3
Jul 11, 2026 02:04:06.206 [548562853944] DEBUG - [FFMPEG] - Decoding VUI
Jul 11, 2026 02:04:06.207 [548562853944] DEBUG - [FFMPEG] - nal_unit_type: 8(PPS), nal_ref_idc: 3
Jul 11, 2026 02:04:06.207 [548562853944] DEBUG - [FFMPEG] - Decoding VUI
Jul 11, 2026 02:04:06.208 [548562853944] DEBUG - [FFMPEG] - nal_unit_type: 7(SPS), nal_ref_idc: 3
Jul 11, 2026 02:04:06.208 [548562853944] DEBUG - [FFMPEG] - nal_unit_type: 8(PPS), nal_ref_idc: 3
Jul 11, 2026 02:04:06.208 [548562853944] DEBUG - [FFMPEG] - nal_unit_type: 5(IDR), nal_ref_idc: 3
Jul 11, 2026 02:04:06.208 [548562853944] DEBUG - [FFMPEG] - Decoding VUI
Jul 11, 2026 02:04:06.209 [548562853944] DEBUG - [FFMPEG] - Format yuv420p chosen by get_format().
Jul 11, 2026 02:04:06.214 [548562853944] DEBUG - [FFMPEG] - no picture 
Jul 11, 2026 02:04:06.270 [548562853944] DEBUG - [FFMPEG] - nal_unit_type: 1(Coded slice of a non-IDR picture), nal_ref_idc: 2
Jul 11, 2026 02:04:06.274 [548562853944] DEBUG - [FFMPEG] - no picture 
Jul 11, 2026 02:04:06.301 [548562853944] DEBUG - [FFMPEG] - nal_unit_type: 1(Coded slice of a non-IDR picture), nal_ref_idc: 2
Jul 11, 2026 02:04:06.324 [548562853944] WARN - [FFMPEG] - No accelerated colorspace conversion found from yuv420p to rgb24.
Jul 11, 2026 02:04:06.450 [548562853944] DEBUG - Loaded memory image of size 1920x1010.
Jul 11, 2026 02:04:06.636 [548562853944] DEBUG - [MI] Closing input file: "/data/medios/Pelis/Como entrenar a tu dragon (2025) [Bluray 1080p][Esp]/Como entrenar a tu dragon (2025) [Bluray 1080p][Esp].mkv"
Jul 11, 2026 02:04:06.638 [548562853944] DEBUG - Downloading document http://127.0.0.1:32400/library/changestamp
Jul 11, 2026 02:04:06.638 [548562853944] DEBUG - [HCl#7] HTTP requesting GET http://127.0.0.1:32400/library/changestamp
Jul 11, 2026 02:04:06.639 [548433399288] DEBUG - [HttpClient/HCl#7] HTTP/1.1 (0.0s) 200 response from GET http://127.0.0.1:32400/library/changestamp (reused)
Jul 11, 2026 02:04:06.639 [548562853944] DEBUG - Updating metadata item (save) (Cómo entrenar a tu dragón) with ID 15
Jul 11, 2026 02:04:06.641 [548433546744] DEBUG - [HCl#8] HTTP requesting GET http://127.0.0.1:32400/:/metadata/notify/changeItemState?librarySectionID=1&metadataItemID=15&metadataType=1&state=-1&parentID=-1&rootID=-1&mediaState=idle
Jul 11, 2026 02:04:06.642 [548433399288] DEBUG - [HttpClient/HCl#8] HTTP/1.1 (0.0s) 200 response from GET http://127.0.0.1:32400/:/metadata/notify/changeItemState?librarySectionID=1&metadataItemID=15&metadataType=1&state=-1&parentID=-1&rootID=-1&mediaState=idle (reused)
Jul 11, 2026 02:04:06.662 [548562853944] DEBUG - Analyzing media parts for item 16 (Billie Eilish - Hit Me Hard and Soft: The Tour (en 3D)): 15
Jul 11, 2026 02:04:06.663 [548562853944] DEBUG - [ID 15] Media part analysis: /data/medios/Pelis/Billie Eilish Hit Me Hard and Soft The Tour (2026)/Billie Eilish Hit Me Hard and Soft The Tour (2026).mp4
Jul 11, 2026 02:04:06.663 [548562853944] DEBUG - [MI] Opening input file: "/data/medios/Pelis/Billie Eilish Hit Me Hard and Soft The Tour (2026)/Billie Eilish Hit Me Hard and Soft The Tour (2026).mp4"
Jul 11, 2026 02:04:06.663 [548562853944] DEBUG - [FFMPEG] - Opening '/data/medios/Pelis/Billie Eilish Hit Me Hard and Soft The Tour (2026)/Billie Eilish Hit Me Hard and Soft The Tour (2026).mp4' for reading
Jul 11, 2026 02:04:06.663 [548562853944] DEBUG - [FFMPEG] - Setting default whitelist 'file,crypto,data'
Jul 11, 2026 02:04:06.663 [548562853944] DEBUG - [FFMPEG] - Format mov,mp4,m4a,3gp,3g2,mj2 probed with size=2048 and score=100
Jul 11, 2026 02:04:06.663 [548562853944] DEBUG - [FFMPEG] - ISO: File Type Major Brand: isom
Jul 11, 2026 02:04:06.664 [548562853944] DEBUG - [FFMPEG] - Unknown dref type 0x206c7275 size 12
Jul 11, 2026 02:04:06.702 [548562853944] DEBUG - [FFMPEG] - Processing st: 0, edit list 0 - media time: 2002, duration: 164464320
Jul 11, 2026 02:04:06.720 [548562853944] DEBUG - [FFMPEG] - Offset DTS by 2002 to make first pts zero.
Jul 11, 2026 02:04:06.724 [548562853944] DEBUG - [FFMPEG] - Unknown dref type 0x206c7275 size 12
Jul 11, 2026 02:04:06.761 [548562853944] DEBUG - [FFMPEG] - Processing st: 1, edit list 0 - media time: 2048, duration: 328929792
Jul 11, 2026 02:04:06.761 [548562853944] DEBUG - [FFMPEG] - drop a frame at curr_cts: 0 @ 0
Jul 11, 2026 02:04:06.761 [548562853944] DEBUG - [FFMPEG] - drop a frame at curr_cts: 1024 @ 1
Jul 11, 2026 02:04:06.780 [548562853944] ERROR - [FFMPEG] - Referenced QT chapter track not found
Jul 11, 2026 02:04:06.780 [548562853944] DEBUG - [FFMPEG] - Before avformat_find_stream_info() pos: 4798036 bytes read:4828440 seeks:0 nb_streams:2
Jul 11, 2026 02:04:06.782 [548562853944] DEBUG - [FFMPEG] - nal_unit_type: 32(VPS), nuh_layer_id: 0, temporal_id: 0
Jul 11, 2026 02:04:06.790 [548562853944] DEBUG - [FFMPEG] - Decoding VPS
Jul 11, 2026 02:04:06.790 [548562853944] DEBUG - [FFMPEG] - Main 10 profile bitstream
Jul 11, 2026 02:04:06.790 [548562853944] DEBUG - [FFMPEG] - nal_unit_type: 33(SPS), nuh_layer_id: 0, temporal_id: 0
Jul 11, 2026 02:04:06.790 [548562853944] DEBUG - [FFMPEG] - Decoding SPS
Jul 11, 2026 02:04:06.790 [548562853944] DEBUG - [FFMPEG] - Main 10 profile bitstream
Jul 11, 2026 02:04:06.790 [548562853944] DEBUG - [FFMPEG] - Decoding VUI
Jul 11, 2026 02:04:06.790 [548562853944] DEBUG - [FFMPEG] - nal_unit_type: 34(PPS), nuh_layer_id: 0, temporal_id: 0
Jul 11, 2026 02:04:06.790 [548562853944] DEBUG - [FFMPEG] - Decoding PPS
Jul 11, 2026 02:04:06.790 [548562853944] DEBUG - [FFMPEG] - nal_unit_type: 39(SEI_PREFIX), nuh_layer_id: 0, temporal_id: 0
Jul 11, 2026 02:04:06.790 [548562853944] DEBUG - [FFMPEG] - Decoding SEI
Jul 11, 2026 02:04:06.791 [548562853944] DEBUG - [FFMPEG] - demuxer injecting skip 2048 / discard 0
Jul 11, 2026 02:04:06.791 [548562853944] DEBUG - [FFMPEG] - All info found
Jul 11, 2026 02:04:06.792 [548562853944] DEBUG - [FFMPEG] - After avformat_find_stream_info() pos: 4799599 bytes read:4828440 seeks:0 frames:2
Jul 11, 2026 02:04:06.792 [548562853944] DEBUG - [MI] Opening "/data/medios/Pelis/Billie Eilish Hit Me Hard and Soft The Tour (2026)/Billie Eilish Hit Me Hard and Soft The Tour (2026).mp4" for MP4 atom parsing
Jul 11, 2026 02:04:06.792 [548562853944] DEBUG - Mp4AtomParser: Skipping ftyp atom of size 28 at offset 0
Jul 11, 2026 02:04:06.792 [548562853944] DEBUG - Mp4AtomParser: Found moov atom of size 4797992 at offset 28
Jul 11, 2026 02:04:06.799 [548562853944] DEBUG - Mp4AtomParser: Found trak atom of size 2677620 at offset 144
Jul 11, 2026 02:04:06.799 [548562853944] DEBUG - Mp4AtomParser: Found trak atom of size 2119818 at offset 2677764
Jul 11, 2026 02:04:06.799 [548562853944] DEBUG - Mp4AtomParser: Found mdia atom of size 2677464 at offset 300
Jul 11, 2026 02:04:06.799 [548562853944] DEBUG - Mp4AtomParser: Found minf atom of size 2677379 at offset 385
Jul 11, 2026 02:04:06.799 [548562853944] DEBUG - Mp4AtomParser: Found stbl atom of size 2677315 at offset 449
Jul 11, 2026 02:04:06.799 [548562853944] DEBUG - Mp4AtomParser: Found tref atom of size 20 at offset 280
Jul 11, 2026 02:04:06.799 [548562853944] DEBUG - Mp4AtomParser: Found chap atom of size 12 at offset 288
Jul 11, 2026 02:04:06.799 [548562853944] DEBUG - [MI] Determined stream id 0 has chapters, not subtitles
Jul 11, 2026 02:04:06.799 [548562853944] DEBUG - Mp4AtomParser: Found mdia atom of size 2119662 at offset 2677920
Jul 11, 2026 02:04:06.799 [548562853944] DEBUG - Mp4AtomParser: Found minf atom of size 2119577 at offset 2678005
Jul 11, 2026 02:04:06.799 [548562853944] DEBUG - Mp4AtomParser: Found stbl atom of size 2119517 at offset 2678065
Jul 11, 2026 02:04:06.800 [548562853944] DEBUG - Mp4AtomParser: Found tref atom of size 20 at offset 2677900
Jul 11, 2026 02:04:06.800 [548562853944] DEBUG - Mp4AtomParser: Found chap atom of size 12 at offset 2677908
Jul 11, 2026 02:04:06.800 [548562853944] DEBUG - [MI] Determined stream id 0 has chapters, not subtitles
Jul 11, 2026 02:04:06.800 [548562853944] DEBUG - [MI]  * bf7428f51217fdb2be9e0ea107bafd2081bc503e [mp4 hevc/aac] Duration: 6852704ms, 1920x1040 (1.850000) 23.976fps, bitrate=2388kbps, audio channels=6, optimizedForStreaming=1 ("/data/medios/Pelis/Billie Eilish Hit Me Hard and Soft The Tour (2026)/Billie Eilish Hit Me Hard and Soft The Tour (2026).mp4")
Jul 11, 2026 02:04:06.800 [548562853944] DEBUG - [MI] Importing 36 media chapters.
Jul 11, 2026 02:04:06.801 [548562853944] DEBUG - [MI] Chapters had generic titles, clearing.
Jul 11, 2026 02:04:06.801 [548562853944] DEBUG - [MI] Closing input file: "/data/medios/Pelis/Billie Eilish Hit Me Hard and Soft The Tour (2026)/Billie Eilish Hit Me Hard and Soft The Tour (2026).mp4"
Jul 11, 2026 02:04:06.803 [548562853944] DEBUG - Streams didn't change in analysis, not saving.
Jul 11, 2026 02:04:06.804 [548562853944] DEBUG - Updating media item 15, size=2046083760, metadata_item_id=16
Jul 11, 2026 02:04:06.804 [548562853944] DEBUG - Updating part with ID=15 [/data/medios/Pelis/Billie Eilish Hit Me Hard and Soft The Tour (2026)/Billie Eilish Hit Me Hard and Soft The Tour (2026).mp4]
Jul 11, 2026 02:04:06.804 [548433546744] DEBUG - [HCl#9] HTTP requesting GET http://127.0.0.1:32400/:/metadata/notify/changeItemState?librarySectionID=1&metadataItemID=16&metadataType=1&state=-1&parentID=-1&rootID=-1&mediaState=analyzing
Jul 11, 2026 02:04:06.805 [548562853944] DEBUG - [MI] Opening input file: "/data/medios/Pelis/Billie Eilish Hit Me Hard and Soft The Tour (2026)/Billie Eilish Hit Me Hard and Soft The Tour (2026).mp4"
Jul 11, 2026 02:04:06.805 [548562853944] DEBUG - [FFMPEG] - Opening '/data/medios/Pelis/Billie Eilish Hit Me Hard and Soft The Tour (2026)/Billie Eilish Hit Me Hard and Soft The Tour (2026).mp4' for reading
Jul 11, 2026 02:04:06.805 [548562853944] DEBUG - [FFMPEG] - Setting default whitelist 'file,crypto,data'
Jul 11, 2026 02:04:06.806 [548562853944] DEBUG - [FFMPEG] - Format mov,mp4,m4a,3gp,3g2,mj2 probed with size=2048 and score=100
Jul 11, 2026 02:04:06.806 [548433399288] DEBUG - [HttpClient/HCl#9] HTTP/1.1 (0.0s) 200 response from GET http://127.0.0.1:32400/:/metadata/notify/changeItemState?librarySectionID=1&metadataItemID=16&metadataType=1&state=-1&parentID=-1&rootID=-1&mediaState=analyzing (reused)
Jul 11, 2026 02:04:06.806 [548562853944] DEBUG - [FFMPEG] - ISO: File Type Major Brand: isom
Jul 11, 2026 02:04:06.806 [548562853944] DEBUG - [FFMPEG] - Unknown dref type 0x206c7275 size 12
Jul 11, 2026 02:04:06.806 [548433546744] DEBUG - [HCl#a] HTTP requesting GET http://127.0.0.1:32400/:/metadata/notify/changeItemState?librarySectionID=1&metadataItemID=16&metadataType=1&state=-1&parentID=-1&rootID=-1&mediaState=thumbnailing
Jul 11, 2026 02:04:06.807 [548433399288] DEBUG - [HttpClient/HCl#a] HTTP/1.1 (0.0s) 200 response from GET http://127.0.0.1:32400/:/metadata/notify/changeItemState?librarySectionID=1&metadataItemID=16&metadataType=1&state=-1&parentID=-1&rootID=-1&mediaState=thumbnailing (reused)
Jul 11, 2026 02:04:06.844 [548562853944] DEBUG - [FFMPEG] - Processing st: 0, edit list 0 - media time: 2002, duration: 164464320
Jul 11, 2026 02:04:06.862 [548562853944] DEBUG - [FFMPEG] - Offset DTS by 2002 to make first pts zero.
Jul 11, 2026 02:04:06.866 [548562853944] DEBUG - [FFMPEG] - Unknown dref type 0x206c7275 size 12
Jul 11, 2026 02:04:06.903 [548562853944] DEBUG - [FFMPEG] - Processing st: 1, edit list 0 - media time: 2048, duration: 328929792
Jul 11, 2026 02:04:06.903 [548562853944] DEBUG - [FFMPEG] - drop a frame at curr_cts: 0 @ 0
Jul 11, 2026 02:04:06.903 [548562853944] DEBUG - [FFMPEG] - drop a frame at curr_cts: 1024 @ 1
Jul 11, 2026 02:04:06.920 [548562853944] ERROR - [FFMPEG] - Referenced QT chapter track not found
Jul 11, 2026 02:04:06.920 [548562853944] DEBUG - [FFMPEG] - Before avformat_find_stream_info() pos: 4798036 bytes read:4828440 seeks:0 nb_streams:2
Jul 11, 2026 02:04:06.921 [548562853944] DEBUG - [FFMPEG] - nal_unit_type: 32(VPS), nuh_layer_id: 0, temporal_id: 0
Jul 11, 2026 02:04:06.929 [548562853944] DEBUG - [FFMPEG] - Decoding VPS
Jul 11, 2026 02:04:06.929 [548562853944] DEBUG - [FFMPEG] - Main 10 profile bitstream
Jul 11, 2026 02:04:06.929 [548562853944] DEBUG - [FFMPEG] - nal_unit_type: 33(SPS), nuh_layer_id: 0, temporal_id: 0
Jul 11, 2026 02:04:06.929 [548562853944] DEBUG - [FFMPEG] - Decoding SPS
Jul 11, 2026 02:04:06.929 [548562853944] DEBUG - [FFMPEG] - Main 10 profile bitstream
Jul 11, 2026 02:04:06.929 [548562853944] DEBUG - [FFMPEG] - Decoding VUI
Jul 11, 2026 02:04:06.929 [548562853944] DEBUG - [FFMPEG] - nal_unit_type: 34(PPS), nuh_layer_id: 0, temporal_id: 0
Jul 11, 2026 02:04:06.929 [548562853944] DEBUG - [FFMPEG] - Decoding PPS
Jul 11, 2026 02:04:06.929 [548562853944] DEBUG - [FFMPEG] - nal_unit_type: 39(SEI_PREFIX), nuh_layer_id: 0, temporal_id: 0
Jul 11, 2026 02:04:06.929 [548562853944] DEBUG - [FFMPEG] - Decoding SEI
Jul 11, 2026 02:04:06.930 [548562853944] DEBUG - [FFMPEG] - demuxer injecting skip 2048 / discard 0
Jul 11, 2026 02:04:06.930 [548562853944] DEBUG - [FFMPEG] - All info found
Jul 11, 2026 02:04:06.931 [548562853944] DEBUG - [FFMPEG] - After avformat_find_stream_info() pos: 4799599 bytes read:4828440 seeks:0 frames:2
Jul 11, 2026 02:04:06.931 [548562853944] DEBUG - Creating /config/Library/Application Support/Plex Media Server/Media/localhost/b/f7428f51217fdb2be9e0ea107bafd2081bc503e.bundle/Contents/Thumbnails/thumb1.jpg (50.0%, 720x512).
Jul 11, 2026 02:04:06.932 [548562853944] DEBUG - [FFMPEG] - nal_unit_type: 32(VPS), nuh_layer_id: 0, temporal_id: 0
Jul 11, 2026 02:04:06.940 [548562853944] DEBUG - [FFMPEG] - Decoding VPS
Jul 11, 2026 02:04:06.940 [548562853944] DEBUG - [FFMPEG] - Main 10 profile bitstream
Jul 11, 2026 02:04:06.940 [548562853944] DEBUG - [FFMPEG] - nal_unit_type: 33(SPS), nuh_layer_id: 0, temporal_id: 0
Jul 11, 2026 02:04:06.940 [548562853944] DEBUG - [FFMPEG] - Decoding SPS
Jul 11, 2026 02:04:06.940 [548562853944] DEBUG - [FFMPEG] - Main 10 profile bitstream
Jul 11, 2026 02:04:06.940 [548562853944] DEBUG - [FFMPEG] - Decoding VUI
Jul 11, 2026 02:04:06.940 [548562853944] DEBUG - [FFMPEG] - nal_unit_type: 34(PPS), nuh_layer_id: 0, temporal_id: 0
Jul 11, 2026 02:04:06.940 [548562853944] DEBUG - [FFMPEG] - Decoding PPS
Jul 11, 2026 02:04:06.940 [548562853944] DEBUG - [FFMPEG] - nal_unit_type: 39(SEI_PREFIX), nuh_layer_id: 0, temporal_id: 0
Jul 11, 2026 02:04:06.940 [548562853944] DEBUG - [FFMPEG] - Decoding SEI
Jul 11, 2026 02:04:07.014 [548562853944] DEBUG - [FFMPEG] - nal_unit_type: 21(CRA_NUT), nuh_layer_id: 0, temporal_id: 0
Jul 11, 2026 02:04:07.014 [548562853944] DEBUG - [FFMPEG] - Format yuv420p10le chosen by get_format().
Jul 11, 2026 02:04:07.143 [548562853944] DEBUG - [FFMPEG] - Decoded frame with POC -111.
Jul 11, 2026 02:04:07.143 [548562853944] DEBUG - [FFMPEG] - nal_unit_type: 1(TRAIL_R), nuh_layer_id: 0, temporal_id: 0
Jul 11, 2026 02:04:07.225 [548562853944] DEBUG - [FFMPEG] - Decoded frame with POC -107.
Jul 11, 2026 02:04:07.226 [548562853944] DEBUG - [FFMPEG] - nal_unit_type: 1(TRAIL_R), nuh_layer_id: 0, temporal_id: 0
Jul 11, 2026 02:04:07.226 [548562853944] DEBUG - [FFMPEG] - Output frame with POC -111.
Jul 11, 2026 02:04:07.300 [548562853944] DEBUG - [FFMPEG] - Decoded frame with POC -109.
Jul 11, 2026 02:04:07.472 [548562853944] DEBUG - Loaded memory image of size 1924x1040.
Jul 11, 2026 02:04:07.550 [548562853944] DEBUG - [MI] Closing input file: "/data/medios/Pelis/Billie Eilish Hit Me Hard and Soft The Tour (2026)/Billie Eilish Hit Me Hard and Soft The Tour (2026).mp4"
Jul 11, 2026 02:04:07.552 [548562853944] DEBUG - [MI] Opening input file: "/data/medios/Pelis/Billie Eilish Hit Me Hard and Soft The Tour (2026)/Billie Eilish Hit Me Hard and Soft The Tour (2026).mp4"
Jul 11, 2026 02:04:07.552 [548562853944] DEBUG - [FFMPEG] - Opening '/data/medios/Pelis/Billie Eilish Hit Me Hard and Soft The Tour (2026)/Billie Eilish Hit Me Hard and Soft The Tour (2026).mp4' for reading
Jul 11, 2026 02:04:07.552 [548562853944] DEBUG - [FFMPEG] - Setting default whitelist 'file,crypto,data'
Jul 11, 2026 02:04:07.553 [548562853944] DEBUG - [FFMPEG] - Format mov,mp4,m4a,3gp,3g2,mj2 probed with size=2048 and score=100
Jul 11, 2026 02:04:07.553 [548562853944] DEBUG - [FFMPEG] - ISO: File Type Major Brand: isom
Jul 11, 2026 02:04:07.553 [548562853944] DEBUG - [FFMPEG] - Unknown dref type 0x206c7275 size 12
Jul 11, 2026 02:04:07.591 [548562853944] DEBUG - [FFMPEG] - Processing st: 0, edit list 0 - media time: 2002, duration: 164464320
Jul 11, 2026 02:04:07.609 [548562853944] DEBUG - [FFMPEG] - Offset DTS by 2002 to make first pts zero.
Jul 11, 2026 02:04:07.613 [548562853944] DEBUG - [FFMPEG] - Unknown dref type 0x206c7275 size 12
Jul 11, 2026 02:04:07.649 [548562853944] DEBUG - [FFMPEG] - Processing st: 1, edit list 0 - media time: 2048, duration: 328929792
Jul 11, 2026 02:04:07.649 [548562853944] DEBUG - [FFMPEG] - drop a frame at curr_cts: 0 @ 0
Jul 11, 2026 02:04:07.650 [548562853944] DEBUG - [FFMPEG] - drop a frame at curr_cts: 1024 @ 1
Jul 11, 2026 02:04:07.667 [548562853944] ERROR - [FFMPEG] - Referenced QT chapter track not found
Jul 11, 2026 02:04:07.667 [548562853944] DEBUG - [FFMPEG] - Before avformat_find_stream_info() pos: 4798036 bytes read:4828440 seeks:0 nb_streams:2
Jul 11, 2026 02:04:07.668 [548562853944] DEBUG - [FFMPEG] - nal_unit_type: 32(VPS), nuh_layer_id: 0, temporal_id: 0
Jul 11, 2026 02:04:07.676 [548562853944] DEBUG - [FFMPEG] - Decoding VPS
Jul 11, 2026 02:04:07.676 [548562853944] DEBUG - [FFMPEG] - Main 10 profile bitstream
Jul 11, 2026 02:04:07.676 [548562853944] DEBUG - [FFMPEG] - nal_unit_type: 33(SPS), nuh_layer_id: 0, temporal_id: 0
Jul 11, 2026 02:04:07.676 [548562853944] DEBUG - [FFMPEG] - Decoding SPS
Jul 11, 2026 02:04:07.676 [548562853944] DEBUG - [FFMPEG] - Main 10 profile bitstream
Jul 11, 2026 02:04:07.676 [548562853944] DEBUG - [FFMPEG] - Decoding VUI
Jul 11, 2026 02:04:07.676 [548562853944] DEBUG - [FFMPEG] - nal_unit_type: 34(PPS), nuh_layer_id: 0, temporal_id: 0
Jul 11, 2026 02:04:07.677 [548562853944] DEBUG - [FFMPEG] - Decoding PPS
Jul 11, 2026 02:04:07.677 [548562853944] DEBUG - [FFMPEG] - nal_unit_type: 39(SEI_PREFIX), nuh_layer_id: 0, temporal_id: 0
Jul 11, 2026 02:04:07.677 [548562853944] DEBUG - [FFMPEG] - Decoding SEI
Jul 11, 2026 02:04:07.677 [548562853944] DEBUG - [FFMPEG] - demuxer injecting skip 2048 / discard 0
Jul 11, 2026 02:04:07.677 [548562853944] DEBUG - [FFMPEG] - All info found
Jul 11, 2026 02:04:07.678 [548562853944] DEBUG - [FFMPEG] - After avformat_find_stream_info() pos: 4799599 bytes read:4828440 seeks:0 frames:2
Jul 11, 2026 02:04:07.678 [548562853944] DEBUG - Creating /config/Library/Application Support/Plex Media Server/Media/localhost/b/f7428f51217fdb2be9e0ea107bafd2081bc503e.bundle/Contents/Art/art1.jpg (50.0%, 1280x720).
Jul 11, 2026 02:04:07.679 [548562853944] DEBUG - [FFMPEG] - nal_unit_type: 32(VPS), nuh_layer_id: 0, temporal_id: 0
Jul 11, 2026 02:04:07.687 [548562853944] DEBUG - [FFMPEG] - Decoding VPS
Jul 11, 2026 02:04:07.687 [548562853944] DEBUG - [FFMPEG] - Main 10 profile bitstream
Jul 11, 2026 02:04:07.687 [548562853944] DEBUG - [FFMPEG] - nal_unit_type: 33(SPS), nuh_layer_id: 0, temporal_id: 0
Jul 11, 2026 02:04:07.687 [548562853944] DEBUG - [FFMPEG] - Decoding SPS
Jul 11, 2026 02:04:07.687 [548562853944] DEBUG - [FFMPEG] - Main 10 profile bitstream
Jul 11, 2026 02:04:07.687 [548562853944] DEBUG - [FFMPEG] - Decoding VUI
Jul 11, 2026 02:04:07.687 [548562853944] DEBUG - [FFMPEG] - nal_unit_type: 34(PPS), nuh_layer_id: 0, temporal_id: 0
Jul 11, 2026 02:04:07.687 [548562853944] DEBUG - [FFMPEG] - Decoding PPS
Jul 11, 2026 02:04:07.687 [548562853944] DEBUG - [FFMPEG] - nal_unit_type: 39(SEI_PREFIX), nuh_layer_id: 0, temporal_id: 0
Jul 11, 2026 02:04:07.687 [548562853944] DEBUG - [FFMPEG] - Decoding SEI
Jul 11, 2026 02:04:07.688 [548562853944] DEBUG - [FFMPEG] - nal_unit_type: 21(CRA_NUT), nuh_layer_id: 0, temporal_id: 0
Jul 11, 2026 02:04:07.689 [548562853944] DEBUG - [FFMPEG] - Format yuv420p10le chosen by get_format().
Jul 11, 2026 02:04:07.814 [548562853944] DEBUG - [FFMPEG] - Decoded frame with POC -111.
Jul 11, 2026 02:04:07.814 [548562853944] DEBUG - [FFMPEG] - nal_unit_type: 1(TRAIL_R), nuh_layer_id: 0, temporal_id: 0
Jul 11, 2026 02:04:07.899 [548562853944] DEBUG - [FFMPEG] - Decoded frame with POC -107.
Jul 11, 2026 02:04:07.899 [548562853944] DEBUG - [FFMPEG] - nal_unit_type: 1(TRAIL_R), nuh_layer_id: 0, temporal_id: 0
Jul 11, 2026 02:04:07.899 [548562853944] DEBUG - [FFMPEG] - Output frame with POC -111.
Jul 11, 2026 02:04:07.974 [548562853944] DEBUG - [FFMPEG] - Decoded frame with POC -109.
Jul 11, 2026 02:04:08.147 [548562853944] DEBUG - Loaded memory image of size 1924x1040.
Jul 11, 2026 02:04:08.340 [548562853944] DEBUG - [MI] Closing input file: "/data/medios/Pelis/Billie Eilish Hit Me Hard and Soft The Tour (2026)/Billie Eilish Hit Me Hard and Soft The Tour (2026).mp4"
Jul 11, 2026 02:04:08.343 [548562853944] DEBUG - Downloading document http://127.0.0.1:32400/library/changestamp
Jul 11, 2026 02:04:08.343 [548562853944] DEBUG - [HCl#b] HTTP requesting GET http://127.0.0.1:32400/library/changestamp
Jul 11, 2026 02:04:08.344 [548433399288] DEBUG - [HttpClient/HCl#b] HTTP/1.1 (0.0s) 200 response from GET http://127.0.0.1:32400/library/changestamp (reused)
Jul 11, 2026 02:04:08.345 [548562853944] DEBUG - Updating metadata item (save) (Billie Eilish - Hit Me Hard and Soft: The Tour (en 3D)) with ID 16
Jul 11, 2026 02:04:08.346 [548433546744] DEBUG - [HCl#c] HTTP requesting GET http://127.0.0.1:32400/:/metadata/notify/changeItemState?librarySectionID=1&metadataItemID=16&metadataType=1&state=-1&parentID=-1&rootID=-1&mediaState=idle
Jul 11, 2026 02:04:08.348 [548433399288] DEBUG - [HttpClient/HCl#c] HTTP/1.1 (0.0s) 200 response from GET http://127.0.0.1:32400/:/metadata/notify/changeItemState?librarySectionID=1&metadataItemID=16&metadataType=1&state=-1&parentID=-1&rootID=-1&mediaState=idle (reused)
Jul 11, 2026 02:04:08.365 [548562853944] DEBUG - Analyzing media parts for item 18 (The Dune): 17
Jul 11, 2026 02:04:08.366 [548562853944] DEBUG - [ID 17] Media part analysis: /data/medios/Pelis/Dune (2021)/Dune (2026).mkv
Jul 11, 2026 02:04:08.366 [548562853944] DEBUG - [MI] Opening input file: "/data/medios/Pelis/Dune (2021)/Dune (2026).mkv"
Jul 11, 2026 02:04:08.366 [548562853944] DEBUG - [FFMPEG] - Opening '/data/medios/Pelis/Dune (2021)/Dune (2026).mkv' for reading
Jul 11, 2026 02:04:08.366 [548562853944] DEBUG - [FFMPEG] - Setting default whitelist 'file,crypto,data'
Jul 11, 2026 02:04:08.366 [548562853944] DEBUG - [FFMPEG] - Format matroska,webm probed with size=2048 and score=100
Jul 11, 2026 02:04:08.366 [548562853944] DEBUG - [FFMPEG] - Unknown entry 0x437D at pos. 5990
Jul 11, 2026 02:04:08.366 [548562853944] DEBUG - [FFMPEG] - Unknown entry 0x437D at pos. 6036
Jul 11, 2026 02:04:08.366 [548562853944] DEBUG - [FFMPEG] - Unknown entry 0x437D at pos. 6083
Jul 11, 2026 02:04:08.366 [548562853944] DEBUG - [FFMPEG] - Unknown entry 0x437D at pos. 6130
Jul 11, 2026 02:04:08.366 [548562853944] DEBUG - [FFMPEG] - Unknown entry 0x437D at pos. 6177
Jul 11, 2026 02:04:08.366 [548562853944] DEBUG - [FFMPEG] - Unknown entry 0x437D at pos. 6224
Jul 11, 2026 02:04:08.366 [548562853944] DEBUG - [FFMPEG] - Unknown entry 0x437D at pos. 6271
Jul 11, 2026 02:04:08.366 [548562853944] DEBUG - [FFMPEG] - Unknown entry 0x437D at pos. 6318
Jul 11, 2026 02:04:08.366 [548562853944] DEBUG - [FFMPEG] - Unknown entry 0x437D at pos. 6365
Jul 11, 2026 02:04:08.366 [548562853944] DEBUG - [FFMPEG] - Unknown entry 0x437D at pos. 6412
Jul 11, 2026 02:04:08.366 [548562853944] DEBUG - [FFMPEG] - Unknown entry 0x437D at pos. 6459
Jul 11, 2026 02:04:08.366 [548562853944] DEBUG - [FFMPEG] - Unknown entry 0x437D at pos. 6506
Jul 11, 2026 02:04:08.366 [548562853944] DEBUG - [FFMPEG] - Unknown entry 0x437D at pos. 6553
Jul 11, 2026 02:04:08.366 [548562853944] DEBUG - [FFMPEG] - Unknown entry 0x437D at pos. 6600
Jul 11, 2026 02:04:08.366 [548562853944] DEBUG - [FFMPEG] - Unknown entry 0x437D at pos. 6647
Jul 11, 2026 02:04:08.366 [548562853944] DEBUG - [FFMPEG] - Unknown entry 0x437D at pos. 6694
Jul 11, 2026 02:04:08.366 [548562853944] DEBUG - [FFMPEG] - Unknown entry 0x437D at pos. 6741
Jul 11, 2026 02:04:08.367 [548562853944] DEBUG - [FFMPEG] - st:0 removing common factor 1000000 from timebase
Jul 11, 2026 02:04:08.367 [548562853944] DEBUG - [FFMPEG] - st:1 removing common factor 1000000 from timebase
Jul 11, 2026 02:04:08.367 [548562853944] DEBUG - [FFMPEG] - st:2 removing common factor 1000000 from timebase
Jul 11, 2026 02:04:08.367 [548562853944] DEBUG - [FFMPEG] - st:3 removing common factor 1000000 from timebase
Jul 11, 2026 02:04:08.367 [548562853944] DEBUG - [FFMPEG] - st:4 removing common factor 1000000 from timebase
Jul 11, 2026 02:04:08.367 [548562853944] DEBUG - [FFMPEG] - st:5 removing common factor 1000000 from timebase
Jul 11, 2026 02:04:08.367 [548562853944] DEBUG - [FFMPEG] - Before avformat_find_stream_info() pos: 6854 bytes read:34776 seeks:2 nb_streams:6
Jul 11, 2026 02:04:08.368 [548562853944] DEBUG - [FFMPEG] - nal_unit_type: 7(SPS), nal_ref_idc: 3
Jul 11, 2026 02:04:08.368 [548562853944] DEBUG - [FFMPEG] - Decoding VUI
Jul 11, 2026 02:04:08.368 [548562853944] DEBUG - [FFMPEG] - nal_unit_type: 8(PPS), nal_ref_idc: 3
Jul 11, 2026 02:04:08.369 [548562853944] DEBUG - [FFMPEG] - nal_unit_type: 7(SPS), nal_ref_idc: 3
Jul 11, 2026 02:04:08.369 [548562853944] DEBUG - [FFMPEG] - Decoding VUI
Jul 11, 2026 02:04:08.369 [548562853944] DEBUG - [FFMPEG] - nal_unit_type: 8(PPS), nal_ref_idc: 3
Jul 11, 2026 02:04:08.369 [548562853944] DEBUG - [FFMPEG] - nal_unit_type: 6(SEI), nal_ref_idc: 0
Jul 11, 2026 02:04:08.369 [548562853944] DEBUG - [FFMPEG] - nal_unit_type: 5(IDR), nal_ref_idc: 3
Jul 11, 2026 02:04:08.369 [548562853944] DEBUG - [FFMPEG] - Format yuv420p chosen by get_format().
Jul 11, 2026 02:04:08.374 [548562853944] DEBUG - [FFMPEG] - no picture 
Jul 11, 2026 02:04:08.378 [548562853944] DEBUG - [FFMPEG] - nal_unit_type: 1(Coded slice of a non-IDR picture), nal_ref_idc: 2
Jul 11, 2026 02:04:08.382 [548562853944] DEBUG - [FFMPEG] - no picture 
Jul 11, 2026 02:04:08.386 [548562853944] DEBUG - [FFMPEG] - nal_unit_type: 1(Coded slice of a non-IDR picture), nal_ref_idc: 2
Jul 11, 2026 02:04:08.396 [548562853944] DEBUG - [FFMPEG] - nal_unit_type: 1(Coded slice of a non-IDR picture), nal_ref_idc: 0
Jul 11, 2026 02:04:08.406 [548562853944] DEBUG - [FFMPEG] - nal_unit_type: 1(Coded slice of a non-IDR picture), nal_ref_idc: 0
Jul 11, 2026 02:04:08.416 [548562853944] DEBUG - [FFMPEG] - nal_unit_type: 1(Coded slice of a non-IDR picture), nal_ref_idc: 2
Jul 11, 2026 02:04:08.421 [548562853944] DEBUG - [FFMPEG] - nal_unit_type: 1(Coded slice of a non-IDR picture), nal_ref_idc: 2
Jul 11, 2026 02:04:08.427 [548562853944] DEBUG - [FFMPEG] - nal_unit_type: 1(Coded slice of a non-IDR picture), nal_ref_idc: 0
Jul 11, 2026 02:04:08.434 [548562853944] DEBUG - [FFMPEG] - nal_unit_type: 1(Coded slice of a non-IDR picture), nal_ref_idc: 0
Jul 11, 2026 02:04:08.441 [548562853944] DEBUG - [FFMPEG] - All info found
Jul 11, 2026 02:04:08.444 [548562853944] DEBUG - [FFMPEG] - After avformat_find_stream_info() pos: 79853 bytes read:133080 seeks:2 frames:42
Jul 11, 2026 02:04:08.444 [548562853944] DEBUG - [MI]  * 7d78a12a530f7c78b78b450ff4ac4ea20d27c67b [mkv h264/ac3] Duration: 9355072ms, 1920x804 (2.388060) 23.976fps, bitrate=5075kbps, audio channels=6, optimizedForStreaming=0 ("/data/medios/Pelis/Dune (2021)/Dune (2026).mkv")
Jul 11, 2026 02:04:08.444 [548562853944] DEBUG - [MI] Importing 17 media chapters.
Jul 11, 2026 02:04:08.444 [548562853944] DEBUG - [MI] Chapters had generic titles, clearing.
Jul 11, 2026 02:04:08.444 [548562853944] DEBUG - [MI] Closing input file: "/data/medios/Pelis/Dune (2021)/Dune (2026).mkv"
Jul 11, 2026 02:04:08.445 [548562853944] DEBUG - Streams didn't change in analysis, not saving.
Jul 11, 2026 02:04:08.445 [548562853944] DEBUG - Updating media item 17, size=5935021653, metadata_item_id=18
Jul 11, 2026 02:04:08.445 [548562853944] DEBUG - Updating part with ID=17 [/data/medios/Pelis/Dune (2021)/Dune (2026).mkv]
Jul 11, 2026 02:04:08.446 [548433546744] DEBUG - [HCl#d] HTTP requesting GET http://127.0.0.1:32400/:/metadata/notify/changeItemState?librarySectionID=1&metadataItemID=18&metadataType=1&state=-1&parentID=-1&rootID=-1&mediaState=analyzing
Jul 11, 2026 02:04:08.446 [548562853944] DEBUG - [MI] Opening input file: "/data/medios/Pelis/Dune (2021)/Dune (2026).mkv"
Jul 11, 2026 02:04:08.446 [548562853944] DEBUG - [FFMPEG] - Opening '/data/medios/Pelis/Dune (2021)/Dune (2026).mkv' for reading
Jul 11, 2026 02:04:08.447 [548562853944] DEBUG - [FFMPEG] - Setting default whitelist 'file,crypto,data'
Jul 11, 2026 02:04:08.447 [548562853944] DEBUG - [FFMPEG] - Format matroska,webm probed with size=2048 and score=100
Jul 11, 2026 02:04:08.447 [548562853944] DEBUG - [FFMPEG] - Unknown entry 0x437D at pos. 5990
Jul 11, 2026 02:04:08.447 [548562853944] DEBUG - [FFMPEG] - Unknown entry 0x437D at pos. 6036
Jul 11, 2026 02:04:08.447 [548562853944] DEBUG - [FFMPEG] - Unknown entry 0x437D at pos. 6083
Jul 11, 2026 02:04:08.447 [548562853944] DEBUG - [FFMPEG] - Unknown entry 0x437D at pos. 6130
Jul 11, 2026 02:04:08.447 [548562853944] DEBUG - [FFMPEG] - Unknown entry 0x437D at pos. 6177
Jul 11, 2026 02:04:08.447 [548562853944] DEBUG - [FFMPEG] - Unknown entry 0x437D at pos. 6224
Jul 11, 2026 02:04:08.447 [548562853944] DEBUG - [FFMPEG] - Unknown entry 0x437D at pos. 6271
Jul 11, 2026 02:04:08.447 [548562853944] DEBUG - [FFMPEG] - Unknown entry 0x437D at pos. 6318
Jul 11, 2026 02:04:08.447 [548562853944] DEBUG - [FFMPEG] - Unknown entry 0x437D at pos. 6365
Jul 11, 2026 02:04:08.447 [548562853944] DEBUG - [FFMPEG] - Unknown entry 0x437D at pos. 6412
Jul 11, 2026 02:04:08.447 [548562853944] DEBUG - [FFMPEG] - Unknown entry 0x437D at pos. 6459
Jul 11, 2026 02:04:08.447 [548562853944] DEBUG - [FFMPEG] - Unknown entry 0x437D at pos. 6506
Jul 11, 2026 02:04:08.447 [548562853944] DEBUG - [FFMPEG] - Unknown entry 0x437D at pos. 6553
Jul 11, 2026 02:04:08.447 [548562853944] DEBUG - [FFMPEG] - Unknown entry 0x437D at pos. 6600
Jul 11, 2026 02:04:08.447 [548562853944] DEBUG - [FFMPEG] - Unknown entry 0x437D at pos. 6647
Jul 11, 2026 02:04:08.447 [548562853944] DEBUG - [FFMPEG] - Unknown entry 0x437D at pos. 6694
Jul 11, 2026 02:04:08.447 [548562853944] DEBUG - [FFMPEG] - Unknown entry 0x437D at pos. 6741
Jul 11, 2026 02:04:08.448 [548562853944] DEBUG - [FFMPEG] - st:0 removing common factor 1000000 from timebase
Jul 11, 2026 02:04:08.448 [548562853944] DEBUG - [FFMPEG] - st:1 removing common factor 1000000 from timebase
Jul 11, 2026 02:04:08.448 [548562853944] DEBUG - [FFMPEG] - st:2 removing common factor 1000000 from timebase
Jul 11, 2026 02:04:08.448 [548562853944] DEBUG - [FFMPEG] - st:3 removing common factor 1000000 from timebase
Jul 11, 2026 02:04:08.448 [548562853944] DEBUG - [FFMPEG] - st:4 removing common factor 1000000 from timebase
Jul 11, 2026 02:04:08.448 [548433399288] DEBUG - [HttpClient/HCl#d] HTTP/1.1 (0.0s) 200 response from GET http://127.0.0.1:32400/:/metadata/notify/changeItemState?librarySectionID=1&metadataItemID=18&metadataType=1&state=-1&parentID=-1&rootID=-1&mediaState=analyzing (reused)
Jul 11, 2026 02:04:08.448 [548562853944] DEBUG - [FFMPEG] - st:5 removing common factor 1000000 from timebase
Jul 11, 2026 02:04:08.448 [548433546744] DEBUG - [HCl#e] HTTP requesting GET http://127.0.0.1:32400/:/metadata/notify/changeItemState?librarySectionID=1&metadataItemID=18&metadataType=1&state=-1&parentID=-1&rootID=-1&mediaState=thumbnailing
Jul 11, 2026 02:04:08.448 [548562853944] DEBUG - [FFMPEG] - Before avformat_find_stream_info() pos: 6854 bytes read:34776 seeks:2 nb_streams:6
Jul 11, 2026 02:04:08.449 [548562853944] DEBUG - [FFMPEG] - nal_unit_type: 7(SPS), nal_ref_idc: 3
Jul 11, 2026 02:04:08.449 [548562853944] DEBUG - [FFMPEG] - Decoding VUI
Jul 11, 2026 02:04:08.449 [548562853944] DEBUG - [FFMPEG] - nal_unit_type: 8(PPS), nal_ref_idc: 3
Jul 11, 2026 02:04:08.450 [548433399288] DEBUG - [HttpClient/HCl#e] HTTP/1.1 (0.0s) 200 response from GET http://127.0.0.1:32400/:/metadata/notify/changeItemState?librarySectionID=1&metadataItemID=18&metadataType=1&state=-1&parentID=-1&rootID=-1&mediaState=thumbnailing (reused)
Jul 11, 2026 02:04:08.450 [548562853944] DEBUG - [FFMPEG] - nal_unit_type: 7(SPS), nal_ref_idc: 3
Jul 11, 2026 02:04:08.450 [548562853944] DEBUG - [FFMPEG] - Decoding VUI
Jul 11, 2026 02:04:08.450 [548562853944] DEBUG - [FFMPEG] - nal_unit_type: 8(PPS), nal_ref_idc: 3
Jul 11, 2026 02:04:08.451 [548562853944] DEBUG - [FFMPEG] - nal_unit_type: 6(SEI), nal_ref_idc: 0
Jul 11, 2026 02:04:08.451 [548562853944] DEBUG - [FFMPEG] - nal_unit_type: 5(IDR), nal_ref_idc: 3
Jul 11, 2026 02:04:08.451 [548562853944] DEBUG - [FFMPEG] - Format yuv420p chosen by get_format().
Jul 11, 2026 02:04:08.455 [548562853944] DEBUG - [FFMPEG] - no picture 
Jul 11, 2026 02:04:08.459 [548562853944] DEBUG - [FFMPEG] - nal_unit_type: 1(Coded slice of a non-IDR picture), nal_ref_idc: 2
Jul 11, 2026 02:04:08.463 [548562853944] DEBUG - [FFMPEG] - no picture 
Jul 11, 2026 02:04:08.467 [548562853944] DEBUG - [FFMPEG] - nal_unit_type: 1(Coded slice of a non-IDR picture), nal_ref_idc: 2
Jul 11, 2026 02:04:08.478 [548562853944] DEBUG - [FFMPEG] - nal_unit_type: 1(Coded slice of a non-IDR picture), nal_ref_idc: 0
Jul 11, 2026 02:04:08.488 [548562853944] DEBUG - [FFMPEG] - nal_unit_type: 1(Coded slice of a non-IDR picture), nal_ref_idc: 0
Jul 11, 2026 02:04:08.498 [548562853944] DEBUG - [FFMPEG] - nal_unit_type: 1(Coded slice of a non-IDR picture), nal_ref_idc: 2
Jul 11, 2026 02:04:08.503 [548562853944] DEBUG - [FFMPEG] - nal_unit_type: 1(Coded slice of a non-IDR picture), nal_ref_idc: 2
Jul 11, 2026 02:04:08.509 [548562853944] DEBUG - [FFMPEG] - nal_unit_type: 1(Coded slice of a non-IDR picture), nal_ref_idc: 0
Jul 11, 2026 02:04:08.516 [548562853944] DEBUG - [FFMPEG] - nal_unit_type: 1(Coded slice of a non-IDR picture), nal_ref_idc: 0
Jul 11, 2026 02:04:08.523 [548562853944] DEBUG - [FFMPEG] - All info found
Jul 11, 2026 02:04:08.526 [548562853944] DEBUG - [FFMPEG] - After avformat_find_stream_info() pos: 79853 bytes read:133080 seeks:2 frames:42
Jul 11, 2026 02:04:08.526 [548562853944] DEBUG - Creating /config/Library/Application Support/Plex Media Server/Media/localhost/7/d78a12a530f7c78b78b450ff4ac4ea20d27c67b.bundle/Contents/Thumbnails/thumb1.jpg (50.0%, 720x512).
Jul 11, 2026 02:04:08.527 [548562853944] DEBUG - [FFMPEG] - nal_unit_type: 7(SPS), nal_ref_idc: 3
Jul 11, 2026 02:04:08.527 [548562853944] DEBUG - [FFMPEG] - Decoding VUI
Jul 11, 2026 02:04:08.527 [548562853944] DEBUG - [FFMPEG] - nal_unit_type: 8(PPS), nal_ref_idc: 3
Jul 11, 2026 02:04:08.591 [548562853944] DEBUG - [FFMPEG] - nal_unit_type: 7(SPS), nal_ref_idc: 3
Jul 11, 2026 02:04:08.591 [548562853944] DEBUG - [FFMPEG] - Decoding VUI
Jul 11, 2026 02:04:08.591 [548562853944] DEBUG - [FFMPEG] - nal_unit_type: 8(PPS), nal_ref_idc: 3
Jul 11, 2026 02:04:08.592 [548562853944] DEBUG - [FFMPEG] - nal_unit_type: 5(IDR), nal_ref_idc: 3
Jul 11, 2026 02:04:08.592 [548562853944] DEBUG - [FFMPEG] - Format yuv420p chosen by get_format().
Jul 11, 2026 02:04:08.596 [548562853944] DEBUG - [FFMPEG] - no picture 
Jul 11, 2026 02:04:08.625 [548562853944] DEBUG - [FFMPEG] - nal_unit_type: 1(Coded slice of a non-IDR picture), nal_ref_idc: 2
Jul 11, 2026 02:04:08.628 [548562853944] DEBUG - [FFMPEG] - no picture 
Jul 11, 2026 02:04:08.642 [548562853944] DEBUG - [FFMPEG] - nal_unit_type: 1(Coded slice of a non-IDR picture), nal_ref_idc: 2
Jul 11, 2026 02:04:08.659 [548562853944] WARN - [FFMPEG] - No accelerated colorspace conversion found from yuv420p to rgb24.
Jul 11, 2026 02:04:08.759 [548562853944] DEBUG - Loaded memory image of size 1920x804.
Jul 11, 2026 02:04:08.816 [548562853944] DEBUG - [FFMPEG] - nal_unit_type: 7(SPS), nal_ref_idc: 3
Jul 11, 2026 02:04:08.816 [548562853944] DEBUG - [FFMPEG] - Decoding VUI
Jul 11, 2026 02:04:08.816 [548562853944] DEBUG - [FFMPEG] - nal_unit_type: 8(PPS), nal_ref_idc: 3
Jul 11, 2026 02:04:08.826 [548562853944] DEBUG - [FFMPEG] - nal_unit_type: 7(SPS), nal_ref_idc: 3
Jul 11, 2026 02:04:08.826 [548562853944] DEBUG - [FFMPEG] - Decoding VUI
Jul 11, 2026 02:04:08.826 [548562853944] DEBUG - [FFMPEG] - nal_unit_type: 8(PPS), nal_ref_idc: 3
Jul 11, 2026 02:04:08.827 [548562853944] DEBUG - [FFMPEG] - nal_unit_type: 5(IDR), nal_ref_idc: 3
Jul 11, 2026 02:04:08.827 [548562853944] DEBUG - [FFMPEG] - Format yuv420p chosen by get_format().
Jul 11, 2026 02:04:08.831 [548562853944] DEBUG - [FFMPEG] - no picture 
Jul 11, 2026 02:04:08.860 [548562853944] DEBUG - [FFMPEG] - nal_unit_type: 1(Coded slice of a non-IDR picture), nal_ref_idc: 2
Jul 11, 2026 02:04:08.863 [548562853944] DEBUG - [FFMPEG] - no picture 
Jul 11, 2026 02:04:08.885 [548562853944] DEBUG - [FFMPEG] - nal_unit_type: 1(Coded slice of a non-IDR picture), nal_ref_idc: 2
Jul 11, 2026 02:04:08.907 [548562853944] WARN - [FFMPEG] - No accelerated colorspace conversion found from yuv420p to rgb24.
Jul 11, 2026 02:04:09.007 [548562853944] DEBUG - Loaded memory image of size 1920x804.
Jul 11, 2026 02:04:09.063 [548562853944] DEBUG - [FFMPEG] - nal_unit_type: 7(SPS), nal_ref_idc: 3
Jul 11, 2026 02:04:09.063 [548562853944] DEBUG - [FFMPEG] - Decoding VUI
Jul 11, 2026 02:04:09.063 [548562853944] DEBUG - [FFMPEG] - nal_unit_type: 8(PPS), nal_ref_idc: 3
Jul 11, 2026 02:04:09.074 [548562853944] DEBUG - [FFMPEG] - nal_unit_type: 7(SPS), nal_ref_idc: 3
Jul 11, 2026 02:04:09.075 [548562853944] DEBUG - [FFMPEG] - Decoding VUI
Jul 11, 2026 02:04:09.075 [548562853944] DEBUG - [FFMPEG] - nal_unit_type: 8(PPS), nal_ref_idc: 3
Jul 11, 2026 02:04:09.075 [548562853944] DEBUG - [FFMPEG] - nal_unit_type: 5(IDR), nal_ref_idc: 3
Jul 11, 2026 02:04:09.075 [548562853944] DEBUG - [FFMPEG] - Format yuv420p chosen by get_format().
Jul 11, 2026 02:04:09.079 [548562853944] DEBUG - [FFMPEG] - no picture 
Jul 11, 2026 02:04:09.098 [548562853944] DEBUG - [FFMPEG] - nal_unit_type: 1(Coded slice of a non-IDR picture), nal_ref_idc: 2
Jul 11, 2026 02:04:09.102 [548562853944] DEBUG - [FFMPEG] - no picture 
Jul 11, 2026 02:04:09.122 [548562853944] DEBUG - [FFMPEG] - nal_unit_type: 1(Coded slice of a non-IDR picture), nal_ref_idc: 2
Jul 11, 2026 02:04:09.147 [548562853944] WARN - [FFMPEG] - No accelerated colorspace conversion found from yuv420p to rgb24.
Jul 11, 2026 02:04:09.247 [548562853944] DEBUG - Loaded memory image of size 1920x804.
Jul 11, 2026 02:04:09.301 [548562853944] DEBUG - [MI] Closing input file: "/data/medios/Pelis/Dune (2021)/Dune (2026).mkv"
Jul 11, 2026 02:04:09.302 [548562853944] DEBUG - [MI] Opening input file: "/data/medios/Pelis/Dune (2021)/Dune (2026).mkv"
Jul 11, 2026 02:04:09.303 [548562853944] DEBUG - [FFMPEG] - Opening '/data/medios/Pelis/Dune (2021)/Dune (2026).mkv' for reading
Jul 11, 2026 02:04:09.303 [548562853944] DEBUG - [FFMPEG] - Setting default whitelist 'file,crypto,data'
Jul 11, 2026 02:04:09.303 [548562853944] DEBUG - [FFMPEG] - Format matroska,webm probed with size=2048 and score=100
Jul 11, 2026 02:04:09.303 [548562853944] DEBUG - [FFMPEG] - Unknown entry 0x437D at pos. 5990
Jul 11, 2026 02:04:09.303 [548562853944] DEBUG - [FFMPEG] - Unknown entry 0x437D at pos. 6036
Jul 11, 2026 02:04:09.303 [548562853944] DEBUG - [FFMPEG] - Unknown entry 0x437D at pos. 6083
Jul 11, 2026 02:04:09.303 [548562853944] DEBUG - [FFMPEG] - Unknown entry 0x437D at pos. 6130
Jul 11, 2026 02:04:09.303 [548562853944] DEBUG - [FFMPEG] - Unknown entry 0x437D at pos. 6177
Jul 11, 2026 02:04:09.303 [548562853944] DEBUG - [FFMPEG] - Unknown entry 0x437D at pos. 6224
Jul 11, 2026 02:04:09.303 [548562853944] DEBUG - [FFMPEG] - Unknown entry 0x437D at pos. 6271
Jul 11, 2026 02:04:09.303 [548562853944] DEBUG - [FFMPEG] - Unknown entry 0x437D at pos. 6318
Jul 11, 2026 02:04:09.303 [548562853944] DEBUG - [FFMPEG] - Unknown entry 0x437D at pos. 6365
Jul 11, 2026 02:04:09.303 [548562853944] DEBUG - [FFMPEG] - Unknown entry 0x437D at pos. 6412
Jul 11, 2026 02:04:09.303 [548562853944] DEBUG - [FFMPEG] - Unknown entry 0x437D at pos. 6459
Jul 11, 2026 02:04:09.303 [548562853944] DEBUG - [FFMPEG] - Unknown entry 0x437D at pos. 6506
Jul 11, 2026 02:04:09.303 [548562853944] DEBUG - [FFMPEG] - Unknown entry 0x437D at pos. 6553
Jul 11, 2026 02:04:09.303 [548562853944] DEBUG - [FFMPEG] - Unknown entry 0x437D at pos. 6600
Jul 11, 2026 02:04:09.303 [548562853944] DEBUG - [FFMPEG] - Unknown entry 0x437D at pos. 6647
Jul 11, 2026 02:04:09.303 [548562853944] DEBUG - [FFMPEG] - Unknown entry 0x437D at pos. 6694
Jul 11, 2026 02:04:09.303 [548562853944] DEBUG - [FFMPEG] - Unknown entry 0x437D at pos. 6741
Jul 11, 2026 02:04:09.304 [548562853944] DEBUG - [FFMPEG] - st:0 removing common factor 1000000 from timebase
Jul 11, 2026 02:04:09.304 [548562853944] DEBUG - [FFMPEG] - st:1 removing common factor 1000000 from timebase
Jul 11, 2026 02:04:09.304 [548562853944] DEBUG - [FFMPEG] - st:2 removing common factor 1000000 from timebase
Jul 11, 2026 02:04:09.304 [548562853944] DEBUG - [FFMPEG] - st:3 removing common factor 1000000 from timebase
Jul 11, 2026 02:04:09.304 [548562853944] DEBUG - [FFMPEG] - st:4 removing common factor 1000000 from timebase
Jul 11, 2026 02:04:09.304 [548562853944] DEBUG - [FFMPEG] - st:5 removing common factor 1000000 from timebase
Jul 11, 2026 02:04:09.304 [548562853944] DEBUG - [FFMPEG] - Before avformat_find_stream_info() pos: 6854 bytes read:34776 seeks:2 nb_streams:6
Jul 11, 2026 02:04:09.305 [548562853944] DEBUG - [FFMPEG] - nal_unit_type: 7(SPS), nal_ref_idc: 3
Jul 11, 2026 02:04:09.305 [548562853944] DEBUG - [FFMPEG] - Decoding VUI
Jul 11, 2026 02:04:09.305 [548562853944] DEBUG - [FFMPEG] - nal_unit_type: 8(PPS), nal_ref_idc: 3
Jul 11, 2026 02:04:09.306 [548562853944] DEBUG - [FFMPEG] - nal_unit_type: 7(SPS), nal_ref_idc: 3
Jul 11, 2026 02:04:09.306 [548562853944] DEBUG - [FFMPEG] - Decoding VUI
Jul 11, 2026 02:04:09.306 [548562853944] DEBUG - [FFMPEG] - nal_unit_type: 8(PPS), nal_ref_idc: 3
Jul 11, 2026 02:04:09.306 [548562853944] DEBUG - [FFMPEG] - nal_unit_type: 6(SEI), nal_ref_idc: 0
Jul 11, 2026 02:04:09.306 [548562853944] DEBUG - [FFMPEG] - nal_unit_type: 5(IDR), nal_ref_idc: 3
Jul 11, 2026 02:04:09.306 [548562853944] DEBUG - [FFMPEG] - Format yuv420p chosen by get_format().
Jul 11, 2026 02:04:09.311 [548562853944] DEBUG - [FFMPEG] - no picture 
Jul 11, 2026 02:04:09.315 [548562853944] DEBUG - [FFMPEG] - nal_unit_type: 1(Coded slice of a non-IDR picture), nal_ref_idc: 2
Jul 11, 2026 02:04:09.319 [548562853944] DEBUG - [FFMPEG] - no picture 
Jul 11, 2026 02:04:09.323 [548562853944] DEBUG - [FFMPEG] - nal_unit_type: 1(Coded slice of a non-IDR picture), nal_ref_idc: 2
Jul 11, 2026 02:04:09.333 [548562853944] DEBUG - [FFMPEG] - nal_unit_type: 1(Coded slice of a non-IDR picture), nal_ref_idc: 0
Jul 11, 2026 02:04:09.343 [548562853944] DEBUG - [FFMPEG] - nal_unit_type: 1(Coded slice of a non-IDR picture), nal_ref_idc: 0
Jul 11, 2026 02:04:09.354 [548562853944] DEBUG - [FFMPEG] - nal_unit_type: 1(Coded slice of a non-IDR picture), nal_ref_idc: 2
Jul 11, 2026 02:04:09.358 [548562853944] DEBUG - [FFMPEG] - nal_unit_type: 1(Coded slice of a non-IDR picture), nal_ref_idc: 2
Jul 11, 2026 02:04:09.365 [548562853944] DEBUG - [FFMPEG] - nal_unit_type: 1(Coded slice of a non-IDR picture), nal_ref_idc: 0
Jul 11, 2026 02:04:09.372 [548562853944] DEBUG - [FFMPEG] - nal_unit_type: 1(Coded slice of a non-IDR picture), nal_ref_idc: 0
Jul 11, 2026 02:04:09.378 [548562853944] DEBUG - [FFMPEG] - All info found
Jul 11, 2026 02:04:09.381 [548562853944] DEBUG - [FFMPEG] - After avformat_find_stream_info() pos: 79853 bytes read:133080 seeks:2 frames:42
Jul 11, 2026 02:04:09.381 [548562853944] DEBUG - Creating /config/Library/Application Support/Plex Media Server/Media/localhost/7/d78a12a530f7c78b78b450ff4ac4ea20d27c67b.bundle/Contents/Art/art1.jpg (50.0%, 1280x720).
Jul 11, 2026 02:04:09.382 [548562853944] DEBUG - [FFMPEG] - nal_unit_type: 7(SPS), nal_ref_idc: 3
Jul 11, 2026 02:04:09.382 [548562853944] DEBUG - [FFMPEG] - Decoding VUI
Jul 11, 2026 02:04:09.382 [548562853944] DEBUG - [FFMPEG] - nal_unit_type: 8(PPS), nal_ref_idc: 3
Jul 11, 2026 02:04:09.392 [548562853944] DEBUG - [FFMPEG] - nal_unit_type: 7(SPS), nal_ref_idc: 3
Jul 11, 2026 02:04:09.392 [548562853944] DEBUG - [FFMPEG] - Decoding VUI
Jul 11, 2026 02:04:09.392 [548562853944] DEBUG - [FFMPEG] - nal_unit_type: 8(PPS), nal_ref_idc: 3
Jul 11, 2026 02:04:09.393 [548562853944] DEBUG - [FFMPEG] - nal_unit_type: 5(IDR), nal_ref_idc: 3
Jul 11, 2026 02:04:09.393 [548562853944] DEBUG - [FFMPEG] - Format yuv420p chosen by get_format().
Jul 11, 2026 02:04:09.398 [548562853944] DEBUG - [FFMPEG] - no picture 
Jul 11, 2026 02:04:09.426 [548562853944] DEBUG - [FFMPEG] - nal_unit_type: 1(Coded slice of a non-IDR picture), nal_ref_idc: 2
Jul 11, 2026 02:04:09.429 [548562853944] DEBUG - [FFMPEG] - no picture 
Jul 11, 2026 02:04:09.442 [548562853944] DEBUG - [FFMPEG] - nal_unit_type: 1(Coded slice of a non-IDR picture), nal_ref_idc: 2
Jul 11, 2026 02:04:09.460 [548562853944] WARN - [FFMPEG] - No accelerated colorspace conversion found from yuv420p to rgb24.
Jul 11, 2026 02:04:09.560 [548562853944] DEBUG - Loaded memory image of size 1920x804.
Jul 11, 2026 02:04:09.723 [548562853944] DEBUG - [FFMPEG] - nal_unit_type: 7(SPS), nal_ref_idc: 3
Jul 11, 2026 02:04:09.723 [548562853944] DEBUG - [FFMPEG] - Decoding VUI
Jul 11, 2026 02:04:09.723 [548562853944] DEBUG - [FFMPEG] - nal_unit_type: 8(PPS), nal_ref_idc: 3
Jul 11, 2026 02:04:09.724 [548562853944] DEBUG - [FFMPEG] - nal_unit_type: 7(SPS), nal_ref_idc: 3
Jul 11, 2026 02:04:09.724 [548562853944] DEBUG - [FFMPEG] - Decoding VUI
Jul 11, 2026 02:04:09.724 [548562853944] DEBUG - [FFMPEG] - nal_unit_type: 8(PPS), nal_ref_idc: 3
Jul 11, 2026 02:04:09.725 [548562853944] DEBUG - [FFMPEG] - nal_unit_type: 5(IDR), nal_ref_idc: 3
Jul 11, 2026 02:04:09.725 [548562853944] DEBUG - [FFMPEG] - Format yuv420p chosen by get_format().
Jul 11, 2026 02:04:09.730 [548562853944] DEBUG - [FFMPEG] - no picture 
Jul 11, 2026 02:04:09.759 [548562853944] DEBUG - [FFMPEG] - nal_unit_type: 1(Coded slice of a non-IDR picture), nal_ref_idc: 2
Jul 11, 2026 02:04:09.763 [548562853944] DEBUG - [FFMPEG] - no picture 
Jul 11, 2026 02:04:09.784 [548562853944] DEBUG - [FFMPEG] - nal_unit_type: 1(Coded slice of a non-IDR picture), nal_ref_idc: 2
Jul 11, 2026 02:04:09.806 [548562853944] WARN - [FFMPEG] - No accelerated colorspace conversion found from yuv420p to rgb24.
Jul 11, 2026 02:04:09.908 [548562853944] DEBUG - Loaded memory image of size 1920x804.
Jul 11, 2026 02:04:10.072 [548562853944] DEBUG - [FFMPEG] - nal_unit_type: 7(SPS), nal_ref_idc: 3
Jul 11, 2026 02:04:10.072 [548562853944] DEBUG - [FFMPEG] - Decoding VUI
Jul 11, 2026 02:04:10.072 [548562853944] DEBUG - [FFMPEG] - nal_unit_type: 8(PPS), nal_ref_idc: 3
Jul 11, 2026 02:04:10.072 [548562853944] DEBUG - [FFMPEG] - nal_unit_type: 7(SPS), nal_ref_idc: 3
Jul 11, 2026 02:04:10.072 [548562853944] DEBUG - [FFMPEG] - Decoding VUI
Jul 11, 2026 02:04:10.072 [548562853944] DEBUG - [FFMPEG] - nal_unit_type: 8(PPS), nal_ref_idc: 3
Jul 11, 2026 02:04:10.073 [548562853944] DEBUG - [FFMPEG] - nal_unit_type: 5(IDR), nal_ref_idc: 3
Jul 11, 2026 02:04:10.073 [548562853944] DEBUG - [FFMPEG] - Format yuv420p chosen by get_format().
Jul 11, 2026 02:04:10.077 [548562853944] DEBUG - [FFMPEG] - no picture 
Jul 11, 2026 02:04:10.096 [548562853944] DEBUG - [FFMPEG] - nal_unit_type: 1(Coded slice of a non-IDR picture), nal_ref_idc: 2
Jul 11, 2026 02:04:10.100 [548562853944] DEBUG - [FFMPEG] - no picture 
Jul 11, 2026 02:04:10.120 [548562853944] DEBUG - [FFMPEG] - nal_unit_type: 1(Coded slice of a non-IDR picture), nal_ref_idc: 2
Jul 11, 2026 02:04:10.144 [548562853944] WARN - [FFMPEG] - No accelerated colorspace conversion found from yuv420p to rgb24.
Jul 11, 2026 02:04:10.245 [548562853944] DEBUG - Loaded memory image of size 1920x804.
Jul 11, 2026 02:04:10.400 [548562853944] DEBUG - [MI] Closing input file: "/data/medios/Pelis/Dune (2021)/Dune (2026).mkv"
Jul 11, 2026 02:04:10.402 [548562853944] DEBUG - Downloading document http://127.0.0.1:32400/library/changestamp
Jul 11, 2026 02:04:10.402 [548562853944] DEBUG - [HCl#f] HTTP requesting GET http://127.0.0.1:32400/library/changestamp
Jul 11, 2026 02:04:10.404 [548433399288] DEBUG - [HttpClient/HCl#f] HTTP/1.1 (0.0s) 200 response from GET http://127.0.0.1:32400/library/changestamp (reused)
Jul 11, 2026 02:04:10.404 [548562853944] DEBUG - Updating metadata item (save) (The Dune) with ID 18
Jul 11, 2026 02:04:10.405 [548433546744] DEBUG - [HCl#10] HTTP requesting GET http://127.0.0.1:32400/:/metadata/notify/changeItemState?librarySectionID=1&metadataItemID=18&metadataType=1&state=-1&parentID=-1&rootID=-1&mediaState=idle
Jul 11, 2026 02:04:10.407 [548433399288] DEBUG - [HttpClient/HCl#10] HTTP/1.1 (0.0s) 200 response from GET http://127.0.0.1:32400/:/metadata/notify/changeItemState?librarySectionID=1&metadataItemID=18&metadataType=1&state=-1&parentID=-1&rootID=-1&mediaState=idle (reused)
Jul 11, 2026 02:04:10.422 [548562853944] DEBUG - It took 0.000000 ms to retrieve 162 items.
Jul 11, 2026 02:04:10.424 [548562853944] DEBUG - Analyzing media parts for item 17 (Dune: Parte dos): 16
Jul 11, 2026 02:04:10.425 [548562853944] DEBUG - [ID 16] Media part analysis: /data/medios/Pelis/Dune Part Two (2024)/Dune Parte Dos (2024).mkv
Jul 11, 2026 02:04:10.425 [548562853944] DEBUG - [MI] Opening input file: "/data/medios/Pelis/Dune Part Two (2024)/Dune Parte Dos (2024).mkv"
Jul 11, 2026 02:04:10.425 [548562853944] DEBUG - [FFMPEG] - Opening '/data/medios/Pelis/Dune Part Two (2024)/Dune Parte Dos (2024).mkv' for reading
Jul 11, 2026 02:04:10.425 [548562853944] DEBUG - [FFMPEG] - Setting default whitelist 'file,crypto,data'
Jul 11, 2026 02:04:10.425 [548562853944] DEBUG - [FFMPEG] - Format matroska,webm probed with size=2048 and score=100
Jul 11, 2026 02:04:10.426 [548562853944] DEBUG - [FFMPEG] - st:0 removing common factor 1000000 from timebase
Jul 11, 2026 02:04:10.426 [548562853944] DEBUG - [FFMPEG] - st:1 removing common factor 1000000 from timebase
Jul 11, 2026 02:04:10.426 [548562853944] DEBUG - [FFMPEG] - Before avformat_find_stream_info() pos: 2859 bytes read:32768 seeks:0 nb_streams:2
Jul 11, 2026 02:04:10.427 [548562853944] DEBUG - [FFMPEG] - nal_unit_type: 7(SPS), nal_ref_idc: 3
Jul 11, 2026 02:04:10.427 [548562853944] DEBUG - [FFMPEG] - Decoding VUI
Jul 11, 2026 02:04:10.427 [548562853944] DEBUG - [FFMPEG] - nal_unit_type: 8(PPS), nal_ref_idc: 3
Jul 11, 2026 02:04:10.427 [548562853944] DEBUG - [FFMPEG] - nal_unit_type: 7(SPS), nal_ref_idc: 3
Jul 11, 2026 02:04:10.427 [548562853944] DEBUG - [FFMPEG] - Decoding VUI
Jul 11, 2026 02:04:10.427 [548562853944] DEBUG - [FFMPEG] - nal_unit_type: 8(PPS), nal_ref_idc: 3
Jul 11, 2026 02:04:10.428 [548562853944] DEBUG - [FFMPEG] - nal_unit_type: 6(SEI), nal_ref_idc: 0
Jul 11, 2026 02:04:10.428 [548562853944] DEBUG - [FFMPEG] - nal_unit_type: 5(IDR), nal_ref_idc: 3
Jul 11, 2026 02:04:10.428 [548562853944] DEBUG - [FFMPEG] - Format yuv420p chosen by get_format().
Jul 11, 2026 02:04:10.442 [548562853944] DEBUG - [FFMPEG] - nal_unit_type: 1(Coded slice of a non-IDR picture), nal_ref_idc: 2
Jul 11, 2026 02:04:10.452 [548562853944] DEBUG - [FFMPEG] - nal_unit_type: 1(Coded slice of a non-IDR picture), nal_ref_idc: 2
Jul 11, 2026 02:04:10.462 [548562853944] DEBUG - [FFMPEG] - nal_unit_type: 1(Coded slice of a non-IDR picture), nal_ref_idc: 2
Jul 11, 2026 02:04:10.468 [548562853944] DEBUG - [FFMPEG] - nal_unit_type: 1(Coded slice of a non-IDR picture), nal_ref_idc: 2
Jul 11, 2026 02:04:10.475 [548562853944] DEBUG - [FFMPEG] - nal_unit_type: 1(Coded slice of a non-IDR picture), nal_ref_idc: 2
Jul 11, 2026 02:04:10.481 [548562853944] DEBUG - [FFMPEG] - nal_unit_type: 1(Coded slice of a non-IDR picture), nal_ref_idc: 2
Jul 11, 2026 02:04:10.488 [548562853944] DEBUG - [FFMPEG] - All info found
Jul 11, 2026 02:04:10.490 [548562853944] DEBUG - [FFMPEG] - After avformat_find_stream_info() pos: 96678 bytes read:128491 seeks:0 frames:22
Jul 11, 2026 02:04:10.490 [548562853944] DEBUG - [MI]  * 26842685299ca136fc8e8ebabe6959d8de6f3142 [mkv h264/aac] Duration: 10016247ms, 1920x800 (1.777778) 23.976fps, bitrate=8247kbps, audio channels=2, optimizedForStreaming=0 ("/data/medios/Pelis/Dune Part Two (2024)/Dune Parte Dos (2024).mkv")
Jul 11, 2026 02:04:10.490 [548562853944] DEBUG - [MI] Importing 17 media chapters.
Jul 11, 2026 02:04:10.490 [548562853944] DEBUG - [MI] Chapters had generic titles, clearing.
Jul 11, 2026 02:04:10.491 [548562853944] DEBUG - [MI] Closing input file: "/data/medios/Pelis/Dune Part Two (2024)/Dune Parte Dos (2024).mkv"
Jul 11, 2026 02:04:10.491 [548562853944] DEBUG - Streams didn't change in analysis, not saving.
Jul 11, 2026 02:04:10.491 [548562853944] DEBUG - Updating media item 16, size=10325529488, metadata_item_id=17
Jul 11, 2026 02:04:10.491 [548562853944] DEBUG - Updating part with ID=16 [/data/medios/Pelis/Dune Part Two (2024)/Dune Parte Dos (2024).mkv]
Jul 11, 2026 02:04:10.492 [548433546744] DEBUG - [HCl#11] HTTP requesting GET http://127.0.0.1:32400/:/metadata/notify/changeItemState?librarySectionID=1&metadataItemID=17&metadataType=1&state=-1&parentID=-1&rootID=-1&mediaState=analyzing
Jul 11, 2026 02:04:10.492 [548562853944] DEBUG - [MI] Opening input file: "/data/medios/Pelis/Dune Part Two (2024)/Dune Parte Dos (2024).mkv"
Jul 11, 2026 02:04:10.492 [548562853944] DEBUG - [FFMPEG] - Opening '/data/medios/Pelis/Dune Part Two (2024)/Dune Parte Dos (2024).mkv' for reading
Jul 11, 2026 02:04:10.492 [548562853944] DEBUG - [FFMPEG] - Setting default whitelist 'file,crypto,data'
Jul 11, 2026 02:04:10.493 [548562853944] DEBUG - [FFMPEG] - Format matroska,webm probed with size=2048 and score=100
Jul 11, 2026 02:04:10.493 [548433399288] DEBUG - [HttpClient/HCl#11] HTTP/1.1 (0.0s) 200 response from GET http://127.0.0.1:32400/:/metadata/notify/changeItemState?librarySectionID=1&metadataItemID=17&metadataType=1&state=-1&parentID=-1&rootID=-1&mediaState=analyzing (reused)
Jul 11, 2026 02:04:10.493 [548562853944] DEBUG - [FFMPEG] - st:0 removing common factor 1000000 from timebase
Jul 11, 2026 02:04:10.493 [548562853944] DEBUG - [FFMPEG] - st:1 removing common factor 1000000 from timebase
Jul 11, 2026 02:04:10.494 [548433546744] DEBUG - [HCl#12] HTTP requesting GET http://127.0.0.1:32400/:/metadata/notify/changeItemState?librarySectionID=1&metadataItemID=17&metadataType=1&state=-1&parentID=-1&rootID=-1&mediaState=thumbnailing
Jul 11, 2026 02:04:10.494 [548562853944] DEBUG - [FFMPEG] - Before avformat_find_stream_info() pos: 2859 bytes read:32768 seeks:0 nb_streams:2
Jul 11, 2026 02:04:10.495 [548433399288] DEBUG - [HttpClient/HCl#12] HTTP/1.1 (0.0s) 200 response from GET http://127.0.0.1:32400/:/metadata/notify/changeItemState?librarySectionID=1&metadataItemID=17&metadataType=1&state=-1&parentID=-1&rootID=-1&mediaState=thumbnailing (reused)
Jul 11, 2026 02:04:10.495 [548562853944] DEBUG - [FFMPEG] - nal_unit_type: 7(SPS), nal_ref_idc: 3
Jul 11, 2026 02:04:10.495 [548562853944] DEBUG - [FFMPEG] - Decoding VUI
Jul 11, 2026 02:04:10.495 [548562853944] DEBUG - [FFMPEG] - nal_unit_type: 8(PPS), nal_ref_idc: 3
Jul 11, 2026 02:04:10.495 [548562853944] DEBUG - [FFMPEG] - nal_unit_type: 7(SPS), nal_ref_idc: 3
Jul 11, 2026 02:04:10.496 [548562853944] DEBUG - [FFMPEG] - Decoding VUI
Jul 11, 2026 02:04:10.496 [548562853944] DEBUG - [FFMPEG] - nal_unit_type: 8(PPS), nal_ref_idc: 3
Jul 11, 2026 02:04:10.496 [548562853944] DEBUG - [FFMPEG] - nal_unit_type: 6(SEI), nal_ref_idc: 0
Jul 11, 2026 02:04:10.496 [548562853944] DEBUG - [FFMPEG] - nal_unit_type: 5(IDR), nal_ref_idc: 3
Jul 11, 2026 02:04:10.496 [548562853944] DEBUG - [FFMPEG] - Format yuv420p chosen by get_format().
Jul 11, 2026 02:04:10.511 [548562853944] DEBUG - [FFMPEG] - nal_unit_type: 1(Coded slice of a non-IDR picture), nal_ref_idc: 2
Jul 11, 2026 02:04:10.520 [548562853944] DEBUG - [FFMPEG] - nal_unit_type: 1(Coded slice of a non-IDR picture), nal_ref_idc: 2
Jul 11, 2026 02:04:10.530 [548562853944] DEBUG - [FFMPEG] - nal_unit_type: 1(Coded slice of a non-IDR picture), nal_ref_idc: 2
Jul 11, 2026 02:04:10.536 [548562853944] DEBUG - [FFMPEG] - nal_unit_type: 1(Coded slice of a non-IDR picture), nal_ref_idc: 2
Jul 11, 2026 02:04:10.543 [548562853944] DEBUG - [FFMPEG] - nal_unit_type: 1(Coded slice of a non-IDR picture), nal_ref_idc: 2
Jul 11, 2026 02:04:10.549 [548562853944] DEBUG - [FFMPEG] - nal_unit_type: 1(Coded slice of a non-IDR picture), nal_ref_idc: 2
Jul 11, 2026 02:04:10.556 [548562853944] DEBUG - [FFMPEG] - All info found
Jul 11, 2026 02:04:10.558 [548562853944] DEBUG - [FFMPEG] - After avformat_find_stream_info() pos: 96678 bytes read:128491 seeks:0 frames:22
Jul 11, 2026 02:04:10.558 [548562853944] DEBUG - Creating /config/Library/Application Support/Plex Media Server/Media/localhost/2/6842685299ca136fc8e8ebabe6959d8de6f3142.bundle/Contents/Thumbnails/thumb1.jpg (50.0%, 720x512).
Jul 11, 2026 02:04:10.559 [548562853944] DEBUG - [FFMPEG] - nal_unit_type: 7(SPS), nal_ref_idc: 3
Jul 11, 2026 02:04:10.559 [548562853944] DEBUG - [FFMPEG] - Decoding VUI
Jul 11, 2026 02:04:10.559 [548562853944] DEBUG - [FFMPEG] - nal_unit_type: 8(PPS), nal_ref_idc: 3
Jul 11, 2026 02:04:10.597 [548562853944] DEBUG - [FFMPEG] - nal_unit_type: 7(SPS), nal_ref_idc: 3
Jul 11, 2026 02:04:10.597 [548562853944] DEBUG - [FFMPEG] - Decoding VUI
Jul 11, 2026 02:04:10.597 [548562853944] DEBUG - [FFMPEG] - nal_unit_type: 8(PPS), nal_ref_idc: 3
Jul 11, 2026 02:04:10.598 [548562853944] DEBUG - [FFMPEG] - nal_unit_type: 5(IDR), nal_ref_idc: 3
Jul 11, 2026 02:04:10.598 [548562853944] DEBUG - [FFMPEG] - Format yuv420p chosen by get_format().
Jul 11, 2026 02:04:10.797 [548562853944] DEBUG - Loaded memory image of size 1920x1080.
Jul 11, 2026 02:04:10.869 [548562853944] DEBUG - [FFMPEG] - nal_unit_type: 7(SPS), nal_ref_idc: 3
Jul 11, 2026 02:04:10.869 [548562853944] DEBUG - [FFMPEG] - Decoding VUI
Jul 11, 2026 02:04:10.869 [548562853944] DEBUG - [FFMPEG] - nal_unit_type: 8(PPS), nal_ref_idc: 3
Jul 11, 2026 02:04:10.930 [548562853944] DEBUG - [FFMPEG] - nal_unit_type: 7(SPS), nal_ref_idc: 3
Jul 11, 2026 02:04:10.930 [548562853944] DEBUG - [FFMPEG] - Decoding VUI
Jul 11, 2026 02:04:10.930 [548562853944] DEBUG - [FFMPEG] - nal_unit_type: 8(PPS), nal_ref_idc: 3
Jul 11, 2026 02:04:10.931 [548562853944] DEBUG - [FFMPEG] - nal_unit_type: 5(IDR), nal_ref_idc: 3
Jul 11, 2026 02:04:10.931 [548562853944] DEBUG - [FFMPEG] - Format yuv420p chosen by get_format().
Jul 11, 2026 02:04:11.137 [548562853944] DEBUG - Loaded memory image of size 1920x1080.
Jul 11, 2026 02:04:11.213 [548562853944] DEBUG - [FFMPEG] - nal_unit_type: 7(SPS), nal_ref_idc: 3
Jul 11, 2026 02:04:11.213 [548562853944] DEBUG - [FFMPEG] - Decoding VUI
Jul 11, 2026 02:04:11.213 [548562853944] DEBUG - [FFMPEG] - nal_unit_type: 8(PPS), nal_ref_idc: 3
Jul 11, 2026 02:04:11.240 [548562853944] DEBUG - [FFMPEG] - nal_unit_type: 7(SPS), nal_ref_idc: 3
Jul 11, 2026 02:04:11.240 [548562853944] DEBUG - [FFMPEG] - Decoding VUI
Jul 11, 2026 02:04:11.240 [548562853944] DEBUG - [FFMPEG] - nal_unit_type: 8(PPS), nal_ref_idc: 3
Jul 11, 2026 02:04:11.241 [548562853944] DEBUG - [FFMPEG] - nal_unit_type: 5(IDR), nal_ref_idc: 3
Jul 11, 2026 02:04:11.241 [548562853944] DEBUG - [FFMPEG] - Format yuv420p chosen by get_format().
Jul 11, 2026 02:04:11.437 [548562853944] DEBUG - Loaded memory image of size 1920x1080.
Jul 11, 2026 02:04:11.508 [548562853944] DEBUG - [MI] Closing input file: "/data/medios/Pelis/Dune Part Two (2024)/Dune Parte Dos (2024).mkv"
Jul 11, 2026 02:04:11.509 [548562853944] DEBUG - [MI] Opening input file: "/data/medios/Pelis/Dune Part Two (2024)/Dune Parte Dos (2024).mkv"
Jul 11, 2026 02:04:11.509 [548562853944] DEBUG - [FFMPEG] - Opening '/data/medios/Pelis/Dune Part Two (2024)/Dune Parte Dos (2024).mkv' for reading
Jul 11, 2026 02:04:11.509 [548562853944] DEBUG - [FFMPEG] - Setting default whitelist 'file,crypto,data'
Jul 11, 2026 02:04:11.510 [548562853944] DEBUG - [FFMPEG] - Format matroska,webm probed with size=2048 and score=100
Jul 11, 2026 02:04:11.510 [548562853944] DEBUG - [FFMPEG] - st:0 removing common factor 1000000 from timebase
Jul 11, 2026 02:04:11.510 [548562853944] DEBUG - [FFMPEG] - st:1 removing common factor 1000000 from timebase
Jul 11, 2026 02:04:11.510 [548562853944] DEBUG - [FFMPEG] - Before avformat_find_stream_info() pos: 2859 bytes read:32768 seeks:0 nb_streams:2
Jul 11, 2026 02:04:11.511 [548562853944] DEBUG - [FFMPEG] - nal_unit_type: 7(SPS), nal_ref_idc: 3
Jul 11, 2026 02:04:11.511 [548562853944] DEBUG - [FFMPEG] - Decoding VUI
Jul 11, 2026 02:04:11.511 [548562853944] DEBUG - [FFMPEG] - nal_unit_type: 8(PPS), nal_ref_idc: 3
Jul 11, 2026 02:04:11.512 [548562853944] DEBUG - [FFMPEG] - nal_unit_type: 7(SPS), nal_ref_idc: 3
Jul 11, 2026 02:04:11.512 [548562853944] DEBUG - [FFMPEG] - Decoding VUI
Jul 11, 2026 02:04:11.512 [548562853944] DEBUG - [FFMPEG] - nal_unit_type: 8(PPS), nal_ref_idc: 3
Jul 11, 2026 02:04:11.512 [548562853944] DEBUG - [FFMPEG] - nal_unit_type: 6(SEI), nal_ref_idc: 0
Jul 11, 2026 02:04:11.512 [548562853944] DEBUG - [FFMPEG] - nal_unit_type: 5(IDR), nal_ref_idc: 3
Jul 11, 2026 02:04:11.512 [548562853944] DEBUG - [FFMPEG] - Format yuv420p chosen by get_format().
Jul 11, 2026 02:04:11.527 [548562853944] DEBUG - [FFMPEG] - nal_unit_type: 1(Coded slice of a non-IDR picture), nal_ref_idc: 2
Jul 11, 2026 02:04:11.536 [548562853944] DEBUG - [FFMPEG] - nal_unit_type: 1(Coded slice of a non-IDR picture), nal_ref_idc: 2
Jul 11, 2026 02:04:11.546 [548562853944] DEBUG - [FFMPEG] - nal_unit_type: 1(Coded slice of a non-IDR picture), nal_ref_idc: 2
Jul 11, 2026 02:04:11.553 [548562853944] DEBUG - [FFMPEG] - nal_unit_type: 1(Coded slice of a non-IDR picture), nal_ref_idc: 2
Jul 11, 2026 02:04:11.559 [548562853944] DEBUG - [FFMPEG] - nal_unit_type: 1(Coded slice of a non-IDR picture), nal_ref_idc: 2
Jul 11, 2026 02:04:11.566 [548562853944] DEBUG - [FFMPEG] - nal_unit_type: 1(Coded slice of a non-IDR picture), nal_ref_idc: 2
Jul 11, 2026 02:04:11.572 [548562853944] DEBUG - [FFMPEG] - All info found
Jul 11, 2026 02:04:11.575 [548562853944] DEBUG - [FFMPEG] - After avformat_find_stream_info() pos: 96678 bytes read:128491 seeks:0 frames:22
Jul 11, 2026 02:04:11.575 [548562853944] DEBUG - Creating /config/Library/Application Support/Plex Media Server/Media/localhost/2/6842685299ca136fc8e8ebabe6959d8de6f3142.bundle/Contents/Art/art1.jpg (50.0%, 1280x720).
Jul 11, 2026 02:04:11.576 [548562853944] DEBUG - [FFMPEG] - nal_unit_type: 7(SPS), nal_ref_idc: 3
Jul 11, 2026 02:04:11.576 [548562853944] DEBUG - [FFMPEG] - Decoding VUI
Jul 11, 2026 02:04:11.576 [548562853944] DEBUG - [FFMPEG] - nal_unit_type: 8(PPS), nal_ref_idc: 3
Jul 11, 2026 02:04:11.583 [548562853944] DEBUG - [FFMPEG] - nal_unit_type: 7(SPS), nal_ref_idc: 3
Jul 11, 2026 02:04:11.583 [548562853944] DEBUG - [FFMPEG] - Decoding VUI
Jul 11, 2026 02:04:11.583 [548562853944] DEBUG - [FFMPEG] - nal_unit_type: 8(PPS), nal_ref_idc: 3
Jul 11, 2026 02:04:11.584 [548562853944] DEBUG - [FFMPEG] - nal_unit_type: 5(IDR), nal_ref_idc: 3
Jul 11, 2026 02:04:11.584 [548562853944] DEBUG - [FFMPEG] - Format yuv420p chosen by get_format().
Jul 11, 2026 02:04:11.784 [548562853944] DEBUG - Loaded memory image of size 1920x1080.
Jul 11, 2026 02:04:11.964 [548562853944] DEBUG - [FFMPEG] - nal_unit_type: 7(SPS), nal_ref_idc: 3
Jul 11, 2026 02:04:11.964 [548562853944] DEBUG - [FFMPEG] - Decoding VUI
Jul 11, 2026 02:04:11.964 [548562853944] DEBUG - [FFMPEG] - nal_unit_type: 8(PPS), nal_ref_idc: 3
Jul 11, 2026 02:04:11.965 [548562853944] DEBUG - [FFMPEG] - nal_unit_type: 7(SPS), nal_ref_idc: 3
Jul 11, 2026 02:04:11.965 [548562853944] DEBUG - [FFMPEG] - Decoding VUI
Jul 11, 2026 02:04:11.965 [548562853944] DEBUG - [FFMPEG] - nal_unit_type: 8(PPS), nal_ref_idc: 3
Jul 11, 2026 02:04:11.967 [548562853944] DEBUG - [FFMPEG] - nal_unit_type: 5(IDR), nal_ref_idc: 3
Jul 11, 2026 02:04:11.967 [548562853944] DEBUG - [FFMPEG] - Format yuv420p chosen by get_format().
Jul 11, 2026 02:04:12.172 [548562853944] DEBUG - Loaded memory image of size 1920x1080.
Jul 11, 2026 02:04:12.356 [548562853944] DEBUG - [FFMPEG] - nal_unit_type: 7(SPS), nal_ref_idc: 3
Jul 11, 2026 02:04:12.356 [548562853944] DEBUG - [FFMPEG] - Decoding VUI
Jul 11, 2026 02:04:12.356 [548562853944] DEBUG - [FFMPEG] - nal_unit_type: 8(PPS), nal_ref_idc: 3
Jul 11, 2026 02:04:12.357 [548562853944] DEBUG - [FFMPEG] - nal_unit_type: 7(SPS), nal_ref_idc: 3
Jul 11, 2026 02:04:12.357 [548562853944] DEBUG - [FFMPEG] - Decoding VUI
Jul 11, 2026 02:04:12.357 [548562853944] DEBUG - [FFMPEG] - nal_unit_type: 8(PPS), nal_ref_idc: 3
Jul 11, 2026 02:04:12.358 [548562853944] DEBUG - [FFMPEG] - nal_unit_type: 5(IDR), nal_ref_idc: 3
Jul 11, 2026 02:04:12.358 [548562853944] DEBUG - [FFMPEG] - Format yuv420p chosen by get_format().
Jul 11, 2026 02:04:12.553 [548562853944] DEBUG - Loaded memory image of size 1920x1080.
Jul 11, 2026 02:04:12.735 [548562853944] DEBUG - [MI] Closing input file: "/data/medios/Pelis/Dune Part Two (2024)/Dune Parte Dos (2024).mkv"
Jul 11, 2026 02:04:12.737 [548562853944] DEBUG - Downloading document http://127.0.0.1:32400/library/changestamp
Jul 11, 2026 02:04:12.737 [548562853944] DEBUG - [HCl#13] HTTP requesting GET http://127.0.0.1:32400/library/changestamp
Jul 11, 2026 02:04:12.739 [548433399288] DEBUG - [HttpClient/HCl#13] HTTP/1.1 (0.0s) 200 response from GET http://127.0.0.1:32400/library/changestamp (reused)
Jul 11, 2026 02:04:12.739 [548562853944] DEBUG - Updating metadata item (save) (Dune: Parte dos) with ID 17
Jul 11, 2026 02:04:12.741 [548433546744] DEBUG - [HCl#14] HTTP requesting GET http://127.0.0.1:32400/:/metadata/notify/changeItemState?librarySectionID=1&metadataItemID=17&metadataType=1&state=-1&parentID=-1&rootID=-1&mediaState=idle
Jul 11, 2026 02:04:12.743 [548433399288] DEBUG - [HttpClient/HCl#14] HTTP/1.1 (0.0s) 200 response from GET http://127.0.0.1:32400/:/metadata/notify/changeItemState?librarySectionID=1&metadataItemID=17&metadataType=1&state=-1&parentID=-1&rootID=-1&mediaState=idle (reused)
Jul 11, 2026 02:04:12.751 [548562853944] DEBUG - It took 10.000000 ms to retrieve 162 items.
