Jul 11, 2026 02:29:52.421 [547789430264] INFO - Plex Media Scanner v1.43.2.10687-563d026ea - Docker Docker Container (LinuxServer.io) aarch64 - build: linux-aarch64 - GMT 02:00
Jul 11, 2026 02:29:52.421 [547789430264] INFO - Linux version: 6.18.34+rpt-rpi-v8, language: en-US
Jul 11, 2026 02:29:52.422 [547789430264] INFO - Processor: 4-core ARM Cortex-A72
Jul 11, 2026 02:29:52.422 [547789430264] INFO - /usr/lib/plexmediaserver/Plex Media Scanner --generate --chapter-thumbs-only --item 15 --log-file-suffix  Chapter Thumbnails --force
Jul 11, 2026 02:29:52.423 [547885125688] DEBUG - Opening 20 database sessions to library (com.plexapp.plugins.library), SQLite 3.39.4, threadsafe=1
Jul 11, 2026 02:29:52.661 [547885125688] DEBUG - [MI] Opening input file: "/data/medios/Pelis/Como entrenar a tu dragon (2025) [Bluray 1080p][Esp]/Como entrenar a tu dragon (2025) [Bluray 1080p][Esp].mkv"
Jul 11, 2026 02:29:52.661 [547885125688] DEBUG - [FFMPEG] - Opening '/data/medios/Pelis/Como entrenar a tu dragon (2025) [Bluray 1080p][Esp]/Como entrenar a tu dragon (2025) [Bluray 1080p][Esp].mkv' for reading
Jul 11, 2026 02:29:52.661 [547885125688] DEBUG - [FFMPEG] - Setting default whitelist 'file,crypto,data'
Jul 11, 2026 02:29:52.662 [547885125688] DEBUG - [FFMPEG] - Format matroska,webm probed with size=2048 and score=100
Jul 11, 2026 02:29:52.662 [547885125688] DEBUG - [FFMPEG] - Unknown entry 0x437D at pos. 6047
Jul 11, 2026 02:29:52.662 [547885125688] DEBUG - [FFMPEG] - Unknown entry 0x437D at pos. 6099
Jul 11, 2026 02:29:52.662 [547885125688] DEBUG - [FFMPEG] - Unknown entry 0x437D at pos. 6151
Jul 11, 2026 02:29:52.662 [547885125688] DEBUG - [FFMPEG] - Unknown entry 0x437D at pos. 6202
Jul 11, 2026 02:29:52.662 [547885125688] DEBUG - [FFMPEG] - Unknown entry 0x437D at pos. 6255
Jul 11, 2026 02:29:52.662 [547885125688] DEBUG - [FFMPEG] - Unknown entry 0x437D at pos. 6308
Jul 11, 2026 02:29:52.662 [547885125688] DEBUG - [FFMPEG] - Unknown entry 0x437D at pos. 6361
Jul 11, 2026 02:29:52.662 [547885125688] DEBUG - [FFMPEG] - Unknown entry 0x437D at pos. 6414
Jul 11, 2026 02:29:52.662 [547885125688] DEBUG - [FFMPEG] - Unknown entry 0x437D at pos. 6467
Jul 11, 2026 02:29:52.662 [547885125688] DEBUG - [FFMPEG] - Unknown entry 0x437D at pos. 6520
Jul 11, 2026 02:29:52.662 [547885125688] DEBUG - [FFMPEG] - Unknown entry 0x437D at pos. 6573
Jul 11, 2026 02:29:52.662 [547885125688] DEBUG - [FFMPEG] - Unknown entry 0x437D at pos. 6626
Jul 11, 2026 02:29:52.662 [547885125688] DEBUG - [FFMPEG] - Unknown entry 0x437D at pos. 6679
Jul 11, 2026 02:29:52.662 [547885125688] DEBUG - [FFMPEG] - Unknown entry 0x437D at pos. 6732
Jul 11, 2026 02:29:52.662 [547885125688] DEBUG - [FFMPEG] - Unknown entry 0x437D at pos. 6785
Jul 11, 2026 02:29:52.662 [547885125688] DEBUG - [FFMPEG] - Unknown entry 0x437D at pos. 6838
Jul 11, 2026 02:29:52.662 [547885125688] DEBUG - [FFMPEG] - Unknown entry 0x437D at pos. 6891
Jul 11, 2026 02:29:52.662 [547885125688] DEBUG - [FFMPEG] - Unknown entry 0x437D at pos. 6944
Jul 11, 2026 02:29:52.662 [547885125688] DEBUG - [FFMPEG] - Unknown entry 0x437D at pos. 6997
Jul 11, 2026 02:29:52.662 [547885125688] DEBUG - [FFMPEG] - Unknown entry 0x437D at pos. 7050
Jul 11, 2026 02:29:52.662 [547885125688] DEBUG - [FFMPEG] - st:0 removing common factor 1000000 from timebase
Jul 11, 2026 02:29:52.662 [547885125688] DEBUG - [FFMPEG] - st:1 removing common factor 1000000 from timebase
Jul 11, 2026 02:29:52.662 [547885125688] DEBUG - [FFMPEG] - st:2 removing common factor 1000000 from timebase
Jul 11, 2026 02:29:52.662 [547885125688] DEBUG - [FFMPEG] - st:3 removing common factor 1000000 from timebase
Jul 11, 2026 02:29:52.662 [547885125688] DEBUG - [FFMPEG] - st:4 removing common factor 1000000 from timebase
Jul 11, 2026 02:29:52.662 [547885125688] DEBUG - [FFMPEG] - st:5 removing common factor 1000000 from timebase
Jul 11, 2026 02:29:52.662 [547885125688] DEBUG - [FFMPEG] - st:6 removing common factor 1000000 from timebase
Jul 11, 2026 02:29:52.663 [547885125688] DEBUG - [FFMPEG] - Before avformat_find_stream_info() pos: 7162 bytes read:35661 seeks:2 nb_streams:7
Jul 11, 2026 02:29:52.664 [547885125688] DEBUG - [FFMPEG] - nal_unit_type: 7(SPS), nal_ref_idc: 3
Jul 11, 2026 02:29:52.664 [547885125688] DEBUG - [FFMPEG] - Decoding VUI
Jul 11, 2026 02:29:52.664 [547885125688] DEBUG - [FFMPEG] - nal_unit_type: 8(PPS), nal_ref_idc: 3
Jul 11, 2026 02:29:52.665 [547885125688] DEBUG - [FFMPEG] - nal_unit_type: 7(SPS), nal_ref_idc: 3
Jul 11, 2026 02:29:52.665 [547885125688] DEBUG - [FFMPEG] - Decoding VUI
Jul 11, 2026 02:29:52.665 [547885125688] DEBUG - [FFMPEG] - nal_unit_type: 8(PPS), nal_ref_idc: 3
Jul 11, 2026 02:29:52.665 [547885125688] DEBUG - [FFMPEG] - Decoding VUI
Jul 11, 2026 02:29:52.666 [547885125688] DEBUG - [FFMPEG] - nal_unit_type: 7(SPS), nal_ref_idc: 3
Jul 11, 2026 02:29:52.666 [547885125688] DEBUG - [FFMPEG] - nal_unit_type: 8(PPS), nal_ref_idc: 3
Jul 11, 2026 02:29:52.666 [547885125688] DEBUG - [FFMPEG] - nal_unit_type: 6(SEI), nal_ref_idc: 0
Jul 11, 2026 02:29:52.666 [547885125688] DEBUG - [FFMPEG] - nal_unit_type: 5(IDR), nal_ref_idc: 3
Jul 11, 2026 02:29:52.666 [547885125688] DEBUG - [FFMPEG] - Decoding VUI
Jul 11, 2026 02:29:52.667 [547885125688] DEBUG - [FFMPEG] - Format yuv420p chosen by get_format().
Jul 11, 2026 02:29:52.672 [547885125688] DEBUG - [FFMPEG] - no picture 
Jul 11, 2026 02:29:52.702 [547885125688] DEBUG - [FFMPEG] - nal_unit_type: 1(Coded slice of a non-IDR picture), nal_ref_idc: 2
Jul 11, 2026 02:29:52.707 [547885125688] DEBUG - [FFMPEG] - no picture 
Jul 11, 2026 02:29:52.731 [547885125688] DEBUG - [FFMPEG] - nal_unit_type: 1(Coded slice of a non-IDR picture), nal_ref_idc: 2
Jul 11, 2026 02:29:52.755 [547885125688] DEBUG - [FFMPEG] - nal_unit_type: 1(Coded slice of a non-IDR picture), nal_ref_idc: 0
Jul 11, 2026 02:29:52.779 [547885125688] DEBUG - [FFMPEG] - nal_unit_type: 1(Coded slice of a non-IDR picture), nal_ref_idc: 0
Jul 11, 2026 02:29:52.795 [547885125688] DEBUG - [FFMPEG] - nal_unit_type: 1(Coded slice of a non-IDR picture), nal_ref_idc: 2
Jul 11, 2026 02:29:52.820 [547885125688] DEBUG - [FFMPEG] - nal_unit_type: 1(Coded slice of a non-IDR picture), nal_ref_idc: 2
Jul 11, 2026 02:29:52.839 [547885125688] DEBUG - [FFMPEG] - nal_unit_type: 1(Coded slice of a non-IDR picture), nal_ref_idc: 0
Jul 11, 2026 02:29:52.856 [547885125688] DEBUG - [FFMPEG] - nal_unit_type: 1(Coded slice of a non-IDR picture), nal_ref_idc: 0
Jul 11, 2026 02:29:52.869 [547885125688] DEBUG - [FFMPEG] - All info found
Jul 11, 2026 02:29:52.873 [547885125688] DEBUG - [FFMPEG] - After avformat_find_stream_info() pos: 329449 bytes read:375319 seeks:2 frames:58
Jul 11, 2026 02:29:52.873 [547885125688] DEBUG - Creating /config/Library/Application Support/Plex Media Server/Media/localhost/d/69a59cccc7631b3e69125ebfb9d7774697f6886.bundle/Contents/Chapters/chapter1.jpg (0.0%, 1280x720).
Jul 11, 2026 02:29:52.874 [547885125688] DEBUG - [FFMPEG] - nal_unit_type: 7(SPS), nal_ref_idc: 3
Jul 11, 2026 02:29:52.874 [547885125688] DEBUG - [FFMPEG] - Decoding VUI
Jul 11, 2026 02:29:52.874 [547885125688] DEBUG - [FFMPEG] - nal_unit_type: 8(PPS), nal_ref_idc: 3
Jul 11, 2026 02:29:52.882 [547885125688] DEBUG - [FFMPEG] - nal_unit_type: 7(SPS), nal_ref_idc: 3
Jul 11, 2026 02:29:52.882 [547885125688] DEBUG - [FFMPEG] - Decoding VUI
Jul 11, 2026 02:29:52.882 [547885125688] DEBUG - [FFMPEG] - nal_unit_type: 8(PPS), nal_ref_idc: 3
Jul 11, 2026 02:29:52.882 [547885125688] DEBUG - [FFMPEG] - Decoding VUI
Jul 11, 2026 02:29:52.883 [547885125688] DEBUG - [FFMPEG] - nal_unit_type: 7(SPS), nal_ref_idc: 3
Jul 11, 2026 02:29:52.883 [547885125688] DEBUG - [FFMPEG] - nal_unit_type: 8(PPS), nal_ref_idc: 3
Jul 11, 2026 02:29:52.883 [547885125688] DEBUG - [FFMPEG] - nal_unit_type: 6(SEI), nal_ref_idc: 0
Jul 11, 2026 02:29:52.883 [547885125688] DEBUG - [FFMPEG] - nal_unit_type: 5(IDR), nal_ref_idc: 3
Jul 11, 2026 02:29:52.883 [547885125688] DEBUG - [FFMPEG] - Decoding VUI
Jul 11, 2026 02:29:52.883 [547885125688] DEBUG - [FFMPEG] - Format yuv420p chosen by get_format().
Jul 11, 2026 02:29:52.889 [547885125688] DEBUG - [FFMPEG] - no picture 
Jul 11, 2026 02:29:52.919 [547885125688] DEBUG - [FFMPEG] - nal_unit_type: 1(Coded slice of a non-IDR picture), nal_ref_idc: 2
Jul 11, 2026 02:29:52.924 [547885125688] DEBUG - [FFMPEG] - no picture 
Jul 11, 2026 02:29:52.948 [547885125688] DEBUG - [FFMPEG] - nal_unit_type: 1(Coded slice of a non-IDR picture), nal_ref_idc: 2
Jul 11, 2026 02:29:52.973 [547885125688] WARN - [FFMPEG] - No accelerated colorspace conversion found from yuv420p to rgb24.
Jul 11, 2026 02:29:53.099 [547885125688] DEBUG - Loaded memory image of size 1920x1010.
Jul 11, 2026 02:29:53.230 [547885125688] DEBUG - [FFMPEG] - nal_unit_type: 7(SPS), nal_ref_idc: 3
Jul 11, 2026 02:29:53.230 [547885125688] DEBUG - [FFMPEG] - Decoding VUI
Jul 11, 2026 02:29:53.230 [547885125688] DEBUG - [FFMPEG] - nal_unit_type: 8(PPS), nal_ref_idc: 3
Jul 11, 2026 02:29:53.231 [547885125688] DEBUG - [FFMPEG] - nal_unit_type: 7(SPS), nal_ref_idc: 3
Jul 11, 2026 02:29:53.231 [547885125688] DEBUG - [FFMPEG] - Decoding VUI
Jul 11, 2026 02:29:53.231 [547885125688] DEBUG - [FFMPEG] - nal_unit_type: 8(PPS), nal_ref_idc: 3
Jul 11, 2026 02:29:53.231 [547885125688] DEBUG - [FFMPEG] - Decoding VUI
Jul 11, 2026 02:29:53.232 [547885125688] DEBUG - [FFMPEG] - nal_unit_type: 7(SPS), nal_ref_idc: 3
Jul 11, 2026 02:29:53.232 [547885125688] DEBUG - [FFMPEG] - nal_unit_type: 8(PPS), nal_ref_idc: 3
Jul 11, 2026 02:29:53.232 [547885125688] DEBUG - [FFMPEG] - nal_unit_type: 6(SEI), nal_ref_idc: 0
Jul 11, 2026 02:29:53.232 [547885125688] DEBUG - [FFMPEG] - nal_unit_type: 5(IDR), nal_ref_idc: 3
Jul 11, 2026 02:29:53.232 [547885125688] DEBUG - [FFMPEG] - Decoding VUI
Jul 11, 2026 02:29:53.232 [547885125688] DEBUG - [FFMPEG] - Format yuv420p chosen by get_format().
Jul 11, 2026 02:29:53.238 [547885125688] DEBUG - [FFMPEG] - no picture 
Jul 11, 2026 02:29:53.268 [547885125688] DEBUG - [FFMPEG] - nal_unit_type: 1(Coded slice of a non-IDR picture), nal_ref_idc: 2
Jul 11, 2026 02:29:53.272 [547885125688] DEBUG - [FFMPEG] - no picture 
Jul 11, 2026 02:29:53.309 [547885125688] DEBUG - [FFMPEG] - nal_unit_type: 1(Coded slice of a non-IDR picture), nal_ref_idc: 2
Jul 11, 2026 02:29:53.346 [547885125688] WARN - [FFMPEG] - No accelerated colorspace conversion found from yuv420p to rgb24.
Jul 11, 2026 02:29:53.480 [547885125688] DEBUG - Loaded memory image of size 1920x1010.
Jul 11, 2026 02:29:53.612 [547885125688] DEBUG - [FFMPEG] - nal_unit_type: 7(SPS), nal_ref_idc: 3
Jul 11, 2026 02:29:53.612 [547885125688] DEBUG - [FFMPEG] - Decoding VUI
Jul 11, 2026 02:29:53.612 [547885125688] DEBUG - [FFMPEG] - nal_unit_type: 8(PPS), nal_ref_idc: 3
Jul 11, 2026 02:29:53.612 [547885125688] DEBUG - [FFMPEG] - nal_unit_type: 7(SPS), nal_ref_idc: 3
Jul 11, 2026 02:29:53.612 [547885125688] DEBUG - [FFMPEG] - Decoding VUI
Jul 11, 2026 02:29:53.612 [547885125688] DEBUG - [FFMPEG] - nal_unit_type: 8(PPS), nal_ref_idc: 3
Jul 11, 2026 02:29:53.613 [547885125688] DEBUG - [FFMPEG] - Decoding VUI
Jul 11, 2026 02:29:53.613 [547885125688] DEBUG - [FFMPEG] - nal_unit_type: 7(SPS), nal_ref_idc: 3
Jul 11, 2026 02:29:53.613 [547885125688] DEBUG - [FFMPEG] - nal_unit_type: 8(PPS), nal_ref_idc: 3
Jul 11, 2026 02:29:53.613 [547885125688] DEBUG - [FFMPEG] - nal_unit_type: 6(SEI), nal_ref_idc: 0
Jul 11, 2026 02:29:53.614 [547885125688] DEBUG - [FFMPEG] - nal_unit_type: 5(IDR), nal_ref_idc: 3
Jul 11, 2026 02:29:53.614 [547885125688] DEBUG - [FFMPEG] - Decoding VUI
Jul 11, 2026 02:29:53.614 [547885125688] DEBUG - [FFMPEG] - Format yuv420p chosen by get_format().
Jul 11, 2026 02:29:53.619 [547885125688] DEBUG - [FFMPEG] - no picture 
Jul 11, 2026 02:29:53.649 [547885125688] DEBUG - [FFMPEG] - nal_unit_type: 1(Coded slice of a non-IDR picture), nal_ref_idc: 2
Jul 11, 2026 02:29:53.654 [547885125688] DEBUG - [FFMPEG] - no picture 
Jul 11, 2026 02:29:53.678 [547885125688] DEBUG - [FFMPEG] - nal_unit_type: 1(Coded slice of a non-IDR picture), nal_ref_idc: 2
Jul 11, 2026 02:29:53.702 [547885125688] WARN - [FFMPEG] - No accelerated colorspace conversion found from yuv420p to rgb24.
Jul 11, 2026 02:29:53.829 [547885125688] DEBUG - Loaded memory image of size 1920x1010.
Jul 11, 2026 02:29:53.959 [547885125688] DEBUG - [FFMPEG] - nal_unit_type: 7(SPS), nal_ref_idc: 3
Jul 11, 2026 02:29:53.960 [547885125688] DEBUG - [FFMPEG] - Decoding VUI
Jul 11, 2026 02:29:53.960 [547885125688] DEBUG - [FFMPEG] - nal_unit_type: 8(PPS), nal_ref_idc: 3
Jul 11, 2026 02:29:53.960 [547885125688] DEBUG - [FFMPEG] - nal_unit_type: 7(SPS), nal_ref_idc: 3
Jul 11, 2026 02:29:53.960 [547885125688] DEBUG - [FFMPEG] - Decoding VUI
Jul 11, 2026 02:29:53.960 [547885125688] DEBUG - [FFMPEG] - nal_unit_type: 8(PPS), nal_ref_idc: 3
Jul 11, 2026 02:29:53.961 [547885125688] DEBUG - [FFMPEG] - Decoding VUI
Jul 11, 2026 02:29:53.961 [547885125688] DEBUG - [FFMPEG] - nal_unit_type: 7(SPS), nal_ref_idc: 3
Jul 11, 2026 02:29:53.961 [547885125688] DEBUG - [FFMPEG] - nal_unit_type: 8(PPS), nal_ref_idc: 3
Jul 11, 2026 02:29:53.961 [547885125688] DEBUG - [FFMPEG] - nal_unit_type: 6(SEI), nal_ref_idc: 0
Jul 11, 2026 02:29:53.961 [547885125688] DEBUG - [FFMPEG] - nal_unit_type: 5(IDR), nal_ref_idc: 3
Jul 11, 2026 02:29:53.961 [547885125688] DEBUG - [FFMPEG] - Decoding VUI
Jul 11, 2026 02:29:53.962 [547885125688] DEBUG - [FFMPEG] - Format yuv420p chosen by get_format().
Jul 11, 2026 02:29:53.967 [547885125688] DEBUG - [FFMPEG] - no picture 
Jul 11, 2026 02:29:53.997 [547885125688] DEBUG - [FFMPEG] - nal_unit_type: 1(Coded slice of a non-IDR picture), nal_ref_idc: 2
Jul 11, 2026 02:29:54.002 [547885125688] DEBUG - [FFMPEG] - no picture 
Jul 11, 2026 02:29:54.033 [547885125688] DEBUG - [FFMPEG] - nal_unit_type: 1(Coded slice of a non-IDR picture), nal_ref_idc: 2
Jul 11, 2026 02:29:54.064 [547885125688] WARN - [FFMPEG] - No accelerated colorspace conversion found from yuv420p to rgb24.
Jul 11, 2026 02:29:54.190 [547885125688] DEBUG - Loaded memory image of size 1920x1010.
Jul 11, 2026 02:29:54.330 [547885125688] DEBUG - [FFMPEG] - nal_unit_type: 7(SPS), nal_ref_idc: 3
Jul 11, 2026 02:29:54.330 [547885125688] DEBUG - [FFMPEG] - Decoding VUI
Jul 11, 2026 02:29:54.330 [547885125688] DEBUG - [FFMPEG] - nal_unit_type: 8(PPS), nal_ref_idc: 3
Jul 11, 2026 02:29:54.331 [547885125688] DEBUG - [FFMPEG] - nal_unit_type: 7(SPS), nal_ref_idc: 3
Jul 11, 2026 02:29:54.331 [547885125688] DEBUG - [FFMPEG] - Decoding VUI
Jul 11, 2026 02:29:54.331 [547885125688] DEBUG - [FFMPEG] - nal_unit_type: 8(PPS), nal_ref_idc: 3
Jul 11, 2026 02:29:54.331 [547885125688] DEBUG - [FFMPEG] - Decoding VUI
Jul 11, 2026 02:29:54.332 [547885125688] DEBUG - [FFMPEG] - nal_unit_type: 7(SPS), nal_ref_idc: 3
Jul 11, 2026 02:29:54.332 [547885125688] DEBUG - [FFMPEG] - nal_unit_type: 8(PPS), nal_ref_idc: 3
Jul 11, 2026 02:29:54.332 [547885125688] DEBUG - [FFMPEG] - nal_unit_type: 6(SEI), nal_ref_idc: 0
Jul 11, 2026 02:29:54.332 [547885125688] DEBUG - [FFMPEG] - nal_unit_type: 5(IDR), nal_ref_idc: 3
Jul 11, 2026 02:29:54.332 [547885125688] DEBUG - [FFMPEG] - Decoding VUI
Jul 11, 2026 02:29:54.332 [547885125688] DEBUG - [FFMPEG] - Format yuv420p chosen by get_format().
Jul 11, 2026 02:29:54.338 [547885125688] DEBUG - [FFMPEG] - no picture 
Jul 11, 2026 02:29:54.369 [547885125688] DEBUG - [FFMPEG] - nal_unit_type: 1(Coded slice of a non-IDR picture), nal_ref_idc: 2
Jul 11, 2026 02:29:54.373 [547885125688] DEBUG - [FFMPEG] - no picture 
Jul 11, 2026 02:29:54.398 [547885125688] DEBUG - [FFMPEG] - nal_unit_type: 1(Coded slice of a non-IDR picture), nal_ref_idc: 2
Jul 11, 2026 02:29:54.425 [547885125688] WARN - [FFMPEG] - No accelerated colorspace conversion found from yuv420p to rgb24.
Jul 11, 2026 02:29:54.555 [547885125688] DEBUG - Loaded memory image of size 1920x1010.
Jul 11, 2026 02:29:54.687 [547885125688] DEBUG - Skipped thumbnail for metadata item 15, media item 14 for chapter number 1:0
Jul 11, 2026 02:29:54.687 [547885125688] DEBUG - Creating /config/Library/Application Support/Plex Media Server/Media/localhost/d/69a59cccc7631b3e69125ebfb9d7774697f6886.bundle/Contents/Chapters/chapter2.jpg (4.7%, 1280x720).
Jul 11, 2026 02:29:54.688 [547885125688] DEBUG - [FFMPEG] - nal_unit_type: 7(SPS), nal_ref_idc: 3
Jul 11, 2026 02:29:54.688 [547885125688] DEBUG - [FFMPEG] - Decoding VUI
Jul 11, 2026 02:29:54.688 [547885125688] DEBUG - [FFMPEG] - nal_unit_type: 8(PPS), nal_ref_idc: 3
Jul 11, 2026 02:29:54.732 [547885125688] DEBUG - [FFMPEG] - nal_unit_type: 7(SPS), nal_ref_idc: 3
Jul 11, 2026 02:29:54.733 [547885125688] DEBUG - [FFMPEG] - Decoding VUI
Jul 11, 2026 02:29:54.733 [547885125688] DEBUG - [FFMPEG] - nal_unit_type: 8(PPS), nal_ref_idc: 3
Jul 11, 2026 02:29:54.733 [547885125688] DEBUG - [FFMPEG] - Decoding VUI
Jul 11, 2026 02:29:54.734 [547885125688] DEBUG - [FFMPEG] - nal_unit_type: 7(SPS), nal_ref_idc: 3
Jul 11, 2026 02:29:54.734 [547885125688] DEBUG - [FFMPEG] - nal_unit_type: 8(PPS), nal_ref_idc: 3
Jul 11, 2026 02:29:54.735 [547885125688] DEBUG - [FFMPEG] - nal_unit_type: 5(IDR), nal_ref_idc: 3
Jul 11, 2026 02:29:54.735 [547885125688] DEBUG - [FFMPEG] - Decoding VUI
Jul 11, 2026 02:29:54.735 [547885125688] DEBUG - [FFMPEG] - Format yuv420p chosen by get_format().
Jul 11, 2026 02:29:54.741 [547885125688] DEBUG - [FFMPEG] - no picture 
Jul 11, 2026 02:29:54.811 [547885125688] DEBUG - [FFMPEG] - nal_unit_type: 1(Coded slice of a non-IDR picture), nal_ref_idc: 2
Jul 11, 2026 02:29:54.815 [547885125688] DEBUG - [FFMPEG] - no picture 
Jul 11, 2026 02:29:54.872 [547885125688] DEBUG - [FFMPEG] - nal_unit_type: 1(Coded slice of a non-IDR picture), nal_ref_idc: 2
Jul 11, 2026 02:29:54.921 [547885125688] WARN - [FFMPEG] - No accelerated colorspace conversion found from yuv420p to rgb24.
Jul 11, 2026 02:29:55.049 [547885125688] DEBUG - Loaded memory image of size 1920x1010.
Jul 11, 2026 02:29:55.193 [547885125688] DEBUG - [FFMPEG] - nal_unit_type: 7(SPS), nal_ref_idc: 3
Jul 11, 2026 02:29:55.193 [547885125688] DEBUG - [FFMPEG] - Decoding VUI
Jul 11, 2026 02:29:55.193 [547885125688] DEBUG - [FFMPEG] - nal_unit_type: 8(PPS), nal_ref_idc: 3
Jul 11, 2026 02:29:55.194 [547885125688] DEBUG - [FFMPEG] - nal_unit_type: 7(SPS), nal_ref_idc: 3
Jul 11, 2026 02:29:55.194 [547885125688] DEBUG - [FFMPEG] - Decoding VUI
Jul 11, 2026 02:29:55.194 [547885125688] DEBUG - [FFMPEG] - nal_unit_type: 8(PPS), nal_ref_idc: 3
Jul 11, 2026 02:29:55.194 [547885125688] DEBUG - [FFMPEG] - Decoding VUI
Jul 11, 2026 02:29:55.195 [547885125688] DEBUG - [FFMPEG] - nal_unit_type: 7(SPS), nal_ref_idc: 3
Jul 11, 2026 02:29:55.195 [547885125688] DEBUG - [FFMPEG] - nal_unit_type: 8(PPS), nal_ref_idc: 3
Jul 11, 2026 02:29:55.196 [547885125688] DEBUG - [FFMPEG] - nal_unit_type: 5(IDR), nal_ref_idc: 3
Jul 11, 2026 02:29:55.196 [547885125688] DEBUG - [FFMPEG] - Decoding VUI
Jul 11, 2026 02:29:55.196 [547885125688] DEBUG - [FFMPEG] - Format yuv420p chosen by get_format().
Jul 11, 2026 02:29:55.201 [547885125688] DEBUG - [FFMPEG] - no picture 
Jul 11, 2026 02:29:55.269 [547885125688] DEBUG - [FFMPEG] - nal_unit_type: 1(Coded slice of a non-IDR picture), nal_ref_idc: 2
Jul 11, 2026 02:29:55.273 [547885125688] DEBUG - [FFMPEG] - no picture 
Jul 11, 2026 02:29:55.330 [547885125688] DEBUG - [FFMPEG] - nal_unit_type: 1(Coded slice of a non-IDR picture), nal_ref_idc: 2
Jul 11, 2026 02:29:55.378 [547885125688] WARN - [FFMPEG] - No accelerated colorspace conversion found from yuv420p to rgb24.
Jul 11, 2026 02:29:55.505 [547885125688] DEBUG - Loaded memory image of size 1920x1010.
Jul 11, 2026 02:29:55.650 [547885125688] DEBUG - [FFMPEG] - nal_unit_type: 7(SPS), nal_ref_idc: 3
Jul 11, 2026 02:29:55.650 [547885125688] DEBUG - [FFMPEG] - Decoding VUI
Jul 11, 2026 02:29:55.650 [547885125688] DEBUG - [FFMPEG] - nal_unit_type: 8(PPS), nal_ref_idc: 3
Jul 11, 2026 02:29:55.651 [547885125688] DEBUG - [FFMPEG] - nal_unit_type: 7(SPS), nal_ref_idc: 3
Jul 11, 2026 02:29:55.651 [547885125688] DEBUG - [FFMPEG] - Decoding VUI
Jul 11, 2026 02:29:55.651 [547885125688] DEBUG - [FFMPEG] - nal_unit_type: 8(PPS), nal_ref_idc: 3
Jul 11, 2026 02:29:55.652 [547885125688] DEBUG - [FFMPEG] - Decoding VUI
Jul 11, 2026 02:29:55.653 [547885125688] DEBUG - [FFMPEG] - nal_unit_type: 7(SPS), nal_ref_idc: 3
Jul 11, 2026 02:29:55.653 [547885125688] DEBUG - [FFMPEG] - nal_unit_type: 8(PPS), nal_ref_idc: 3
Jul 11, 2026 02:29:55.653 [547885125688] DEBUG - [FFMPEG] - nal_unit_type: 5(IDR), nal_ref_idc: 3
Jul 11, 2026 02:29:55.653 [547885125688] DEBUG - [FFMPEG] - Decoding VUI
Jul 11, 2026 02:29:55.654 [547885125688] DEBUG - [FFMPEG] - Format yuv420p chosen by get_format().
Jul 11, 2026 02:29:55.659 [547885125688] DEBUG - [FFMPEG] - no picture 
Jul 11, 2026 02:29:55.726 [547885125688] DEBUG - [FFMPEG] - nal_unit_type: 1(Coded slice of a non-IDR picture), nal_ref_idc: 2
Jul 11, 2026 02:29:55.730 [547885125688] DEBUG - [FFMPEG] - no picture 
Jul 11, 2026 02:29:55.787 [547885125688] DEBUG - [FFMPEG] - nal_unit_type: 1(Coded slice of a non-IDR picture), nal_ref_idc: 2
Jul 11, 2026 02:29:55.835 [547885125688] WARN - [FFMPEG] - No accelerated colorspace conversion found from yuv420p to rgb24.
Jul 11, 2026 02:29:55.962 [547885125688] DEBUG - Loaded memory image of size 1920x1010.
Jul 11, 2026 02:29:56.107 [547885125688] DEBUG - [FFMPEG] - nal_unit_type: 7(SPS), nal_ref_idc: 3
Jul 11, 2026 02:29:56.107 [547885125688] DEBUG - [FFMPEG] - Decoding VUI
Jul 11, 2026 02:29:56.107 [547885125688] DEBUG - [FFMPEG] - nal_unit_type: 8(PPS), nal_ref_idc: 3
Jul 11, 2026 02:29:56.108 [547885125688] DEBUG - [FFMPEG] - nal_unit_type: 7(SPS), nal_ref_idc: 3
Jul 11, 2026 02:29:56.109 [547885125688] DEBUG - [FFMPEG] - Decoding VUI
Jul 11, 2026 02:29:56.109 [547885125688] DEBUG - [FFMPEG] - nal_unit_type: 8(PPS), nal_ref_idc: 3
Jul 11, 2026 02:29:56.109 [547885125688] DEBUG - [FFMPEG] - Decoding VUI
Jul 11, 2026 02:29:56.110 [547885125688] DEBUG - [FFMPEG] - nal_unit_type: 7(SPS), nal_ref_idc: 3
Jul 11, 2026 02:29:56.110 [547885125688] DEBUG - [FFMPEG] - nal_unit_type: 8(PPS), nal_ref_idc: 3
Jul 11, 2026 02:29:56.110 [547885125688] DEBUG - [FFMPEG] - nal_unit_type: 5(IDR), nal_ref_idc: 3
Jul 11, 2026 02:29:56.110 [547885125688] DEBUG - [FFMPEG] - Decoding VUI
Jul 11, 2026 02:29:56.111 [547885125688] DEBUG - [FFMPEG] - Format yuv420p chosen by get_format().
Jul 11, 2026 02:29:56.116 [547885125688] DEBUG - [FFMPEG] - no picture 
Jul 11, 2026 02:29:56.183 [547885125688] DEBUG - [FFMPEG] - nal_unit_type: 1(Coded slice of a non-IDR picture), nal_ref_idc: 2
Jul 11, 2026 02:29:56.187 [547885125688] DEBUG - [FFMPEG] - no picture 
Jul 11, 2026 02:29:56.244 [547885125688] DEBUG - [FFMPEG] - nal_unit_type: 1(Coded slice of a non-IDR picture), nal_ref_idc: 2
Jul 11, 2026 02:29:56.292 [547885125688] WARN - [FFMPEG] - No accelerated colorspace conversion found from yuv420p to rgb24.
Jul 11, 2026 02:29:56.418 [547885125688] DEBUG - Loaded memory image of size 1920x1010.
Jul 11, 2026 02:29:56.563 [547885125688] DEBUG - [FFMPEG] - nal_unit_type: 7(SPS), nal_ref_idc: 3
Jul 11, 2026 02:29:56.563 [547885125688] DEBUG - [FFMPEG] - Decoding VUI
Jul 11, 2026 02:29:56.563 [547885125688] DEBUG - [FFMPEG] - nal_unit_type: 8(PPS), nal_ref_idc: 3
Jul 11, 2026 02:29:56.564 [547885125688] DEBUG - [FFMPEG] - nal_unit_type: 7(SPS), nal_ref_idc: 3
Jul 11, 2026 02:29:56.564 [547885125688] DEBUG - [FFMPEG] - Decoding VUI
Jul 11, 2026 02:29:56.564 [547885125688] DEBUG - [FFMPEG] - nal_unit_type: 8(PPS), nal_ref_idc: 3
Jul 11, 2026 02:29:56.565 [547885125688] DEBUG - [FFMPEG] - Decoding VUI
Jul 11, 2026 02:29:56.566 [547885125688] DEBUG - [FFMPEG] - nal_unit_type: 7(SPS), nal_ref_idc: 3
Jul 11, 2026 02:29:56.566 [547885125688] DEBUG - [FFMPEG] - nal_unit_type: 8(PPS), nal_ref_idc: 3
Jul 11, 2026 02:29:56.566 [547885125688] DEBUG - [FFMPEG] - nal_unit_type: 5(IDR), nal_ref_idc: 3
Jul 11, 2026 02:29:56.566 [547885125688] DEBUG - [FFMPEG] - Decoding VUI
Jul 11, 2026 02:29:56.566 [547885125688] DEBUG - [FFMPEG] - Format yuv420p chosen by get_format().
Jul 11, 2026 02:29:56.572 [547885125688] DEBUG - [FFMPEG] - no picture 
Jul 11, 2026 02:29:56.639 [547885125688] DEBUG - [FFMPEG] - nal_unit_type: 1(Coded slice of a non-IDR picture), nal_ref_idc: 2
Jul 11, 2026 02:29:56.643 [547885125688] DEBUG - [FFMPEG] - no picture 
Jul 11, 2026 02:29:56.699 [547885125688] DEBUG - [FFMPEG] - nal_unit_type: 1(Coded slice of a non-IDR picture), nal_ref_idc: 2
Jul 11, 2026 02:29:56.748 [547885125688] WARN - [FFMPEG] - No accelerated colorspace conversion found from yuv420p to rgb24.
Jul 11, 2026 02:29:56.875 [547885125688] DEBUG - Loaded memory image of size 1920x1010.
Jul 11, 2026 02:29:57.040 [547885125688] DEBUG - Created chapter thumbnail for metadata item 15, media item 14 for chapter number 2:360527 at "/config/Library/Application Support/Plex Media Server/Media/localhost/d/69a59cccc7631b3e69125ebfb9d7774697f6886.bundle/Contents/Chapters/chapter2.jpg"
Jul 11, 2026 02:29:57.040 [547885125688] DEBUG - Creating /config/Library/Application Support/Plex Media Server/Media/localhost/d/69a59cccc7631b3e69125ebfb9d7774697f6886.bundle/Contents/Chapters/chapter3.jpg (9.6%, 1280x720).
Jul 11, 2026 02:29:57.042 [547885125688] DEBUG - [FFMPEG] - nal_unit_type: 7(SPS), nal_ref_idc: 3
Jul 11, 2026 02:29:57.042 [547885125688] DEBUG - [FFMPEG] - Decoding VUI
Jul 11, 2026 02:29:57.042 [547885125688] DEBUG - [FFMPEG] - nal_unit_type: 8(PPS), nal_ref_idc: 3
Jul 11, 2026 02:29:57.085 [547885125688] DEBUG - [FFMPEG] - nal_unit_type: 7(SPS), nal_ref_idc: 3
Jul 11, 2026 02:29:57.085 [547885125688] DEBUG - [FFMPEG] - Decoding VUI
Jul 11, 2026 02:29:57.085 [547885125688] DEBUG - [FFMPEG] - nal_unit_type: 8(PPS), nal_ref_idc: 3
Jul 11, 2026 02:29:57.086 [547885125688] DEBUG - [FFMPEG] - Decoding VUI
Jul 11, 2026 02:29:57.087 [547885125688] DEBUG - [FFMPEG] - nal_unit_type: 7(SPS), nal_ref_idc: 3
Jul 11, 2026 02:29:57.087 [547885125688] DEBUG - [FFMPEG] - nal_unit_type: 8(PPS), nal_ref_idc: 3
Jul 11, 2026 02:29:57.087 [547885125688] DEBUG - [FFMPEG] - nal_unit_type: 5(IDR), nal_ref_idc: 3
Jul 11, 2026 02:29:57.087 [547885125688] DEBUG - [FFMPEG] - Decoding VUI
Jul 11, 2026 02:29:57.088 [547885125688] DEBUG - [FFMPEG] - Format yuv420p chosen by get_format().
Jul 11, 2026 02:29:57.094 [547885125688] DEBUG - [FFMPEG] - no picture 
Jul 11, 2026 02:29:57.155 [547885125688] DEBUG - [FFMPEG] - nal_unit_type: 1(Coded slice of a non-IDR picture), nal_ref_idc: 2
Jul 11, 2026 02:29:57.160 [547885125688] DEBUG - [FFMPEG] - no picture 
Jul 11, 2026 02:29:57.196 [547885125688] DEBUG - [FFMPEG] - nal_unit_type: 1(Coded slice of a non-IDR picture), nal_ref_idc: 0
Jul 11, 2026 02:29:57.229 [547885125688] WARN - [FFMPEG] - No accelerated colorspace conversion found from yuv420p to rgb24.
Jul 11, 2026 02:29:57.356 [547885125688] DEBUG - Loaded memory image of size 1920x1010.
Jul 11, 2026 02:29:57.497 [547885125688] DEBUG - [FFMPEG] - nal_unit_type: 7(SPS), nal_ref_idc: 3
Jul 11, 2026 02:29:57.497 [547885125688] DEBUG - [FFMPEG] - Decoding VUI
Jul 11, 2026 02:29:57.497 [547885125688] DEBUG - [FFMPEG] - nal_unit_type: 8(PPS), nal_ref_idc: 3
Jul 11, 2026 02:29:57.498 [547885125688] DEBUG - [FFMPEG] - nal_unit_type: 7(SPS), nal_ref_idc: 3
Jul 11, 2026 02:29:57.498 [547885125688] DEBUG - [FFMPEG] - Decoding VUI
Jul 11, 2026 02:29:57.498 [547885125688] DEBUG - [FFMPEG] - nal_unit_type: 8(PPS), nal_ref_idc: 3
Jul 11, 2026 02:29:57.499 [547885125688] DEBUG - [FFMPEG] - Decoding VUI
Jul 11, 2026 02:29:57.500 [547885125688] DEBUG - [FFMPEG] - nal_unit_type: 7(SPS), nal_ref_idc: 3
Jul 11, 2026 02:29:57.500 [547885125688] DEBUG - [FFMPEG] - nal_unit_type: 8(PPS), nal_ref_idc: 3
Jul 11, 2026 02:29:57.500 [547885125688] DEBUG - [FFMPEG] - nal_unit_type: 5(IDR), nal_ref_idc: 3
Jul 11, 2026 02:29:57.500 [547885125688] DEBUG - [FFMPEG] - Decoding VUI
Jul 11, 2026 02:29:57.501 [547885125688] DEBUG - [FFMPEG] - Format yuv420p chosen by get_format().
Jul 11, 2026 02:29:57.506 [547885125688] DEBUG - [FFMPEG] - no picture 
Jul 11, 2026 02:29:57.565 [547885125688] DEBUG - [FFMPEG] - nal_unit_type: 1(Coded slice of a non-IDR picture), nal_ref_idc: 2
Jul 11, 2026 02:29:57.570 [547885125688] DEBUG - [FFMPEG] - no picture 
Jul 11, 2026 02:29:57.605 [547885125688] DEBUG - [FFMPEG] - nal_unit_type: 1(Coded slice of a non-IDR picture), nal_ref_idc: 0
Jul 11, 2026 02:29:57.638 [547885125688] WARN - [FFMPEG] - No accelerated colorspace conversion found from yuv420p to rgb24.
Jul 11, 2026 02:29:57.765 [547885125688] DEBUG - Loaded memory image of size 1920x1010.
Jul 11, 2026 02:29:57.935 [547885125688] DEBUG - [FFMPEG] - nal_unit_type: 7(SPS), nal_ref_idc: 3
Jul 11, 2026 02:29:57.935 [547885125688] DEBUG - [FFMPEG] - Decoding VUI
Jul 11, 2026 02:29:57.935 [547885125688] DEBUG - [FFMPEG] - nal_unit_type: 8(PPS), nal_ref_idc: 3
Jul 11, 2026 02:29:57.936 [547885125688] DEBUG - [FFMPEG] - nal_unit_type: 7(SPS), nal_ref_idc: 3
Jul 11, 2026 02:29:57.936 [547885125688] DEBUG - [FFMPEG] - Decoding VUI
Jul 11, 2026 02:29:57.936 [547885125688] DEBUG - [FFMPEG] - nal_unit_type: 8(PPS), nal_ref_idc: 3
Jul 11, 2026 02:29:57.937 [547885125688] DEBUG - [FFMPEG] - Decoding VUI
Jul 11, 2026 02:29:57.938 [547885125688] DEBUG - [FFMPEG] - nal_unit_type: 7(SPS), nal_ref_idc: 3
Jul 11, 2026 02:29:57.938 [547885125688] DEBUG - [FFMPEG] - nal_unit_type: 8(PPS), nal_ref_idc: 3
Jul 11, 2026 02:29:57.938 [547885125688] DEBUG - [FFMPEG] - nal_unit_type: 5(IDR), nal_ref_idc: 3
Jul 11, 2026 02:29:57.938 [547885125688] DEBUG - [FFMPEG] - Decoding VUI
Jul 11, 2026 02:29:57.939 [547885125688] DEBUG - [FFMPEG] - Format yuv420p chosen by get_format().
Jul 11, 2026 02:29:57.944 [547885125688] DEBUG - [FFMPEG] - no picture 
Jul 11, 2026 02:29:58.004 [547885125688] DEBUG - [FFMPEG] - nal_unit_type: 1(Coded slice of a non-IDR picture), nal_ref_idc: 2
Jul 11, 2026 02:29:58.008 [547885125688] DEBUG - [FFMPEG] - no picture 
Jul 11, 2026 02:29:58.044 [547885125688] DEBUG - [FFMPEG] - nal_unit_type: 1(Coded slice of a non-IDR picture), nal_ref_idc: 0
Jul 11, 2026 02:29:58.076 [547885125688] WARN - [FFMPEG] - No accelerated colorspace conversion found from yuv420p to rgb24.
Jul 11, 2026 02:29:58.203 [547885125688] DEBUG - Loaded memory image of size 1920x1010.
Jul 11, 2026 02:29:58.380 [547885125688] DEBUG - [FFMPEG] - nal_unit_type: 7(SPS), nal_ref_idc: 3
Jul 11, 2026 02:29:58.380 [547885125688] DEBUG - [FFMPEG] - Decoding VUI
Jul 11, 2026 02:29:58.380 [547885125688] DEBUG - [FFMPEG] - nal_unit_type: 8(PPS), nal_ref_idc: 3
Jul 11, 2026 02:29:58.381 [547885125688] DEBUG - [FFMPEG] - nal_unit_type: 7(SPS), nal_ref_idc: 3
Jul 11, 2026 02:29:58.381 [547885125688] DEBUG - [FFMPEG] - Decoding VUI
Jul 11, 2026 02:29:58.381 [547885125688] DEBUG - [FFMPEG] - nal_unit_type: 8(PPS), nal_ref_idc: 3
Jul 11, 2026 02:29:58.382 [547885125688] DEBUG - [FFMPEG] - Decoding VUI
Jul 11, 2026 02:29:58.383 [547885125688] DEBUG - [FFMPEG] - nal_unit_type: 7(SPS), nal_ref_idc: 3
Jul 11, 2026 02:29:58.383 [547885125688] DEBUG - [FFMPEG] - nal_unit_type: 8(PPS), nal_ref_idc: 3
Jul 11, 2026 02:29:58.383 [547885125688] DEBUG - [FFMPEG] - nal_unit_type: 5(IDR), nal_ref_idc: 3
Jul 11, 2026 02:29:58.383 [547885125688] DEBUG - [FFMPEG] - Decoding VUI
Jul 11, 2026 02:29:58.384 [547885125688] DEBUG - [FFMPEG] - Format yuv420p chosen by get_format().
Jul 11, 2026 02:29:58.389 [547885125688] DEBUG - [FFMPEG] - no picture 
Jul 11, 2026 02:29:58.449 [547885125688] DEBUG - [FFMPEG] - nal_unit_type: 1(Coded slice of a non-IDR picture), nal_ref_idc: 2
Jul 11, 2026 02:29:58.453 [547885125688] DEBUG - [FFMPEG] - no picture 
Jul 11, 2026 02:29:58.488 [547885125688] DEBUG - [FFMPEG] - nal_unit_type: 1(Coded slice of a non-IDR picture), nal_ref_idc: 0
Jul 11, 2026 02:29:58.521 [547885125688] WARN - [FFMPEG] - No accelerated colorspace conversion found from yuv420p to rgb24.
Jul 11, 2026 02:29:58.648 [547885125688] DEBUG - Loaded memory image of size 1920x1010.
Jul 11, 2026 02:29:58.821 [547885125688] DEBUG - [FFMPEG] - nal_unit_type: 7(SPS), nal_ref_idc: 3
Jul 11, 2026 02:29:58.821 [547885125688] DEBUG - [FFMPEG] - Decoding VUI
Jul 11, 2026 02:29:58.821 [547885125688] DEBUG - [FFMPEG] - nal_unit_type: 8(PPS), nal_ref_idc: 3
Jul 11, 2026 02:29:58.822 [547885125688] DEBUG - [FFMPEG] - nal_unit_type: 7(SPS), nal_ref_idc: 3
Jul 11, 2026 02:29:58.822 [547885125688] DEBUG - [FFMPEG] - Decoding VUI
Jul 11, 2026 02:29:58.822 [547885125688] DEBUG - [FFMPEG] - nal_unit_type: 8(PPS), nal_ref_idc: 3
Jul 11, 2026 02:29:58.822 [547885125688] DEBUG - [FFMPEG] - Decoding VUI
Jul 11, 2026 02:29:58.823 [547885125688] DEBUG - [FFMPEG] - nal_unit_type: 7(SPS), nal_ref_idc: 3
Jul 11, 2026 02:29:58.823 [547885125688] DEBUG - [FFMPEG] - nal_unit_type: 8(PPS), nal_ref_idc: 3
Jul 11, 2026 02:29:58.824 [547885125688] DEBUG - [FFMPEG] - nal_unit_type: 5(IDR), nal_ref_idc: 3
Jul 11, 2026 02:29:58.824 [547885125688] DEBUG - [FFMPEG] - Decoding VUI
Jul 11, 2026 02:29:58.824 [547885125688] DEBUG - [FFMPEG] - Format yuv420p chosen by get_format().
Jul 11, 2026 02:29:58.830 [547885125688] DEBUG - [FFMPEG] - no picture 
Jul 11, 2026 02:29:58.889 [547885125688] DEBUG - [FFMPEG] - nal_unit_type: 1(Coded slice of a non-IDR picture), nal_ref_idc: 2
Jul 11, 2026 02:29:58.894 [547885125688] DEBUG - [FFMPEG] - no picture 
Jul 11, 2026 02:29:58.929 [547885125688] DEBUG - [FFMPEG] - nal_unit_type: 1(Coded slice of a non-IDR picture), nal_ref_idc: 0
Jul 11, 2026 02:29:58.962 [547885125688] WARN - [FFMPEG] - No accelerated colorspace conversion found from yuv420p to rgb24.
Jul 11, 2026 02:29:59.089 [547885125688] DEBUG - Loaded memory image of size 1920x1010.
Jul 11, 2026 02:29:59.231 [547885125688] DEBUG - Created chapter thumbnail for metadata item 15, media item 14 for chapter number 3:739697 at "/config/Library/Application Support/Plex Media Server/Media/localhost/d/69a59cccc7631b3e69125ebfb9d7774697f6886.bundle/Contents/Chapters/chapter3.jpg"
Jul 11, 2026 02:29:59.231 [547885125688] DEBUG - Creating /config/Library/Application Support/Plex Media Server/Media/localhost/d/69a59cccc7631b3e69125ebfb9d7774697f6886.bundle/Contents/Chapters/chapter4.jpg (13.1%, 1280x720).
Jul 11, 2026 02:29:59.232 [547885125688] DEBUG - [FFMPEG] - nal_unit_type: 7(SPS), nal_ref_idc: 3
Jul 11, 2026 02:29:59.232 [547885125688] DEBUG - [FFMPEG] - Decoding VUI
Jul 11, 2026 02:29:59.232 [547885125688] DEBUG - [FFMPEG] - nal_unit_type: 8(PPS), nal_ref_idc: 3
Jul 11, 2026 02:29:59.261 [547885125688] DEBUG - [FFMPEG] - nal_unit_type: 7(SPS), nal_ref_idc: 3
Jul 11, 2026 02:29:59.261 [547885125688] DEBUG - [FFMPEG] - Decoding VUI
Jul 11, 2026 02:29:59.261 [547885125688] DEBUG - [FFMPEG] - nal_unit_type: 8(PPS), nal_ref_idc: 3
Jul 11, 2026 02:29:59.261 [547885125688] DEBUG - [FFMPEG] - Decoding VUI
Jul 11, 2026 02:29:59.262 [547885125688] DEBUG - [FFMPEG] - nal_unit_type: 7(SPS), nal_ref_idc: 3
Jul 11, 2026 02:29:59.262 [547885125688] DEBUG - [FFMPEG] - nal_unit_type: 8(PPS), nal_ref_idc: 3
Jul 11, 2026 02:29:59.263 [547885125688] DEBUG - [FFMPEG] - nal_unit_type: 5(IDR), nal_ref_idc: 3
Jul 11, 2026 02:29:59.263 [547885125688] DEBUG - [FFMPEG] - Decoding VUI
Jul 11, 2026 02:29:59.263 [547885125688] DEBUG - [FFMPEG] - Format yuv420p chosen by get_format().
Jul 11, 2026 02:29:59.268 [547885125688] DEBUG - [FFMPEG] - no picture 
Jul 11, 2026 02:29:59.319 [547885125688] DEBUG - [FFMPEG] - nal_unit_type: 1(Coded slice of a non-IDR picture), nal_ref_idc: 2
Jul 11, 2026 02:29:59.323 [547885125688] DEBUG - [FFMPEG] - no picture 
Jul 11, 2026 02:29:59.367 [547885125688] DEBUG - [FFMPEG] - nal_unit_type: 1(Coded slice of a non-IDR picture), nal_ref_idc: 2
Jul 11, 2026 02:29:59.409 [547885125688] WARN - [FFMPEG] - No accelerated colorspace conversion found from yuv420p to rgb24.
Jul 11, 2026 02:29:59.541 [547885125688] DEBUG - Loaded memory image of size 1920x1010.
Jul 11, 2026 02:29:59.681 [547885125688] DEBUG - [FFMPEG] - nal_unit_type: 7(SPS), nal_ref_idc: 3
Jul 11, 2026 02:29:59.681 [547885125688] DEBUG - [FFMPEG] - Decoding VUI
Jul 11, 2026 02:29:59.681 [547885125688] DEBUG - [FFMPEG] - nal_unit_type: 8(PPS), nal_ref_idc: 3
Jul 11, 2026 02:29:59.682 [547885125688] DEBUG - [FFMPEG] - nal_unit_type: 7(SPS), nal_ref_idc: 3
Jul 11, 2026 02:29:59.682 [547885125688] DEBUG - [FFMPEG] - Decoding VUI
Jul 11, 2026 02:29:59.682 [547885125688] DEBUG - [FFMPEG] - nal_unit_type: 8(PPS), nal_ref_idc: 3
Jul 11, 2026 02:29:59.682 [547885125688] DEBUG - [FFMPEG] - Decoding VUI
Jul 11, 2026 02:29:59.683 [547885125688] DEBUG - [FFMPEG] - nal_unit_type: 7(SPS), nal_ref_idc: 3
Jul 11, 2026 02:29:59.683 [547885125688] DEBUG - [FFMPEG] - nal_unit_type: 8(PPS), nal_ref_idc: 3
Jul 11, 2026 02:29:59.684 [547885125688] DEBUG - [FFMPEG] - nal_unit_type: 5(IDR), nal_ref_idc: 3
Jul 11, 2026 02:29:59.684 [547885125688] DEBUG - [FFMPEG] - Decoding VUI
Jul 11, 2026 02:29:59.684 [547885125688] DEBUG - [FFMPEG] - Format yuv420p chosen by get_format().
Jul 11, 2026 02:29:59.690 [547885125688] DEBUG - [FFMPEG] - no picture 
Jul 11, 2026 02:29:59.740 [547885125688] DEBUG - [FFMPEG] - nal_unit_type: 1(Coded slice of a non-IDR picture), nal_ref_idc: 2
Jul 11, 2026 02:29:59.744 [547885125688] DEBUG - [FFMPEG] - no picture 
Jul 11, 2026 02:29:59.787 [547885125688] DEBUG - [FFMPEG] - nal_unit_type: 1(Coded slice of a non-IDR picture), nal_ref_idc: 2
Jul 11, 2026 02:29:59.827 [547885125688] WARN - [FFMPEG] - No accelerated colorspace conversion found from yuv420p to rgb24.
Jul 11, 2026 02:29:59.954 [547885125688] DEBUG - Loaded memory image of size 1920x1010.
Jul 11, 2026 02:30:00.123 [547885125688] DEBUG - [FFMPEG] - nal_unit_type: 7(SPS), nal_ref_idc: 3
Jul 11, 2026 02:30:00.123 [547885125688] DEBUG - [FFMPEG] - Decoding VUI
Jul 11, 2026 02:30:00.123 [547885125688] DEBUG - [FFMPEG] - nal_unit_type: 8(PPS), nal_ref_idc: 3
Jul 11, 2026 02:30:00.124 [547885125688] DEBUG - [FFMPEG] - nal_unit_type: 7(SPS), nal_ref_idc: 3
Jul 11, 2026 02:30:00.124 [547885125688] DEBUG - [FFMPEG] - Decoding VUI
Jul 11, 2026 02:30:00.124 [547885125688] DEBUG - [FFMPEG] - nal_unit_type: 8(PPS), nal_ref_idc: 3
Jul 11, 2026 02:30:00.124 [547885125688] DEBUG - [FFMPEG] - Decoding VUI
Jul 11, 2026 02:30:00.125 [547885125688] DEBUG - [FFMPEG] - nal_unit_type: 7(SPS), nal_ref_idc: 3
Jul 11, 2026 02:30:00.125 [547885125688] DEBUG - [FFMPEG] - nal_unit_type: 8(PPS), nal_ref_idc: 3
Jul 11, 2026 02:30:00.125 [547885125688] DEBUG - [FFMPEG] - nal_unit_type: 5(IDR), nal_ref_idc: 3
Jul 11, 2026 02:30:00.125 [547885125688] DEBUG - [FFMPEG] - Decoding VUI
Jul 11, 2026 02:30:00.126 [547885125688] DEBUG - [FFMPEG] - Format yuv420p chosen by get_format().
Jul 11, 2026 02:30:00.131 [547885125688] DEBUG - [FFMPEG] - no picture 
Jul 11, 2026 02:30:00.181 [547885125688] DEBUG - [FFMPEG] - nal_unit_type: 1(Coded slice of a non-IDR picture), nal_ref_idc: 2
Jul 11, 2026 02:30:00.186 [547885125688] DEBUG - [FFMPEG] - no picture 
Jul 11, 2026 02:30:00.229 [547885125688] DEBUG - [FFMPEG] - nal_unit_type: 1(Coded slice of a non-IDR picture), nal_ref_idc: 2
Jul 11, 2026 02:30:00.269 [547885125688] WARN - [FFMPEG] - No accelerated colorspace conversion found from yuv420p to rgb24.
Jul 11, 2026 02:30:00.396 [547885125688] DEBUG - Loaded memory image of size 1920x1010.
Jul 11, 2026 02:30:00.539 [547885125688] DEBUG - [FFMPEG] - nal_unit_type: 7(SPS), nal_ref_idc: 3
Jul 11, 2026 02:30:00.539 [547885125688] DEBUG - [FFMPEG] - Decoding VUI
Jul 11, 2026 02:30:00.539 [547885125688] DEBUG - [FFMPEG] - nal_unit_type: 8(PPS), nal_ref_idc: 3
Jul 11, 2026 02:30:00.540 [547885125688] DEBUG - [FFMPEG] - nal_unit_type: 7(SPS), nal_ref_idc: 3
Jul 11, 2026 02:30:00.540 [547885125688] DEBUG - [FFMPEG] - Decoding VUI
Jul 11, 2026 02:30:00.540 [547885125688] DEBUG - [FFMPEG] - nal_unit_type: 8(PPS), nal_ref_idc: 3
Jul 11, 2026 02:30:00.541 [547885125688] DEBUG - [FFMPEG] - Decoding VUI
Jul 11, 2026 02:30:00.542 [547885125688] DEBUG - [FFMPEG] - nal_unit_type: 7(SPS), nal_ref_idc: 3
Jul 11, 2026 02:30:00.542 [547885125688] DEBUG - [FFMPEG] - nal_unit_type: 8(PPS), nal_ref_idc: 3
Jul 11, 2026 02:30:00.542 [547885125688] DEBUG - [FFMPEG] - nal_unit_type: 5(IDR), nal_ref_idc: 3
Jul 11, 2026 02:30:00.542 [547885125688] DEBUG - [FFMPEG] - Decoding VUI
Jul 11, 2026 02:30:00.543 [547885125688] DEBUG - [FFMPEG] - Format yuv420p chosen by get_format().
Jul 11, 2026 02:30:00.548 [547885125688] DEBUG - [FFMPEG] - no picture 
Jul 11, 2026 02:30:00.598 [547885125688] DEBUG - [FFMPEG] - nal_unit_type: 1(Coded slice of a non-IDR picture), nal_ref_idc: 2
Jul 11, 2026 02:30:00.602 [547885125688] DEBUG - [FFMPEG] - no picture 
Jul 11, 2026 02:30:00.645 [547885125688] DEBUG - [FFMPEG] - nal_unit_type: 1(Coded slice of a non-IDR picture), nal_ref_idc: 2
Jul 11, 2026 02:30:00.684 [547885125688] WARN - [FFMPEG] - No accelerated colorspace conversion found from yuv420p to rgb24.
Jul 11, 2026 02:30:00.811 [547885125688] DEBUG - Loaded memory image of size 1920x1010.
Jul 11, 2026 02:30:00.954 [547885125688] DEBUG - [FFMPEG] - nal_unit_type: 7(SPS), nal_ref_idc: 3
Jul 11, 2026 02:30:00.954 [547885125688] DEBUG - [FFMPEG] - Decoding VUI
Jul 11, 2026 02:30:00.954 [547885125688] DEBUG - [FFMPEG] - nal_unit_type: 8(PPS), nal_ref_idc: 3
Jul 11, 2026 02:30:00.955 [547885125688] DEBUG - [FFMPEG] - nal_unit_type: 7(SPS), nal_ref_idc: 3
Jul 11, 2026 02:30:00.955 [547885125688] DEBUG - [FFMPEG] - Decoding VUI
Jul 11, 2026 02:30:00.955 [547885125688] DEBUG - [FFMPEG] - nal_unit_type: 8(PPS), nal_ref_idc: 3
Jul 11, 2026 02:30:00.956 [547885125688] DEBUG - [FFMPEG] - Decoding VUI
Jul 11, 2026 02:30:00.956 [547885125688] DEBUG - [FFMPEG] - nal_unit_type: 7(SPS), nal_ref_idc: 3
Jul 11, 2026 02:30:00.956 [547885125688] DEBUG - [FFMPEG] - nal_unit_type: 8(PPS), nal_ref_idc: 3
Jul 11, 2026 02:30:00.957 [547885125688] DEBUG - [FFMPEG] - nal_unit_type: 5(IDR), nal_ref_idc: 3
Jul 11, 2026 02:30:00.957 [547885125688] DEBUG - [FFMPEG] - Decoding VUI
Jul 11, 2026 02:30:00.957 [547885125688] DEBUG - [FFMPEG] - Format yuv420p chosen by get_format().
Jul 11, 2026 02:30:00.963 [547885125688] DEBUG - [FFMPEG] - no picture 
Jul 11, 2026 02:30:01.013 [547885125688] DEBUG - [FFMPEG] - nal_unit_type: 1(Coded slice of a non-IDR picture), nal_ref_idc: 2
Jul 11, 2026 02:30:01.017 [547885125688] DEBUG - [FFMPEG] - no picture 
Jul 11, 2026 02:30:01.060 [547885125688] DEBUG - [FFMPEG] - nal_unit_type: 1(Coded slice of a non-IDR picture), nal_ref_idc: 2
Jul 11, 2026 02:30:01.099 [547885125688] WARN - [FFMPEG] - No accelerated colorspace conversion found from yuv420p to rgb24.
Jul 11, 2026 02:30:01.225 [547885125688] DEBUG - Loaded memory image of size 1920x1010.
Jul 11, 2026 02:30:01.395 [547885125688] DEBUG - Created chapter thumbnail for metadata item 15, media item 14 for chapter number 4:1012510 at "/config/Library/Application Support/Plex Media Server/Media/localhost/d/69a59cccc7631b3e69125ebfb9d7774697f6886.bundle/Contents/Chapters/chapter4.jpg"
Jul 11, 2026 02:30:01.395 [547885125688] DEBUG - Creating /config/Library/Application Support/Plex Media Server/Media/localhost/d/69a59cccc7631b3e69125ebfb9d7774697f6886.bundle/Contents/Chapters/chapter5.jpg (18.1%, 1280x720).
Jul 11, 2026 02:30:01.396 [547885125688] DEBUG - [FFMPEG] - nal_unit_type: 7(SPS), nal_ref_idc: 3
Jul 11, 2026 02:30:01.396 [547885125688] DEBUG - [FFMPEG] - Decoding VUI
Jul 11, 2026 02:30:01.396 [547885125688] DEBUG - [FFMPEG] - nal_unit_type: 8(PPS), nal_ref_idc: 3
Jul 11, 2026 02:30:01.430 [547885125688] DEBUG - [FFMPEG] - nal_unit_type: 7(SPS), nal_ref_idc: 3
Jul 11, 2026 02:30:01.430 [547885125688] DEBUG - [FFMPEG] - Decoding VUI
Jul 11, 2026 02:30:01.430 [547885125688] DEBUG - [FFMPEG] - nal_unit_type: 8(PPS), nal_ref_idc: 3
Jul 11, 2026 02:30:01.431 [547885125688] DEBUG - [FFMPEG] - Decoding VUI
Jul 11, 2026 02:30:01.432 [547885125688] DEBUG - [FFMPEG] - nal_unit_type: 7(SPS), nal_ref_idc: 3
Jul 11, 2026 02:30:01.432 [547885125688] DEBUG - [FFMPEG] - nal_unit_type: 8(PPS), nal_ref_idc: 3
Jul 11, 2026 02:30:01.432 [547885125688] DEBUG - [FFMPEG] - nal_unit_type: 5(IDR), nal_ref_idc: 3
Jul 11, 2026 02:30:01.432 [547885125688] DEBUG - [FFMPEG] - Decoding VUI
Jul 11, 2026 02:30:01.433 [547885125688] DEBUG - [FFMPEG] - Format yuv420p chosen by get_format().
Jul 11, 2026 02:30:01.438 [547885125688] DEBUG - [FFMPEG] - no picture 
Jul 11, 2026 02:30:01.495 [547885125688] DEBUG - [FFMPEG] - nal_unit_type: 1(Coded slice of a non-IDR picture), nal_ref_idc: 2
Jul 11, 2026 02:30:01.499 [547885125688] DEBUG - [FFMPEG] - no picture 
Jul 11, 2026 02:30:01.539 [547885125688] DEBUG - [FFMPEG] - nal_unit_type: 1(Coded slice of a non-IDR picture), nal_ref_idc: 2
Jul 11, 2026 02:30:01.569 [547885125688] WARN - [FFMPEG] - No accelerated colorspace conversion found from yuv420p to rgb24.
Jul 11, 2026 02:30:01.697 [547885125688] DEBUG - Loaded memory image of size 1920x1010.
Jul 11, 2026 02:30:01.843 [547885125688] DEBUG - [FFMPEG] - nal_unit_type: 7(SPS), nal_ref_idc: 3
Jul 11, 2026 02:30:01.843 [547885125688] DEBUG - [FFMPEG] - Decoding VUI
Jul 11, 2026 02:30:01.843 [547885125688] DEBUG - [FFMPEG] - nal_unit_type: 8(PPS), nal_ref_idc: 3
Jul 11, 2026 02:30:01.844 [547885125688] DEBUG - [FFMPEG] - nal_unit_type: 7(SPS), nal_ref_idc: 3
Jul 11, 2026 02:30:01.844 [547885125688] DEBUG - [FFMPEG] - Decoding VUI
Jul 11, 2026 02:30:01.844 [547885125688] DEBUG - [FFMPEG] - nal_unit_type: 8(PPS), nal_ref_idc: 3
Jul 11, 2026 02:30:01.845 [547885125688] DEBUG - [FFMPEG] - Decoding VUI
Jul 11, 2026 02:30:01.846 [547885125688] DEBUG - [FFMPEG] - nal_unit_type: 7(SPS), nal_ref_idc: 3
Jul 11, 2026 02:30:01.846 [547885125688] DEBUG - [FFMPEG] - nal_unit_type: 8(PPS), nal_ref_idc: 3
Jul 11, 2026 02:30:01.846 [547885125688] DEBUG - [FFMPEG] - nal_unit_type: 5(IDR), nal_ref_idc: 3
Jul 11, 2026 02:30:01.846 [547885125688] DEBUG - [FFMPEG] - Decoding VUI
Jul 11, 2026 02:30:01.847 [547885125688] DEBUG - [FFMPEG] - Format yuv420p chosen by get_format().
Jul 11, 2026 02:30:01.852 [547885125688] DEBUG - [FFMPEG] - no picture 
Jul 11, 2026 02:30:01.907 [547885125688] DEBUG - [FFMPEG] - nal_unit_type: 1(Coded slice of a non-IDR picture), nal_ref_idc: 2
Jul 11, 2026 02:30:01.912 [547885125688] DEBUG - [FFMPEG] - no picture 
Jul 11, 2026 02:30:01.951 [547885125688] DEBUG - [FFMPEG] - nal_unit_type: 1(Coded slice of a non-IDR picture), nal_ref_idc: 2
Jul 11, 2026 02:30:01.981 [547885125688] WARN - [FFMPEG] - No accelerated colorspace conversion found from yuv420p to rgb24.
Jul 11, 2026 02:30:02.107 [547885125688] DEBUG - Loaded memory image of size 1920x1010.
Jul 11, 2026 02:30:02.250 [547885125688] DEBUG - [FFMPEG] - nal_unit_type: 7(SPS), nal_ref_idc: 3
Jul 11, 2026 02:30:02.250 [547885125688] DEBUG - [FFMPEG] - Decoding VUI
Jul 11, 2026 02:30:02.250 [547885125688] DEBUG - [FFMPEG] - nal_unit_type: 8(PPS), nal_ref_idc: 3
Jul 11, 2026 02:30:02.251 [547885125688] DEBUG - [FFMPEG] - nal_unit_type: 7(SPS), nal_ref_idc: 3
Jul 11, 2026 02:30:02.251 [547885125688] DEBUG - [FFMPEG] - Decoding VUI
Jul 11, 2026 02:30:02.251 [547885125688] DEBUG - [FFMPEG] - nal_unit_type: 8(PPS), nal_ref_idc: 3
Jul 11, 2026 02:30:02.252 [547885125688] DEBUG - [FFMPEG] - Decoding VUI
Jul 11, 2026 02:30:02.253 [547885125688] DEBUG - [FFMPEG] - nal_unit_type: 7(SPS), nal_ref_idc: 3
Jul 11, 2026 02:30:02.253 [547885125688] DEBUG - [FFMPEG] - nal_unit_type: 8(PPS), nal_ref_idc: 3
Jul 11, 2026 02:30:02.253 [547885125688] DEBUG - [FFMPEG] - nal_unit_type: 5(IDR), nal_ref_idc: 3
Jul 11, 2026 02:30:02.253 [547885125688] DEBUG - [FFMPEG] - Decoding VUI
Jul 11, 2026 02:30:02.254 [547885125688] DEBUG - [FFMPEG] - Format yuv420p chosen by get_format().
Jul 11, 2026 02:30:02.259 [547885125688] DEBUG - [FFMPEG] - no picture 
Jul 11, 2026 02:30:02.315 [547885125688] DEBUG - [FFMPEG] - nal_unit_type: 1(Coded slice of a non-IDR picture), nal_ref_idc: 2
Jul 11, 2026 02:30:02.319 [547885125688] DEBUG - [FFMPEG] - no picture 
Jul 11, 2026 02:30:02.358 [547885125688] DEBUG - [FFMPEG] - nal_unit_type: 1(Coded slice of a non-IDR picture), nal_ref_idc: 2
Jul 11, 2026 02:30:02.388 [547885125688] WARN - [FFMPEG] - No accelerated colorspace conversion found from yuv420p to rgb24.
Jul 11, 2026 02:30:02.515 [547885125688] DEBUG - Loaded memory image of size 1920x1010.
Jul 11, 2026 02:30:02.684 [547885125688] DEBUG - [FFMPEG] - nal_unit_type: 7(SPS), nal_ref_idc: 3
Jul 11, 2026 02:30:02.684 [547885125688] DEBUG - [FFMPEG] - Decoding VUI
Jul 11, 2026 02:30:02.684 [547885125688] DEBUG - [FFMPEG] - nal_unit_type: 8(PPS), nal_ref_idc: 3
Jul 11, 2026 02:30:02.685 [547885125688] DEBUG - [FFMPEG] - nal_unit_type: 7(SPS), nal_ref_idc: 3
Jul 11, 2026 02:30:02.685 [547885125688] DEBUG - [FFMPEG] - Decoding VUI
Jul 11, 2026 02:30:02.685 [547885125688] DEBUG - [FFMPEG] - nal_unit_type: 8(PPS), nal_ref_idc: 3
Jul 11, 2026 02:30:02.686 [547885125688] DEBUG - [FFMPEG] - Decoding VUI
Jul 11, 2026 02:30:02.687 [547885125688] DEBUG - [FFMPEG] - nal_unit_type: 7(SPS), nal_ref_idc: 3
Jul 11, 2026 02:30:02.687 [547885125688] DEBUG - [FFMPEG] - nal_unit_type: 8(PPS), nal_ref_idc: 3
Jul 11, 2026 02:30:02.687 [547885125688] DEBUG - [FFMPEG] - nal_unit_type: 5(IDR), nal_ref_idc: 3
Jul 11, 2026 02:30:02.687 [547885125688] DEBUG - [FFMPEG] - Decoding VUI
Jul 11, 2026 02:30:02.688 [547885125688] DEBUG - [FFMPEG] - Format yuv420p chosen by get_format().
Jul 11, 2026 02:30:02.693 [547885125688] DEBUG - [FFMPEG] - no picture 
Jul 11, 2026 02:30:02.748 [547885125688] DEBUG - [FFMPEG] - nal_unit_type: 1(Coded slice of a non-IDR picture), nal_ref_idc: 2
Jul 11, 2026 02:30:02.753 [547885125688] DEBUG - [FFMPEG] - no picture 
Jul 11, 2026 02:30:02.793 [547885125688] DEBUG - [FFMPEG] - nal_unit_type: 1(Coded slice of a non-IDR picture), nal_ref_idc: 2
Jul 11, 2026 02:30:02.822 [547885125688] WARN - [FFMPEG] - No accelerated colorspace conversion found from yuv420p to rgb24.
Jul 11, 2026 02:30:02.954 [547885125688] DEBUG - Loaded memory image of size 1920x1010.
Jul 11, 2026 02:30:03.099 [547885125688] DEBUG - [FFMPEG] - nal_unit_type: 7(SPS), nal_ref_idc: 3
Jul 11, 2026 02:30:03.099 [547885125688] DEBUG - [FFMPEG] - Decoding VUI
Jul 11, 2026 02:30:03.099 [547885125688] DEBUG - [FFMPEG] - nal_unit_type: 8(PPS), nal_ref_idc: 3
Jul 11, 2026 02:30:03.100 [547885125688] DEBUG - [FFMPEG] - nal_unit_type: 7(SPS), nal_ref_idc: 3
Jul 11, 2026 02:30:03.100 [547885125688] DEBUG - [FFMPEG] - Decoding VUI
Jul 11, 2026 02:30:03.100 [547885125688] DEBUG - [FFMPEG] - nal_unit_type: 8(PPS), nal_ref_idc: 3
Jul 11, 2026 02:30:03.100 [547885125688] DEBUG - [FFMPEG] - Decoding VUI
Jul 11, 2026 02:30:03.101 [547885125688] DEBUG - [FFMPEG] - nal_unit_type: 7(SPS), nal_ref_idc: 3
Jul 11, 2026 02:30:03.101 [547885125688] DEBUG - [FFMPEG] - nal_unit_type: 8(PPS), nal_ref_idc: 3
Jul 11, 2026 02:30:03.101 [547885125688] DEBUG - [FFMPEG] - nal_unit_type: 5(IDR), nal_ref_idc: 3
Jul 11, 2026 02:30:03.101 [547885125688] DEBUG - [FFMPEG] - Decoding VUI
Jul 11, 2026 02:30:03.102 [547885125688] DEBUG - [FFMPEG] - Format yuv420p chosen by get_format().
Jul 11, 2026 02:30:03.107 [547885125688] DEBUG - [FFMPEG] - no picture 
Jul 11, 2026 02:30:03.163 [547885125688] DEBUG - [FFMPEG] - nal_unit_type: 1(Coded slice of a non-IDR picture), nal_ref_idc: 2
Jul 11, 2026 02:30:03.167 [547885125688] DEBUG - [FFMPEG] - no picture 
Jul 11, 2026 02:30:03.206 [547885125688] DEBUG - [FFMPEG] - nal_unit_type: 1(Coded slice of a non-IDR picture), nal_ref_idc: 2
Jul 11, 2026 02:30:03.236 [547885125688] WARN - [FFMPEG] - No accelerated colorspace conversion found from yuv420p to rgb24.
Jul 11, 2026 02:30:03.363 [547885125688] DEBUG - Loaded memory image of size 1920x1010.
Jul 11, 2026 02:30:03.532 [547885125688] DEBUG - Created chapter thumbnail for metadata item 15, media item 14 for chapter number 5:1397190 at "/config/Library/Application Support/Plex Media Server/Media/localhost/d/69a59cccc7631b3e69125ebfb9d7774697f6886.bundle/Contents/Chapters/chapter5.jpg"
Jul 11, 2026 02:30:03.532 [547885125688] DEBUG - Creating /config/Library/Application Support/Plex Media Server/Media/localhost/d/69a59cccc7631b3e69125ebfb9d7774697f6886.bundle/Contents/Chapters/chapter6.jpg (22.6%, 1280x720).
Jul 11, 2026 02:30:03.533 [547885125688] DEBUG - [FFMPEG] - nal_unit_type: 7(SPS), nal_ref_idc: 3
Jul 11, 2026 02:30:03.533 [547885125688] DEBUG - [FFMPEG] - Decoding VUI
Jul 11, 2026 02:30:03.533 [547885125688] DEBUG - [FFMPEG] - nal_unit_type: 8(PPS), nal_ref_idc: 3
Jul 11, 2026 02:30:03.576 [547885125688] DEBUG - [FFMPEG] - nal_unit_type: 7(SPS), nal_ref_idc: 3
Jul 11, 2026 02:30:03.576 [547885125688] DEBUG - [FFMPEG] - Decoding VUI
Jul 11, 2026 02:30:03.576 [547885125688] DEBUG - [FFMPEG] - nal_unit_type: 8(PPS), nal_ref_idc: 3
Jul 11, 2026 02:30:03.577 [547885125688] DEBUG - [FFMPEG] - Decoding VUI
Jul 11, 2026 02:30:03.578 [547885125688] DEBUG - [FFMPEG] - nal_unit_type: 7(SPS), nal_ref_idc: 3
Jul 11, 2026 02:30:03.578 [547885125688] DEBUG - [FFMPEG] - nal_unit_type: 8(PPS), nal_ref_idc: 3
Jul 11, 2026 02:30:03.579 [547885125688] DEBUG - [FFMPEG] - nal_unit_type: 5(IDR), nal_ref_idc: 3
Jul 11, 2026 02:30:03.579 [547885125688] DEBUG - [FFMPEG] - Decoding VUI
Jul 11, 2026 02:30:03.580 [547885125688] DEBUG - [FFMPEG] - Format yuv420p chosen by get_format().
Jul 11, 2026 02:30:03.585 [547885125688] DEBUG - [FFMPEG] - no picture 
Jul 11, 2026 02:30:03.674 [547885125688] DEBUG - [FFMPEG] - nal_unit_type: 1(Coded slice of a non-IDR picture), nal_ref_idc: 2
Jul 11, 2026 02:30:03.678 [547885125688] DEBUG - [FFMPEG] - no picture 
Jul 11, 2026 02:30:03.704 [547885125688] DEBUG - [FFMPEG] - nal_unit_type: 1(Coded slice of a non-IDR picture), nal_ref_idc: 2
Jul 11, 2026 02:30:03.727 [547885125688] WARN - [FFMPEG] - No accelerated colorspace conversion found from yuv420p to rgb24.
Jul 11, 2026 02:30:03.855 [547885125688] DEBUG - Loaded memory image of size 1920x1010.
Jul 11, 2026 02:30:04.032 [547885125688] DEBUG - [FFMPEG] - nal_unit_type: 7(SPS), nal_ref_idc: 3
Jul 11, 2026 02:30:04.032 [547885125688] DEBUG - [FFMPEG] - Decoding VUI
Jul 11, 2026 02:30:04.032 [547885125688] DEBUG - [FFMPEG] - nal_unit_type: 8(PPS), nal_ref_idc: 3
Jul 11, 2026 02:30:04.033 [547885125688] DEBUG - [FFMPEG] - nal_unit_type: 7(SPS), nal_ref_idc: 3
Jul 11, 2026 02:30:04.033 [547885125688] DEBUG - [FFMPEG] - Decoding VUI
Jul 11, 2026 02:30:04.033 [547885125688] DEBUG - [FFMPEG] - nal_unit_type: 8(PPS), nal_ref_idc: 3
Jul 11, 2026 02:30:04.034 [547885125688] DEBUG - [FFMPEG] - Decoding VUI
Jul 11, 2026 02:30:04.035 [547885125688] DEBUG - [FFMPEG] - nal_unit_type: 7(SPS), nal_ref_idc: 3
Jul 11, 2026 02:30:04.035 [547885125688] DEBUG - [FFMPEG] - nal_unit_type: 8(PPS), nal_ref_idc: 3
Jul 11, 2026 02:30:04.036 [547885125688] DEBUG - [FFMPEG] - nal_unit_type: 5(IDR), nal_ref_idc: 3
Jul 11, 2026 02:30:04.036 [547885125688] DEBUG - [FFMPEG] - Decoding VUI
Jul 11, 2026 02:30:04.037 [547885125688] DEBUG - [FFMPEG] - Format yuv420p chosen by get_format().
Jul 11, 2026 02:30:04.043 [547885125688] DEBUG - [FFMPEG] - no picture 
Jul 11, 2026 02:30:04.132 [547885125688] DEBUG - [FFMPEG] - nal_unit_type: 1(Coded slice of a non-IDR picture), nal_ref_idc: 2
Jul 11, 2026 02:30:04.137 [547885125688] DEBUG - [FFMPEG] - no picture 
Jul 11, 2026 02:30:04.162 [547885125688] DEBUG - [FFMPEG] - nal_unit_type: 1(Coded slice of a non-IDR picture), nal_ref_idc: 2
Jul 11, 2026 02:30:04.184 [547885125688] WARN - [FFMPEG] - No accelerated colorspace conversion found from yuv420p to rgb24.
Jul 11, 2026 02:30:04.310 [547885125688] DEBUG - Loaded memory image of size 1920x1010.
Jul 11, 2026 02:30:04.465 [547885125688] DEBUG - [FFMPEG] - nal_unit_type: 7(SPS), nal_ref_idc: 3
Jul 11, 2026 02:30:04.465 [547885125688] DEBUG - [FFMPEG] - Decoding VUI
Jul 11, 2026 02:30:04.465 [547885125688] DEBUG - [FFMPEG] - nal_unit_type: 8(PPS), nal_ref_idc: 3
Jul 11, 2026 02:30:04.466 [547885125688] DEBUG - [FFMPEG] - nal_unit_type: 7(SPS), nal_ref_idc: 3
Jul 11, 2026 02:30:04.466 [547885125688] DEBUG - [FFMPEG] - Decoding VUI
Jul 11, 2026 02:30:04.466 [547885125688] DEBUG - [FFMPEG] - nal_unit_type: 8(PPS), nal_ref_idc: 3
Jul 11, 2026 02:30:04.467 [547885125688] DEBUG - [FFMPEG] - Decoding VUI
Jul 11, 2026 02:30:04.468 [547885125688] DEBUG - [FFMPEG] - nal_unit_type: 7(SPS), nal_ref_idc: 3
Jul 11, 2026 02:30:04.468 [547885125688] DEBUG - [FFMPEG] - nal_unit_type: 8(PPS), nal_ref_idc: 3
Jul 11, 2026 02:30:04.469 [547885125688] DEBUG - [FFMPEG] - nal_unit_type: 5(IDR), nal_ref_idc: 3
Jul 11, 2026 02:30:04.469 [547885125688] DEBUG - [FFMPEG] - Decoding VUI
Jul 11, 2026 02:30:04.469 [547885125688] DEBUG - [FFMPEG] - Format yuv420p chosen by get_format().
Jul 11, 2026 02:30:04.475 [547885125688] DEBUG - [FFMPEG] - no picture 
Jul 11, 2026 02:30:04.565 [547885125688] DEBUG - [FFMPEG] - nal_unit_type: 1(Coded slice of a non-IDR picture), nal_ref_idc: 2
Jul 11, 2026 02:30:04.571 [547885125688] DEBUG - [FFMPEG] - no picture 
Jul 11, 2026 02:30:04.599 [547885125688] DEBUG - [FFMPEG] - nal_unit_type: 1(Coded slice of a non-IDR picture), nal_ref_idc: 2
Jul 11, 2026 02:30:04.623 [547885125688] WARN - [FFMPEG] - No accelerated colorspace conversion found from yuv420p to rgb24.
Jul 11, 2026 02:30:04.750 [547885125688] DEBUG - Loaded memory image of size 1920x1010.
Jul 11, 2026 02:30:04.897 [547885125688] DEBUG - [FFMPEG] - nal_unit_type: 7(SPS), nal_ref_idc: 3
Jul 11, 2026 02:30:04.898 [547885125688] DEBUG - [FFMPEG] - Decoding VUI
Jul 11, 2026 02:30:04.898 [547885125688] DEBUG - [FFMPEG] - nal_unit_type: 8(PPS), nal_ref_idc: 3
Jul 11, 2026 02:30:04.899 [547885125688] DEBUG - [FFMPEG] - nal_unit_type: 7(SPS), nal_ref_idc: 3
Jul 11, 2026 02:30:04.899 [547885125688] DEBUG - [FFMPEG] - Decoding VUI
Jul 11, 2026 02:30:04.899 [547885125688] DEBUG - [FFMPEG] - nal_unit_type: 8(PPS), nal_ref_idc: 3
Jul 11, 2026 02:30:04.900 [547885125688] DEBUG - [FFMPEG] - Decoding VUI
Jul 11, 2026 02:30:04.901 [547885125688] DEBUG - [FFMPEG] - nal_unit_type: 7(SPS), nal_ref_idc: 3
Jul 11, 2026 02:30:04.901 [547885125688] DEBUG - [FFMPEG] - nal_unit_type: 8(PPS), nal_ref_idc: 3
Jul 11, 2026 02:30:04.902 [547885125688] DEBUG - [FFMPEG] - nal_unit_type: 5(IDR), nal_ref_idc: 3
Jul 11, 2026 02:30:04.902 [547885125688] DEBUG - [FFMPEG] - Decoding VUI
Jul 11, 2026 02:30:04.902 [547885125688] DEBUG - [FFMPEG] - Format yuv420p chosen by get_format().
Jul 11, 2026 02:30:04.907 [547885125688] DEBUG - [FFMPEG] - no picture 
Jul 11, 2026 02:30:04.995 [547885125688] DEBUG - [FFMPEG] - nal_unit_type: 1(Coded slice of a non-IDR picture), nal_ref_idc: 2
Jul 11, 2026 02:30:04.999 [547885125688] DEBUG - [FFMPEG] - no picture 
Jul 11, 2026 02:30:05.025 [547885125688] DEBUG - [FFMPEG] - nal_unit_type: 1(Coded slice of a non-IDR picture), nal_ref_idc: 2
Jul 11, 2026 02:30:05.046 [547885125688] WARN - [FFMPEG] - No accelerated colorspace conversion found from yuv420p to rgb24.
Jul 11, 2026 02:30:05.174 [547885125688] DEBUG - Loaded memory image of size 1920x1010.
Jul 11, 2026 02:30:05.354 [547885125688] DEBUG - [FFMPEG] - nal_unit_type: 7(SPS), nal_ref_idc: 3
Jul 11, 2026 02:30:05.354 [547885125688] DEBUG - [FFMPEG] - Decoding VUI
Jul 11, 2026 02:30:05.354 [547885125688] DEBUG - [FFMPEG] - nal_unit_type: 8(PPS), nal_ref_idc: 3
Jul 11, 2026 02:30:05.356 [547885125688] DEBUG - [FFMPEG] - nal_unit_type: 7(SPS), nal_ref_idc: 3
Jul 11, 2026 02:30:05.356 [547885125688] DEBUG - [FFMPEG] - Decoding VUI
Jul 11, 2026 02:30:05.356 [547885125688] DEBUG - [FFMPEG] - nal_unit_type: 8(PPS), nal_ref_idc: 3
Jul 11, 2026 02:30:05.357 [547885125688] DEBUG - [FFMPEG] - Decoding VUI
Jul 11, 2026 02:30:05.358 [547885125688] DEBUG - [FFMPEG] - nal_unit_type: 7(SPS), nal_ref_idc: 3
Jul 11, 2026 02:30:05.358 [547885125688] DEBUG - [FFMPEG] - nal_unit_type: 8(PPS), nal_ref_idc: 3
Jul 11, 2026 02:30:05.359 [547885125688] DEBUG - [FFMPEG] - nal_unit_type: 5(IDR), nal_ref_idc: 3
Jul 11, 2026 02:30:05.359 [547885125688] DEBUG - [FFMPEG] - Decoding VUI
Jul 11, 2026 02:30:05.359 [547885125688] DEBUG - [FFMPEG] - Format yuv420p chosen by get_format().
Jul 11, 2026 02:30:05.364 [547885125688] DEBUG - [FFMPEG] - no picture 
Jul 11, 2026 02:30:05.453 [547885125688] DEBUG - [FFMPEG] - nal_unit_type: 1(Coded slice of a non-IDR picture), nal_ref_idc: 2
Jul 11, 2026 02:30:05.457 [547885125688] DEBUG - [FFMPEG] - no picture 
Jul 11, 2026 02:30:05.483 [547885125688] DEBUG - [FFMPEG] - nal_unit_type: 1(Coded slice of a non-IDR picture), nal_ref_idc: 2
Jul 11, 2026 02:30:05.504 [547885125688] WARN - [FFMPEG] - No accelerated colorspace conversion found from yuv420p to rgb24.
Jul 11, 2026 02:30:05.631 [547885125688] DEBUG - Loaded memory image of size 1920x1010.
Jul 11, 2026 02:30:05.778 [547885125688] DEBUG - Created chapter thumbnail for metadata item 15, media item 14 for chapter number 6:1749460 at "/config/Library/Application Support/Plex Media Server/Media/localhost/d/69a59cccc7631b3e69125ebfb9d7774697f6886.bundle/Contents/Chapters/chapter6.jpg"
Jul 11, 2026 02:30:05.778 [547885125688] DEBUG - Creating /config/Library/Application Support/Plex Media Server/Media/localhost/d/69a59cccc7631b3e69125ebfb9d7774697f6886.bundle/Contents/Chapters/chapter7.jpg (28.1%, 1280x720).
Jul 11, 2026 02:30:05.780 [547885125688] DEBUG - [FFMPEG] - nal_unit_type: 7(SPS), nal_ref_idc: 3
Jul 11, 2026 02:30:05.780 [547885125688] DEBUG - [FFMPEG] - Decoding VUI
Jul 11, 2026 02:30:05.780 [547885125688] DEBUG - [FFMPEG] - nal_unit_type: 8(PPS), nal_ref_idc: 3
Jul 11, 2026 02:30:05.808 [547885125688] DEBUG - [FFMPEG] - nal_unit_type: 7(SPS), nal_ref_idc: 3
Jul 11, 2026 02:30:05.808 [547885125688] DEBUG - [FFMPEG] - Decoding VUI
Jul 11, 2026 02:30:05.808 [547885125688] DEBUG - [FFMPEG] - nal_unit_type: 8(PPS), nal_ref_idc: 3
Jul 11, 2026 02:30:05.808 [547885125688] DEBUG - [FFMPEG] - Decoding VUI
Jul 11, 2026 02:30:05.809 [547885125688] DEBUG - [FFMPEG] - nal_unit_type: 7(SPS), nal_ref_idc: 3
Jul 11, 2026 02:30:05.809 [547885125688] DEBUG - [FFMPEG] - nal_unit_type: 8(PPS), nal_ref_idc: 3
Jul 11, 2026 02:30:05.809 [547885125688] DEBUG - [FFMPEG] - nal_unit_type: 5(IDR), nal_ref_idc: 3
Jul 11, 2026 02:30:05.809 [547885125688] DEBUG - [FFMPEG] - Decoding VUI
Jul 11, 2026 02:30:05.810 [547885125688] DEBUG - [FFMPEG] - Format yuv420p chosen by get_format().
Jul 11, 2026 02:30:05.815 [547885125688] DEBUG - [FFMPEG] - no picture 
Jul 11, 2026 02:30:05.864 [547885125688] DEBUG - [FFMPEG] - nal_unit_type: 1(Coded slice of a non-IDR picture), nal_ref_idc: 2
Jul 11, 2026 02:30:05.869 [547885125688] DEBUG - [FFMPEG] - no picture 
Jul 11, 2026 02:30:05.904 [547885125688] DEBUG - [FFMPEG] - nal_unit_type: 1(Coded slice of a non-IDR picture), nal_ref_idc: 2
Jul 11, 2026 02:30:05.935 [547885125688] WARN - [FFMPEG] - No accelerated colorspace conversion found from yuv420p to rgb24.
Jul 11, 2026 02:30:06.062 [547885125688] DEBUG - Loaded memory image of size 1920x1010.
Jul 11, 2026 02:30:06.223 [547885125688] DEBUG - Created chapter thumbnail for metadata item 15, media item 14 for chapter number 7:2176420 at "/config/Library/Application Support/Plex Media Server/Media/localhost/d/69a59cccc7631b3e69125ebfb9d7774697f6886.bundle/Contents/Chapters/chapter7.jpg"
Jul 11, 2026 02:30:06.223 [547885125688] DEBUG - Creating /config/Library/Application Support/Plex Media Server/Media/localhost/d/69a59cccc7631b3e69125ebfb9d7774697f6886.bundle/Contents/Chapters/chapter8.jpg (31.9%, 1280x720).
Jul 11, 2026 02:30:06.224 [547885125688] DEBUG - [FFMPEG] - nal_unit_type: 7(SPS), nal_ref_idc: 3
Jul 11, 2026 02:30:06.224 [547885125688] DEBUG - [FFMPEG] - Decoding VUI
Jul 11, 2026 02:30:06.224 [547885125688] DEBUG - [FFMPEG] - nal_unit_type: 8(PPS), nal_ref_idc: 3
Jul 11, 2026 02:30:06.264 [547885125688] DEBUG - [FFMPEG] - nal_unit_type: 7(SPS), nal_ref_idc: 3
Jul 11, 2026 02:30:06.264 [547885125688] DEBUG - [FFMPEG] - Decoding VUI
Jul 11, 2026 02:30:06.264 [547885125688] DEBUG - [FFMPEG] - nal_unit_type: 8(PPS), nal_ref_idc: 3
Jul 11, 2026 02:30:06.265 [547885125688] DEBUG - [FFMPEG] - Decoding VUI
Jul 11, 2026 02:30:06.266 [547885125688] DEBUG - [FFMPEG] - nal_unit_type: 7(SPS), nal_ref_idc: 3
Jul 11, 2026 02:30:06.266 [547885125688] DEBUG - [FFMPEG] - nal_unit_type: 8(PPS), nal_ref_idc: 3
Jul 11, 2026 02:30:06.266 [547885125688] DEBUG - [FFMPEG] - nal_unit_type: 5(IDR), nal_ref_idc: 3
Jul 11, 2026 02:30:06.266 [547885125688] DEBUG - [FFMPEG] - Decoding VUI
Jul 11, 2026 02:30:06.267 [547885125688] DEBUG - [FFMPEG] - Format yuv420p chosen by get_format().
Jul 11, 2026 02:30:06.272 [547885125688] DEBUG - [FFMPEG] - no picture 
Jul 11, 2026 02:30:06.339 [547885125688] DEBUG - [FFMPEG] - nal_unit_type: 1(Coded slice of a non-IDR picture), nal_ref_idc: 2
Jul 11, 2026 02:30:06.344 [547885125688] DEBUG - [FFMPEG] - no picture 
Jul 11, 2026 02:30:06.384 [547885125688] DEBUG - [FFMPEG] - nal_unit_type: 1(Coded slice of a non-IDR picture), nal_ref_idc: 2
Jul 11, 2026 02:30:06.420 [547885125688] WARN - [FFMPEG] - No accelerated colorspace conversion found from yuv420p to rgb24.
Jul 11, 2026 02:30:06.547 [547885125688] DEBUG - Loaded memory image of size 1920x1010.
Jul 11, 2026 02:30:06.718 [547885125688] DEBUG - Created chapter thumbnail for metadata item 15, media item 14 for chapter number 8:2464750 at "/config/Library/Application Support/Plex Media Server/Media/localhost/d/69a59cccc7631b3e69125ebfb9d7774697f6886.bundle/Contents/Chapters/chapter8.jpg"
Jul 11, 2026 02:30:06.718 [547885125688] DEBUG - Creating /config/Library/Application Support/Plex Media Server/Media/localhost/d/69a59cccc7631b3e69125ebfb9d7774697f6886.bundle/Contents/Chapters/chapter9.jpg (36.5%, 1280x720).
Jul 11, 2026 02:30:06.720 [547885125688] DEBUG - [FFMPEG] - nal_unit_type: 7(SPS), nal_ref_idc: 3
Jul 11, 2026 02:30:06.720 [547885125688] DEBUG - [FFMPEG] - Decoding VUI
Jul 11, 2026 02:30:06.720 [547885125688] DEBUG - [FFMPEG] - nal_unit_type: 8(PPS), nal_ref_idc: 3
Jul 11, 2026 02:30:06.747 [547885125688] DEBUG - [FFMPEG] - nal_unit_type: 7(SPS), nal_ref_idc: 3
Jul 11, 2026 02:30:06.747 [547885125688] DEBUG - [FFMPEG] - Decoding VUI
Jul 11, 2026 02:30:06.747 [547885125688] DEBUG - [FFMPEG] - nal_unit_type: 8(PPS), nal_ref_idc: 3
Jul 11, 2026 02:30:06.748 [547885125688] DEBUG - [FFMPEG] - Decoding VUI
Jul 11, 2026 02:30:06.749 [547885125688] DEBUG - [FFMPEG] - nal_unit_type: 7(SPS), nal_ref_idc: 3
Jul 11, 2026 02:30:06.749 [547885125688] DEBUG - [FFMPEG] - nal_unit_type: 8(PPS), nal_ref_idc: 3
Jul 11, 2026 02:30:06.749 [547885125688] DEBUG - [FFMPEG] - nal_unit_type: 5(IDR), nal_ref_idc: 3
Jul 11, 2026 02:30:06.749 [547885125688] DEBUG - [FFMPEG] - Decoding VUI
Jul 11, 2026 02:30:06.749 [547885125688] DEBUG - [FFMPEG] - Format yuv420p chosen by get_format().
Jul 11, 2026 02:30:06.755 [547885125688] DEBUG - [FFMPEG] - no picture 
Jul 11, 2026 02:30:06.798 [547885125688] DEBUG - [FFMPEG] - nal_unit_type: 1(Coded slice of a non-IDR picture), nal_ref_idc: 2
Jul 11, 2026 02:30:06.802 [547885125688] DEBUG - [FFMPEG] - no picture 
Jul 11, 2026 02:30:06.833 [547885125688] DEBUG - [FFMPEG] - nal_unit_type: 1(Coded slice of a non-IDR picture), nal_ref_idc: 2
Jul 11, 2026 02:30:06.863 [547885125688] WARN - [FFMPEG] - No accelerated colorspace conversion found from yuv420p to rgb24.
Jul 11, 2026 02:30:06.990 [547885125688] DEBUG - Loaded memory image of size 1920x1010.
Jul 11, 2026 02:30:07.159 [547885125688] DEBUG - [FFMPEG] - nal_unit_type: 7(SPS), nal_ref_idc: 3
Jul 11, 2026 02:30:07.159 [547885125688] DEBUG - [FFMPEG] - Decoding VUI
Jul 11, 2026 02:30:07.159 [547885125688] DEBUG - [FFMPEG] - nal_unit_type: 8(PPS), nal_ref_idc: 3
Jul 11, 2026 02:30:07.160 [547885125688] DEBUG - [FFMPEG] - nal_unit_type: 7(SPS), nal_ref_idc: 3
Jul 11, 2026 02:30:07.160 [547885125688] DEBUG - [FFMPEG] - Decoding VUI
Jul 11, 2026 02:30:07.160 [547885125688] DEBUG - [FFMPEG] - nal_unit_type: 8(PPS), nal_ref_idc: 3
Jul 11, 2026 02:30:07.161 [547885125688] DEBUG - [FFMPEG] - Decoding VUI
Jul 11, 2026 02:30:07.161 [547885125688] DEBUG - [FFMPEG] - nal_unit_type: 7(SPS), nal_ref_idc: 3
Jul 11, 2026 02:30:07.161 [547885125688] DEBUG - [FFMPEG] - nal_unit_type: 8(PPS), nal_ref_idc: 3
Jul 11, 2026 02:30:07.162 [547885125688] DEBUG - [FFMPEG] - nal_unit_type: 5(IDR), nal_ref_idc: 3
Jul 11, 2026 02:30:07.162 [547885125688] DEBUG - [FFMPEG] - Decoding VUI
Jul 11, 2026 02:30:07.162 [547885125688] DEBUG - [FFMPEG] - Format yuv420p chosen by get_format().
Jul 11, 2026 02:30:07.168 [547885125688] DEBUG - [FFMPEG] - no picture 
Jul 11, 2026 02:30:07.209 [547885125688] DEBUG - [FFMPEG] - nal_unit_type: 1(Coded slice of a non-IDR picture), nal_ref_idc: 2
Jul 11, 2026 02:30:07.213 [547885125688] DEBUG - [FFMPEG] - no picture 
Jul 11, 2026 02:30:07.244 [547885125688] DEBUG - [FFMPEG] - nal_unit_type: 1(Coded slice of a non-IDR picture), nal_ref_idc: 2
Jul 11, 2026 02:30:07.275 [547885125688] WARN - [FFMPEG] - No accelerated colorspace conversion found from yuv420p to rgb24.
Jul 11, 2026 02:30:07.401 [547885125688] DEBUG - Loaded memory image of size 1920x1010.
Jul 11, 2026 02:30:07.545 [547885125688] DEBUG - [FFMPEG] - nal_unit_type: 7(SPS), nal_ref_idc: 3
Jul 11, 2026 02:30:07.545 [547885125688] DEBUG - [FFMPEG] - Decoding VUI
Jul 11, 2026 02:30:07.545 [547885125688] DEBUG - [FFMPEG] - nal_unit_type: 8(PPS), nal_ref_idc: 3
Jul 11, 2026 02:30:07.546 [547885125688] DEBUG - [FFMPEG] - nal_unit_type: 7(SPS), nal_ref_idc: 3
Jul 11, 2026 02:30:07.546 [547885125688] DEBUG - [FFMPEG] - Decoding VUI
Jul 11, 2026 02:30:07.546 [547885125688] DEBUG - [FFMPEG] - nal_unit_type: 8(PPS), nal_ref_idc: 3
Jul 11, 2026 02:30:07.546 [547885125688] DEBUG - [FFMPEG] - Decoding VUI
Jul 11, 2026 02:30:07.547 [547885125688] DEBUG - [FFMPEG] - nal_unit_type: 7(SPS), nal_ref_idc: 3
Jul 11, 2026 02:30:07.547 [547885125688] DEBUG - [FFMPEG] - nal_unit_type: 8(PPS), nal_ref_idc: 3
Jul 11, 2026 02:30:07.547 [547885125688] DEBUG - [FFMPEG] - nal_unit_type: 5(IDR), nal_ref_idc: 3
Jul 11, 2026 02:30:07.547 [547885125688] DEBUG - [FFMPEG] - Decoding VUI
Jul 11, 2026 02:30:07.548 [547885125688] DEBUG - [FFMPEG] - Format yuv420p chosen by get_format().
Jul 11, 2026 02:30:07.553 [547885125688] DEBUG - [FFMPEG] - no picture 
Jul 11, 2026 02:30:07.595 [547885125688] DEBUG - [FFMPEG] - nal_unit_type: 1(Coded slice of a non-IDR picture), nal_ref_idc: 2
Jul 11, 2026 02:30:07.599 [547885125688] DEBUG - [FFMPEG] - no picture 
Jul 11, 2026 02:30:07.630 [547885125688] DEBUG - [FFMPEG] - nal_unit_type: 1(Coded slice of a non-IDR picture), nal_ref_idc: 2
Jul 11, 2026 02:30:07.661 [547885125688] WARN - [FFMPEG] - No accelerated colorspace conversion found from yuv420p to rgb24.
Jul 11, 2026 02:30:07.787 [547885125688] DEBUG - Loaded memory image of size 1920x1010.
Jul 11, 2026 02:30:07.956 [547885125688] DEBUG - [FFMPEG] - nal_unit_type: 7(SPS), nal_ref_idc: 3
Jul 11, 2026 02:30:07.956 [547885125688] DEBUG - [FFMPEG] - Decoding VUI
Jul 11, 2026 02:30:07.956 [547885125688] DEBUG - [FFMPEG] - nal_unit_type: 8(PPS), nal_ref_idc: 3
Jul 11, 2026 02:30:07.957 [547885125688] DEBUG - [FFMPEG] - nal_unit_type: 7(SPS), nal_ref_idc: 3
Jul 11, 2026 02:30:07.957 [547885125688] DEBUG - [FFMPEG] - Decoding VUI
Jul 11, 2026 02:30:07.957 [547885125688] DEBUG - [FFMPEG] - nal_unit_type: 8(PPS), nal_ref_idc: 3
Jul 11, 2026 02:30:07.958 [547885125688] DEBUG - [FFMPEG] - Decoding VUI
Jul 11, 2026 02:30:07.958 [547885125688] DEBUG - [FFMPEG] - nal_unit_type: 7(SPS), nal_ref_idc: 3
Jul 11, 2026 02:30:07.958 [547885125688] DEBUG - [FFMPEG] - nal_unit_type: 8(PPS), nal_ref_idc: 3
Jul 11, 2026 02:30:07.959 [547885125688] DEBUG - [FFMPEG] - nal_unit_type: 5(IDR), nal_ref_idc: 3
Jul 11, 2026 02:30:07.959 [547885125688] DEBUG - [FFMPEG] - Decoding VUI
Jul 11, 2026 02:30:07.959 [547885125688] DEBUG - [FFMPEG] - Format yuv420p chosen by get_format().
Jul 11, 2026 02:30:07.965 [547885125688] DEBUG - [FFMPEG] - no picture 
Jul 11, 2026 02:30:08.006 [547885125688] DEBUG - [FFMPEG] - nal_unit_type: 1(Coded slice of a non-IDR picture), nal_ref_idc: 2
Jul 11, 2026 02:30:08.010 [547885125688] DEBUG - [FFMPEG] - no picture 
Jul 11, 2026 02:30:08.041 [547885125688] DEBUG - [FFMPEG] - nal_unit_type: 1(Coded slice of a non-IDR picture), nal_ref_idc: 2
Jul 11, 2026 02:30:08.071 [547885125688] WARN - [FFMPEG] - No accelerated colorspace conversion found from yuv420p to rgb24.
Jul 11, 2026 02:30:08.198 [547885125688] DEBUG - Loaded memory image of size 1920x1010.
Jul 11, 2026 02:30:08.339 [547885125688] DEBUG - [FFMPEG] - nal_unit_type: 7(SPS), nal_ref_idc: 3
Jul 11, 2026 02:30:08.339 [547885125688] DEBUG - [FFMPEG] - Decoding VUI
Jul 11, 2026 02:30:08.339 [547885125688] DEBUG - [FFMPEG] - nal_unit_type: 8(PPS), nal_ref_idc: 3
Jul 11, 2026 02:30:08.339 [547885125688] DEBUG - [FFMPEG] - nal_unit_type: 7(SPS), nal_ref_idc: 3
Jul 11, 2026 02:30:08.339 [547885125688] DEBUG - [FFMPEG] - Decoding VUI
Jul 11, 2026 02:30:08.340 [547885125688] DEBUG - [FFMPEG] - nal_unit_type: 8(PPS), nal_ref_idc: 3
Jul 11, 2026 02:30:08.340 [547885125688] DEBUG - [FFMPEG] - Decoding VUI
Jul 11, 2026 02:30:08.341 [547885125688] DEBUG - [FFMPEG] - nal_unit_type: 7(SPS), nal_ref_idc: 3
Jul 11, 2026 02:30:08.341 [547885125688] DEBUG - [FFMPEG] - nal_unit_type: 8(PPS), nal_ref_idc: 3
Jul 11, 2026 02:30:08.341 [547885125688] DEBUG - [FFMPEG] - nal_unit_type: 5(IDR), nal_ref_idc: 3
Jul 11, 2026 02:30:08.341 [547885125688] DEBUG - [FFMPEG] - Decoding VUI
Jul 11, 2026 02:30:08.341 [547885125688] DEBUG - [FFMPEG] - Format yuv420p chosen by get_format().
Jul 11, 2026 02:30:08.347 [547885125688] DEBUG - [FFMPEG] - no picture 
Jul 11, 2026 02:30:08.388 [547885125688] DEBUG - [FFMPEG] - nal_unit_type: 1(Coded slice of a non-IDR picture), nal_ref_idc: 2
Jul 11, 2026 02:30:08.393 [547885125688] DEBUG - [FFMPEG] - no picture 
Jul 11, 2026 02:30:08.424 [547885125688] DEBUG - [FFMPEG] - nal_unit_type: 1(Coded slice of a non-IDR picture), nal_ref_idc: 2
Jul 11, 2026 02:30:08.456 [547885125688] WARN - [FFMPEG] - No accelerated colorspace conversion found from yuv420p to rgb24.
Jul 11, 2026 02:30:08.589 [547885125688] DEBUG - Loaded memory image of size 1920x1010.
Jul 11, 2026 02:30:08.737 [547885125688] DEBUG - Created chapter thumbnail for metadata item 15, media item 14 for chapter number 9:2826620 at "/config/Library/Application Support/Plex Media Server/Media/localhost/d/69a59cccc7631b3e69125ebfb9d7774697f6886.bundle/Contents/Chapters/chapter9.jpg"
Jul 11, 2026 02:30:08.737 [547885125688] DEBUG - Creating /config/Library/Application Support/Plex Media Server/Media/localhost/d/69a59cccc7631b3e69125ebfb9d7774697f6886.bundle/Contents/Chapters/chapter10.jpg (41.4%, 1280x720).
Jul 11, 2026 02:30:08.739 [547885125688] DEBUG - [FFMPEG] - nal_unit_type: 7(SPS), nal_ref_idc: 3
Jul 11, 2026 02:30:08.739 [547885125688] DEBUG - [FFMPEG] - Decoding VUI
Jul 11, 2026 02:30:08.739 [547885125688] DEBUG - [FFMPEG] - nal_unit_type: 8(PPS), nal_ref_idc: 3
Jul 11, 2026 02:30:08.784 [547885125688] DEBUG - [FFMPEG] - nal_unit_type: 7(SPS), nal_ref_idc: 3
Jul 11, 2026 02:30:08.784 [547885125688] DEBUG - [FFMPEG] - Decoding VUI
Jul 11, 2026 02:30:08.784 [547885125688] DEBUG - [FFMPEG] - nal_unit_type: 8(PPS), nal_ref_idc: 3
Jul 11, 2026 02:30:08.785 [547885125688] DEBUG - [FFMPEG] - Decoding VUI
Jul 11, 2026 02:30:08.786 [547885125688] DEBUG - [FFMPEG] - nal_unit_type: 7(SPS), nal_ref_idc: 3
Jul 11, 2026 02:30:08.786 [547885125688] DEBUG - [FFMPEG] - nal_unit_type: 8(PPS), nal_ref_idc: 3
Jul 11, 2026 02:30:08.786 [547885125688] DEBUG - [FFMPEG] - nal_unit_type: 5(IDR), nal_ref_idc: 3
Jul 11, 2026 02:30:08.786 [547885125688] DEBUG - [FFMPEG] - Decoding VUI
Jul 11, 2026 02:30:08.787 [547885125688] DEBUG - [FFMPEG] - Format yuv420p chosen by get_format().
Jul 11, 2026 02:30:08.792 [547885125688] DEBUG - [FFMPEG] - no picture 
Jul 11, 2026 02:30:08.880 [547885125688] DEBUG - [FFMPEG] - nal_unit_type: 1(Coded slice of a non-IDR picture), nal_ref_idc: 2
Jul 11, 2026 02:30:08.884 [547885125688] DEBUG - [FFMPEG] - no picture 
Jul 11, 2026 02:30:08.914 [547885125688] DEBUG - [FFMPEG] - nal_unit_type: 1(Coded slice of a non-IDR picture), nal_ref_idc: 2
Jul 11, 2026 02:30:08.934 [547885125688] WARN - [FFMPEG] - No accelerated colorspace conversion found from yuv420p to rgb24.
Jul 11, 2026 02:30:09.061 [547885125688] DEBUG - Loaded memory image of size 1920x1010.
Jul 11, 2026 02:30:09.209 [547885125688] DEBUG - Created chapter thumbnail for metadata item 15, media item 14 for chapter number 10:3202820 at "/config/Library/Application Support/Plex Media Server/Media/localhost/d/69a59cccc7631b3e69125ebfb9d7774697f6886.bundle/Contents/Chapters/chapter10.jpg"
Jul 11, 2026 02:30:09.209 [547885125688] DEBUG - Creating /config/Library/Application Support/Plex Media Server/Media/localhost/d/69a59cccc7631b3e69125ebfb9d7774697f6886.bundle/Contents/Chapters/chapter11.jpg (44.9%, 1280x720).
Jul 11, 2026 02:30:09.210 [547885125688] DEBUG - [FFMPEG] - nal_unit_type: 7(SPS), nal_ref_idc: 3
Jul 11, 2026 02:30:09.210 [547885125688] DEBUG - [FFMPEG] - Decoding VUI
Jul 11, 2026 02:30:09.210 [547885125688] DEBUG - [FFMPEG] - nal_unit_type: 8(PPS), nal_ref_idc: 3
Jul 11, 2026 02:30:09.241 [547885125688] DEBUG - [FFMPEG] - nal_unit_type: 7(SPS), nal_ref_idc: 3
Jul 11, 2026 02:30:09.241 [547885125688] DEBUG - [FFMPEG] - Decoding VUI
Jul 11, 2026 02:30:09.241 [547885125688] DEBUG - [FFMPEG] - nal_unit_type: 8(PPS), nal_ref_idc: 3
Jul 11, 2026 02:30:09.242 [547885125688] DEBUG - [FFMPEG] - Decoding VUI
Jul 11, 2026 02:30:09.243 [547885125688] DEBUG - [FFMPEG] - nal_unit_type: 7(SPS), nal_ref_idc: 3
Jul 11, 2026 02:30:09.243 [547885125688] DEBUG - [FFMPEG] - nal_unit_type: 8(PPS), nal_ref_idc: 3
Jul 11, 2026 02:30:09.243 [547885125688] DEBUG - [FFMPEG] - nal_unit_type: 5(IDR), nal_ref_idc: 3
Jul 11, 2026 02:30:09.243 [547885125688] DEBUG - [FFMPEG] - Decoding VUI
Jul 11, 2026 02:30:09.244 [547885125688] DEBUG - [FFMPEG] - Format yuv420p chosen by get_format().
Jul 11, 2026 02:30:09.249 [547885125688] DEBUG - [FFMPEG] - no picture 
Jul 11, 2026 02:30:09.302 [547885125688] DEBUG - [FFMPEG] - nal_unit_type: 1(Coded slice of a non-IDR picture), nal_ref_idc: 2
Jul 11, 2026 02:30:09.307 [547885125688] DEBUG - [FFMPEG] - no picture 
Jul 11, 2026 02:30:09.338 [547885125688] DEBUG - [FFMPEG] - nal_unit_type: 1(Coded slice of a non-IDR picture), nal_ref_idc: 2
Jul 11, 2026 02:30:09.369 [547885125688] WARN - [FFMPEG] - No accelerated colorspace conversion found from yuv420p to rgb24.
Jul 11, 2026 02:30:09.495 [547885125688] DEBUG - Loaded memory image of size 1920x1010.
Jul 11, 2026 02:30:09.666 [547885125688] DEBUG - Created chapter thumbnail for metadata item 15, media item 14 for chapter number 11:3472590 at "/config/Library/Application Support/Plex Media Server/Media/localhost/d/69a59cccc7631b3e69125ebfb9d7774697f6886.bundle/Contents/Chapters/chapter11.jpg"
Jul 11, 2026 02:30:09.666 [547885125688] DEBUG - Creating /config/Library/Application Support/Plex Media Server/Media/localhost/d/69a59cccc7631b3e69125ebfb9d7774697f6886.bundle/Contents/Chapters/chapter12.jpg (48.4%, 1280x720).
Jul 11, 2026 02:30:09.667 [547885125688] DEBUG - [FFMPEG] - nal_unit_type: 7(SPS), nal_ref_idc: 3
Jul 11, 2026 02:30:09.667 [547885125688] DEBUG - [FFMPEG] - Decoding VUI
Jul 11, 2026 02:30:09.667 [547885125688] DEBUG - [FFMPEG] - nal_unit_type: 8(PPS), nal_ref_idc: 3
Jul 11, 2026 02:30:09.707 [547885125688] DEBUG - [FFMPEG] - nal_unit_type: 7(SPS), nal_ref_idc: 3
Jul 11, 2026 02:30:09.707 [547885125688] DEBUG - [FFMPEG] - Decoding VUI
Jul 11, 2026 02:30:09.707 [547885125688] DEBUG - [FFMPEG] - nal_unit_type: 8(PPS), nal_ref_idc: 3
Jul 11, 2026 02:30:09.707 [547885125688] DEBUG - [FFMPEG] - Decoding VUI
Jul 11, 2026 02:30:09.708 [547885125688] DEBUG - [FFMPEG] - nal_unit_type: 7(SPS), nal_ref_idc: 3
Jul 11, 2026 02:30:09.708 [547885125688] DEBUG - [FFMPEG] - nal_unit_type: 8(PPS), nal_ref_idc: 3
Jul 11, 2026 02:30:09.709 [547885125688] DEBUG - [FFMPEG] - nal_unit_type: 5(IDR), nal_ref_idc: 3
Jul 11, 2026 02:30:09.709 [547885125688] DEBUG - [FFMPEG] - Decoding VUI
Jul 11, 2026 02:30:09.709 [547885125688] DEBUG - [FFMPEG] - Format yuv420p chosen by get_format().
Jul 11, 2026 02:30:09.715 [547885125688] DEBUG - [FFMPEG] - no picture 
Jul 11, 2026 02:30:09.775 [547885125688] DEBUG - [FFMPEG] - nal_unit_type: 1(Coded slice of a non-IDR picture), nal_ref_idc: 2
Jul 11, 2026 02:30:09.779 [547885125688] DEBUG - [FFMPEG] - no picture 
Jul 11, 2026 02:30:09.828 [547885125688] DEBUG - [FFMPEG] - nal_unit_type: 1(Coded slice of a non-IDR picture), nal_ref_idc: 2
Jul 11, 2026 02:30:09.878 [547885125688] WARN - [FFMPEG] - No accelerated colorspace conversion found from yuv420p to rgb24.
Jul 11, 2026 02:30:10.005 [547885125688] DEBUG - Loaded memory image of size 1920x1010.
Jul 11, 2026 02:30:10.151 [547885125688] DEBUG - Created chapter thumbnail for metadata item 15, media item 14 for chapter number 12:3746410 at "/config/Library/Application Support/Plex Media Server/Media/localhost/d/69a59cccc7631b3e69125ebfb9d7774697f6886.bundle/Contents/Chapters/chapter12.jpg"
Jul 11, 2026 02:30:10.151 [547885125688] DEBUG - Creating /config/Library/Application Support/Plex Media Server/Media/localhost/d/69a59cccc7631b3e69125ebfb9d7774697f6886.bundle/Contents/Chapters/chapter13.jpg (52.7%, 1280x720).
Jul 11, 2026 02:30:10.152 [547885125688] DEBUG - [FFMPEG] - nal_unit_type: 7(SPS), nal_ref_idc: 3
Jul 11, 2026 02:30:10.152 [547885125688] DEBUG - [FFMPEG] - Decoding VUI
Jul 11, 2026 02:30:10.152 [547885125688] DEBUG - [FFMPEG] - nal_unit_type: 8(PPS), nal_ref_idc: 3
Jul 11, 2026 02:30:10.194 [547885125688] DEBUG - [FFMPEG] - nal_unit_type: 7(SPS), nal_ref_idc: 3
Jul 11, 2026 02:30:10.194 [547885125688] DEBUG - [FFMPEG] - Decoding VUI
Jul 11, 2026 02:30:10.194 [547885125688] DEBUG - [FFMPEG] - nal_unit_type: 8(PPS), nal_ref_idc: 3
Jul 11, 2026 02:30:10.195 [547885125688] DEBUG - [FFMPEG] - Decoding VUI
Jul 11, 2026 02:30:10.196 [547885125688] DEBUG - [FFMPEG] - nal_unit_type: 7(SPS), nal_ref_idc: 3
Jul 11, 2026 02:30:10.196 [547885125688] DEBUG - [FFMPEG] - nal_unit_type: 8(PPS), nal_ref_idc: 3
Jul 11, 2026 02:30:10.196 [547885125688] DEBUG - [FFMPEG] - nal_unit_type: 5(IDR), nal_ref_idc: 3
Jul 11, 2026 02:30:10.196 [547885125688] DEBUG - [FFMPEG] - Decoding VUI
Jul 11, 2026 02:30:10.197 [547885125688] DEBUG - [FFMPEG] - Format yuv420p chosen by get_format().
Jul 11, 2026 02:30:10.202 [547885125688] DEBUG - [FFMPEG] - no picture 
Jul 11, 2026 02:30:10.266 [547885125688] DEBUG - [FFMPEG] - nal_unit_type: 1(Coded slice of a non-IDR picture), nal_ref_idc: 2
Jul 11, 2026 02:30:10.271 [547885125688] DEBUG - [FFMPEG] - no picture 
Jul 11, 2026 02:30:10.309 [547885125688] DEBUG - [FFMPEG] - nal_unit_type: 1(Coded slice of a non-IDR picture), nal_ref_idc: 2
Jul 11, 2026 02:30:10.341 [547885125688] WARN - [FFMPEG] - No accelerated colorspace conversion found from yuv420p to rgb24.
Jul 11, 2026 02:30:10.468 [547885125688] DEBUG - Loaded memory image of size 1920x1010.
Jul 11, 2026 02:30:10.611 [547885125688] DEBUG - [FFMPEG] - nal_unit_type: 7(SPS), nal_ref_idc: 3
Jul 11, 2026 02:30:10.611 [547885125688] DEBUG - [FFMPEG] - Decoding VUI
Jul 11, 2026 02:30:10.611 [547885125688] DEBUG - [FFMPEG] - nal_unit_type: 8(PPS), nal_ref_idc: 3
Jul 11, 2026 02:30:10.612 [547885125688] DEBUG - [FFMPEG] - nal_unit_type: 7(SPS), nal_ref_idc: 3
Jul 11, 2026 02:30:10.612 [547885125688] DEBUG - [FFMPEG] - Decoding VUI
Jul 11, 2026 02:30:10.612 [547885125688] DEBUG - [FFMPEG] - nal_unit_type: 8(PPS), nal_ref_idc: 3
Jul 11, 2026 02:30:10.613 [547885125688] DEBUG - [FFMPEG] - Decoding VUI
Jul 11, 2026 02:30:10.614 [547885125688] DEBUG - [FFMPEG] - nal_unit_type: 7(SPS), nal_ref_idc: 3
Jul 11, 2026 02:30:10.614 [547885125688] DEBUG - [FFMPEG] - nal_unit_type: 8(PPS), nal_ref_idc: 3
Jul 11, 2026 02:30:10.614 [547885125688] DEBUG - [FFMPEG] - nal_unit_type: 5(IDR), nal_ref_idc: 3
Jul 11, 2026 02:30:10.615 [547885125688] DEBUG - [FFMPEG] - Decoding VUI
Jul 11, 2026 02:30:10.615 [547885125688] DEBUG - [FFMPEG] - Format yuv420p chosen by get_format().
Jul 11, 2026 02:30:10.620 [547885125688] DEBUG - [FFMPEG] - no picture 
Jul 11, 2026 02:30:10.684 [547885125688] DEBUG - [FFMPEG] - nal_unit_type: 1(Coded slice of a non-IDR picture), nal_ref_idc: 2
Jul 11, 2026 02:30:10.688 [547885125688] DEBUG - [FFMPEG] - no picture 
Jul 11, 2026 02:30:10.726 [547885125688] DEBUG - [FFMPEG] - nal_unit_type: 1(Coded slice of a non-IDR picture), nal_ref_idc: 2
Jul 11, 2026 02:30:10.759 [547885125688] WARN - [FFMPEG] - No accelerated colorspace conversion found from yuv420p to rgb24.
Jul 11, 2026 02:30:10.886 [547885125688] DEBUG - Loaded memory image of size 1920x1010.
Jul 11, 2026 02:30:11.061 [547885125688] DEBUG - [FFMPEG] - nal_unit_type: 7(SPS), nal_ref_idc: 3
Jul 11, 2026 02:30:11.061 [547885125688] DEBUG - [FFMPEG] - Decoding VUI
Jul 11, 2026 02:30:11.061 [547885125688] DEBUG - [FFMPEG] - nal_unit_type: 8(PPS), nal_ref_idc: 3
Jul 11, 2026 02:30:11.062 [547885125688] DEBUG - [FFMPEG] - nal_unit_type: 7(SPS), nal_ref_idc: 3
Jul 11, 2026 02:30:11.062 [547885125688] DEBUG - [FFMPEG] - Decoding VUI
Jul 11, 2026 02:30:11.062 [547885125688] DEBUG - [FFMPEG] - nal_unit_type: 8(PPS), nal_ref_idc: 3
Jul 11, 2026 02:30:11.063 [547885125688] DEBUG - [FFMPEG] - Decoding VUI
Jul 11, 2026 02:30:11.064 [547885125688] DEBUG - [FFMPEG] - nal_unit_type: 7(SPS), nal_ref_idc: 3
Jul 11, 2026 02:30:11.064 [547885125688] DEBUG - [FFMPEG] - nal_unit_type: 8(PPS), nal_ref_idc: 3
Jul 11, 2026 02:30:11.065 [547885125688] DEBUG - [FFMPEG] - nal_unit_type: 5(IDR), nal_ref_idc: 3
Jul 11, 2026 02:30:11.065 [547885125688] DEBUG - [FFMPEG] - Decoding VUI
Jul 11, 2026 02:30:11.065 [547885125688] DEBUG - [FFMPEG] - Format yuv420p chosen by get_format().
Jul 11, 2026 02:30:11.071 [547885125688] DEBUG - [FFMPEG] - no picture 
Jul 11, 2026 02:30:11.134 [547885125688] DEBUG - [FFMPEG] - nal_unit_type: 1(Coded slice of a non-IDR picture), nal_ref_idc: 2
Jul 11, 2026 02:30:11.139 [547885125688] DEBUG - [FFMPEG] - no picture 
Jul 11, 2026 02:30:11.177 [547885125688] DEBUG - [FFMPEG] - nal_unit_type: 1(Coded slice of a non-IDR picture), nal_ref_idc: 2
Jul 11, 2026 02:30:11.210 [547885125688] WARN - [FFMPEG] - No accelerated colorspace conversion found from yuv420p to rgb24.
Jul 11, 2026 02:30:11.337 [547885125688] DEBUG - Loaded memory image of size 1920x1010.
Jul 11, 2026 02:30:11.480 [547885125688] DEBUG - [FFMPEG] - nal_unit_type: 7(SPS), nal_ref_idc: 3
Jul 11, 2026 02:30:11.480 [547885125688] DEBUG - [FFMPEG] - Decoding VUI
Jul 11, 2026 02:30:11.480 [547885125688] DEBUG - [FFMPEG] - nal_unit_type: 8(PPS), nal_ref_idc: 3
Jul 11, 2026 02:30:11.481 [547885125688] DEBUG - [FFMPEG] - nal_unit_type: 7(SPS), nal_ref_idc: 3
Jul 11, 2026 02:30:11.481 [547885125688] DEBUG - [FFMPEG] - Decoding VUI
Jul 11, 2026 02:30:11.481 [547885125688] DEBUG - [FFMPEG] - nal_unit_type: 8(PPS), nal_ref_idc: 3
Jul 11, 2026 02:30:11.482 [547885125688] DEBUG - [FFMPEG] - Decoding VUI
Jul 11, 2026 02:30:11.482 [547885125688] DEBUG - [FFMPEG] - nal_unit_type: 7(SPS), nal_ref_idc: 3
Jul 11, 2026 02:30:11.482 [547885125688] DEBUG - [FFMPEG] - nal_unit_type: 8(PPS), nal_ref_idc: 3
Jul 11, 2026 02:30:11.483 [547885125688] DEBUG - [FFMPEG] - nal_unit_type: 5(IDR), nal_ref_idc: 3
Jul 11, 2026 02:30:11.483 [547885125688] DEBUG - [FFMPEG] - Decoding VUI
Jul 11, 2026 02:30:11.483 [547885125688] DEBUG - [FFMPEG] - Format yuv420p chosen by get_format().
Jul 11, 2026 02:30:11.489 [547885125688] DEBUG - [FFMPEG] - no picture 
Jul 11, 2026 02:30:11.552 [547885125688] DEBUG - [FFMPEG] - nal_unit_type: 1(Coded slice of a non-IDR picture), nal_ref_idc: 2
Jul 11, 2026 02:30:11.557 [547885125688] DEBUG - [FFMPEG] - no picture 
Jul 11, 2026 02:30:11.595 [547885125688] DEBUG - [FFMPEG] - nal_unit_type: 1(Coded slice of a non-IDR picture), nal_ref_idc: 2
Jul 11, 2026 02:30:11.628 [547885125688] WARN - [FFMPEG] - No accelerated colorspace conversion found from yuv420p to rgb24.
Jul 11, 2026 02:30:11.755 [547885125688] DEBUG - Loaded memory image of size 1920x1010.
Jul 11, 2026 02:30:11.900 [547885125688] DEBUG - [FFMPEG] - nal_unit_type: 7(SPS), nal_ref_idc: 3
Jul 11, 2026 02:30:11.900 [547885125688] DEBUG - [FFMPEG] - Decoding VUI
Jul 11, 2026 02:30:11.900 [547885125688] DEBUG - [FFMPEG] - nal_unit_type: 8(PPS), nal_ref_idc: 3
Jul 11, 2026 02:30:11.901 [547885125688] DEBUG - [FFMPEG] - nal_unit_type: 7(SPS), nal_ref_idc: 3
Jul 11, 2026 02:30:11.901 [547885125688] DEBUG - [FFMPEG] - Decoding VUI
Jul 11, 2026 02:30:11.901 [547885125688] DEBUG - [FFMPEG] - nal_unit_type: 8(PPS), nal_ref_idc: 3
Jul 11, 2026 02:30:11.901 [547885125688] DEBUG - [FFMPEG] - Decoding VUI
Jul 11, 2026 02:30:11.902 [547885125688] DEBUG - [FFMPEG] - nal_unit_type: 7(SPS), nal_ref_idc: 3
Jul 11, 2026 02:30:11.902 [547885125688] DEBUG - [FFMPEG] - nal_unit_type: 8(PPS), nal_ref_idc: 3
Jul 11, 2026 02:30:11.903 [547885125688] DEBUG - [FFMPEG] - nal_unit_type: 5(IDR), nal_ref_idc: 3
Jul 11, 2026 02:30:11.903 [547885125688] DEBUG - [FFMPEG] - Decoding VUI
Jul 11, 2026 02:30:11.903 [547885125688] DEBUG - [FFMPEG] - Format yuv420p chosen by get_format().
Jul 11, 2026 02:30:11.909 [547885125688] DEBUG - [FFMPEG] - no picture 
Jul 11, 2026 02:30:11.972 [547885125688] DEBUG - [FFMPEG] - nal_unit_type: 1(Coded slice of a non-IDR picture), nal_ref_idc: 2
Jul 11, 2026 02:30:11.977 [547885125688] DEBUG - [FFMPEG] - no picture 
Jul 11, 2026 02:30:12.015 [547885125688] DEBUG - [FFMPEG] - nal_unit_type: 1(Coded slice of a non-IDR picture), nal_ref_idc: 2
Jul 11, 2026 02:30:12.048 [547885125688] WARN - [FFMPEG] - No accelerated colorspace conversion found from yuv420p to rgb24.
Jul 11, 2026 02:30:12.177 [547885125688] DEBUG - Loaded memory image of size 1920x1010.
Jul 11, 2026 02:30:12.357 [547885125688] DEBUG - Created chapter thumbnail for metadata item 15, media item 14 for chapter number 13:4080280 at "/config/Library/Application Support/Plex Media Server/Media/localhost/d/69a59cccc7631b3e69125ebfb9d7774697f6886.bundle/Contents/Chapters/chapter13.jpg"
Jul 11, 2026 02:30:12.357 [547885125688] DEBUG - Creating /config/Library/Application Support/Plex Media Server/Media/localhost/d/69a59cccc7631b3e69125ebfb9d7774697f6886.bundle/Contents/Chapters/chapter14.jpg (60.0%, 1280x720).
Jul 11, 2026 02:30:12.358 [547885125688] DEBUG - [FFMPEG] - nal_unit_type: 7(SPS), nal_ref_idc: 3
Jul 11, 2026 02:30:12.358 [547885125688] DEBUG - [FFMPEG] - Decoding VUI
Jul 11, 2026 02:30:12.358 [547885125688] DEBUG - [FFMPEG] - nal_unit_type: 8(PPS), nal_ref_idc: 3
Jul 11, 2026 02:30:12.383 [547885125688] DEBUG - [FFMPEG] - nal_unit_type: 7(SPS), nal_ref_idc: 3
Jul 11, 2026 02:30:12.383 [547885125688] DEBUG - [FFMPEG] - Decoding VUI
Jul 11, 2026 02:30:12.383 [547885125688] DEBUG - [FFMPEG] - nal_unit_type: 8(PPS), nal_ref_idc: 3
Jul 11, 2026 02:30:12.384 [547885125688] DEBUG - [FFMPEG] - Decoding VUI
Jul 11, 2026 02:30:12.385 [547885125688] DEBUG - [FFMPEG] - nal_unit_type: 7(SPS), nal_ref_idc: 3
Jul 11, 2026 02:30:12.385 [547885125688] DEBUG - [FFMPEG] - nal_unit_type: 8(PPS), nal_ref_idc: 3
Jul 11, 2026 02:30:12.385 [547885125688] DEBUG - [FFMPEG] - nal_unit_type: 5(IDR), nal_ref_idc: 3
Jul 11, 2026 02:30:12.385 [547885125688] DEBUG - [FFMPEG] - Decoding VUI
Jul 11, 2026 02:30:12.385 [547885125688] DEBUG - [FFMPEG] - Format yuv420p chosen by get_format().
Jul 11, 2026 02:30:12.391 [547885125688] DEBUG - [FFMPEG] - no picture 
Jul 11, 2026 02:30:12.440 [547885125688] DEBUG - [FFMPEG] - nal_unit_type: 1(Coded slice of a non-IDR picture), nal_ref_idc: 2
Jul 11, 2026 02:30:12.444 [547885125688] DEBUG - [FFMPEG] - no picture 
Jul 11, 2026 02:30:12.484 [547885125688] DEBUG - [FFMPEG] - nal_unit_type: 1(Coded slice of a non-IDR picture), nal_ref_idc: 2
Jul 11, 2026 02:30:12.519 [547885125688] WARN - [FFMPEG] - No accelerated colorspace conversion found from yuv420p to rgb24.
Jul 11, 2026 02:30:12.647 [547885125688] DEBUG - Loaded memory image of size 1920x1010.
Jul 11, 2026 02:30:12.798 [547885125688] DEBUG - [FFMPEG] - nal_unit_type: 7(SPS), nal_ref_idc: 3
Jul 11, 2026 02:30:12.798 [547885125688] DEBUG - [FFMPEG] - Decoding VUI
Jul 11, 2026 02:30:12.798 [547885125688] DEBUG - [FFMPEG] - nal_unit_type: 8(PPS), nal_ref_idc: 3
Jul 11, 2026 02:30:12.799 [547885125688] DEBUG - [FFMPEG] - nal_unit_type: 7(SPS), nal_ref_idc: 3
Jul 11, 2026 02:30:12.799 [547885125688] DEBUG - [FFMPEG] - Decoding VUI
Jul 11, 2026 02:30:12.799 [547885125688] DEBUG - [FFMPEG] - nal_unit_type: 8(PPS), nal_ref_idc: 3
Jul 11, 2026 02:30:12.800 [547885125688] DEBUG - [FFMPEG] - Decoding VUI
Jul 11, 2026 02:30:12.800 [547885125688] DEBUG - [FFMPEG] - nal_unit_type: 7(SPS), nal_ref_idc: 3
Jul 11, 2026 02:30:12.800 [547885125688] DEBUG - [FFMPEG] - nal_unit_type: 8(PPS), nal_ref_idc: 3
Jul 11, 2026 02:30:12.801 [547885125688] DEBUG - [FFMPEG] - nal_unit_type: 5(IDR), nal_ref_idc: 3
Jul 11, 2026 02:30:12.801 [547885125688] DEBUG - [FFMPEG] - Decoding VUI
Jul 11, 2026 02:30:12.801 [547885125688] DEBUG - [FFMPEG] - Format yuv420p chosen by get_format().
Jul 11, 2026 02:30:12.807 [547885125688] DEBUG - [FFMPEG] - no picture 
Jul 11, 2026 02:30:12.855 [547885125688] DEBUG - [FFMPEG] - nal_unit_type: 1(Coded slice of a non-IDR picture), nal_ref_idc: 2
Jul 11, 2026 02:30:12.859 [547885125688] DEBUG - [FFMPEG] - no picture 
Jul 11, 2026 02:30:12.899 [547885125688] DEBUG - [FFMPEG] - nal_unit_type: 1(Coded slice of a non-IDR picture), nal_ref_idc: 2
Jul 11, 2026 02:30:12.934 [547885125688] WARN - [FFMPEG] - No accelerated colorspace conversion found from yuv420p to rgb24.
Jul 11, 2026 02:30:13.061 [547885125688] DEBUG - Loaded memory image of size 1920x1010.
Jul 11, 2026 02:30:13.228 [547885125688] DEBUG - [FFMPEG] - nal_unit_type: 7(SPS), nal_ref_idc: 3
Jul 11, 2026 02:30:13.228 [547885125688] DEBUG - [FFMPEG] - Decoding VUI
Jul 11, 2026 02:30:13.228 [547885125688] DEBUG - [FFMPEG] - nal_unit_type: 8(PPS), nal_ref_idc: 3
Jul 11, 2026 02:30:13.228 [547885125688] DEBUG - [FFMPEG] - nal_unit_type: 7(SPS), nal_ref_idc: 3
Jul 11, 2026 02:30:13.229 [547885125688] DEBUG - [FFMPEG] - Decoding VUI
Jul 11, 2026 02:30:13.229 [547885125688] DEBUG - [FFMPEG] - nal_unit_type: 8(PPS), nal_ref_idc: 3
Jul 11, 2026 02:30:13.229 [547885125688] DEBUG - [FFMPEG] - Decoding VUI
Jul 11, 2026 02:30:13.230 [547885125688] DEBUG - [FFMPEG] - nal_unit_type: 7(SPS), nal_ref_idc: 3
Jul 11, 2026 02:30:13.230 [547885125688] DEBUG - [FFMPEG] - nal_unit_type: 8(PPS), nal_ref_idc: 3
Jul 11, 2026 02:30:13.230 [547885125688] DEBUG - [FFMPEG] - nal_unit_type: 5(IDR), nal_ref_idc: 3
Jul 11, 2026 02:30:13.230 [547885125688] DEBUG - [FFMPEG] - Decoding VUI
Jul 11, 2026 02:30:13.231 [547885125688] DEBUG - [FFMPEG] - Format yuv420p chosen by get_format().
Jul 11, 2026 02:30:13.236 [547885125688] DEBUG - [FFMPEG] - no picture 
Jul 11, 2026 02:30:13.284 [547885125688] DEBUG - [FFMPEG] - nal_unit_type: 1(Coded slice of a non-IDR picture), nal_ref_idc: 2
Jul 11, 2026 02:30:13.289 [547885125688] DEBUG - [FFMPEG] - no picture 
Jul 11, 2026 02:30:13.328 [547885125688] DEBUG - [FFMPEG] - nal_unit_type: 1(Coded slice of a non-IDR picture), nal_ref_idc: 2
Jul 11, 2026 02:30:13.364 [547885125688] WARN - [FFMPEG] - No accelerated colorspace conversion found from yuv420p to rgb24.
Jul 11, 2026 02:30:13.490 [547885125688] DEBUG - Loaded memory image of size 1920x1010.
Jul 11, 2026 02:30:13.635 [547885125688] DEBUG - [FFMPEG] - nal_unit_type: 7(SPS), nal_ref_idc: 3
Jul 11, 2026 02:30:13.635 [547885125688] DEBUG - [FFMPEG] - Decoding VUI
Jul 11, 2026 02:30:13.635 [547885125688] DEBUG - [FFMPEG] - nal_unit_type: 8(PPS), nal_ref_idc: 3
Jul 11, 2026 02:30:13.635 [547885125688] DEBUG - [FFMPEG] - nal_unit_type: 7(SPS), nal_ref_idc: 3
Jul 11, 2026 02:30:13.636 [547885125688] DEBUG - [FFMPEG] - Decoding VUI
Jul 11, 2026 02:30:13.636 [547885125688] DEBUG - [FFMPEG] - nal_unit_type: 8(PPS), nal_ref_idc: 3
Jul 11, 2026 02:30:13.636 [547885125688] DEBUG - [FFMPEG] - Decoding VUI
Jul 11, 2026 02:30:13.637 [547885125688] DEBUG - [FFMPEG] - nal_unit_type: 7(SPS), nal_ref_idc: 3
Jul 11, 2026 02:30:13.637 [547885125688] DEBUG - [FFMPEG] - nal_unit_type: 8(PPS), nal_ref_idc: 3
Jul 11, 2026 02:30:13.637 [547885125688] DEBUG - [FFMPEG] - nal_unit_type: 5(IDR), nal_ref_idc: 3
Jul 11, 2026 02:30:13.637 [547885125688] DEBUG - [FFMPEG] - Decoding VUI
Jul 11, 2026 02:30:13.638 [547885125688] DEBUG - [FFMPEG] - Format yuv420p chosen by get_format().
Jul 11, 2026 02:30:13.643 [547885125688] DEBUG - [FFMPEG] - no picture 
Jul 11, 2026 02:30:13.692 [547885125688] DEBUG - [FFMPEG] - nal_unit_type: 1(Coded slice of a non-IDR picture), nal_ref_idc: 2
Jul 11, 2026 02:30:13.696 [547885125688] DEBUG - [FFMPEG] - no picture 
Jul 11, 2026 02:30:13.736 [547885125688] DEBUG - [FFMPEG] - nal_unit_type: 1(Coded slice of a non-IDR picture), nal_ref_idc: 2
Jul 11, 2026 02:30:13.772 [547885125688] WARN - [FFMPEG] - No accelerated colorspace conversion found from yuv420p to rgb24.
Jul 11, 2026 02:30:13.898 [547885125688] DEBUG - Loaded memory image of size 1920x1010.
Jul 11, 2026 02:30:14.040 [547885125688] DEBUG - [FFMPEG] - nal_unit_type: 7(SPS), nal_ref_idc: 3
Jul 11, 2026 02:30:14.040 [547885125688] DEBUG - [FFMPEG] - Decoding VUI
Jul 11, 2026 02:30:14.040 [547885125688] DEBUG - [FFMPEG] - nal_unit_type: 8(PPS), nal_ref_idc: 3
Jul 11, 2026 02:30:14.041 [547885125688] DEBUG - [FFMPEG] - nal_unit_type: 7(SPS), nal_ref_idc: 3
Jul 11, 2026 02:30:14.041 [547885125688] DEBUG - [FFMPEG] - Decoding VUI
Jul 11, 2026 02:30:14.041 [547885125688] DEBUG - [FFMPEG] - nal_unit_type: 8(PPS), nal_ref_idc: 3
Jul 11, 2026 02:30:14.041 [547885125688] DEBUG - [FFMPEG] - Decoding VUI
Jul 11, 2026 02:30:14.042 [547885125688] DEBUG - [FFMPEG] - nal_unit_type: 7(SPS), nal_ref_idc: 3
Jul 11, 2026 02:30:14.042 [547885125688] DEBUG - [FFMPEG] - nal_unit_type: 8(PPS), nal_ref_idc: 3
Jul 11, 2026 02:30:14.043 [547885125688] DEBUG - [FFMPEG] - nal_unit_type: 5(IDR), nal_ref_idc: 3
Jul 11, 2026 02:30:14.043 [547885125688] DEBUG - [FFMPEG] - Decoding VUI
Jul 11, 2026 02:30:14.043 [547885125688] DEBUG - [FFMPEG] - Format yuv420p chosen by get_format().
Jul 11, 2026 02:30:14.048 [547885125688] DEBUG - [FFMPEG] - no picture 
Jul 11, 2026 02:30:14.097 [547885125688] DEBUG - [FFMPEG] - nal_unit_type: 1(Coded slice of a non-IDR picture), nal_ref_idc: 2
Jul 11, 2026 02:30:14.101 [547885125688] DEBUG - [FFMPEG] - no picture 
Jul 11, 2026 02:30:14.141 [547885125688] DEBUG - [FFMPEG] - nal_unit_type: 1(Coded slice of a non-IDR picture), nal_ref_idc: 2
Jul 11, 2026 02:30:14.177 [547885125688] WARN - [FFMPEG] - No accelerated colorspace conversion found from yuv420p to rgb24.
Jul 11, 2026 02:30:14.304 [547885125688] DEBUG - Loaded memory image of size 1920x1010.
Jul 11, 2026 02:30:14.474 [547885125688] DEBUG - Created chapter thumbnail for metadata item 15, media item 14 for chapter number 14:4643970 at "/config/Library/Application Support/Plex Media Server/Media/localhost/d/69a59cccc7631b3e69125ebfb9d7774697f6886.bundle/Contents/Chapters/chapter14.jpg"
Jul 11, 2026 02:30:14.474 [547885125688] DEBUG - Creating /config/Library/Application Support/Plex Media Server/Media/localhost/d/69a59cccc7631b3e69125ebfb9d7774697f6886.bundle/Contents/Chapters/chapter15.jpg (68.4%, 1280x720).
Jul 11, 2026 02:30:14.475 [547885125688] DEBUG - [FFMPEG] - nal_unit_type: 7(SPS), nal_ref_idc: 3
Jul 11, 2026 02:30:14.475 [547885125688] DEBUG - [FFMPEG] - Decoding VUI
Jul 11, 2026 02:30:14.475 [547885125688] DEBUG - [FFMPEG] - nal_unit_type: 8(PPS), nal_ref_idc: 3
Jul 11, 2026 02:30:14.499 [547885125688] DEBUG - [FFMPEG] - nal_unit_type: 7(SPS), nal_ref_idc: 3
Jul 11, 2026 02:30:14.499 [547885125688] DEBUG - [FFMPEG] - Decoding VUI
Jul 11, 2026 02:30:14.499 [547885125688] DEBUG - [FFMPEG] - nal_unit_type: 8(PPS), nal_ref_idc: 3
Jul 11, 2026 02:30:14.499 [547885125688] DEBUG - [FFMPEG] - Decoding VUI
Jul 11, 2026 02:30:14.500 [547885125688] DEBUG - [FFMPEG] - nal_unit_type: 7(SPS), nal_ref_idc: 3
Jul 11, 2026 02:30:14.500 [547885125688] DEBUG - [FFMPEG] - nal_unit_type: 8(PPS), nal_ref_idc: 3
Jul 11, 2026 02:30:14.500 [547885125688] DEBUG - [FFMPEG] - nal_unit_type: 5(IDR), nal_ref_idc: 3
Jul 11, 2026 02:30:14.500 [547885125688] DEBUG - [FFMPEG] - Decoding VUI
Jul 11, 2026 02:30:14.500 [547885125688] DEBUG - [FFMPEG] - Format yuv420p chosen by get_format().
Jul 11, 2026 02:30:14.506 [547885125688] DEBUG - [FFMPEG] - no picture 
Jul 11, 2026 02:30:14.539 [547885125688] DEBUG - [FFMPEG] - nal_unit_type: 1(Coded slice of a non-IDR picture), nal_ref_idc: 2
Jul 11, 2026 02:30:14.543 [547885125688] DEBUG - [FFMPEG] - no picture 
Jul 11, 2026 02:30:14.572 [547885125688] DEBUG - [FFMPEG] - nal_unit_type: 1(Coded slice of a non-IDR picture), nal_ref_idc: 2
Jul 11, 2026 02:30:14.597 [547885125688] WARN - [FFMPEG] - No accelerated colorspace conversion found from yuv420p to rgb24.
Jul 11, 2026 02:30:14.725 [547885125688] DEBUG - Loaded memory image of size 1920x1010.
Jul 11, 2026 02:30:14.869 [547885125688] DEBUG - Created chapter thumbnail for metadata item 15, media item 14 for chapter number 15:5297670 at "/config/Library/Application Support/Plex Media Server/Media/localhost/d/69a59cccc7631b3e69125ebfb9d7774697f6886.bundle/Contents/Chapters/chapter15.jpg"
Jul 11, 2026 02:30:14.869 [547885125688] DEBUG - Creating /config/Library/Application Support/Plex Media Server/Media/localhost/d/69a59cccc7631b3e69125ebfb9d7774697f6886.bundle/Contents/Chapters/chapter16.jpg (72.2%, 1280x720).
Jul 11, 2026 02:30:14.871 [547885125688] DEBUG - [FFMPEG] - nal_unit_type: 7(SPS), nal_ref_idc: 3
Jul 11, 2026 02:30:14.871 [547885125688] DEBUG - [FFMPEG] - Decoding VUI
Jul 11, 2026 02:30:14.871 [547885125688] DEBUG - [FFMPEG] - nal_unit_type: 8(PPS), nal_ref_idc: 3
Jul 11, 2026 02:30:14.894 [547885125688] DEBUG - [FFMPEG] - nal_unit_type: 7(SPS), nal_ref_idc: 3
Jul 11, 2026 02:30:14.894 [547885125688] DEBUG - [FFMPEG] - Decoding VUI
Jul 11, 2026 02:30:14.894 [547885125688] DEBUG - [FFMPEG] - nal_unit_type: 8(PPS), nal_ref_idc: 3
Jul 11, 2026 02:30:14.895 [547885125688] DEBUG - [FFMPEG] - Decoding VUI
Jul 11, 2026 02:30:14.895 [547885125688] DEBUG - [FFMPEG] - nal_unit_type: 7(SPS), nal_ref_idc: 3
Jul 11, 2026 02:30:14.895 [547885125688] DEBUG - [FFMPEG] - nal_unit_type: 8(PPS), nal_ref_idc: 3
Jul 11, 2026 02:30:14.896 [547885125688] DEBUG - [FFMPEG] - nal_unit_type: 5(IDR), nal_ref_idc: 3
Jul 11, 2026 02:30:14.896 [547885125688] DEBUG - [FFMPEG] - Decoding VUI
Jul 11, 2026 02:30:14.896 [547885125688] DEBUG - [FFMPEG] - Format yuv420p chosen by get_format().
Jul 11, 2026 02:30:14.902 [547885125688] DEBUG - [FFMPEG] - no picture 
Jul 11, 2026 02:30:14.946 [547885125688] DEBUG - [FFMPEG] - nal_unit_type: 1(Coded slice of a non-IDR picture), nal_ref_idc: 2
Jul 11, 2026 02:30:14.951 [547885125688] DEBUG - [FFMPEG] - no picture 
Jul 11, 2026 02:30:14.988 [547885125688] DEBUG - [FFMPEG] - nal_unit_type: 1(Coded slice of a non-IDR picture), nal_ref_idc: 2
Jul 11, 2026 02:30:15.013 [547885125688] WARN - [FFMPEG] - No accelerated colorspace conversion found from yuv420p to rgb24.
Jul 11, 2026 02:30:15.139 [547885125688] DEBUG - Loaded memory image of size 1920x1010.
Jul 11, 2026 02:30:15.281 [547885125688] DEBUG - [FFMPEG] - nal_unit_type: 7(SPS), nal_ref_idc: 3
Jul 11, 2026 02:30:15.281 [547885125688] DEBUG - [FFMPEG] - Decoding VUI
Jul 11, 2026 02:30:15.281 [547885125688] DEBUG - [FFMPEG] - nal_unit_type: 8(PPS), nal_ref_idc: 3
Jul 11, 2026 02:30:15.282 [547885125688] DEBUG - [FFMPEG] - nal_unit_type: 7(SPS), nal_ref_idc: 3
Jul 11, 2026 02:30:15.282 [547885125688] DEBUG - [FFMPEG] - Decoding VUI
Jul 11, 2026 02:30:15.282 [547885125688] DEBUG - [FFMPEG] - nal_unit_type: 8(PPS), nal_ref_idc: 3
Jul 11, 2026 02:30:15.282 [547885125688] DEBUG - [FFMPEG] - Decoding VUI
Jul 11, 2026 02:30:15.283 [547885125688] DEBUG - [FFMPEG] - nal_unit_type: 7(SPS), nal_ref_idc: 3
Jul 11, 2026 02:30:15.283 [547885125688] DEBUG - [FFMPEG] - nal_unit_type: 8(PPS), nal_ref_idc: 3
Jul 11, 2026 02:30:15.283 [547885125688] DEBUG - [FFMPEG] - nal_unit_type: 5(IDR), nal_ref_idc: 3
Jul 11, 2026 02:30:15.283 [547885125688] DEBUG - [FFMPEG] - Decoding VUI
Jul 11, 2026 02:30:15.284 [547885125688] DEBUG - [FFMPEG] - Format yuv420p chosen by get_format().
Jul 11, 2026 02:30:15.289 [547885125688] DEBUG - [FFMPEG] - no picture 
Jul 11, 2026 02:30:15.334 [547885125688] DEBUG - [FFMPEG] - nal_unit_type: 1(Coded slice of a non-IDR picture), nal_ref_idc: 2
Jul 11, 2026 02:30:15.338 [547885125688] DEBUG - [FFMPEG] - no picture 
Jul 11, 2026 02:30:15.375 [547885125688] DEBUG - [FFMPEG] - nal_unit_type: 1(Coded slice of a non-IDR picture), nal_ref_idc: 2
Jul 11, 2026 02:30:15.400 [547885125688] WARN - [FFMPEG] - No accelerated colorspace conversion found from yuv420p to rgb24.
Jul 11, 2026 02:30:15.528 [547885125688] DEBUG - Loaded memory image of size 1920x1010.
Jul 11, 2026 02:30:15.698 [547885125688] DEBUG - [FFMPEG] - nal_unit_type: 7(SPS), nal_ref_idc: 3
Jul 11, 2026 02:30:15.698 [547885125688] DEBUG - [FFMPEG] - Decoding VUI
Jul 11, 2026 02:30:15.698 [547885125688] DEBUG - [FFMPEG] - nal_unit_type: 8(PPS), nal_ref_idc: 3
Jul 11, 2026 02:30:15.699 [547885125688] DEBUG - [FFMPEG] - nal_unit_type: 7(SPS), nal_ref_idc: 3
Jul 11, 2026 02:30:15.699 [547885125688] DEBUG - [FFMPEG] - Decoding VUI
Jul 11, 2026 02:30:15.699 [547885125688] DEBUG - [FFMPEG] - nal_unit_type: 8(PPS), nal_ref_idc: 3
Jul 11, 2026 02:30:15.699 [547885125688] DEBUG - [FFMPEG] - Decoding VUI
Jul 11, 2026 02:30:15.700 [547885125688] DEBUG - [FFMPEG] - nal_unit_type: 7(SPS), nal_ref_idc: 3
Jul 11, 2026 02:30:15.700 [547885125688] DEBUG - [FFMPEG] - nal_unit_type: 8(PPS), nal_ref_idc: 3
Jul 11, 2026 02:30:15.701 [547885125688] DEBUG - [FFMPEG] - nal_unit_type: 5(IDR), nal_ref_idc: 3
Jul 11, 2026 02:30:15.701 [547885125688] DEBUG - [FFMPEG] - Decoding VUI
Jul 11, 2026 02:30:15.701 [547885125688] DEBUG - [FFMPEG] - Format yuv420p chosen by get_format().
Jul 11, 2026 02:30:15.707 [547885125688] DEBUG - [FFMPEG] - no picture 
Jul 11, 2026 02:30:15.752 [547885125688] DEBUG - [FFMPEG] - nal_unit_type: 1(Coded slice of a non-IDR picture), nal_ref_idc: 2
Jul 11, 2026 02:30:15.757 [547885125688] DEBUG - [FFMPEG] - no picture 
Jul 11, 2026 02:30:15.795 [547885125688] DEBUG - [FFMPEG] - nal_unit_type: 1(Coded slice of a non-IDR picture), nal_ref_idc: 2
Jul 11, 2026 02:30:15.820 [547885125688] WARN - [FFMPEG] - No accelerated colorspace conversion found from yuv420p to rgb24.
Jul 11, 2026 02:30:15.948 [547885125688] DEBUG - Loaded memory image of size 1920x1010.
Jul 11, 2026 02:30:16.114 [547885125688] DEBUG - [FFMPEG] - nal_unit_type: 7(SPS), nal_ref_idc: 3
Jul 11, 2026 02:30:16.114 [547885125688] DEBUG - [FFMPEG] - Decoding VUI
Jul 11, 2026 02:30:16.114 [547885125688] DEBUG - [FFMPEG] - nal_unit_type: 8(PPS), nal_ref_idc: 3
Jul 11, 2026 02:30:16.115 [547885125688] DEBUG - [FFMPEG] - nal_unit_type: 7(SPS), nal_ref_idc: 3
Jul 11, 2026 02:30:16.115 [547885125688] DEBUG - [FFMPEG] - Decoding VUI
Jul 11, 2026 02:30:16.115 [547885125688] DEBUG - [FFMPEG] - nal_unit_type: 8(PPS), nal_ref_idc: 3
Jul 11, 2026 02:30:16.116 [547885125688] DEBUG - [FFMPEG] - Decoding VUI
Jul 11, 2026 02:30:16.117 [547885125688] DEBUG - [FFMPEG] - nal_unit_type: 7(SPS), nal_ref_idc: 3
Jul 11, 2026 02:30:16.117 [547885125688] DEBUG - [FFMPEG] - nal_unit_type: 8(PPS), nal_ref_idc: 3
Jul 11, 2026 02:30:16.117 [547885125688] DEBUG - [FFMPEG] - nal_unit_type: 5(IDR), nal_ref_idc: 3
Jul 11, 2026 02:30:16.117 [547885125688] DEBUG - [FFMPEG] - Decoding VUI
Jul 11, 2026 02:30:16.117 [547885125688] DEBUG - [FFMPEG] - Format yuv420p chosen by get_format().
Jul 11, 2026 02:30:16.123 [547885125688] DEBUG - [FFMPEG] - no picture 
Jul 11, 2026 02:30:16.167 [547885125688] DEBUG - [FFMPEG] - nal_unit_type: 1(Coded slice of a non-IDR picture), nal_ref_idc: 2
Jul 11, 2026 02:30:16.172 [547885125688] DEBUG - [FFMPEG] - no picture 
Jul 11, 2026 02:30:16.209 [547885125688] DEBUG - [FFMPEG] - nal_unit_type: 1(Coded slice of a non-IDR picture), nal_ref_idc: 2
Jul 11, 2026 02:30:16.234 [547885125688] WARN - [FFMPEG] - No accelerated colorspace conversion found from yuv420p to rgb24.
Jul 11, 2026 02:30:16.360 [547885125688] DEBUG - Loaded memory image of size 1920x1010.
Jul 11, 2026 02:30:16.504 [547885125688] DEBUG - [FFMPEG] - nal_unit_type: 7(SPS), nal_ref_idc: 3
Jul 11, 2026 02:30:16.504 [547885125688] DEBUG - [FFMPEG] - Decoding VUI
Jul 11, 2026 02:30:16.504 [547885125688] DEBUG - [FFMPEG] - nal_unit_type: 8(PPS), nal_ref_idc: 3
Jul 11, 2026 02:30:16.505 [547885125688] DEBUG - [FFMPEG] - nal_unit_type: 7(SPS), nal_ref_idc: 3
Jul 11, 2026 02:30:16.505 [547885125688] DEBUG - [FFMPEG] - Decoding VUI
Jul 11, 2026 02:30:16.505 [547885125688] DEBUG - [FFMPEG] - nal_unit_type: 8(PPS), nal_ref_idc: 3
Jul 11, 2026 02:30:16.505 [547885125688] DEBUG - [FFMPEG] - Decoding VUI
Jul 11, 2026 02:30:16.506 [547885125688] DEBUG - [FFMPEG] - nal_unit_type: 7(SPS), nal_ref_idc: 3
Jul 11, 2026 02:30:16.506 [547885125688] DEBUG - [FFMPEG] - nal_unit_type: 8(PPS), nal_ref_idc: 3
Jul 11, 2026 02:30:16.507 [547885125688] DEBUG - [FFMPEG] - nal_unit_type: 5(IDR), nal_ref_idc: 3
Jul 11, 2026 02:30:16.507 [547885125688] DEBUG - [FFMPEG] - Decoding VUI
Jul 11, 2026 02:30:16.507 [547885125688] DEBUG - [FFMPEG] - Format yuv420p chosen by get_format().
Jul 11, 2026 02:30:16.512 [547885125688] DEBUG - [FFMPEG] - no picture 
Jul 11, 2026 02:30:16.557 [547885125688] DEBUG - [FFMPEG] - nal_unit_type: 1(Coded slice of a non-IDR picture), nal_ref_idc: 2
Jul 11, 2026 02:30:16.561 [547885125688] DEBUG - [FFMPEG] - no picture 
Jul 11, 2026 02:30:16.598 [547885125688] DEBUG - [FFMPEG] - nal_unit_type: 1(Coded slice of a non-IDR picture), nal_ref_idc: 2
Jul 11, 2026 02:30:16.623 [547885125688] WARN - [FFMPEG] - No accelerated colorspace conversion found from yuv420p to rgb24.
Jul 11, 2026 02:30:16.750 [547885125688] DEBUG - Loaded memory image of size 1920x1010.
Jul 11, 2026 02:30:16.916 [547885125688] DEBUG - Created chapter thumbnail for metadata item 15, media item 14 for chapter number 16:5587420 at "/config/Library/Application Support/Plex Media Server/Media/localhost/d/69a59cccc7631b3e69125ebfb9d7774697f6886.bundle/Contents/Chapters/chapter16.jpg"
Jul 11, 2026 02:30:16.916 [547885125688] DEBUG - Creating /config/Library/Application Support/Plex Media Server/Media/localhost/d/69a59cccc7631b3e69125ebfb9d7774697f6886.bundle/Contents/Chapters/chapter17.jpg (76.9%, 1280x720).
Jul 11, 2026 02:30:16.917 [547885125688] DEBUG - [FFMPEG] - nal_unit_type: 7(SPS), nal_ref_idc: 3
Jul 11, 2026 02:30:16.917 [547885125688] DEBUG - [FFMPEG] - Decoding VUI
Jul 11, 2026 02:30:16.917 [547885125688] DEBUG - [FFMPEG] - nal_unit_type: 8(PPS), nal_ref_idc: 3
Jul 11, 2026 02:30:16.937 [547885125688] DEBUG - [FFMPEG] - nal_unit_type: 7(SPS), nal_ref_idc: 3
Jul 11, 2026 02:30:16.937 [547885125688] DEBUG - [FFMPEG] - Decoding VUI
Jul 11, 2026 02:30:16.937 [547885125688] DEBUG - [FFMPEG] - nal_unit_type: 8(PPS), nal_ref_idc: 3
Jul 11, 2026 02:30:16.938 [547885125688] DEBUG - [FFMPEG] - Decoding VUI
Jul 11, 2026 02:30:16.938 [547885125688] DEBUG - [FFMPEG] - nal_unit_type: 7(SPS), nal_ref_idc: 3
Jul 11, 2026 02:30:16.938 [547885125688] DEBUG - [FFMPEG] - nal_unit_type: 8(PPS), nal_ref_idc: 3
Jul 11, 2026 02:30:16.938 [547885125688] DEBUG - [FFMPEG] - nal_unit_type: 5(IDR), nal_ref_idc: 3
Jul 11, 2026 02:30:16.938 [547885125688] DEBUG - [FFMPEG] - Decoding VUI
Jul 11, 2026 02:30:16.939 [547885125688] DEBUG - [FFMPEG] - Format yuv420p chosen by get_format().
Jul 11, 2026 02:30:16.944 [547885125688] DEBUG - [FFMPEG] - no picture 
Jul 11, 2026 02:30:17.000 [547885125688] DEBUG - [FFMPEG] - nal_unit_type: 1(Coded slice of a non-IDR picture), nal_ref_idc: 2
Jul 11, 2026 02:30:17.004 [547885125688] DEBUG - [FFMPEG] - no picture 
Jul 11, 2026 02:30:17.045 [547885125688] DEBUG - [FFMPEG] - nal_unit_type: 1(Coded slice of a non-IDR picture), nal_ref_idc: 2
Jul 11, 2026 02:30:17.084 [547885125688] WARN - [FFMPEG] - No accelerated colorspace conversion found from yuv420p to rgb24.
Jul 11, 2026 02:30:17.210 [547885125688] DEBUG - Loaded memory image of size 1920x1010.
Jul 11, 2026 02:30:17.350 [547885125688] DEBUG - Created chapter thumbnail for metadata item 15, media item 14 for chapter number 17:5953530 at "/config/Library/Application Support/Plex Media Server/Media/localhost/d/69a59cccc7631b3e69125ebfb9d7774697f6886.bundle/Contents/Chapters/chapter17.jpg"
Jul 11, 2026 02:30:17.350 [547885125688] DEBUG - Creating /config/Library/Application Support/Plex Media Server/Media/localhost/d/69a59cccc7631b3e69125ebfb9d7774697f6886.bundle/Contents/Chapters/chapter18.jpg (81.0%, 1280x720).
Jul 11, 2026 02:30:17.351 [547885125688] DEBUG - [FFMPEG] - nal_unit_type: 7(SPS), nal_ref_idc: 3
Jul 11, 2026 02:30:17.351 [547885125688] DEBUG - [FFMPEG] - Decoding VUI
Jul 11, 2026 02:30:17.351 [547885125688] DEBUG - [FFMPEG] - nal_unit_type: 8(PPS), nal_ref_idc: 3
Jul 11, 2026 02:30:17.397 [547885125688] DEBUG - [FFMPEG] - nal_unit_type: 7(SPS), nal_ref_idc: 3
Jul 11, 2026 02:30:17.397 [547885125688] DEBUG - [FFMPEG] - Decoding VUI
Jul 11, 2026 02:30:17.397 [547885125688] DEBUG - [FFMPEG] - nal_unit_type: 8(PPS), nal_ref_idc: 3
Jul 11, 2026 02:30:17.398 [547885125688] DEBUG - [FFMPEG] - Decoding VUI
Jul 11, 2026 02:30:17.399 [547885125688] DEBUG - [FFMPEG] - nal_unit_type: 7(SPS), nal_ref_idc: 3
Jul 11, 2026 02:30:17.399 [547885125688] DEBUG - [FFMPEG] - nal_unit_type: 8(PPS), nal_ref_idc: 3
Jul 11, 2026 02:30:17.399 [547885125688] DEBUG - [FFMPEG] - nal_unit_type: 5(IDR), nal_ref_idc: 3
Jul 11, 2026 02:30:17.399 [547885125688] DEBUG - [FFMPEG] - Decoding VUI
Jul 11, 2026 02:30:17.400 [547885125688] DEBUG - [FFMPEG] - Format yuv420p chosen by get_format().
Jul 11, 2026 02:30:17.405 [547885125688] DEBUG - [FFMPEG] - no picture 
Jul 11, 2026 02:30:17.473 [547885125688] DEBUG - [FFMPEG] - nal_unit_type: 1(Coded slice of a non-IDR picture), nal_ref_idc: 2
Jul 11, 2026 02:30:17.478 [547885125688] DEBUG - [FFMPEG] - no picture 
Jul 11, 2026 02:30:17.534 [547885125688] DEBUG - [FFMPEG] - nal_unit_type: 1(Coded slice of a non-IDR picture), nal_ref_idc: 2
Jul 11, 2026 02:30:17.589 [547885125688] WARN - [FFMPEG] - No accelerated colorspace conversion found from yuv420p to rgb24.
Jul 11, 2026 02:30:17.716 [547885125688] DEBUG - Loaded memory image of size 1920x1010.
Jul 11, 2026 02:30:17.857 [547885125688] DEBUG - [FFMPEG] - nal_unit_type: 7(SPS), nal_ref_idc: 3
Jul 11, 2026 02:30:17.857 [547885125688] DEBUG - [FFMPEG] - Decoding VUI
Jul 11, 2026 02:30:17.857 [547885125688] DEBUG - [FFMPEG] - nal_unit_type: 8(PPS), nal_ref_idc: 3
Jul 11, 2026 02:30:17.858 [547885125688] DEBUG - [FFMPEG] - nal_unit_type: 7(SPS), nal_ref_idc: 3
Jul 11, 2026 02:30:17.858 [547885125688] DEBUG - [FFMPEG] - Decoding VUI
Jul 11, 2026 02:30:17.858 [547885125688] DEBUG - [FFMPEG] - nal_unit_type: 8(PPS), nal_ref_idc: 3
Jul 11, 2026 02:30:17.859 [547885125688] DEBUG - [FFMPEG] - Decoding VUI
Jul 11, 2026 02:30:17.860 [547885125688] DEBUG - [FFMPEG] - nal_unit_type: 7(SPS), nal_ref_idc: 3
Jul 11, 2026 02:30:17.860 [547885125688] DEBUG - [FFMPEG] - nal_unit_type: 8(PPS), nal_ref_idc: 3
Jul 11, 2026 02:30:17.860 [547885125688] DEBUG - [FFMPEG] - nal_unit_type: 5(IDR), nal_ref_idc: 3
Jul 11, 2026 02:30:17.860 [547885125688] DEBUG - [FFMPEG] - Decoding VUI
Jul 11, 2026 02:30:17.860 [547885125688] DEBUG - [FFMPEG] - Format yuv420p chosen by get_format().
Jul 11, 2026 02:30:17.866 [547885125688] DEBUG - [FFMPEG] - no picture 
Jul 11, 2026 02:30:17.933 [547885125688] DEBUG - [FFMPEG] - nal_unit_type: 1(Coded slice of a non-IDR picture), nal_ref_idc: 2
Jul 11, 2026 02:30:17.938 [547885125688] DEBUG - [FFMPEG] - no picture 
Jul 11, 2026 02:30:17.993 [547885125688] DEBUG - [FFMPEG] - nal_unit_type: 1(Coded slice of a non-IDR picture), nal_ref_idc: 2
Jul 11, 2026 02:30:18.048 [547885125688] WARN - [FFMPEG] - No accelerated colorspace conversion found from yuv420p to rgb24.
Jul 11, 2026 02:30:18.174 [547885125688] DEBUG - Loaded memory image of size 1920x1010.
Jul 11, 2026 02:30:18.319 [547885125688] DEBUG - [FFMPEG] - nal_unit_type: 7(SPS), nal_ref_idc: 3
Jul 11, 2026 02:30:18.319 [547885125688] DEBUG - [FFMPEG] - Decoding VUI
Jul 11, 2026 02:30:18.319 [547885125688] DEBUG - [FFMPEG] - nal_unit_type: 8(PPS), nal_ref_idc: 3
Jul 11, 2026 02:30:18.321 [547885125688] DEBUG - [FFMPEG] - nal_unit_type: 7(SPS), nal_ref_idc: 3
Jul 11, 2026 02:30:18.321 [547885125688] DEBUG - [FFMPEG] - Decoding VUI
Jul 11, 2026 02:30:18.321 [547885125688] DEBUG - [FFMPEG] - nal_unit_type: 8(PPS), nal_ref_idc: 3
Jul 11, 2026 02:30:18.321 [547885125688] DEBUG - [FFMPEG] - Decoding VUI
Jul 11, 2026 02:30:18.322 [547885125688] DEBUG - [FFMPEG] - nal_unit_type: 7(SPS), nal_ref_idc: 3
Jul 11, 2026 02:30:18.322 [547885125688] DEBUG - [FFMPEG] - nal_unit_type: 8(PPS), nal_ref_idc: 3
Jul 11, 2026 02:30:18.323 [547885125688] DEBUG - [FFMPEG] - nal_unit_type: 5(IDR), nal_ref_idc: 3
Jul 11, 2026 02:30:18.323 [547885125688] DEBUG - [FFMPEG] - Decoding VUI
Jul 11, 2026 02:30:18.323 [547885125688] DEBUG - [FFMPEG] - Format yuv420p chosen by get_format().
Jul 11, 2026 02:30:18.329 [547885125688] DEBUG - [FFMPEG] - no picture 
Jul 11, 2026 02:30:18.397 [547885125688] DEBUG - [FFMPEG] - nal_unit_type: 1(Coded slice of a non-IDR picture), nal_ref_idc: 2
Jul 11, 2026 02:30:18.401 [547885125688] DEBUG - [FFMPEG] - no picture 
Jul 11, 2026 02:30:18.457 [547885125688] DEBUG - [FFMPEG] - nal_unit_type: 1(Coded slice of a non-IDR picture), nal_ref_idc: 2
Jul 11, 2026 02:30:18.512 [547885125688] WARN - [FFMPEG] - No accelerated colorspace conversion found from yuv420p to rgb24.
Jul 11, 2026 02:30:18.639 [547885125688] DEBUG - Loaded memory image of size 1920x1010.
Jul 11, 2026 02:30:18.817 [547885125688] DEBUG - [FFMPEG] - nal_unit_type: 7(SPS), nal_ref_idc: 3
Jul 11, 2026 02:30:18.817 [547885125688] DEBUG - [FFMPEG] - Decoding VUI
Jul 11, 2026 02:30:18.817 [547885125688] DEBUG - [FFMPEG] - nal_unit_type: 8(PPS), nal_ref_idc: 3
Jul 11, 2026 02:30:18.818 [547885125688] DEBUG - [FFMPEG] - nal_unit_type: 7(SPS), nal_ref_idc: 3
Jul 11, 2026 02:30:18.818 [547885125688] DEBUG - [FFMPEG] - Decoding VUI
Jul 11, 2026 02:30:18.818 [547885125688] DEBUG - [FFMPEG] - nal_unit_type: 8(PPS), nal_ref_idc: 3
Jul 11, 2026 02:30:18.819 [547885125688] DEBUG - [FFMPEG] - Decoding VUI
Jul 11, 2026 02:30:18.820 [547885125688] DEBUG - [FFMPEG] - nal_unit_type: 7(SPS), nal_ref_idc: 3
Jul 11, 2026 02:30:18.820 [547885125688] DEBUG - [FFMPEG] - nal_unit_type: 8(PPS), nal_ref_idc: 3
Jul 11, 2026 02:30:18.820 [547885125688] DEBUG - [FFMPEG] - nal_unit_type: 5(IDR), nal_ref_idc: 3
Jul 11, 2026 02:30:18.820 [547885125688] DEBUG - [FFMPEG] - Decoding VUI
Jul 11, 2026 02:30:18.820 [547885125688] DEBUG - [FFMPEG] - Format yuv420p chosen by get_format().
Jul 11, 2026 02:30:18.826 [547885125688] DEBUG - [FFMPEG] - no picture 
Jul 11, 2026 02:30:18.894 [547885125688] DEBUG - [FFMPEG] - nal_unit_type: 1(Coded slice of a non-IDR picture), nal_ref_idc: 2
Jul 11, 2026 02:30:18.898 [547885125688] DEBUG - [FFMPEG] - no picture 
Jul 11, 2026 02:30:18.955 [547885125688] DEBUG - [FFMPEG] - nal_unit_type: 1(Coded slice of a non-IDR picture), nal_ref_idc: 2
Jul 11, 2026 02:30:19.010 [547885125688] WARN - [FFMPEG] - No accelerated colorspace conversion found from yuv420p to rgb24.
Jul 11, 2026 02:30:19.137 [547885125688] DEBUG - Loaded memory image of size 1920x1010.
Jul 11, 2026 02:30:19.281 [547885125688] DEBUG - [FFMPEG] - nal_unit_type: 7(SPS), nal_ref_idc: 3
Jul 11, 2026 02:30:19.281 [547885125688] DEBUG - [FFMPEG] - Decoding VUI
Jul 11, 2026 02:30:19.281 [547885125688] DEBUG - [FFMPEG] - nal_unit_type: 8(PPS), nal_ref_idc: 3
Jul 11, 2026 02:30:19.282 [547885125688] DEBUG - [FFMPEG] - nal_unit_type: 7(SPS), nal_ref_idc: 3
Jul 11, 2026 02:30:19.282 [547885125688] DEBUG - [FFMPEG] - Decoding VUI
Jul 11, 2026 02:30:19.282 [547885125688] DEBUG - [FFMPEG] - nal_unit_type: 8(PPS), nal_ref_idc: 3
Jul 11, 2026 02:30:19.283 [547885125688] DEBUG - [FFMPEG] - Decoding VUI
Jul 11, 2026 02:30:19.284 [547885125688] DEBUG - [FFMPEG] - nal_unit_type: 7(SPS), nal_ref_idc: 3
Jul 11, 2026 02:30:19.284 [547885125688] DEBUG - [FFMPEG] - nal_unit_type: 8(PPS), nal_ref_idc: 3
Jul 11, 2026 02:30:19.284 [547885125688] DEBUG - [FFMPEG] - nal_unit_type: 5(IDR), nal_ref_idc: 3
Jul 11, 2026 02:30:19.284 [547885125688] DEBUG - [FFMPEG] - Decoding VUI
Jul 11, 2026 02:30:19.284 [547885125688] DEBUG - [FFMPEG] - Format yuv420p chosen by get_format().
Jul 11, 2026 02:30:19.290 [547885125688] DEBUG - [FFMPEG] - no picture 
Jul 11, 2026 02:30:19.357 [547885125688] DEBUG - [FFMPEG] - nal_unit_type: 1(Coded slice of a non-IDR picture), nal_ref_idc: 2
Jul 11, 2026 02:30:19.362 [547885125688] DEBUG - [FFMPEG] - no picture 
Jul 11, 2026 02:30:19.417 [547885125688] DEBUG - [FFMPEG] - nal_unit_type: 1(Coded slice of a non-IDR picture), nal_ref_idc: 2
Jul 11, 2026 02:30:19.472 [547885125688] WARN - [FFMPEG] - No accelerated colorspace conversion found from yuv420p to rgb24.
Jul 11, 2026 02:30:19.598 [547885125688] DEBUG - Loaded memory image of size 1920x1010.
Jul 11, 2026 02:30:19.770 [547885125688] DEBUG - Created chapter thumbnail for metadata item 15, media item 14 for chapter number 18:6274020 at "/config/Library/Application Support/Plex Media Server/Media/localhost/d/69a59cccc7631b3e69125ebfb9d7774697f6886.bundle/Contents/Chapters/chapter18.jpg"
Jul 11, 2026 02:30:19.770 [547885125688] DEBUG - Creating /config/Library/Application Support/Plex Media Server/Media/localhost/d/69a59cccc7631b3e69125ebfb9d7774697f6886.bundle/Contents/Chapters/chapter19.jpg (87.0%, 1280x720).
Jul 11, 2026 02:30:19.771 [547885125688] DEBUG - [FFMPEG] - nal_unit_type: 7(SPS), nal_ref_idc: 3
Jul 11, 2026 02:30:19.771 [547885125688] DEBUG - [FFMPEG] - Decoding VUI
Jul 11, 2026 02:30:19.771 [547885125688] DEBUG - [FFMPEG] - nal_unit_type: 8(PPS), nal_ref_idc: 3
Jul 11, 2026 02:30:19.798 [547885125688] DEBUG - [FFMPEG] - nal_unit_type: 7(SPS), nal_ref_idc: 3
Jul 11, 2026 02:30:19.798 [547885125688] DEBUG - [FFMPEG] - Decoding VUI
Jul 11, 2026 02:30:19.798 [547885125688] DEBUG - [FFMPEG] - nal_unit_type: 8(PPS), nal_ref_idc: 3
Jul 11, 2026 02:30:19.798 [547885125688] DEBUG - [FFMPEG] - Decoding VUI
Jul 11, 2026 02:30:19.799 [547885125688] DEBUG - [FFMPEG] - nal_unit_type: 7(SPS), nal_ref_idc: 3
Jul 11, 2026 02:30:19.799 [547885125688] DEBUG - [FFMPEG] - nal_unit_type: 8(PPS), nal_ref_idc: 3
Jul 11, 2026 02:30:19.800 [547885125688] DEBUG - [FFMPEG] - nal_unit_type: 5(IDR), nal_ref_idc: 3
Jul 11, 2026 02:30:19.800 [547885125688] DEBUG - [FFMPEG] - Decoding VUI
Jul 11, 2026 02:30:19.800 [547885125688] DEBUG - [FFMPEG] - Format yuv420p chosen by get_format().
Jul 11, 2026 02:30:19.806 [547885125688] DEBUG - [FFMPEG] - no picture 
Jul 11, 2026 02:30:19.877 [547885125688] DEBUG - [FFMPEG] - nal_unit_type: 1(Coded slice of a non-IDR picture), nal_ref_idc: 2
Jul 11, 2026 02:30:19.882 [547885125688] DEBUG - [FFMPEG] - no picture 
Jul 11, 2026 02:30:19.915 [547885125688] DEBUG - [FFMPEG] - nal_unit_type: 1(Coded slice of a non-IDR picture), nal_ref_idc: 2
Jul 11, 2026 02:30:19.937 [547885125688] WARN - [FFMPEG] - No accelerated colorspace conversion found from yuv420p to rgb24.
Jul 11, 2026 02:30:20.063 [547885125688] DEBUG - Loaded memory image of size 1920x1010.
Jul 11, 2026 02:30:20.206 [547885125688] DEBUG - [FFMPEG] - nal_unit_type: 7(SPS), nal_ref_idc: 3
Jul 11, 2026 02:30:20.206 [547885125688] DEBUG - [FFMPEG] - Decoding VUI
Jul 11, 2026 02:30:20.206 [547885125688] DEBUG - [FFMPEG] - nal_unit_type: 8(PPS), nal_ref_idc: 3
Jul 11, 2026 02:30:20.208 [547885125688] DEBUG - [FFMPEG] - nal_unit_type: 7(SPS), nal_ref_idc: 3
Jul 11, 2026 02:30:20.208 [547885125688] DEBUG - [FFMPEG] - Decoding VUI
Jul 11, 2026 02:30:20.208 [547885125688] DEBUG - [FFMPEG] - nal_unit_type: 8(PPS), nal_ref_idc: 3
Jul 11, 2026 02:30:20.208 [547885125688] DEBUG - [FFMPEG] - Decoding VUI
Jul 11, 2026 02:30:20.209 [547885125688] DEBUG - [FFMPEG] - nal_unit_type: 7(SPS), nal_ref_idc: 3
Jul 11, 2026 02:30:20.209 [547885125688] DEBUG - [FFMPEG] - nal_unit_type: 8(PPS), nal_ref_idc: 3
Jul 11, 2026 02:30:20.210 [547885125688] DEBUG - [FFMPEG] - nal_unit_type: 5(IDR), nal_ref_idc: 3
Jul 11, 2026 02:30:20.210 [547885125688] DEBUG - [FFMPEG] - Decoding VUI
Jul 11, 2026 02:30:20.210 [547885125688] DEBUG - [FFMPEG] - Format yuv420p chosen by get_format().
Jul 11, 2026 02:30:20.216 [547885125688] DEBUG - [FFMPEG] - no picture 
Jul 11, 2026 02:30:20.282 [547885125688] DEBUG - [FFMPEG] - nal_unit_type: 1(Coded slice of a non-IDR picture), nal_ref_idc: 2
Jul 11, 2026 02:30:20.287 [547885125688] DEBUG - [FFMPEG] - no picture 
Jul 11, 2026 02:30:20.320 [547885125688] DEBUG - [FFMPEG] - nal_unit_type: 1(Coded slice of a non-IDR picture), nal_ref_idc: 2
Jul 11, 2026 02:30:20.342 [547885125688] WARN - [FFMPEG] - No accelerated colorspace conversion found from yuv420p to rgb24.
Jul 11, 2026 02:30:20.469 [547885125688] DEBUG - Loaded memory image of size 1920x1010.
Jul 11, 2026 02:30:20.631 [547885125688] DEBUG - [FFMPEG] - nal_unit_type: 7(SPS), nal_ref_idc: 3
Jul 11, 2026 02:30:20.631 [547885125688] DEBUG - [FFMPEG] - Decoding VUI
Jul 11, 2026 02:30:20.631 [547885125688] DEBUG - [FFMPEG] - nal_unit_type: 8(PPS), nal_ref_idc: 3
Jul 11, 2026 02:30:20.632 [547885125688] DEBUG - [FFMPEG] - nal_unit_type: 7(SPS), nal_ref_idc: 3
Jul 11, 2026 02:30:20.632 [547885125688] DEBUG - [FFMPEG] - Decoding VUI
Jul 11, 2026 02:30:20.632 [547885125688] DEBUG - [FFMPEG] - nal_unit_type: 8(PPS), nal_ref_idc: 3
Jul 11, 2026 02:30:20.633 [547885125688] DEBUG - [FFMPEG] - Decoding VUI
Jul 11, 2026 02:30:20.634 [547885125688] DEBUG - [FFMPEG] - nal_unit_type: 7(SPS), nal_ref_idc: 3
Jul 11, 2026 02:30:20.634 [547885125688] DEBUG - [FFMPEG] - nal_unit_type: 8(PPS), nal_ref_idc: 3
Jul 11, 2026 02:30:20.634 [547885125688] DEBUG - [FFMPEG] - nal_unit_type: 5(IDR), nal_ref_idc: 3
Jul 11, 2026 02:30:20.634 [547885125688] DEBUG - [FFMPEG] - Decoding VUI
Jul 11, 2026 02:30:20.635 [547885125688] DEBUG - [FFMPEG] - Format yuv420p chosen by get_format().
Jul 11, 2026 02:30:20.640 [547885125688] DEBUG - [FFMPEG] - no picture 
Jul 11, 2026 02:30:20.707 [547885125688] DEBUG - [FFMPEG] - nal_unit_type: 1(Coded slice of a non-IDR picture), nal_ref_idc: 2
Jul 11, 2026 02:30:20.711 [547885125688] DEBUG - [FFMPEG] - no picture 
Jul 11, 2026 02:30:20.745 [547885125688] DEBUG - [FFMPEG] - nal_unit_type: 1(Coded slice of a non-IDR picture), nal_ref_idc: 2
Jul 11, 2026 02:30:20.767 [547885125688] WARN - [FFMPEG] - No accelerated colorspace conversion found from yuv420p to rgb24.
Jul 11, 2026 02:30:20.893 [547885125688] DEBUG - Loaded memory image of size 1920x1010.
Jul 11, 2026 02:30:21.063 [547885125688] DEBUG - [FFMPEG] - nal_unit_type: 7(SPS), nal_ref_idc: 3
Jul 11, 2026 02:30:21.063 [547885125688] DEBUG - [FFMPEG] - Decoding VUI
Jul 11, 2026 02:30:21.063 [547885125688] DEBUG - [FFMPEG] - nal_unit_type: 8(PPS), nal_ref_idc: 3
Jul 11, 2026 02:30:21.064 [547885125688] DEBUG - [FFMPEG] - nal_unit_type: 7(SPS), nal_ref_idc: 3
Jul 11, 2026 02:30:21.065 [547885125688] DEBUG - [FFMPEG] - Decoding VUI
Jul 11, 2026 02:30:21.065 [547885125688] DEBUG - [FFMPEG] - nal_unit_type: 8(PPS), nal_ref_idc: 3
Jul 11, 2026 02:30:21.065 [547885125688] DEBUG - [FFMPEG] - Decoding VUI
Jul 11, 2026 02:30:21.066 [547885125688] DEBUG - [FFMPEG] - nal_unit_type: 7(SPS), nal_ref_idc: 3
Jul 11, 2026 02:30:21.066 [547885125688] DEBUG - [FFMPEG] - nal_unit_type: 8(PPS), nal_ref_idc: 3
Jul 11, 2026 02:30:21.067 [547885125688] DEBUG - [FFMPEG] - nal_unit_type: 5(IDR), nal_ref_idc: 3
Jul 11, 2026 02:30:21.067 [547885125688] DEBUG - [FFMPEG] - Decoding VUI
Jul 11, 2026 02:30:21.067 [547885125688] DEBUG - [FFMPEG] - Format yuv420p chosen by get_format().
Jul 11, 2026 02:30:21.073 [547885125688] DEBUG - [FFMPEG] - no picture 
Jul 11, 2026 02:30:21.139 [547885125688] DEBUG - [FFMPEG] - nal_unit_type: 1(Coded slice of a non-IDR picture), nal_ref_idc: 2
Jul 11, 2026 02:30:21.144 [547885125688] DEBUG - [FFMPEG] - no picture 
Jul 11, 2026 02:30:21.177 [547885125688] DEBUG - [FFMPEG] - nal_unit_type: 1(Coded slice of a non-IDR picture), nal_ref_idc: 2
Jul 11, 2026 02:30:21.198 [547885125688] WARN - [FFMPEG] - No accelerated colorspace conversion found from yuv420p to rgb24.
Jul 11, 2026 02:30:21.326 [547885125688] DEBUG - Loaded memory image of size 1920x1010.
Jul 11, 2026 02:30:21.469 [547885125688] DEBUG - [FFMPEG] - nal_unit_type: 7(SPS), nal_ref_idc: 3
Jul 11, 2026 02:30:21.469 [547885125688] DEBUG - [FFMPEG] - Decoding VUI
Jul 11, 2026 02:30:21.469 [547885125688] DEBUG - [FFMPEG] - nal_unit_type: 8(PPS), nal_ref_idc: 3
Jul 11, 2026 02:30:21.470 [547885125688] DEBUG - [FFMPEG] - nal_unit_type: 7(SPS), nal_ref_idc: 3
Jul 11, 2026 02:30:21.470 [547885125688] DEBUG - [FFMPEG] - Decoding VUI
Jul 11, 2026 02:30:21.470 [547885125688] DEBUG - [FFMPEG] - nal_unit_type: 8(PPS), nal_ref_idc: 3
Jul 11, 2026 02:30:21.470 [547885125688] DEBUG - [FFMPEG] - Decoding VUI
Jul 11, 2026 02:30:21.471 [547885125688] DEBUG - [FFMPEG] - nal_unit_type: 7(SPS), nal_ref_idc: 3
Jul 11, 2026 02:30:21.471 [547885125688] DEBUG - [FFMPEG] - nal_unit_type: 8(PPS), nal_ref_idc: 3
Jul 11, 2026 02:30:21.472 [547885125688] DEBUG - [FFMPEG] - nal_unit_type: 5(IDR), nal_ref_idc: 3
Jul 11, 2026 02:30:21.472 [547885125688] DEBUG - [FFMPEG] - Decoding VUI
Jul 11, 2026 02:30:21.472 [547885125688] DEBUG - [FFMPEG] - Format yuv420p chosen by get_format().
Jul 11, 2026 02:30:21.478 [547885125688] DEBUG - [FFMPEG] - no picture 
Jul 11, 2026 02:30:21.545 [547885125688] DEBUG - [FFMPEG] - nal_unit_type: 1(Coded slice of a non-IDR picture), nal_ref_idc: 2
Jul 11, 2026 02:30:21.549 [547885125688] DEBUG - [FFMPEG] - no picture 
Jul 11, 2026 02:30:21.583 [547885125688] DEBUG - [FFMPEG] - nal_unit_type: 1(Coded slice of a non-IDR picture), nal_ref_idc: 2
Jul 11, 2026 02:30:21.604 [547885125688] WARN - [FFMPEG] - No accelerated colorspace conversion found from yuv420p to rgb24.
Jul 11, 2026 02:30:21.731 [547885125688] DEBUG - Loaded memory image of size 1920x1010.
Jul 11, 2026 02:30:21.876 [547885125688] DEBUG - Created chapter thumbnail for metadata item 15, media item 14 for chapter number 19:6734230 at "/config/Library/Application Support/Plex Media Server/Media/localhost/d/69a59cccc7631b3e69125ebfb9d7774697f6886.bundle/Contents/Chapters/chapter19.jpg"
Jul 11, 2026 02:30:21.876 [547885125688] DEBUG - Creating /config/Library/Application Support/Plex Media Server/Media/localhost/d/69a59cccc7631b3e69125ebfb9d7774697f6886.bundle/Contents/Chapters/chapter20.jpg (90.7%, 1280x720).
Jul 11, 2026 02:30:21.878 [547885125688] DEBUG - [FFMPEG] - nal_unit_type: 7(SPS), nal_ref_idc: 3
Jul 11, 2026 02:30:21.878 [547885125688] DEBUG - [FFMPEG] - Decoding VUI
Jul 11, 2026 02:30:21.878 [547885125688] DEBUG - [FFMPEG] - nal_unit_type: 8(PPS), nal_ref_idc: 3
Jul 11, 2026 02:30:21.898 [547885125688] DEBUG - [FFMPEG] - nal_unit_type: 7(SPS), nal_ref_idc: 3
Jul 11, 2026 02:30:21.898 [547885125688] DEBUG - [FFMPEG] - Decoding VUI
Jul 11, 2026 02:30:21.898 [547885125688] DEBUG - [FFMPEG] - nal_unit_type: 8(PPS), nal_ref_idc: 3
Jul 11, 2026 02:30:21.898 [547885125688] DEBUG - [FFMPEG] - Decoding VUI
Jul 11, 2026 02:30:21.899 [547885125688] DEBUG - [FFMPEG] - nal_unit_type: 7(SPS), nal_ref_idc: 3
Jul 11, 2026 02:30:21.899 [547885125688] DEBUG - [FFMPEG] - nal_unit_type: 8(PPS), nal_ref_idc: 3
Jul 11, 2026 02:30:21.900 [547885125688] DEBUG - [FFMPEG] - nal_unit_type: 5(IDR), nal_ref_idc: 3
Jul 11, 2026 02:30:21.900 [547885125688] DEBUG - [FFMPEG] - Decoding VUI
Jul 11, 2026 02:30:21.900 [547885125688] DEBUG - [FFMPEG] - Format yuv420p chosen by get_format().
Jul 11, 2026 02:30:21.906 [547885125688] DEBUG - [FFMPEG] - no picture 
Jul 11, 2026 02:30:21.963 [547885125688] DEBUG - [FFMPEG] - nal_unit_type: 1(Coded slice of a non-IDR picture), nal_ref_idc: 2
Jul 11, 2026 02:30:21.967 [547885125688] DEBUG - [FFMPEG] - no picture 
Jul 11, 2026 02:30:22.007 [547885125688] DEBUG - [FFMPEG] - nal_unit_type: 1(Coded slice of a non-IDR picture), nal_ref_idc: 2
Jul 11, 2026 02:30:22.040 [547885125688] WARN - [FFMPEG] - No accelerated colorspace conversion found from yuv420p to rgb24.
Jul 11, 2026 02:30:22.167 [547885125688] DEBUG - Loaded memory image of size 1920x1010.
Jul 11, 2026 02:30:22.333 [547885125688] DEBUG - [FFMPEG] - nal_unit_type: 7(SPS), nal_ref_idc: 3
Jul 11, 2026 02:30:22.334 [547885125688] DEBUG - [FFMPEG] - Decoding VUI
Jul 11, 2026 02:30:22.334 [547885125688] DEBUG - [FFMPEG] - nal_unit_type: 8(PPS), nal_ref_idc: 3
Jul 11, 2026 02:30:22.334 [547885125688] DEBUG - [FFMPEG] - nal_unit_type: 7(SPS), nal_ref_idc: 3
Jul 11, 2026 02:30:22.334 [547885125688] DEBUG - [FFMPEG] - Decoding VUI
Jul 11, 2026 02:30:22.334 [547885125688] DEBUG - [FFMPEG] - nal_unit_type: 8(PPS), nal_ref_idc: 3
Jul 11, 2026 02:30:22.335 [547885125688] DEBUG - [FFMPEG] - Decoding VUI
Jul 11, 2026 02:30:22.336 [547885125688] DEBUG - [FFMPEG] - nal_unit_type: 7(SPS), nal_ref_idc: 3
Jul 11, 2026 02:30:22.336 [547885125688] DEBUG - [FFMPEG] - nal_unit_type: 8(PPS), nal_ref_idc: 3
Jul 11, 2026 02:30:22.336 [547885125688] DEBUG - [FFMPEG] - nal_unit_type: 5(IDR), nal_ref_idc: 3
Jul 11, 2026 02:30:22.336 [547885125688] DEBUG - [FFMPEG] - Decoding VUI
Jul 11, 2026 02:30:22.336 [547885125688] DEBUG - [FFMPEG] - Format yuv420p chosen by get_format().
Jul 11, 2026 02:30:22.342 [547885125688] DEBUG - [FFMPEG] - no picture 
Jul 11, 2026 02:30:22.387 [547885125688] DEBUG - [FFMPEG] - nal_unit_type: 1(Coded slice of a non-IDR picture), nal_ref_idc: 2
Jul 11, 2026 02:30:22.392 [547885125688] DEBUG - [FFMPEG] - no picture 
Jul 11, 2026 02:30:22.431 [547885125688] DEBUG - [FFMPEG] - nal_unit_type: 1(Coded slice of a non-IDR picture), nal_ref_idc: 2
Jul 11, 2026 02:30:22.464 [547885125688] WARN - [FFMPEG] - No accelerated colorspace conversion found from yuv420p to rgb24.
Jul 11, 2026 02:30:22.591 [547885125688] DEBUG - Loaded memory image of size 1920x1010.
Jul 11, 2026 02:30:22.730 [547885125688] DEBUG - [FFMPEG] - nal_unit_type: 7(SPS), nal_ref_idc: 3
Jul 11, 2026 02:30:22.730 [547885125688] DEBUG - [FFMPEG] - Decoding VUI
Jul 11, 2026 02:30:22.730 [547885125688] DEBUG - [FFMPEG] - nal_unit_type: 8(PPS), nal_ref_idc: 3
Jul 11, 2026 02:30:22.731 [547885125688] DEBUG - [FFMPEG] - nal_unit_type: 7(SPS), nal_ref_idc: 3
Jul 11, 2026 02:30:22.731 [547885125688] DEBUG - [FFMPEG] - Decoding VUI
Jul 11, 2026 02:30:22.731 [547885125688] DEBUG - [FFMPEG] - nal_unit_type: 8(PPS), nal_ref_idc: 3
Jul 11, 2026 02:30:22.732 [547885125688] DEBUG - [FFMPEG] - Decoding VUI
Jul 11, 2026 02:30:22.733 [547885125688] DEBUG - [FFMPEG] - nal_unit_type: 7(SPS), nal_ref_idc: 3
Jul 11, 2026 02:30:22.733 [547885125688] DEBUG - [FFMPEG] - nal_unit_type: 8(PPS), nal_ref_idc: 3
Jul 11, 2026 02:30:22.733 [547885125688] DEBUG - [FFMPEG] - nal_unit_type: 5(IDR), nal_ref_idc: 3
Jul 11, 2026 02:30:22.733 [547885125688] DEBUG - [FFMPEG] - Decoding VUI
Jul 11, 2026 02:30:22.733 [547885125688] DEBUG - [FFMPEG] - Format yuv420p chosen by get_format().
Jul 11, 2026 02:30:22.739 [547885125688] DEBUG - [FFMPEG] - no picture 
Jul 11, 2026 02:30:22.784 [547885125688] DEBUG - [FFMPEG] - nal_unit_type: 1(Coded slice of a non-IDR picture), nal_ref_idc: 2
Jul 11, 2026 02:30:22.789 [547885125688] DEBUG - [FFMPEG] - no picture 
Jul 11, 2026 02:30:22.828 [547885125688] DEBUG - [FFMPEG] - nal_unit_type: 1(Coded slice of a non-IDR picture), nal_ref_idc: 2
Jul 11, 2026 02:30:22.862 [547885125688] WARN - [FFMPEG] - No accelerated colorspace conversion found from yuv420p to rgb24.
Jul 11, 2026 02:30:22.988 [547885125688] DEBUG - Loaded memory image of size 1920x1010.
Jul 11, 2026 02:30:23.130 [547885125688] DEBUG - [FFMPEG] - nal_unit_type: 7(SPS), nal_ref_idc: 3
Jul 11, 2026 02:30:23.130 [547885125688] DEBUG - [FFMPEG] - Decoding VUI
Jul 11, 2026 02:30:23.130 [547885125688] DEBUG - [FFMPEG] - nal_unit_type: 8(PPS), nal_ref_idc: 3
Jul 11, 2026 02:30:23.131 [547885125688] DEBUG - [FFMPEG] - nal_unit_type: 7(SPS), nal_ref_idc: 3
Jul 11, 2026 02:30:23.131 [547885125688] DEBUG - [FFMPEG] - Decoding VUI
Jul 11, 2026 02:30:23.131 [547885125688] DEBUG - [FFMPEG] - nal_unit_type: 8(PPS), nal_ref_idc: 3
Jul 11, 2026 02:30:23.131 [547885125688] DEBUG - [FFMPEG] - Decoding VUI
Jul 11, 2026 02:30:23.132 [547885125688] DEBUG - [FFMPEG] - nal_unit_type: 7(SPS), nal_ref_idc: 3
Jul 11, 2026 02:30:23.132 [547885125688] DEBUG - [FFMPEG] - nal_unit_type: 8(PPS), nal_ref_idc: 3
Jul 11, 2026 02:30:23.132 [547885125688] DEBUG - [FFMPEG] - nal_unit_type: 5(IDR), nal_ref_idc: 3
Jul 11, 2026 02:30:23.132 [547885125688] DEBUG - [FFMPEG] - Decoding VUI
Jul 11, 2026 02:30:23.133 [547885125688] DEBUG - [FFMPEG] - Format yuv420p chosen by get_format().
Jul 11, 2026 02:30:23.138 [547885125688] DEBUG - [FFMPEG] - no picture 
Jul 11, 2026 02:30:23.183 [547885125688] DEBUG - [FFMPEG] - nal_unit_type: 1(Coded slice of a non-IDR picture), nal_ref_idc: 2
Jul 11, 2026 02:30:23.188 [547885125688] DEBUG - [FFMPEG] - no picture 
Jul 11, 2026 02:30:23.227 [547885125688] DEBUG - [FFMPEG] - nal_unit_type: 1(Coded slice of a non-IDR picture), nal_ref_idc: 2
Jul 11, 2026 02:30:23.261 [547885125688] WARN - [FFMPEG] - No accelerated colorspace conversion found from yuv420p to rgb24.
Jul 11, 2026 02:30:23.388 [547885125688] DEBUG - Loaded memory image of size 1920x1010.
Jul 11, 2026 02:30:23.556 [547885125688] DEBUG - [FFMPEG] - nal_unit_type: 7(SPS), nal_ref_idc: 3
Jul 11, 2026 02:30:23.556 [547885125688] DEBUG - [FFMPEG] - Decoding VUI
Jul 11, 2026 02:30:23.556 [547885125688] DEBUG - [FFMPEG] - nal_unit_type: 8(PPS), nal_ref_idc: 3
Jul 11, 2026 02:30:23.557 [547885125688] DEBUG - [FFMPEG] - nal_unit_type: 7(SPS), nal_ref_idc: 3
Jul 11, 2026 02:30:23.557 [547885125688] DEBUG - [FFMPEG] - Decoding VUI
Jul 11, 2026 02:30:23.557 [547885125688] DEBUG - [FFMPEG] - nal_unit_type: 8(PPS), nal_ref_idc: 3
Jul 11, 2026 02:30:23.557 [547885125688] DEBUG - [FFMPEG] - Decoding VUI
Jul 11, 2026 02:30:23.558 [547885125688] DEBUG - [FFMPEG] - nal_unit_type: 7(SPS), nal_ref_idc: 3
Jul 11, 2026 02:30:23.558 [547885125688] DEBUG - [FFMPEG] - nal_unit_type: 8(PPS), nal_ref_idc: 3
Jul 11, 2026 02:30:23.558 [547885125688] DEBUG - [FFMPEG] - nal_unit_type: 5(IDR), nal_ref_idc: 3
Jul 11, 2026 02:30:23.558 [547885125688] DEBUG - [FFMPEG] - Decoding VUI
Jul 11, 2026 02:30:23.559 [547885125688] DEBUG - [FFMPEG] - Format yuv420p chosen by get_format().
Jul 11, 2026 02:30:23.564 [547885125688] DEBUG - [FFMPEG] - no picture 
Jul 11, 2026 02:30:23.611 [547885125688] DEBUG - [FFMPEG] - nal_unit_type: 1(Coded slice of a non-IDR picture), nal_ref_idc: 2
Jul 11, 2026 02:30:23.615 [547885125688] DEBUG - [FFMPEG] - no picture 
Jul 11, 2026 02:30:23.656 [547885125688] DEBUG - [FFMPEG] - nal_unit_type: 1(Coded slice of a non-IDR picture), nal_ref_idc: 2
Jul 11, 2026 02:30:23.689 [547885125688] WARN - [FFMPEG] - No accelerated colorspace conversion found from yuv420p to rgb24.
Jul 11, 2026 02:30:23.817 [547885125688] DEBUG - Loaded memory image of size 1920x1010.
Jul 11, 2026 02:30:23.965 [547885125688] DEBUG - Created chapter thumbnail for metadata item 15, media item 14 for chapter number 20:7024850 at "/config/Library/Application Support/Plex Media Server/Media/localhost/d/69a59cccc7631b3e69125ebfb9d7774697f6886.bundle/Contents/Chapters/chapter20.jpg"
Jul 11, 2026 02:30:23.965 [547885125688] DEBUG - [MI] Closing input file: "/data/medios/Pelis/Como entrenar a tu dragon (2025) [Bluray 1080p][Esp]/Como entrenar a tu dragon (2025) [Bluray 1080p][Esp].mkv"
Jul 11, 2026 02:30:23.966 [547885125688] DEBUG - Generated new chapter thumbnails for Cómo entrenar a tu dragón.
