Jun 29, 2026 09:16:25.296 [547883745504] INFO - Plex Media Server v1.43.2.10687-563d026ea - Docker Docker Container (LinuxServer.io) aarch64 - build: linux-aarch64 debian - GMT 02:00
Jun 29, 2026 09:16:25.296 [547883745504] INFO - Linux version: 6.18.34+rpt-rpi-v8, language: en-US
Jun 29, 2026 09:16:25.297 [547883745504] INFO - Processor: 4-core ARM Cortex-A72
Jun 29, 2026 09:16:25.297 [547883745504] INFO - Compiler is - Clang 11.0.1 (https://plex.tv 9b997da8e5b47bdb4a9425b3a3b290be393b4b1f)
Jun 29, 2026 09:16:25.297 [547883745504] INFO - /usr/lib/plexmediaserver/Plex Media Server
Jun 29, 2026 09:16:25.296 [547981725728] DEBUG - BPQ: [Idle] -> [Starting]
Jun 29, 2026 09:16:25.297 [547981725728] DEBUG - FeatureManager: Using cached data for features list
Jun 29, 2026 09:16:25.306 [547981725728] DEBUG - MyPlex: mapping state set to 'Unknown'.
Jun 29, 2026 09:16:25.306 [547981725728] DEBUG - Relay: read 1 cached entries from hosts file
Jun 29, 2026 09:16:25.307 [547981725728] DEBUG - Opening 20 database sessions to library (com.plexapp.plugins.library), SQLite 3.39.4, threadsafe=1
Jun 29, 2026 09:16:25.402 [547981725728] DEBUG - MyPlex: using cached data for request for https://plex.tv/api/v2/server/users/features?filterFeatures[]=b83c8dc9-5a01-4b7a-a7c9-5870c8a6e21b&filterFeatures[]=926bc176-58ca-47da-b8e3-080ed14ea6ba&filterFeatures[]=ea791163-c28d-4b7c-af88-bcc9553b206d&filterFeatures[]=6ab6677b-ad9b-444f-9ca1-b8027d05b3e1&filterFeatures[]=56cd352b-0d47-436d-aced-f20db3508de5
Jun 29, 2026 09:16:25.477 [547981725728] DEBUG - [CERT] Subject name is /CN=*.ccb2c4e91d6740a0a256b1b320f70b48.plex.direct
Jun 29, 2026 09:16:25.478 [547981725728] DEBUG - [CERT] Installed certificate with fingerprint be:8b:c1:67:48:2c:3f:ce:97:6c:5e:8b:67:53:82:da:b6:2a:a0:f4.
Jun 29, 2026 09:16:25.478 [547981725728] DEBUG - [CERT/OCSP] no URL available
Jun 29, 2026 09:16:25.478 [547981725728] WARN - [CERT/OCSP] getCertInfo failed; skipping stapling
Jun 29, 2026 09:16:25.478 [547981725728] DEBUG - HttpServer: Listening on IPv6 as well as IPv4.
Jun 29, 2026 09:16:25.478 [547981725728] DEBUG - HttpServer: Listening on port 32400.
Jun 29, 2026 09:16:25.478 [547981725728] DEBUG - HttpServer: Listening on port 32401.
Jun 29, 2026 09:16:25.478 [547981725728] DEBUG - Running server...
Jun 29, 2026 09:16:25.479 [547865981152] DEBUG - HttpServer: Set up a thread pool with 2 threads.
Jun 29, 2026 09:16:25.479 [547981725728] INFO - Running migrations. (EPG 0)
Jun 29, 2026 09:16:25.480 [547981725728] DEBUG - Captured session 0.
Jun 29, 2026 09:16:25.480 [547981725728] DEBUG - Captured session 1.
Jun 29, 2026 09:16:25.480 [547981725728] DEBUG - Captured session 2.
Jun 29, 2026 09:16:25.480 [547981725728] DEBUG - Captured session 3.
Jun 29, 2026 09:16:25.480 [547981725728] DEBUG - Captured session 4.
Jun 29, 2026 09:16:25.480 [547981725728] DEBUG - Captured session 5.
Jun 29, 2026 09:16:25.480 [547981725728] DEBUG - Captured session 6.
Jun 29, 2026 09:16:25.480 [547981725728] DEBUG - Captured session 7.
Jun 29, 2026 09:16:25.480 [547981725728] DEBUG - Captured session 8.
Jun 29, 2026 09:16:25.480 [547981725728] DEBUG - Captured session 9.
Jun 29, 2026 09:16:25.480 [547981725728] DEBUG - Captured session 10.
Jun 29, 2026 09:16:25.480 [547981725728] DEBUG - Captured session 11.
Jun 29, 2026 09:16:25.480 [547981725728] DEBUG - Captured session 12.
Jun 29, 2026 09:16:25.480 [547981725728] DEBUG - Captured session 13.
Jun 29, 2026 09:16:25.480 [547981725728] DEBUG - Captured session 14.
Jun 29, 2026 09:16:25.480 [547981725728] DEBUG - Captured session 15.
Jun 29, 2026 09:16:25.480 [547981725728] DEBUG - Captured session 16.
Jun 29, 2026 09:16:25.480 [547981725728] DEBUG - Captured session 17.
Jun 29, 2026 09:16:25.480 [547981725728] DEBUG - Captured session 18.
Jun 29, 2026 09:16:25.480 [547981725728] DEBUG - Captured session 19.
Jun 29, 2026 09:16:25.497 [547981725728] DEBUG - ChangestampAllocator: initialized to 1110
Jun 29, 2026 09:16:25.497 [547981725728] DEBUG - Opening 2 database sessions to library (com.plexapp.plugins.library.blobs), SQLite 3.39.4, threadsafe=1
Jun 29, 2026 09:16:25.507 [547981725728] INFO - Running migrations. (EPG 0)
Jun 29, 2026 09:16:25.508 [547981725728] DEBUG - Captured session 0.
Jun 29, 2026 09:16:25.508 [547981725728] DEBUG - Captured session 1.
Jun 29, 2026 09:16:25.576 [547878998240] DEBUG - Grabber: Cleaning up orphaned grabs.
Jun 29, 2026 09:16:25.577 [547981725728] DEBUG - Media Provider: Registering provider com.plexapp.plugins.library
Jun 29, 2026 09:16:25.577 [547981725728] DEBUG - Auth: Refreshing tokens inside the token-based authentication filter.
Jun 29, 2026 09:16:25.578 [547981725728] DEBUG - MyPlex: using cached data for request for https://plex.tv/api/v2/server/access_tokens?auth_token=xxxxxxxxxxxxxxxxxxxx
Jun 29, 2026 09:16:25.578 [547981725728] DEBUG - MyPlex: updating with 5 access tokens
Jun 29, 2026 09:16:25.578 [547981725728] DEBUG - MyPlex: using cached data for request for https://plex.tv/api/v2/server/users?auth_token=xxxxxxxxxxxxxxxxxxxx
Jun 29, 2026 09:16:25.579 [547981725728] DEBUG - MyPlex: using cached data for request for https://plex.tv/api/v2/server/users/subscriptions?auth_token=xxxxxxxxxxxxxxxxxxxx
Jun 29, 2026 09:16:25.579 [547981725728] DEBUG - MyPlex: using cached data for request for https://plex.tv/api/v2/server/users/services?auth_token=xxxxxxxxxxxxxxxxxxxx
Jun 29, 2026 09:16:25.580 [547859620064] DEBUG - Auth: Refreshing tokens inside the token-based authentication filter.
Jun 29, 2026 09:16:25.580 [547859620064] DEBUG - [HCl#1] HTTP requesting GET https://plex.tv/api/v2/server/access_tokens?auth_token=xxxxxxxxxxxxxxxxxxxx
Jun 29, 2026 09:16:25.581 [547981725728] DEBUG - Opening 1 database sessions to library (), SQLite 3.39.4, threadsafe=1
Jun 29, 2026 09:16:25.586 [547878998240] DEBUG - Grabber: Cleaned up 0 decrepit directories in 0.0 sec.
Jun 29, 2026 09:16:25.587 [547853062368] DEBUG - File "/usr/lib/plexmediaserver/Resources/Plug-ins-563d026ea" changed: -1 => 2026-06-22 16:50:29 (1782139829).
Jun 29, 2026 09:16:25.588 [547853062368] DEBUG - File "/config/Library/Application Support/Plex Media Server/Plug-ins" changed: -1 => 2026-06-28 15:50:00 (1782654600).
Jun 29, 2026 09:16:25.588 [547853062368] DEBUG - Scanning for plug-ins in "/usr/lib/plexmediaserver/Resources/Plug-ins-563d026ea"
Jun 29, 2026 09:16:25.591 [547853062368] DEBUG - Scanning for plug-ins in "/config/Library/Application Support/Plex Media Server/Plug-ins"
Jun 29, 2026 09:16:25.592 [547853062368] DEBUG - PluginRepository::setStartState: 1, startingSystem
Jun 29, 2026 09:16:25.592 [547853062368] DEBUG - Starting plug-in /usr/lib/plexmediaserver/Resources/Plug-ins-563d026ea/System.bundle.
Jun 29, 2026 09:16:25.593 [547853062368] DEBUG - [com.plexapp.system] Setting plug-in to always running (daemon mode).
Jun 29, 2026 09:16:25.594 [547853062368] DEBUG - Starting file watcher for com.plexapp.system
Jun 29, 2026 09:16:25.595 [547853062368] DEBUG - Plugin: setting environment variable: 'PYTHONHOME=/usr/lib/plexmediaserver/Resources/Python'
Jun 29, 2026 09:16:25.595 [547853062368] DEBUG - Plugin: setting environment variable: 'PYTHONPATH=/usr/lib/plexmediaserver/Resources/Python/python27.zip:/usr/lib/plexmediaserver/Resources/Python/lib/python2.7/site-packages'
Jun 29, 2026 09:16:25.597 [547853062368] DEBUG - Spawned plug-in com.plexapp.system with PID 210
Jun 29, 2026 09:16:25.597 [547853062368] DEBUG - [com.plexapp.system] Sending command: GET /:/prefixes
Jun 29, 2026 09:16:25.989 [547857510624] DEBUG - [HttpClient/HCl#1] HTTP/1.1 (0.4s) 200 response from GET https://plex.tv/api/v2/server/access_tokens?auth_token=xxxxxxxxxxxxxxxxxxxx
Jun 29, 2026 09:16:25.991 [547859620064] DEBUG - MyPlex: updating with 5 access tokens
Jun 29, 2026 09:16:25.992 [547859620064] DEBUG - [HCl#2] HTTP requesting GET https://plex.tv/api/v2/server/users?auth_token=xxxxxxxxxxxxxxxxxxxx
Jun 29, 2026 09:16:26.120 [547857510624] DEBUG - [HttpClient/HCl#2] HTTP/1.1 (0.1s) 200 response from GET https://plex.tv/api/v2/server/users?auth_token=xxxxxxxxxxxxxxxxxxxx (reused)
Jun 29, 2026 09:16:26.122 [547848843488] DEBUG - [HCl#3] HTTP requesting GET https://plex.tv/api/v2/server/users/subscriptions?auth_token=xxxxxxxxxxxxxxxxxxxx
Jun 29, 2026 09:16:26.245 [547857510624] DEBUG - [HttpClient/HCl#3] HTTP/1.1 (0.1s) 200 response from GET https://plex.tv/api/v2/server/users/subscriptions?auth_token=xxxxxxxxxxxxxxxxxxxx (reused)
Jun 29, 2026 09:16:26.247 [547848843488] DEBUG - MyPlex: using cached data for request for https://plex.tv/api/v2/server/users/services?auth_token=xxxxxxxxxxxxxxxxxxxx
Jun 29, 2026 09:16:26.262 [547869253856] DEBUG - Request: didn't get any data from [::1]:49170: End of file
Jun 29, 2026 09:16:27.286 [547878998240] DEBUG - [JobRunner] Job running: /usr/lib/plexmediaserver/CrashUploader "--directory=/config/Library/Application Support/Plex Media Server/Crash Reports/1.43.2.10687-563d026ea" --version=1.43.2.10687-563d026ea --platform=Linux --platformVersion=6.18.34+rpt-rpi-v8 --serverUuid=852d69654ed685d07d2d7f072dec0b61ea7d12ba --userId=nmatas53@gmail.com --sentryUrl=https://o17675.ingest.sentry.io/api/1233455/ --sentryKey=xxxxxxxxxxxxxxxxxxxxxxxxxxxxxxxx --vendor=Docker --model=aarch64 "--device=Docker Container (LinuxServer.io)"
Jun 29, 2026 09:16:27.309 [547878998240] DEBUG - [JobRunner] Jobs: Starting child process with pid 230
Jun 29, 2026 09:16:27.318 [547881545952] DEBUG - Jobs: '/usr/lib/plexmediaserver/CrashUploader' exit code for process 230 is 0 (success)
Jun 29, 2026 09:16:28.733 [547844624608] DEBUG - Request: [127.0.0.1:49168 (Loopback)] GET / (3 live) #4 GZIP Token ()
Jun 29, 2026 09:16:28.737 [547846734048] DEBUG - Request: [127.0.0.1:49162 (Loopback)] GET /:/plugins/com.plexapp.system/messaging/function/X0J1bmRsZVNlcnZpY2U6QWxsU2VydmljZXM_/Y2VyZWFsMQoxCmxpc3QKMApyMAo_/Y2VyZWFsMQoxCmRpY3QKMApyMAo_ (4 live) #3 GZIP Token ()
Jun 29, 2026 09:16:28.739 [547871363296] DEBUG - Completed: [127.0.0.1:49168] 503 GET / (4 live) #4 GZIP 6ms 436 bytes
Jun 29, 2026 09:16:28.739 [547869253856] DEBUG - Completed: [127.0.0.1:49162] 503 GET /:/plugins/com.plexapp.system/messaging/function/X0J1bmRsZVNlcnZpY2U6QWxsU2VydmljZXM_/Y2VyZWFsMQoxCmxpc3QKMApyMAo_/Y2VyZWFsMQoxCmRpY3QKMApyMAo_ (4 live) #3 GZIP 8ms 436 bytes
Jun 29, 2026 09:16:28.992 [547859620064] DEBUG - [MediaProviderManager] Refreshing media providers
Jun 29, 2026 09:16:28.992 [547859620064] DEBUG - [MediaProviderManager/Response::fetch/HCl#4] HTTP requesting GET https://plex.tv/media/providers
Jun 29, 2026 09:16:29.107 [547857510624] DEBUG - [HttpClient/HCl#4] HTTP/1.1 (0.1s) 200 response from GET https://plex.tv/media/providers (reused)
Jun 29, 2026 09:16:29.109 [547859620064] DEBUG - [MediaProviderManager] discovered cloud provider (Movies & Shows)
Jun 29, 2026 09:16:29.109 [547859620064] DEBUG - [MediaProviderManager] discovered cloud provider (Metadata)
Jun 29, 2026 09:16:29.109 [547859620064] DEBUG - [MediaProviderManager] loading cloud provider details (Metadata) (alive: 0)
Jun 29, 2026 09:16:29.109 [547842515168] DEBUG - [MediaProviderManager/HCl#6] HTTP requesting GET https://vod.provider.plex.tv?includePreferences=1
Jun 29, 2026 09:16:29.211 [547857510624] DEBUG - [HttpClient/HCl#6] HTTP/2.0 (0.1s) 200 response from GET https://vod.provider.plex.tv?includePreferences=1
Jun 29, 2026 09:16:29.220 [547859620064] DEBUG - [MediaProviderManager] loading cloud provider details (Movies & Shows) (alive: 1)
Jun 29, 2026 09:16:29.220 [547859620064] DEBUG - [MediaProviderManager] we had 0 cloud providers online, we now have 2
Jun 29, 2026 09:16:29.220 [547859620064] DEBUG - [MediaProviderManager] cloud provider (Metadata) is online and available
Jun 29, 2026 09:16:29.220 [547859620064] DEBUG - [MediaProviderManager] cloud provider (Movies & Shows) is online and available
Jun 29, 2026 09:16:29.220 [547859620064] DEBUG - [MediaProviderManager/MetadataAgentManager] attempted to online our built-in agents but we're not yet signed in
Jun 29, 2026 09:16:29.220 [547859620064] DEBUG - [MediaProviderManager] Media provider refresh complete
Jun 29, 2026 09:16:31.235 [547844624608] DEBUG - Request: [127.0.0.1:55844 (Loopback)] GET /servers (4 live) #5 GZIP Token ()
Jun 29, 2026 09:16:31.236 [547871363296] DEBUG - Completed: [127.0.0.1:55844] 503 GET /servers (4 live) #5 GZIP 0ms 436 bytes
Jun 29, 2026 09:16:31.266 [547853062368] DEBUG - Reading 486 bytes in the body, code is 200
Jun 29, 2026 09:16:31.267 [547853062368] DEBUG - [com.plexapp.system] Plug-in running on port 37337.
Jun 29, 2026 09:16:31.267 [547853062368] DEBUG -  * Plug-in handles prefix: /system
Jun 29, 2026 09:16:31.267 [547853062368] DEBUG -  * Plug-in handles prefix: /player
Jun 29, 2026 09:16:31.267 [547853062368] DEBUG - Read configuration for [com.plexapp.system], had 2 prefixes
Jun 29, 2026 09:16:31.267 [547853062368] DEBUG - Done with 1 synchronous plug-in starts, starting the rest in parallel.
Jun 29, 2026 09:16:31.267 [547853062368] DEBUG - PluginRepository::setStartState: 2, startingPlugins
Jun 29, 2026 09:16:31.267 [547853062368] DEBUG - Updating the list of agents known by the system.
Jun 29, 2026 09:16:31.267 [547853062368] DEBUG - [com.plexapp.system] Sending command over HTTP (GET): /system/agents
Jun 29, 2026 09:16:31.267 [547853062368] DEBUG - [HCl#8] HTTP requesting GET http://127.0.0.1:37337/system/agents
Jun 29, 2026 09:16:31.268 [547981725728] DEBUG - Image transcode cache directory: "/config/Library/Application Support/Plex Media Server/Cache/PhotoTranscoder"
Jun 29, 2026 09:16:31.269 [547981725728] DEBUG - Transcoder: Cleaning old transcode directories.
Jun 29, 2026 09:16:31.271 [547981725728] DEBUG - MyPlex: using cached data for request for https://plex.tv/api/v2/server/access_tokens?auth_token=xxxxxxxxxxxxxxxxxxxx
Jun 29, 2026 09:16:31.271 [547981725728] DEBUG - MyPlex: updating with 5 access tokens
Jun 29, 2026 09:16:31.271 [547981725728] DEBUG - MyPlex: using cached data for request for https://plex.tv/api/v2/server/users?auth_token=xxxxxxxxxxxxxxxxxxxx
Jun 29, 2026 09:16:31.272 [547981725728] DEBUG - MyPlex: using cached data for request for https://plex.tv/api/v2/server/users/subscriptions?auth_token=xxxxxxxxxxxxxxxxxxxx
Jun 29, 2026 09:16:31.272 [547981725728] DEBUG - MyPlex: using cached data for request for https://plex.tv/api/v2/server/users/services?auth_token=xxxxxxxxxxxxxxxxxxxx
Jun 29, 2026 09:16:31.273 [547981725728] DEBUG - MyPlex: using cached data for request for https://plex.tv/api/v2/user?includeSubscriptions=1&includeProviders=1
Jun 29, 2026 09:16:31.275 [547981725728] DEBUG - MyPlex: username is narcsm, login is nmatas53@gmail.com, home is 1, no pin
Jun 29, 2026 09:16:31.367 [547857510624] DEBUG - [HttpClient/HCl#8] HTTP/1.1 (0.1s) 200 response from GET http://127.0.0.1:37337/system/agents
Jun 29, 2026 09:16:31.367 [547853062368] DEBUG - [com.plexapp.system] HTTP reply status 200, with 8986 bytes of content.
Jun 29, 2026 09:16:31.373 [547853062368] DEBUG - The system knows about 12 agents.
Jun 29, 2026 09:16:31.373 [547838296288] DEBUG - Starting plug-in /usr/lib/plexmediaserver/Resources/Plug-ins-563d026ea/PersonalMedia.bundle.
Jun 29, 2026 09:16:31.373 [547836186848] DEBUG - Starting plug-in /usr/lib/plexmediaserver/Resources/Plug-ins-563d026ea/WebClient.bundle.
Jun 29, 2026 09:16:31.374 [547834077408] DEBUG - Starting plug-in /usr/lib/plexmediaserver/Resources/Plug-ins-563d026ea/Framework.bundle.
Jun 29, 2026 09:16:31.374 [547853062368] DEBUG - Waiting for 16 plug-ins to finish starting.
Jun 29, 2026 09:16:31.376 [547836186848] DEBUG - Starting plug-in /usr/lib/plexmediaserver/Resources/Plug-ins-563d026ea/HTbackdrops.bundle.
Jun 29, 2026 09:16:31.377 [547838296288] DEBUG - Perfect cache hit, we don't need to start [com.plexapp.agents.none] yet.
Jun 29, 2026 09:16:31.377 [547838296288] DEBUG - Starting plug-in /usr/lib/plexmediaserver/Resources/Plug-ins-563d026ea/Media-Flags.bundle.
Jun 29, 2026 09:16:31.377 [547834077408] DEBUG - Starting plug-in /usr/lib/plexmediaserver/Resources/Plug-ins-563d026ea/PlexMovie.bundle.
Jun 29, 2026 09:16:31.380 [547838296288] DEBUG - Starting plug-in /usr/lib/plexmediaserver/Resources/Plug-ins-563d026ea/LyricFind.bundle.
Jun 29, 2026 09:16:31.380 [547834077408] DEBUG - Perfect cache hit, we don't need to start [com.plexapp.agents.imdb] yet.
Jun 29, 2026 09:16:31.380 [547834077408] DEBUG - Starting plug-in /usr/lib/plexmediaserver/Resources/Plug-ins-563d026ea/Scanners.bundle.
Jun 29, 2026 09:16:31.382 [547836186848] DEBUG - Perfect cache hit, we don't need to start [com.plexapp.agents.htbackdrops] yet.
Jun 29, 2026 09:16:31.382 [547836186848] DEBUG - Starting plug-in /usr/lib/plexmediaserver/Resources/Plug-ins-563d026ea/MoviePosterDB.bundle.
Jun 29, 2026 09:16:31.384 [547834077408] DEBUG - Starting plug-in /usr/lib/plexmediaserver/Resources/Plug-ins-563d026ea/TheMovieDB.bundle.
Jun 29, 2026 09:16:31.384 [547838296288] DEBUG - Perfect cache hit, we don't need to start [com.plexapp.agents.lyricfind] yet.
Jun 29, 2026 09:16:31.385 [547838296288] DEBUG - Starting plug-in /usr/lib/plexmediaserver/Resources/Plug-ins-563d026ea/LastFM.bundle.
Jun 29, 2026 09:16:31.385 [547836186848] DEBUG - Perfect cache hit, we don't need to start [com.plexapp.agents.movieposterdb] yet.
Jun 29, 2026 09:16:31.385 [547836186848] DEBUG - Starting plug-in /usr/lib/plexmediaserver/Resources/Plug-ins-563d026ea/TheTVDBv4.bundle.
Jun 29, 2026 09:16:31.388 [547836186848] DEBUG - Perfect cache hit, we don't need to start [com.plexapp.agents.thetvdb] yet.
Jun 29, 2026 09:16:31.388 [547836186848] DEBUG - Starting plug-in /usr/lib/plexmediaserver/Resources/Plug-ins-563d026ea/LocalMedia.bundle.
Jun 29, 2026 09:16:31.389 [547838296288] DEBUG - Perfect cache hit, we don't need to start [com.plexapp.agents.lastfm] yet.
Jun 29, 2026 09:16:31.389 [547838296288] DEBUG - Starting plug-in /usr/lib/plexmediaserver/Resources/Plug-ins-563d026ea/PlexThemeMusic.bundle.
Jun 29, 2026 09:16:31.390 [547834077408] DEBUG - Perfect cache hit, we don't need to start [com.plexapp.agents.themoviedb] yet.
Jun 29, 2026 09:16:31.390 [547834077408] DEBUG - Starting plug-in /usr/lib/plexmediaserver/Resources/Plug-ins-563d026ea/Musicbrainz.bundle.
Jun 29, 2026 09:16:31.392 [547836186848] DEBUG - Perfect cache hit, we don't need to start [com.plexapp.agents.localmedia] yet.
Jun 29, 2026 09:16:31.392 [547836186848] DEBUG - Starting plug-in /usr/lib/plexmediaserver/Resources/Plug-ins-563d026ea/Fanart-TV.bundle.
Jun 29, 2026 09:16:31.393 [547838296288] DEBUG - Perfect cache hit, we don't need to start [com.plexapp.agents.plexthememusic] yet.
Jun 29, 2026 09:16:31.394 [547834077408] DEBUG - Perfect cache hit, we don't need to start [org.musicbrainz.agents.music] yet.
Jun 29, 2026 09:16:31.395 [547836186848] DEBUG - Perfect cache hit, we don't need to start [com.plexapp.agents.fanarttv] yet.
Jun 29, 2026 09:16:31.395 [547853062368] DEBUG - Starting scheduled updates, every 3600 seconds
Jun 29, 2026 09:16:31.395 [547853062368] INFO - LibraryUpdateManager path watching is disabled
Jun 29, 2026 09:16:31.395 [547853062368] DEBUG - Done waiting for all plug-ins to start.
Jun 29, 2026 09:16:31.395 [547853062368] DEBUG - Creating NetworkServices singleton.
Jun 29, 2026 09:16:31.396 [547853062368] DEBUG - PluginRepository::setStartState: 3, complete
Jun 29, 2026 09:16:31.396 [547815026912] DEBUG - Downloading document http://127.0.0.1:32400/:/plugins/com.plexapp.agents.imdb/prefs
Jun 29, 2026 09:16:31.397 [547815026912] DEBUG - Translator: Found locale sk
Jun 29, 2026 09:16:31.397 [547815026912] DEBUG - Translator: Found locale et_EE
Jun 29, 2026 09:16:31.397 [547815026912] DEBUG - Translator: Found locale pl
Jun 29, 2026 09:16:31.397 [547815026912] DEBUG - Translator: Found locale cs_CZ
Jun 29, 2026 09:16:31.397 [547815026912] DEBUG - Translator: Found locale ja_JP
Jun 29, 2026 09:16:31.397 [547815026912] DEBUG - Translator: Found locale da
Jun 29, 2026 09:16:31.397 [547815026912] DEBUG - Translator: Found locale no
Jun 29, 2026 09:16:31.397 [547815026912] DEBUG - Translator: Found locale af
Jun 29, 2026 09:16:31.397 [547815026912] DEBUG - Translator: Found locale uk
Jun 29, 2026 09:16:31.397 [547815026912] DEBUG - Translator: Found locale fi
Jun 29, 2026 09:16:31.397 [547815026912] DEBUG - Translator: Found locale nl_BE
Jun 29, 2026 09:16:31.397 [547815026912] DEBUG - Translator: Found locale sl
Jun 29, 2026 09:16:31.397 [547815026912] DEBUG - Translator: Found locale zh_CN
Jun 29, 2026 09:16:31.397 [547815026912] DEBUG - Translator: Found locale sr
Jun 29, 2026 09:16:31.397 [547815026912] DEBUG - Translator: Found locale sv
Jun 29, 2026 09:16:31.397 [547815026912] DEBUG - Translator: Found locale lt
Jun 29, 2026 09:16:31.397 [547815026912] DEBUG - Translator: Found locale pt
Jun 29, 2026 09:16:31.397 [547815026912] DEBUG - Translator: Found locale fr
Jun 29, 2026 09:16:31.397 [547815026912] DEBUG - Translator: Found locale ar
Jun 29, 2026 09:16:31.397 [547815026912] DEBUG - Translator: Found locale it
Jun 29, 2026 09:16:31.397 [547815026912] DEBUG - Translator: Found locale pt_BR
Jun 29, 2026 09:16:31.397 [547815026912] DEBUG - Translator: Found locale ko
Jun 29, 2026 09:16:31.397 [547815026912] DEBUG - Translator: Found locale hu
Jun 29, 2026 09:16:31.397 [547815026912] DEBUG - Translator: Found locale es
Jun 29, 2026 09:16:31.397 [547815026912] DEBUG - Translator: Found locale nl
Jun 29, 2026 09:16:31.397 [547815026912] DEBUG - Translator: Found locale ro
Jun 29, 2026 09:16:31.397 [547815026912] DEBUG - Translator: Found locale he
Jun 29, 2026 09:16:31.397 [547815026912] DEBUG - Translator: Found locale ru
Jun 29, 2026 09:16:31.397 [547815026912] DEBUG - Translator: Found locale hu_HU
Jun 29, 2026 09:16:31.397 [547815026912] DEBUG - Translator: Found locale en
Jun 29, 2026 09:16:31.397 [547815026912] DEBUG - Translator: Found locale de
Jun 29, 2026 09:16:31.397 [547815026912] DEBUG - Translator: Found locale hr_HR
Jun 29, 2026 09:16:31.406 [547815026912] DEBUG - [Req#a] Starting file watcher for com.plexapp.agents.imdb
Jun 29, 2026 09:16:31.406 [547815026912] DEBUG - [Req#a] Plugin: setting environment variable: 'PYTHONHOME=/usr/lib/plexmediaserver/Resources/Python'
Jun 29, 2026 09:16:31.406 [547815026912] DEBUG - [Req#a] Plugin: setting environment variable: 'PYTHONPATH=/usr/lib/plexmediaserver/Resources/Python/python27.zip:/usr/lib/plexmediaserver/Resources/Python/lib/python2.7/site-packages'
Jun 29, 2026 09:16:31.408 [547815026912] DEBUG - [Req#a] Spawned plug-in com.plexapp.agents.imdb with PID 293
Jun 29, 2026 09:16:31.408 [547815026912] DEBUG - [Req#a] [com.plexapp.agents.imdb] Sending command: GET /:/prefixes
Jun 29, 2026 09:16:31.674 [547981725728] DEBUG - MyPlex: start public ip check and mapping - current mapped state: 'Unknown'.
Jun 29, 2026 09:16:31.674 [547981725728] DEBUG - MyPlex: mapping state set to 'Not Mapped'.
Jun 29, 2026 09:16:31.674 [547981725728] DEBUG - PublicAddressManager: Starting.
Jun 29, 2026 09:16:31.674 [547981725728] DEBUG - PublicAddressManager: Obtaining public address and mapping port.
Jun 29, 2026 09:16:31.674 [547835691232] DEBUG - [HCl#9] HTTP requesting GET https://plex.tv/api/v2/user?includeSubscriptions=1&includeProviders=1
Jun 29, 2026 09:16:31.675 [547842515168] DEBUG - PublicAddressManager: Obtaining public IP.
Jun 29, 2026 09:16:31.675 [547831935200] DEBUG - NAT: UPnP, attempting port mapping.
Jun 29, 2026 09:16:31.675 [547842515168] DEBUG - [HCl#a] HTTP requesting GET https://v4.plex.tv/pms/:/ip
Jun 29, 2026 09:16:31.676 [547981725728] DEBUG - NetworkInterface: Starting watch thread.
Jun 29, 2026 09:16:31.676 [547981725728] DEBUG - Network change.
Jun 29, 2026 09:16:31.676 [547981725728] DEBUG - NetworkInterface: Notified of network changed (force=0)
Jun 29, 2026 09:16:31.676 [547808698592] DEBUG - NetworkInterface: Watching for changes on the interfaces.
Jun 29, 2026 09:16:31.677 [547981725728] DEBUG - Detected primary interface: 192.168.1.137
Jun 29, 2026 09:16:31.677 [547981725728] DEBUG - Network interfaces:
Jun 29, 2026 09:16:31.677 [547981725728] DEBUG -  * 1 lo (127.0.0.1) (00-00-00-00-00-00) (loopback: 1)
Jun 29, 2026 09:16:31.677 [547981725728] DEBUG -  * 3 wlan0 (192.168.1.137) (D8-3A-DD-1E-12-38) (loopback: 0)
Jun 29, 2026 09:16:31.677 [547981725728] DEBUG -  * 1078 br-dd5e653b9d1d (172.22.0.1) (02-42-2B-7E-A1-F6) (loopback: 0)
Jun 29, 2026 09:16:31.677 [547981725728] DEBUG -  * 1 lo (::1) (00-00-00-00-00-00) (loopback: 1)
Jun 29, 2026 09:16:31.677 [547981725728] DEBUG - NetworkServices: Initializing...
Jun 29, 2026 09:16:31.677 [547981725728] DEBUG - NetworkService: Creating new service.
Jun 29, 2026 09:16:31.677 [547981725728] DEBUG - NetworkService: Got notification of changed network (first change: 1)
Jun 29, 2026 09:16:31.677 [547981725728] DEBUG - NetworkService: Quick dispatch of network change.
Jun 29, 2026 09:16:31.677 [547981725728] DEBUG - NetworkService: Creating new service.
Jun 29, 2026 09:16:31.677 [547812917472] DEBUG - Network change for advertiser.
Jun 29, 2026 09:16:31.677 [547981725728] DEBUG - NetworkService: Got notification of changed network (first change: 1)
Jun 29, 2026 09:16:31.677 [547981725728] DEBUG - NetworkService: Quick dispatch of network change.
Jun 29, 2026 09:16:31.677 [547981725728] DEBUG - NetworkService: Creating new service.
Jun 29, 2026 09:16:31.677 [547812917472] DEBUG - NetworkService: Setting up multicast listener on 0.0.0.0:32414
Jun 29, 2026 09:16:31.677 [547981725728] DEBUG - NetworkService: Got notification of changed network (first change: 1)
Jun 29, 2026 09:16:31.677 [547981725728] DEBUG - NetworkService: Quick dispatch of network change.
Jun 29, 2026 09:16:31.677 [547981725728] DEBUG - NetworkService: Creating new service.
Jun 29, 2026 09:16:31.677 [547981725728] DEBUG - NetworkService: Got notification of changed network (first change: 1)
Jun 29, 2026 09:16:31.677 [547981725728] DEBUG - NetworkService: Quick dispatch of network change.
Jun 29, 2026 09:16:31.677 [547981725728] DEBUG - NetworkService: Creating new service.
Jun 29, 2026 09:16:31.677 [547981725728] DEBUG - NetworkService: Got notification of changed network (first change: 1)
Jun 29, 2026 09:16:31.677 [547981725728] DEBUG - NetworkService: Quick dispatch of network change.
Jun 29, 2026 09:16:31.677 [547981725728] DEBUG - NetworkService: Creating new service.
Jun 29, 2026 09:16:31.677 [547981725728] DEBUG - NetworkService: Got notification of changed network (first change: 1)
Jun 29, 2026 09:16:31.677 [547981725728] DEBUG - NetworkService: Quick dispatch of network change.
Jun 29, 2026 09:16:31.678 [547812917472] DEBUG - Network change for advertiser.
Jun 29, 2026 09:16:31.678 [547812917472] DEBUG - NetworkService: Setting up multicast listener on 0.0.0.0:32410
Jun 29, 2026 09:16:31.679 [547812917472] DEBUG - Network change for advertiser.
Jun 29, 2026 09:16:31.679 [547812917472] DEBUG - NetworkService: Setting up multicast listener on 0.0.0.0:32412
Jun 29, 2026 09:16:31.679 [547812917472] DEBUG - NetworkService: Network change for browser (polled=0), closing 0 browse sockets.
Jun 29, 2026 09:16:31.679 [547812917472] DEBUG - NetworkService: Setting up multicast listener on 0.0.0.0:32413
Jun 29, 2026 09:16:31.680 [547812917472] DEBUG - NetworkService: Browsing on interface 127.0.0.1 on broadcast address 127.255.255.255 (index: 0)
Jun 29, 2026 09:16:31.680 [547812917472] DEBUG - NetworkService: Browsing on interface 192.168.1.137 on broadcast address 192.168.1.255 (index: 1)
Jun 29, 2026 09:16:31.680 [547812917472] DEBUG - NetworkService: Browsing on interface 172.22.0.1 on broadcast address 172.22.255.255 (index: 2)
Jun 29, 2026 09:16:31.682 [547806589152] DEBUG - [ChildProcessMonitor] Plex Tuner Service starting.
Jun 29, 2026 09:16:31.682 [547812917472] DEBUG - NetworkService: Network change for browser (polled=1), closing 0 browse sockets.
Jun 29, 2026 09:16:31.682 [547806589152] DEBUG - [ChildProcessMonitor/JobRunner] Job running: "/usr/lib/plexmediaserver/Plex Tuner Service" /usr/lib/plexmediaserver/Resources/Tuner/Private /usr/lib/plexmediaserver/Resources/Tuner/Shared 1.43.2.10687-563d026ea 32600
Jun 29, 2026 09:16:31.682 [547812917472] DEBUG - NetworkService: Browsing on interface 127.0.0.1 on broadcast address 127.255.255.255 (index: 0)
Jun 29, 2026 09:16:31.682 [547812917472] DEBUG - NetworkService: Browsing on interface 192.168.1.137 on broadcast address 192.168.1.255 (index: 1)
Jun 29, 2026 09:16:31.682 [547812917472] DEBUG - NetworkService: Browsing on interface 172.22.0.1 on broadcast address 172.22.255.255 (index: 2)
Jun 29, 2026 09:16:31.682 [547812917472] DEBUG - NetworkService: Network change for browser (polled=0), closing 0 browse sockets.
Jun 29, 2026 09:16:31.682 [547812917472] DEBUG - NetworkService: Setting up multicast listener on 0.0.0.0:1901
Jun 29, 2026 09:16:31.685 [547812917472] DEBUG - NetworkService: Browsing on interface 192.168.1.137 on broadcast address 239.255.255.250 (index: 0)
Jun 29, 2026 09:16:31.685 [547812917472] DEBUG - NetworkService: Browsing on interface 172.22.0.1 on broadcast address 239.255.255.250 (index: 1)
Jun 29, 2026 09:16:31.686 [547859620064] DEBUG - [HCl#b] HTTP requesting GET https://plex.tv/api/v2/release_channels?X-Plex-Token=xxxxxxxxxxxxxxxxxxxx
Jun 29, 2026 09:16:31.687 [547827716320] DEBUG - [HCl#c] HTTP requesting GET https://plex.tv/api/v2/user/privacy?X-Plex-Token=xxxxxxxxxxxxxxxxxxxx
Jun 29, 2026 09:16:31.689 [547981725728] DEBUG - Waiting for server condition to be signaled.
Jun 29, 2026 09:16:31.689 [547819245792] DEBUG - [HCl#d] HTTP requesting GET https://plex.tv/api/v2/features?X-Plex-Token=xxxxxxxxxxxxxxxxxxxx
Jun 29, 2026 09:16:31.689 [547804479712] DEBUG - DVR: Starting up.
Jun 29, 2026 09:16:31.690 [547878998240] DEBUG - [DatabaseFixups] Running fix-ups.
Jun 29, 2026 09:16:31.690 [547878998240] DEBUG - [DatabaseFixups/31DatabaseFixupsCleanupRetroGames] Executing fixup
Jun 29, 2026 09:16:31.691 [547806589152] DEBUG - [ChildProcessMonitor/JobRunner] Jobs: Starting child process with pid 298
Jun 29, 2026 09:16:31.691 [547878998240] DEBUG - [DatabaseFixups/31DatabaseFixupsCleanupRetroGames] Fixup completed
Jun 29, 2026 09:16:31.691 [547878998240] DEBUG - [DatabaseFixups/39DatabaseFixupsEnsureLibrarySectionUuids] Executing fixup
Jun 29, 2026 09:16:31.692 [547804479712] DEBUG - Activity: registered new activity 1c5ca014-fc93-438a-bf2f-0efc25074832 - "Processing subscriptions"
Jun 29, 2026 09:16:31.694 [547878998240] DEBUG - [DatabaseFixups/39DatabaseFixupsEnsureLibrarySectionUuids] Fixup completed
Jun 29, 2026 09:16:31.694 [547878998240] DEBUG - [DatabaseFixups/38DatabaseFixupsEnsureMetadataItemHashes] Executing fixup
Jun 29, 2026 09:16:31.694 [547878998240] DEBUG - [DatabaseFixups/38DatabaseFixupsEnsureMetadataItemHashes] Fixup completed
Jun 29, 2026 09:16:31.694 [547878998240] DEBUG - [DatabaseFixups/39DatabaseFixupsSetDefaultAccountLanguage] Executing fixup
Jun 29, 2026 09:16:31.695 [547878998240] DEBUG - [DatabaseFixups/39DatabaseFixupsSetDefaultAccountLanguage] Fixup completed
Jun 29, 2026 09:16:31.695 [547878998240] DEBUG - [DatabaseFixups/52DatabaseFixupsCreateDefaultMediaProcessingTargetTags] Executing fixup
Jun 29, 2026 09:16:31.696 [547878998240] DEBUG - [DatabaseFixups/52DatabaseFixupsCreateDefaultMediaProcessingTargetTags] Fixup completed
Jun 29, 2026 09:16:31.696 [547878998240] DEBUG - [DatabaseFixups/43DatabaseFixupsUpdateAutomaticLibraryFolders] Executing fixup
Jun 29, 2026 09:16:31.696 [547878998240] DEBUG - [DatabaseFixups/43DatabaseFixupsUpdateAutomaticLibraryFolders] Fixup completed
Jun 29, 2026 09:16:31.696 [547878998240] DEBUG - [DatabaseFixups/29DatabaseFixupsSyncCollections] Executing fixup
Jun 29, 2026 09:16:31.699 [547878998240] DEBUG - [DatabaseFixups/29DatabaseFixupsSyncCollections] Collections: Found 0 collections tags in section 1.
Jun 29, 2026 09:16:31.699 [547878998240] DEBUG - [DatabaseFixups/29DatabaseFixupsSyncCollections] Collections: We had 0 collections in the library already.
Jun 29, 2026 09:16:31.700 [547878998240] DEBUG - [DatabaseFixups/29DatabaseFixupsSyncCollections] Collections: Synced tags in section 1 in 1ms.
Jun 29, 2026 09:16:31.705 [547878998240] DEBUG - [DatabaseFixups/29DatabaseFixupsSyncCollections] Collections: Refreshed attributes for 0 collections in section 1 in 5ms.
Jun 29, 2026 09:16:31.707 [547878998240] DEBUG - [DatabaseFixups/29DatabaseFixupsSyncCollections] Collection: Refreshed visibility in section 1 in 1ms.
Jun 29, 2026 09:16:31.708 [547878998240] DEBUG - [DatabaseFixups/29DatabaseFixupsSyncCollections] Collections: Found 0 collections tags in section 2.
Jun 29, 2026 09:16:31.709 [547878998240] DEBUG - [DatabaseFixups/29DatabaseFixupsSyncCollections] Collections: We had 0 collections in the library already.
Jun 29, 2026 09:16:31.709 [547878998240] DEBUG - [DatabaseFixups/29DatabaseFixupsSyncCollections] Collections: Synced tags in section 2 in 1ms.
Jun 29, 2026 09:16:31.710 [547878998240] DEBUG - [DatabaseFixups/29DatabaseFixupsSyncCollections] Collections: Found 0 collections tags in section 2.
Jun 29, 2026 09:16:31.710 [547878998240] DEBUG - [DatabaseFixups/29DatabaseFixupsSyncCollections] Collections: We had 0 collections in the library already.
Jun 29, 2026 09:16:31.710 [547878998240] DEBUG - [DatabaseFixups/29DatabaseFixupsSyncCollections] Collections: Synced tags in section 2 in 2ms.
Jun 29, 2026 09:16:31.711 [547878998240] DEBUG - [DatabaseFixups/29DatabaseFixupsSyncCollections] Collections: Found 0 collections tags in section 2.
Jun 29, 2026 09:16:31.711 [547878998240] DEBUG - [DatabaseFixups/29DatabaseFixupsSyncCollections] Collections: We had 0 collections in the library already.
Jun 29, 2026 09:16:31.711 [547878998240] DEBUG - [DatabaseFixups/29DatabaseFixupsSyncCollections] Collections: Synced tags in section 2 in 3ms.
Jun 29, 2026 09:16:31.715 [547878998240] DEBUG - [DatabaseFixups/29DatabaseFixupsSyncCollections] Collections: Refreshed attributes for 0 collections in section 2 in 4ms.
Jun 29, 2026 09:16:31.717 [547878998240] DEBUG - [DatabaseFixups/29DatabaseFixupsSyncCollections] Collection: Refreshed visibility in section 2 in 1ms.
Jun 29, 2026 09:16:31.718 [547878998240] DEBUG - [DatabaseFixups/29DatabaseFixupsSyncCollections] Collections: Found 0 collections tags in section 3.
Jun 29, 2026 09:16:31.719 [547878998240] DEBUG - [DatabaseFixups/29DatabaseFixupsSyncCollections] Collections: We had 0 collections in the library already.
Jun 29, 2026 09:16:31.719 [547878998240] DEBUG - [DatabaseFixups/29DatabaseFixupsSyncCollections] Collections: Synced tags in section 3 in 1ms.
Jun 29, 2026 09:16:31.723 [547878998240] DEBUG - [DatabaseFixups/29DatabaseFixupsSyncCollections] Collections: Refreshed attributes for 0 collections in section 3 in 4ms.
Jun 29, 2026 09:16:31.725 [547878998240] DEBUG - [DatabaseFixups/29DatabaseFixupsSyncCollections] Collection: Refreshed visibility in section 3 in 1ms.
Jun 29, 2026 09:16:31.725 [547878998240] DEBUG - [DatabaseFixups/29DatabaseFixupsSyncCollections] Fixup completed
Jun 29, 2026 09:16:31.725 [547878998240] DEBUG - [DatabaseFixups/31DatabaseFixupsCleanupActivities] Executing fixup
Jun 29, 2026 09:16:31.725 [547878998240] DEBUG - [DatabaseFixups/31DatabaseFixupsCleanupActivities] Fixup completed
Jun 29, 2026 09:16:31.726 [547878998240] DEBUG - [DatabaseFixups/35DatabaseFixupsConsolidatePeopleTags] Executing fixup
Jun 29, 2026 09:16:31.728 [547878998240] DEBUG - [DatabaseFixups/35DatabaseFixupsConsolidatePeopleTags] Fixup completed
Jun 29, 2026 09:16:31.728 [547878998240] DEBUG - [DatabaseFixups/54DatabaseFixupsGarbageCollectTransientMetadataRelations] Executing fixup
Jun 29, 2026 09:16:31.728 [547878998240] DEBUG - [DatabaseFixups/54DatabaseFixupsGarbageCollectTransientMetadataRelations] Fixup completed
Jun 29, 2026 09:16:31.729 [547878998240] DEBUG - [DatabaseFixups/48DatabaseFixupsResetCorruptedMetadataItemClusters] Executing fixup
Jun 29, 2026 09:16:31.730 [547878998240] DEBUG - [DatabaseFixups/48DatabaseFixupsResetCorruptedMetadataItemClusters] Fixup completed
Jun 29, 2026 09:16:31.730 [547878998240] DEBUG - [DatabaseFixups] Running database fix-ups completed in 0.1 seconds.
Jun 29, 2026 09:16:31.773 [547817136352] DEBUG - PublicAddressManager: Obtaining public address and mapping port.
Jun 29, 2026 09:16:31.838 [547808698592] DEBUG - NetworkInterface: received Netlink message len=440, type=RTM_NEWLINK, flags=0x0
Jun 29, 2026 09:16:31.838 [547808698592] DEBUG - NetworkInterface: Netlink information message family=7, type=1, index=1088, flags=0x1003, change=0x0
Jun 29, 2026 09:16:31.838 [547808698592] DEBUG - Network change.
Jun 29, 2026 09:16:31.838 [547808698592] DEBUG - NetworkInterface: Notified of network changed (force=0)
Jun 29, 2026 09:16:31.864 [547808698592] DEBUG - Network change notification but nothing changed.
Jun 29, 2026 09:16:31.864 [547808698592] DEBUG - NetworkInterface: received Netlink message len=1864, type=RTM_NEWLINK, flags=0x0
Jun 29, 2026 09:16:31.864 [547808698592] DEBUG - NetworkInterface: Netlink information message family=0, type=1, index=1088, flags=0x1003, change=0x0
Jun 29, 2026 09:16:31.864 [547808698592] DEBUG - Network change.
Jun 29, 2026 09:16:31.864 [547808698592] DEBUG - NetworkInterface: Notified of network changed (force=0)
Jun 29, 2026 09:16:31.864 [547808698592] DEBUG - Network change notification but nothing changed.
Jun 29, 2026 09:16:31.864 [547808698592] DEBUG - NetworkInterface: received Netlink message len=1500, type=RTM_NEWLINK, flags=0x0
Jun 29, 2026 09:16:31.864 [547808698592] DEBUG - NetworkInterface: Netlink information message family=0, type=1, index=1087, flags=0x1002, change=0xffffffff
Jun 29, 2026 09:16:31.864 [547808698592] DEBUG - Network change.
Jun 29, 2026 09:16:31.864 [547808698592] DEBUG - NetworkInterface: Notified of network changed (force=0)
Jun 29, 2026 09:16:31.865 [547808698592] DEBUG - Network change notification but nothing changed.
Jun 29, 2026 09:16:31.911 [547808698592] DEBUG - NetworkInterface: received Netlink message len=1500, type=RTM_NEWLINK, flags=0x0
Jun 29, 2026 09:16:31.911 [547808698592] DEBUG - NetworkInterface: Netlink information message family=0, type=1, index=1087, flags=0x11003, change=0x1
Jun 29, 2026 09:16:31.911 [547808698592] DEBUG - Network change.
Jun 29, 2026 09:16:31.911 [547808698592] DEBUG - NetworkInterface: Notified of network changed (force=0)
Jun 29, 2026 09:16:31.912 [547808698592] DEBUG - Network change notification but nothing changed.
Jun 29, 2026 09:16:31.912 [547808698592] DEBUG - NetworkInterface: received Netlink message len=1500, type=RTM_NEWLINK, flags=0x0
Jun 29, 2026 09:16:31.912 [547808698592] DEBUG - NetworkInterface: Netlink information message family=0, type=1, index=1087, flags=0x11043, change=0x0
Jun 29, 2026 09:16:31.912 [547808698592] DEBUG - Network change.
Jun 29, 2026 09:16:31.912 [547808698592] DEBUG - NetworkInterface: Notified of network changed (force=0)
Jun 29, 2026 09:16:31.913 [547808698592] DEBUG - Network change notification but nothing changed.
Jun 29, 2026 09:16:31.913 [547808698592] DEBUG - NetworkInterface: received Netlink message len=440, type=RTM_NEWLINK, flags=0x0
Jun 29, 2026 09:16:31.913 [547808698592] DEBUG - NetworkInterface: Netlink information message family=7, type=1, index=1088, flags=0x11043, change=0x0
Jun 29, 2026 09:16:31.913 [547808698592] DEBUG - Network change.
Jun 29, 2026 09:16:31.913 [547808698592] DEBUG - NetworkInterface: Notified of network changed (force=0)
Jun 29, 2026 09:16:31.914 [547808698592] DEBUG - Network change notification but nothing changed.
Jun 29, 2026 09:16:31.914 [547808698592] DEBUG - NetworkInterface: received Netlink message len=440, type=RTM_NEWLINK, flags=0x0
Jun 29, 2026 09:16:31.914 [547808698592] DEBUG - NetworkInterface: Netlink information message family=7, type=1, index=1088, flags=0x11043, change=0x0
Jun 29, 2026 09:16:31.914 [547808698592] DEBUG - Network change.
Jun 29, 2026 09:16:31.914 [547808698592] DEBUG - NetworkInterface: Notified of network changed (force=0)
Jun 29, 2026 09:16:31.915 [547808698592] DEBUG - Network change notification but nothing changed.
Jun 29, 2026 09:16:31.915 [547808698592] DEBUG - NetworkInterface: received Netlink message len=1856, type=RTM_NEWLINK, flags=0x0
Jun 29, 2026 09:16:31.915 [547808698592] DEBUG - NetworkInterface: Netlink information message family=0, type=1, index=1088, flags=0x11043, change=0x0
Jun 29, 2026 09:16:31.915 [547808698592] DEBUG - Network change.
Jun 29, 2026 09:16:31.915 [547808698592] DEBUG - NetworkInterface: Notified of network changed (force=0)
Jun 29, 2026 09:16:31.916 [547808698592] DEBUG - Network change notification but nothing changed.
Jun 29, 2026 09:16:31.948 [547808698592] DEBUG - NetworkInterface: received Netlink message len=1500, type=RTM_NEWLINK, flags=0x0
Jun 29, 2026 09:16:31.948 [547808698592] DEBUG - NetworkInterface: Netlink information message family=0, type=1, index=1087, flags=0x1002, change=0x41
Jun 29, 2026 09:16:31.948 [547808698592] DEBUG - Network change.
Jun 29, 2026 09:16:31.948 [547808698592] DEBUG - NetworkInterface: Notified of network changed (force=0)
Jun 29, 2026 09:16:31.958 [547808698592] DEBUG - Network change notification but nothing changed.
Jun 29, 2026 09:16:31.958 [547808698592] DEBUG - NetworkInterface: received Netlink message len=1856, type=RTM_NEWLINK, flags=0x0
Jun 29, 2026 09:16:31.958 [547808698592] DEBUG - NetworkInterface: Netlink information message family=0, type=1, index=1088, flags=0x1002, change=0x41
Jun 29, 2026 09:16:31.958 [547808698592] DEBUG - Network change.
Jun 29, 2026 09:16:31.958 [547808698592] DEBUG - NetworkInterface: Notified of network changed (force=0)
Jun 29, 2026 09:16:31.959 [547808698592] DEBUG - Network change notification but nothing changed.
Jun 29, 2026 09:16:31.959 [547808698592] DEBUG - NetworkInterface: received Netlink message len=440, type=RTM_NEWLINK, flags=0x0
Jun 29, 2026 09:16:31.959 [547808698592] DEBUG - NetworkInterface: Netlink information message family=7, type=1, index=1088, flags=0x1002, change=0x0
Jun 29, 2026 09:16:31.959 [547808698592] DEBUG - Network change.
Jun 29, 2026 09:16:31.959 [547808698592] DEBUG - NetworkInterface: Notified of network changed (force=0)
Jun 29, 2026 09:16:31.960 [547808698592] DEBUG - Network change notification but nothing changed.
Jun 29, 2026 09:16:31.965 [547808698592] DEBUG - NetworkInterface: received Netlink message len=688, type=RTM_DELLINK, flags=0x0
Jun 29, 2026 09:16:31.965 [547808698592] DEBUG - NetworkInterface: Netlink information message family=0, type=1, index=1087, flags=0x1002, change=0xffffffff
Jun 29, 2026 09:16:31.965 [547808698592] DEBUG - NetworkInterface: received Netlink message len=440, type=RTM_NEWLINK, flags=0x0
Jun 29, 2026 09:16:31.965 [547808698592] DEBUG - NetworkInterface: Netlink information message family=7, type=1, index=1088, flags=0x1002, change=0x0
Jun 29, 2026 09:16:31.965 [547808698592] DEBUG - Network change.
Jun 29, 2026 09:16:31.965 [547808698592] DEBUG - NetworkInterface: Notified of network changed (force=0)
Jun 29, 2026 09:16:31.966 [547808698592] DEBUG - Network change notification but nothing changed.
Jun 29, 2026 09:16:31.967 [547808698592] DEBUG - NetworkInterface: received Netlink message len=104, type=RTM_DELLINK, flags=0x0
Jun 29, 2026 09:16:31.967 [547808698592] DEBUG - NetworkInterface: Netlink information message family=7, type=1, index=1088, flags=0x1002, change=0x0
Jun 29, 2026 09:16:31.967 [547808698592] DEBUG - NetworkInterface: received Netlink message len=688, type=RTM_DELLINK, flags=0x0
Jun 29, 2026 09:16:31.967 [547808698592] DEBUG - NetworkInterface: Netlink information message family=0, type=1, index=1088, flags=0x1002, change=0xffffffff
Jun 29, 2026 09:16:31.982 [547857510624] DEBUG - [HttpClient/HCl#c] HTTP/1.1 (0.3s) 200 response from GET https://plex.tv/api/v2/user/privacy?X-Plex-Token=xxxxxxxxxxxxxxxxxxxx
Jun 29, 2026 09:16:31.990 [547857510624] DEBUG - [HttpClient/HCl#a] HTTP/1.1 (0.3s) 200 response from GET https://v4.plex.tv/pms/:/ip
Jun 29, 2026 09:16:31.990 [547842515168] DEBUG - PublicAddressManager: Got public IP from v4.plex.tv: 37.15.102.100
Jun 29, 2026 09:16:32.026 [547857510624] DEBUG - [HttpClient/HCl#b] HTTP/1.1 (0.3s) 200 response from GET https://plex.tv/api/v2/release_channels?X-Plex-Token=xxxxxxxxxxxxxxxxxxxx
Jun 29, 2026 09:16:32.065 [547857510624] DEBUG - [HttpClient/HCl#9] HTTP/1.1 (0.4s) 200 response from GET https://plex.tv/api/v2/user?includeSubscriptions=1&includeProviders=1
Jun 29, 2026 09:16:32.069 [547848843488] DEBUG - MyPlex: username is narcsm, login is nmatas53@gmail.com, home is 1, no pin
Jun 29, 2026 09:16:32.074 [547857510624] DEBUG - [HttpClient/HCl#d] HTTP/1.1 (0.4s) 200 response from GET https://plex.tv/api/v2/features?X-Plex-Token=xxxxxxxxxxxxxxxxxxxx
Jun 29, 2026 09:16:32.078 [547819245792] DEBUG - [HCl#e] HTTP requesting GET https://plex.tv/api/v2/server/users/features?filterFeatures[]=b83c8dc9-5a01-4b7a-a7c9-5870c8a6e21b&filterFeatures[]=926bc176-58ca-47da-b8e3-080ed14ea6ba&filterFeatures[]=ea791163-c28d-4b7c-af88-bcc9553b206d&filterFeatures[]=6ab6677b-ad9b-444f-9ca1-b8027d05b3e1&filterFeatures[]=56cd352b-0d47-436d-aced-f20db3508de5
Jun 29, 2026 09:16:32.121 [547835691232] DEBUG - [HCl#f] HTTP requesting GET https://plex.tv/api/v2/geoip
Jun 29, 2026 09:16:32.198 [547857510624] DEBUG - [HttpClient/HCl#e] HTTP/1.1 (0.1s) 200 response from GET https://plex.tv/api/v2/server/users/features?filterFeatures[]=b83c8dc9-5a01-4b7a-a7c9-5870c8a6e21b&filterFeatures[]=926bc176-58ca-47da-b8e3-080ed14ea6ba&filterFeatures[]=ea791163-c28d-4b7c-af88-bcc9553b206d&filterFeatures[]=6ab6677b-ad9b-444f-9ca1-b8027d05b3e1&filterFeatures[]=56cd352b-0d47-436d-aced-f20db3508de5 (reused)
Jun 29, 2026 09:16:32.256 [547857510624] DEBUG - [HttpClient/HCl#f] HTTP/1.1 (0.1s) 200 response from GET https://plex.tv/api/v2/geoip (reused)
Jun 29, 2026 09:16:32.257 [547821355232] DEBUG - [HCl#10] HTTP requesting GET https://plex.tv/api/v2/server/webhooks?X-Plex-Token=xxxxxxxxxxxxxxxxxxxx
Jun 29, 2026 09:16:32.257 [547871363296] DEBUG - [EventSourceClient/pubsub/pubsub10.pop.fra.plex.bz:443] Resolving pubsub10.pop.fra.plex.bz port 443
Jun 29, 2026 09:16:32.259 [547835691232] DEBUG - [HCl#11] HTTP requesting GET https://plex.tv/api/v2/user/privacy?X-Plex-Token=xxxxxxxxxxxxxxxxxxxx
Jun 29, 2026 09:16:32.292 [547871363296] DEBUG - [EventSourceClient/pubsub/pubsub10.pop.fra.plex.bz:443] Resolved pubsub10.pop.fra.plex.bz to 139.162.134.123:443
Jun 29, 2026 09:16:32.371 [547857510624] DEBUG - [HttpClient/HCl#11] HTTP/1.1 (0.1s) 200 response from GET https://plex.tv/api/v2/user/privacy?X-Plex-Token=xxxxxxxxxxxxxxxxxxxx (reused)
Jun 29, 2026 09:16:32.374 [547835691232] DEBUG - [HCl#13] HTTP requesting GET https://plex.tv/api/v2/release_channels?X-Plex-Token=xxxxxxxxxxxxxxxxxxxx
Jun 29, 2026 09:16:32.378 [547857510624] DEBUG - [HttpClient/HCl#10] HTTP/1.1 (0.1s) 200 response from GET https://plex.tv/api/v2/server/webhooks?X-Plex-Token=xxxxxxxxxxxxxxxxxxxx (reused)
Jun 29, 2026 09:16:32.415 [547869253856] DEBUG - [EventSourceClient/pubsub/pubsub10.pop.fra.plex.bz:443] Connected in 122 ms.
Jun 29, 2026 09:16:32.415 [547869253856] DEBUG - [EventSourceClient/pubsub/pubsub10.pop.fra.plex.bz:443] Wrote data, reading reply.
Jun 29, 2026 09:16:32.495 [547857510624] DEBUG - [HttpClient/HCl#13] HTTP/1.1 (0.1s) 200 response from GET https://plex.tv/api/v2/release_channels?X-Plex-Token=xxxxxxxxxxxxxxxxxxxx (reused)
Jun 29, 2026 09:16:32.497 [547835691232] DEBUG - [HCl#14] HTTP requesting GET https://plex.tv/api/v2/features?X-Plex-Token=xxxxxxxxxxxxxxxxxxxx
Jun 29, 2026 09:16:32.616 [547808698592] DEBUG - NetworkInterface: received Netlink message len=1500, type=RTM_NEWLINK, flags=0x0
Jun 29, 2026 09:16:32.616 [547808698592] DEBUG - NetworkInterface: Netlink information message family=0, type=1, index=1089, flags=0x1002, change=0xffffffff
Jun 29, 2026 09:16:32.616 [547808698592] DEBUG - Network change.
Jun 29, 2026 09:16:32.616 [547808698592] DEBUG - NetworkInterface: Notified of network changed (force=0)
Jun 29, 2026 09:16:32.627 [547808698592] DEBUG - Network change notification but nothing changed.
Jun 29, 2026 09:16:32.627 [547808698592] DEBUG - NetworkInterface: received Netlink message len=1500, type=RTM_NEWLINK, flags=0x0
Jun 29, 2026 09:16:32.627 [547808698592] DEBUG - NetworkInterface: Netlink information message family=0, type=1, index=1090, flags=0x1002, change=0xffffffff
Jun 29, 2026 09:16:32.627 [547808698592] DEBUG - Network change.
Jun 29, 2026 09:16:32.627 [547808698592] DEBUG - NetworkInterface: Notified of network changed (force=0)
Jun 29, 2026 09:16:32.628 [547808698592] DEBUG - Network change notification but nothing changed.
Jun 29, 2026 09:16:32.628 [547808698592] DEBUG - NetworkInterface: received Netlink message len=1856, type=RTM_NEWLINK, flags=0x0
Jun 29, 2026 09:16:32.628 [547808698592] DEBUG - NetworkInterface: Netlink information message family=0, type=1, index=1090, flags=0x1002, change=0x0
Jun 29, 2026 09:16:32.628 [547808698592] DEBUG - Network change.
Jun 29, 2026 09:16:32.628 [547808698592] DEBUG - NetworkInterface: Notified of network changed (force=0)
Jun 29, 2026 09:16:32.628 [547808698592] DEBUG - Network change notification but nothing changed.
Jun 29, 2026 09:16:32.628 [547808698592] DEBUG - NetworkInterface: received Netlink message len=1856, type=RTM_NEWLINK, flags=0x0
Jun 29, 2026 09:16:32.628 [547808698592] DEBUG - NetworkInterface: Netlink information message family=0, type=1, index=1090, flags=0x1002, change=0x100
Jun 29, 2026 09:16:32.628 [547808698592] DEBUG - Network change.
Jun 29, 2026 09:16:32.628 [547808698592] DEBUG - NetworkInterface: Notified of network changed (force=0)
Jun 29, 2026 09:16:32.640 [547808698592] DEBUG - Network change notification but nothing changed.
Jun 29, 2026 09:16:32.643 [547808698592] DEBUG - NetworkInterface: received Netlink message len=440, type=RTM_NEWLINK, flags=0x0
Jun 29, 2026 09:16:32.643 [547808698592] DEBUG - NetworkInterface: Netlink information message family=7, type=1, index=1090, flags=0x1002, change=0x0
Jun 29, 2026 09:16:32.643 [547808698592] DEBUG - Network change.
Jun 29, 2026 09:16:32.643 [547808698592] DEBUG - NetworkInterface: Notified of network changed (force=0)
Jun 29, 2026 09:16:32.645 [547808698592] DEBUG - Network change notification but nothing changed.
Jun 29, 2026 09:16:32.645 [547808698592] DEBUG - NetworkInterface: received Netlink message len=1856, type=RTM_NEWLINK, flags=0x0
Jun 29, 2026 09:16:32.645 [547808698592] DEBUG - NetworkInterface: Netlink information message family=0, type=1, index=1090, flags=0x1003, change=0x1
Jun 29, 2026 09:16:32.645 [547808698592] DEBUG - Network change.
Jun 29, 2026 09:16:32.645 [547808698592] DEBUG - NetworkInterface: Notified of network changed (force=0)
Jun 29, 2026 09:16:32.646 [547808698592] DEBUG - Network change notification but nothing changed.
Jun 29, 2026 09:16:32.646 [547808698592] DEBUG - NetworkInterface: received Netlink message len=440, type=RTM_NEWLINK, flags=0x0
Jun 29, 2026 09:16:32.646 [547808698592] DEBUG - NetworkInterface: Netlink information message family=7, type=1, index=1090, flags=0x1003, change=0x0
Jun 29, 2026 09:16:32.646 [547808698592] DEBUG - Network change.
Jun 29, 2026 09:16:32.646 [547808698592] DEBUG - NetworkInterface: Notified of network changed (force=0)
Jun 29, 2026 09:16:32.647 [547808698592] DEBUG - Network change notification but nothing changed.
Jun 29, 2026 09:16:32.661 [547808698592] DEBUG - NetworkInterface: received Netlink message len=1500, type=RTM_NEWLINK, flags=0x0
Jun 29, 2026 09:16:32.661 [547808698592] DEBUG - NetworkInterface: Netlink information message family=0, type=1, index=1089, flags=0x11003, change=0x1
Jun 29, 2026 09:16:32.661 [547808698592] DEBUG - Network change.
Jun 29, 2026 09:16:32.661 [547808698592] DEBUG - NetworkInterface: Notified of network changed (force=0)
Jun 29, 2026 09:16:32.668 [547808698592] DEBUG - Network change notification but nothing changed.
Jun 29, 2026 09:16:32.668 [547808698592] DEBUG - NetworkInterface: received Netlink message len=1500, type=RTM_NEWLINK, flags=0x0
Jun 29, 2026 09:16:32.668 [547808698592] DEBUG - NetworkInterface: Netlink information message family=0, type=1, index=1089, flags=0x11043, change=0x0
Jun 29, 2026 09:16:32.668 [547808698592] DEBUG - Network change.
Jun 29, 2026 09:16:32.668 [547808698592] DEBUG - NetworkInterface: Notified of network changed (force=0)
Jun 29, 2026 09:16:32.669 [547808698592] DEBUG - Network change notification but nothing changed.
Jun 29, 2026 09:16:32.669 [547808698592] DEBUG - NetworkInterface: received Netlink message len=440, type=RTM_NEWLINK, flags=0x0
Jun 29, 2026 09:16:32.669 [547808698592] DEBUG - NetworkInterface: Netlink information message family=7, type=1, index=1090, flags=0x11043, change=0x0
Jun 29, 2026 09:16:32.669 [547808698592] DEBUG - Network change.
Jun 29, 2026 09:16:32.669 [547808698592] DEBUG - NetworkInterface: Notified of network changed (force=0)
Jun 29, 2026 09:16:32.670 [547808698592] DEBUG - Network change notification but nothing changed.
Jun 29, 2026 09:16:32.670 [547808698592] DEBUG - NetworkInterface: received Netlink message len=440, type=RTM_NEWLINK, flags=0x0
Jun 29, 2026 09:16:32.670 [547808698592] DEBUG - NetworkInterface: Netlink information message family=7, type=1, index=1090, flags=0x11043, change=0x0
Jun 29, 2026 09:16:32.670 [547808698592] DEBUG - Network change.
Jun 29, 2026 09:16:32.670 [547808698592] DEBUG - NetworkInterface: Notified of network changed (force=0)
Jun 29, 2026 09:16:32.671 [547808698592] DEBUG - Network change notification but nothing changed.
Jun 29, 2026 09:16:32.671 [547808698592] DEBUG - NetworkInterface: received Netlink message len=1856, type=RTM_NEWLINK, flags=0x0
Jun 29, 2026 09:16:32.671 [547808698592] DEBUG - NetworkInterface: Netlink information message family=0, type=1, index=1090, flags=0x11043, change=0x0
Jun 29, 2026 09:16:32.671 [547808698592] DEBUG - Network change.
Jun 29, 2026 09:16:32.671 [547808698592] DEBUG - NetworkInterface: Notified of network changed (force=0)
Jun 29, 2026 09:16:32.677 [547808698592] DEBUG - Network change notification but nothing changed.
Jun 29, 2026 09:16:32.703 [547857510624] DEBUG - [HttpClient/HCl#14] HTTP/1.1 (0.2s) 200 response from GET https://plex.tv/api/v2/features?X-Plex-Token=xxxxxxxxxxxxxxxxxxxx (reused)
Jun 29, 2026 09:16:32.708 [547835691232] DEBUG - [HCl#15] HTTP requesting GET https://plex.tv/api/v2/server/users/features?filterFeatures[]=b83c8dc9-5a01-4b7a-a7c9-5870c8a6e21b&filterFeatures[]=926bc176-58ca-47da-b8e3-080ed14ea6ba&filterFeatures[]=ea791163-c28d-4b7c-af88-bcc9553b206d&filterFeatures[]=6ab6677b-ad9b-444f-9ca1-b8027d05b3e1&filterFeatures[]=56cd352b-0d47-436d-aced-f20db3508de5
Jun 29, 2026 09:16:32.794 [547871363296] DEBUG - [EventSourceClient/pubsub/pubsub10.pop.fra.plex.bz:443] Read HTTP reply header.
Jun 29, 2026 09:16:32.795 [547871363296] DEBUG - [EventSourceClient/pubsub/pubsub10.pop.fra.plex.bz:443] MyPlex: We appear to have regained Internet connectivity.
Jun 29, 2026 09:16:32.802 [547871363296] DEBUG - [EventSourceClient/pubsub/pubsub10.pop.fra.plex.bz:443] PublicAddressManager: Obtaining public address and mapping port.
Jun 29, 2026 09:16:32.802 [547871363296] DEBUG - [EventSourceClient/pubsub/pubsub10.pop.fra.plex.bz:443] MyPlex: async reachability check - current mapped state: 'Not Mapped'.
Jun 29, 2026 09:16:32.803 [547871363296] WARN - [EventSourceClient/pubsub/pubsub10.pop.fra.plex.bz:443] MyPlex: attempted a reachability check but we're not yet mapped.
Jun 29, 2026 09:16:32.803 [547871363296] DEBUG - [EventSourceClient/pubsub/pubsub10.pop.fra.plex.bz:443] Successfully connected to pubsub10.pop.fra.plex.bz.
Jun 29, 2026 09:16:32.828 [547857510624] DEBUG - [HttpClient/HCl#15] HTTP/1.1 (0.1s) 200 response from GET https://plex.tv/api/v2/server/users/features?filterFeatures[]=b83c8dc9-5a01-4b7a-a7c9-5870c8a6e21b&filterFeatures[]=926bc176-58ca-47da-b8e3-080ed14ea6ba&filterFeatures[]=ea791163-c28d-4b7c-af88-bcc9553b206d&filterFeatures[]=6ab6677b-ad9b-444f-9ca1-b8027d05b3e1&filterFeatures[]=56cd352b-0d47-436d-aced-f20db3508de5 (reused)
Jun 29, 2026 09:16:32.842 [547835691232] DEBUG - CERT: Certificate will not expire soon; we'll check again in a week.
Jun 29, 2026 09:16:32.843 [547800260832] DEBUG - MyPlex: sendMapping resetting state - previous mapping state: 'Not Mapped'.
Jun 29, 2026 09:16:32.843 [547800260832] DEBUG - MyPlex: mapping state set to 'Unknown'.
Jun 29, 2026 09:16:32.844 [547835691232] DEBUG - MyPlex: Updating device connections (from timer: 0)
Jun 29, 2026 09:16:32.845 [547835691232] DEBUG - [HCl#16] HTTP requesting PUT https://plex.tv/devices/852d69654ed685d07d2d7f072dec0b61ea7d12ba?Connection[][uri]=http://192.168.1.137:32400&Connection[][uri]=http://172.22.0.1:32400&httpsEnabled=1&httpsRequired=0&dnsRebindingProtection=0&X-Plex-Token=xxxxxxxxxxxxxxxxxxxx
Jun 29, 2026 09:16:32.846 [547800260832] DEBUG - MyPlex: Sending Server Info to myPlex (user=nmatas53@gmail.com, ip=, port=0)
Jun 29, 2026 09:16:32.846 [547800260832] DEBUG - [HCl#17] HTTP requesting POST https://plex.tv/servers.xml?auth_token=xxxxxxxxxxxxxxxxxxxx
Jun 29, 2026 09:16:32.971 [547857510624] DEBUG - [HttpClient/HCl#16] HTTP/1.1 (0.1s) 200 response from PUT https://plex.tv/devices/852d69654ed685d07d2d7f072dec0b61ea7d12ba?Connection[][uri]=http://192.168.1.137:32400&Connection[][uri]=http://172.22.0.1:32400&httpsEnabled=1&httpsRequired=0&dnsRebindingProtection=0&X-Plex-Token=xxxxxxxxxxxxxxxxxxxx (reused)
Jun 29, 2026 09:16:32.985 [547857510624] DEBUG - [HttpClient/HCl#17] HTTP/1.1 (0.1s) 422 response from POST https://plex.tv/servers.xml?auth_token=xxxxxxxxxxxxxxxxxxxx (reused)
Jun 29, 2026 09:16:32.985 [547800260832] DEBUG - MyPlex: Published Mapping State response was 422
Jun 29, 2026 09:16:32.985 [547800260832] DEBUG - MyPlex: Got response for 852d69654ed685d07d2d7f072dec0b61ea7d12ba ~ registered :0
Jun 29, 2026 09:16:32.985 [547800260832] DEBUG - MyPlex: updating mapped state - current state: 'Not Mapped'
Jun 29, 2026 09:16:32.985 [547800260832] DEBUG - MyPlex: mapping state set to 'Not Mapped'.
Jun 29, 2026 09:16:33.555 [547808698592] DEBUG - NetworkInterface: received Netlink message len=1500, type=RTM_NEWLINK, flags=0x0
Jun 29, 2026 09:16:33.556 [547808698592] DEBUG - NetworkInterface: Netlink information message family=0, type=1, index=1089, flags=0x1002, change=0x41
Jun 29, 2026 09:16:33.556 [547808698592] DEBUG - Network change.
Jun 29, 2026 09:16:33.556 [547808698592] DEBUG - NetworkInterface: Notified of network changed (force=0)
Jun 29, 2026 09:16:33.581 [547808698592] DEBUG - Network change notification but nothing changed.
Jun 29, 2026 09:16:33.581 [547808698592] DEBUG - NetworkInterface: received Netlink message len=704, type=RTM_DELLINK, flags=0x0
Jun 29, 2026 09:16:33.581 [547808698592] DEBUG - NetworkInterface: Netlink information message family=0, type=1, index=1089, flags=0x1002, change=0xffffffff
Jun 29, 2026 09:16:33.581 [547808698592] DEBUG - NetworkInterface: received Netlink message len=440, type=RTM_NEWLINK, flags=0x0
Jun 29, 2026 09:16:33.581 [547808698592] DEBUG - NetworkInterface: Netlink information message family=7, type=1, index=1090, flags=0x1003, change=0x0
Jun 29, 2026 09:16:33.581 [547808698592] DEBUG - Network change.
Jun 29, 2026 09:16:33.581 [547808698592] DEBUG - NetworkInterface: Notified of network changed (force=0)
Jun 29, 2026 09:16:33.582 [547808698592] DEBUG - Network change notification but nothing changed.
Jun 29, 2026 09:16:33.582 [547808698592] DEBUG - NetworkInterface: received Netlink message len=1864, type=RTM_NEWLINK, flags=0x0
Jun 29, 2026 09:16:33.582 [547808698592] DEBUG - NetworkInterface: Netlink information message family=0, type=1, index=1090, flags=0x1003, change=0x0
Jun 29, 2026 09:16:33.582 [547808698592] DEBUG - Network change.
Jun 29, 2026 09:16:33.582 [547808698592] DEBUG - NetworkInterface: Notified of network changed (force=0)
Jun 29, 2026 09:16:33.583 [547808698592] DEBUG - Network change notification but nothing changed.
Jun 29, 2026 09:16:33.586 [547808698592] DEBUG - NetworkInterface: received Netlink message len=440, type=RTM_NEWLINK, flags=0x0
Jun 29, 2026 09:16:33.586 [547808698592] DEBUG - NetworkInterface: Netlink information message family=7, type=1, index=1090, flags=0x11043, change=0x0
Jun 29, 2026 09:16:33.586 [547808698592] DEBUG - Network change.
Jun 29, 2026 09:16:33.586 [547808698592] DEBUG - NetworkInterface: Notified of network changed (force=0)
Jun 29, 2026 09:16:33.587 [547808698592] DEBUG - Network change notification but nothing changed.
Jun 29, 2026 09:16:33.587 [547808698592] DEBUG - NetworkInterface: received Netlink message len=440, type=RTM_NEWLINK, flags=0x0
Jun 29, 2026 09:16:33.587 [547808698592] DEBUG - NetworkInterface: Netlink information message family=7, type=1, index=1090, flags=0x11043, change=0x0
Jun 29, 2026 09:16:33.587 [547808698592] DEBUG - Network change.
Jun 29, 2026 09:16:33.587 [547808698592] DEBUG - NetworkInterface: Notified of network changed (force=0)
Jun 29, 2026 09:16:33.588 [547808698592] DEBUG - Network change notification but nothing changed.
Jun 29, 2026 09:16:33.588 [547808698592] DEBUG - NetworkInterface: received Netlink message len=1864, type=RTM_NEWLINK, flags=0x0
Jun 29, 2026 09:16:33.588 [547808698592] DEBUG - NetworkInterface: Netlink information message family=0, type=1, index=1090, flags=0x11043, change=0x0
Jun 29, 2026 09:16:33.588 [547808698592] DEBUG - Network change.
Jun 29, 2026 09:16:33.588 [547808698592] DEBUG - NetworkInterface: Notified of network changed (force=0)
Jun 29, 2026 09:16:33.591 [547808698592] DEBUG - Network change notification but nothing changed.
Jun 29, 2026 09:16:33.834 [547844624608] DEBUG - Request: [127.0.0.1:55854 (Loopback)] GET /system/messaging/clear_events/com.plexapp.agents.imdb (3 live) #8 GZIP Signed-in Token (narcsm)
Jun 29, 2026 09:16:33.835 [547844624608] DEBUG - [Req#8] [com.plexapp.system] Sending command over HTTP (GET): /system/messaging/clear_events/com.plexapp.agents.imdb
Jun 29, 2026 09:16:33.836 [547844624608] DEBUG - [Req#8/HCl#18] HTTP requesting GET http://127.0.0.1:37337/system/messaging/clear_events/com.plexapp.agents.imdb
Jun 29, 2026 09:16:33.909 [547857510624] DEBUG - [HttpClient/HCl#18] HTTP/1.1 (0.1s) 200 response from GET http://127.0.0.1:37337/system/messaging/clear_events/com.plexapp.agents.imdb
Jun 29, 2026 09:16:33.913 [547844624608] DEBUG - [Req#8] [com.plexapp.system] HTTP reply status 200, with 0 bytes of content.
Jun 29, 2026 09:16:33.913 [547871363296] DEBUG - Completed: [127.0.0.1:55854] 200 GET /system/messaging/clear_events/com.plexapp.agents.imdb (3 live) #8 GZIP 79ms 280 bytes
Jun 29, 2026 09:16:34.241 [547846734048] DEBUG - Request: [127.0.0.1:55868 (Loopback)] GET /:/plugins/com.plexapp.system/resourceHashes (4 live) #14 GZIP Signed-in Token (narcsm)
Jun 29, 2026 09:16:34.241 [547846734048] DEBUG - [Req#14] [com.plexapp.system] Sending command over HTTP (GET): /:/plugins/com.plexapp.system/resourceHashes
Jun 29, 2026 09:16:34.241 [547846734048] DEBUG - [Req#14/HCl#19] HTTP requesting GET http://127.0.0.1:37337/:/plugins/com.plexapp.system/resourceHashes
Jun 29, 2026 09:16:34.341 [547857510624] DEBUG - [HttpClient/HCl#19] HTTP/1.1 (0.1s) 404 response from GET http://127.0.0.1:37337/:/plugins/com.plexapp.system/resourceHashes
Jun 29, 2026 09:16:34.341 [547846734048] DEBUG - [Req#14] [com.plexapp.system] HTTP reply status 404, with 0 bytes of content.
Jun 29, 2026 09:16:34.341 [547871363296] DEBUG - Completed: [127.0.0.1:55868] 404 GET /:/plugins/com.plexapp.system/resourceHashes (4 live) #14 GZIP 100ms 261 bytes
Jun 29, 2026 09:16:34.373 [547844624608] DEBUG - Request: [127.0.0.1:55884 (Loopback)] GET /:/plugins/com.plexapp.system/messaging/function/X0J1bmRsZVNlcnZpY2U6QWxsU2VydmljZXM_/Y2VyZWFsMQoxCmxpc3QKMApyMAo_/Y2VyZWFsMQoxCmRpY3QKMApyMAo_ (4 live) #15 GZIP Signed-in Token (narcsm)
Jun 29, 2026 09:16:34.373 [547844624608] DEBUG - [Req#15] [com.plexapp.system] Sending command over HTTP (GET): /:/plugins/com.plexapp.system/messaging/function/X0J1bmRsZVNlcnZpY2U6QWxsU2VydmljZXM_/Y2VyZWFsMQoxCmxpc3QKMApyMAo_/Y2VyZWFsMQoxCmRpY3QKMApyMAo_
Jun 29, 2026 09:16:34.373 [547844624608] DEBUG - [Req#15/HCl#1a] HTTP requesting GET http://127.0.0.1:37337/:/plugins/com.plexapp.system/messaging/function/X0J1bmRsZVNlcnZpY2U6QWxsU2VydmljZXM_/Y2VyZWFsMQoxCmxpc3QKMApyMAo_/Y2VyZWFsMQoxCmRpY3QKMApyMAo_
Jun 29, 2026 09:16:34.375 [547846734048] DEBUG - Request: [127.0.0.1:55900 (Loopback)] GET / (5 live) #17 GZIP Signed-in Token (narcsm)
Jun 29, 2026 09:16:34.379 [547869253856] DEBUG - Completed: [127.0.0.1:55900] 200 GET / (5 live) #17 GZIP 3ms 4115 bytes
Jun 29, 2026 09:16:34.386 [547857510624] DEBUG - [HttpClient/HCl#1a] HTTP/1.1 (0.0s) 200 response from GET http://127.0.0.1:37337/:/plugins/com.plexapp.system/messaging/function/X0J1bmRsZVNlcnZpY2U6QWxsU2VydmljZXM_/Y2VyZWFsMQoxCmxpc3QKMApyMAo_/Y2VyZWFsMQoxCmRpY3QKMApyMAo_
Jun 29, 2026 09:16:34.386 [547844624608] DEBUG - [Req#15] [com.plexapp.system] HTTP reply status 200, with 516 bytes of content.
Jun 29, 2026 09:16:34.387 [547869253856] DEBUG - Completed: [127.0.0.1:55884] 200 GET /:/plugins/com.plexapp.system/messaging/function/X0J1bmRsZVNlcnZpY2U6QWxsU2VydmljZXM_/Y2VyZWFsMQoxCmxpc3QKMApyMAo_/Y2VyZWFsMQoxCmRpY3QKMApyMAo_ (4 live) #15 GZIP 14ms 746 bytes
Jun 29, 2026 09:16:35.257 [547823497440] DEBUG - [MediaProviderManager] Refreshing media providers
Jun 29, 2026 09:16:35.258 [547823497440] DEBUG - [MediaProviderManager/Response::fetch/HCl#1d] HTTP requesting GET https://plex.tv/media/providers
Jun 29, 2026 09:16:35.370 [547857510624] DEBUG - [HttpClient/HCl#1d] HTTP/1.1 (0.1s) 200 response from GET https://plex.tv/media/providers (reused)
Jun 29, 2026 09:16:35.371 [547823497440] DEBUG - [MediaProviderManager] discovered cloud provider (Movies & Shows)
Jun 29, 2026 09:16:35.371 [547823497440] DEBUG - [MediaProviderManager] discovered cloud provider (Metadata)
Jun 29, 2026 09:16:35.371 [547823497440] DEBUG - [MediaProviderManager] loading cloud provider details (Metadata) (alive: 1)
Jun 29, 2026 09:16:35.371 [547823497440] DEBUG - [MediaProviderManager] loading cloud provider details (Movies & Shows) (alive: 1)
Jun 29, 2026 09:16:35.371 [547823497440] DEBUG - [MediaProviderManager] we had 2 cloud providers online, we now have 2
Jun 29, 2026 09:16:35.371 [547823497440] DEBUG - [MediaProviderManager] cloud provider (Metadata) is online and available
Jun 29, 2026 09:16:35.371 [547823497440] DEBUG - [MediaProviderManager] cloud provider (Movies & Shows) is online and available
Jun 29, 2026 09:16:35.371 [547823497440] DEBUG - [MediaProviderManager] Media provider refresh complete
Jun 29, 2026 09:16:35.576 [547825606880] DEBUG - DVR:Device: Discovering and refreshing all devices.
Jun 29, 2026 09:16:35.577 [547825606880] DEBUG - Grabber: HDHomerun discovered 0 compatible devices.
Jun 29, 2026 09:16:35.577 [547825606880] DEBUG - [HCl#1e] HTTP requesting POST http://127.0.0.1:32600/devices/discover
Jun 29, 2026 09:16:36.140 [547846734048] DEBUG - Request: [127.0.0.1:55916 (Loopback)] GET /:/plugins/com.plexapp.system/messaging/function/X0FnZW50U2VydmljZTpVcGRhdGVJbmZv/Y2VyZWFsMQoxCmxpc3QKMApyMAo_/Y2VyZWFsMQo3CmRpY3QKbGlzdApkaWN0Cmxpc3QKbGlzdApsaXN0Cmxpc3QKMgpzMjMKY29tLnBsZXhhcHAuYWdlbnRzLmltZGJzMTAKaWRlbnRpZmllcnIxCnMxMAphZ2VudF9pbmZvMQpyMgoxMApyMwpzMTEKbWVkaWFfdHlwZXNyNApzMTIKYWNjZXB0c19mcm9tbnMxNApmYWxsYmFja19hZ2VudHI1CnMxNApjb250cmlidXRlc190b3I2CnM5Cmxhbmd1YWdlc2IxczIwCnBlcnNpc3Rfc3RvcmVkX2ZpbGVzaTAKczcKdmVyc2lvbmIxczE2CnByaW1hcnlfcHJvdmlkZXJiMXM1CnByZWZzczE5ClBsZXggTW92aWUgKExlZ2FjeSlzNApuYW1lMQpzNQpNb3ZpZTEKczI5CmNvbS5wbGV4YXBwLmFnZW50cy5sb2NhbG1lZGlhMQpzMjkKY29tLnBsZXhhcHAuYWdlbnRzLnRoZW1vdmllZGIzMwpzMgplbnMyCnN2czIKZnJzMgplc3MyCm5sczIKZGVzMgppdHMyCmRhczIKYXJzMgpjYXMyCnpoczIKY3NzMgpldHMyCmZpczIKZWxzMgpoZXMyCmhpczIKaHVzMgppZHMyCmphczIKa29zMgpsdnMyCm5vczIKZmFzMgpwbHMyCnB0czIKcm9zMgpydXMyCnNrczIKdGhzMgp0cnMyCnVrczIKdmlyMAo_ (4 live) #18 GZIP Signed-in Token (narcsm)
Jun 29, 2026 09:16:36.141 [547846734048] DEBUG - [Req#18] [com.plexapp.system] Sending command over HTTP (GET): /:/plugins/com.plexapp.system/messaging/function/X0FnZW50U2VydmljZTpVcGRhdGVJbmZv/Y2VyZWFsMQoxCmxpc3QKMApyMAo_/Y2VyZWFsMQo3CmRpY3QKbGlzdApkaWN0Cmxpc3QKbGlzdApsaXN0Cmxpc3QKMgpzMjMKY29tLnBsZXhhcHAuYWdlbnRzLmltZGJzMTAKaWRlbnRpZmllcnIxCnMxMAphZ2VudF9pbmZvMQpyMgoxMApyMwpzMTEKbWVkaWFfdHlwZXNyNApzMTIKYWNjZXB0c19mcm9tbnMxNApmYWxsYmFja19hZ2VudHI1CnMxNApjb250cmlidXRlc190b3I2CnM5Cmxhbmd1YWdlc2IxczIwCnBlcnNpc3Rfc3RvcmVkX2ZpbGVzaTAKczcKdmVyc2lvbmIxczE2CnByaW1hcnlfcHJvdmlkZXJiMXM1CnByZWZzczE5ClBsZXggTW92aWUgKExlZ2FjeSlzNApuYW1lMQpzNQpNb3ZpZTEKczI5CmNvbS5wbGV4YXBwLmFnZW50cy5sb2NhbG1lZGlhMQpzMjkKY29tLnBsZXhhcHAuYWdlbnRzLnRoZW1vdmllZGIzMwpzMgplbnMyCnN2czIKZnJzMgplc3MyCm5sczIKZGVzMgppdHMyCmRhczIKYXJzMgpjYXMyCnpoczIKY3NzMgpldHMyCmZpczIKZWxzMgpoZXMyCmhpczIKaHVzMgppZHMyCmphczIKa29zMgpsdnMyCm5vczIKZmFzMgpwbHMyCnB0czIKcm9zMgpydXMyCnNrczIKdGhzMgp0cnMyCnVrczIKdmlyMAo_
Jun 29, 2026 09:16:36.141 [547846734048] DEBUG - [Req#18/HCl#1f] HTTP requesting GET http://127.0.0.1:37337/:/plugins/com.plexapp.system/messaging/function/X0FnZW50U2VydmljZTpVcGRhdGVJbmZv/Y2VyZWFsMQoxCmxpc3QKMApyMAo_/Y2VyZWFsMQo3CmRpY3QKbGlzdApkaWN0Cmxpc3QKbGlzdApsaXN0Cmxpc3QKMgpzMjMKY29tLnBsZXhhcHAuYWdlbnRzLmltZGJzMTAKaWRlbnRpZmllcnIxCnMxMAphZ2VudF9pbmZvMQpyMgoxMApyMwpzMTEKbWVkaWFfdHlwZXNyNApzMTIKYWNjZXB0c19mcm9tbnMxNApmYWxsYmFja19hZ2VudHI1CnMxNApjb250cmlidXRlc190b3I2CnM5Cmxhbmd1YWdlc2IxczIwCnBlcnNpc3Rfc3RvcmVkX2ZpbGVzaTAKczcKdmVyc2lvbmIxczE2CnByaW1hcnlfcHJvdmlkZXJiMXM1CnByZWZzczE5ClBsZXggTW92aWUgKExlZ2FjeSlzNApuYW1lMQpzNQpNb3ZpZTEKczI5CmNvbS5wbGV4YXBwLmFnZW50cy5sb2NhbG1lZGlhMQpzMjkKY29tLnBsZXhhcHAuYWdlbnRzLnRoZW1vdmllZGIzMwpzMgplbnMyCnN2czIKZnJzMgplc3MyCm5sczIKZGVzMgppdHMyCmRhczIKYXJzMgpjYXMyCnpoczIKY3NzMgpldHMyCmZpczIKZWxzMgpoZXMyCmhpczIKaHVzMgppZHMyCmphczIKa29zMgpsdnMyCm5vczIKZmFzMgpwbHMyCnB0czIKcm9zMgpydXMyCnNrczIKdGhzMgp0cnMyCnVrczIKdmlyMAo_
Jun 29, 2026 09:16:36.153 [547857510624] DEBUG - [HttpClient/HCl#1f] HTTP/1.1 (0.0s) 200 response from GET http://127.0.0.1:37337/:/plugins/com.plexapp.system/messaging/function/X0FnZW50U2VydmljZTpVcGRhdGVJbmZv/Y2VyZWFsMQoxCmxpc3QKMApyMAo_/Y2VyZWFsMQo3CmRpY3QKbGlzdApkaWN0Cmxpc3QKbGlzdApsaXN0Cmxpc3QKMgpzMjMKY29tLnBsZXhhcHAuYWdlbnRzLmltZGJzMTAKaWRlbnRpZmllcnIxCnMxMAphZ2VudF9pbmZvMQpyMgoxMApyMwpzMTEKbWVkaWFfdHlwZXNyNApzMTIKYWNjZXB0c19mcm9tbnMxNApmYWxsYmFja19hZ2VudHI1CnMxNApjb250cmlidXRlc190b3I2CnM5Cmxhbmd1YWdlc2IxczIwCnBlcnNpc3Rfc3RvcmVkX2ZpbGVzaTAKczcKdmVyc2lvbmIxczE2CnByaW1hcnlfcHJvdmlkZXJiMXM1CnByZWZzczE5ClBsZXggTW92aWUgKExlZ2FjeSlzNApuYW1lMQpzNQpNb3ZpZTEKczI5CmNvbS5wbGV4YXBwLmFnZW50cy5sb2NhbG1lZGlhMQpzMjkKY29tLnBsZXhhcHAuYWdlbnRzLnRoZW1vdmllZGIzMwpzMgplbnMyCnN2czIKZnJzMgplc3MyCm5sczIKZGVzMgppdHMyCmRhczIKYXJzMgpjYXMyCnpoczIKY3NzMgpldHMyCmZpczIKZWxzMgpoZXMyCmhpczIKaHVzMgppZHMyCmphczIKa29zMgpsdnMyCm5vczIKZmFzMgpwbHMyCnB0czIKcm9zMgpydXMyCnNrczIKdGhzMgp0cnMyCnVrczIKdmlyMAo_
Jun 29, 2026 09:16:36.153 [547846734048] DEBUG - [Req#18] [com.plexapp.system] HTTP reply status 200, with 16 bytes of content.
Jun 29, 2026 09:16:36.154 [547869253856] DEBUG - Completed: [127.0.0.1:55916] 200 GET /:/plugins/com.plexapp.system/messaging/function/X0FnZW50U2VydmljZTpVcGRhdGVJbmZv/Y2VyZWFsMQoxCmxpc3QKMApyMAo_/Y2VyZWFsMQo3CmRpY3QKbGlzdApkaWN0Cmxpc3QKbGlzdApsaXN0Cmxpc3QKMgpzMjMKY29tLnBsZXhhcHAuYWdlbnRzLmltZGJzMTAKaWRlbnRpZmllcnIxCnMxMAphZ2VudF9pbmZvMQpyMgoxMApyMwpzMTEKbWVkaWFfdHlwZXNyNApzMTIKYWNjZXB0c19mcm9tbnMxNApmYWxsYmFja19hZ2VudHI1CnMxNApjb250cmlidXRlc190b3I2CnM5Cmxhbmd1YWdlc2IxczIwCnBlcnNpc3Rfc3RvcmVkX2ZpbGVzaTAKczcKdmVyc2lvbmIxczE2CnByaW1hcnlfcHJvdmlkZXJiMXM1CnByZWZzczE5ClBsZXggTW92aWUgKExlZ2FjeSlzNApuYW1lMQpzNQpNb3ZpZTEKczI5CmNvbS5wbGV4YXBwLmFnZW50cy5sb2NhbG1lZGlhMQpzMjkKY29tLnBsZXhhcHAuYWdlbnRzLnRoZW1vdmllZGIzMwpzMgplbnMyCnN2czIKZnJzMgplc3MyCm5sczIKZGVzMgppdHMyCmRhczIKYXJzMgpjYXMyCnpoczIKY3NzMgpldHMyCmZpczIKZWxzMgpoZXMyCmhpczIKaHVzMgppZHMyCmphczIKa29zMgpsdnMyCm5vczIKZmFzMgpwbHMyCnB0czIKcm9zMgpydXMyCnNrczIKdGhzMgp0cnMyCnVrczIKdmlyMAo_ (4 live) #18 GZIP 13ms 415 bytes
Jun 29, 2026 09:16:36.164 [547815026912] DEBUG - [Req#a] Reading 148 bytes in the body, code is 200
Jun 29, 2026 09:16:36.164 [547815026912] DEBUG - [Req#a] [com.plexapp.agents.imdb] Plug-in running on port 43979.
Jun 29, 2026 09:16:36.164 [547815026912] DEBUG - [Req#a] Read configuration for [com.plexapp.agents.imdb], had 0 prefixes
Jun 29, 2026 09:16:36.165 [547815026912] DEBUG - [Req#a] [com.plexapp.agents.imdb] Sending command over HTTP (GET): /:/plugins/com.plexapp.agents.imdb/prefs
Jun 29, 2026 09:16:36.165 [547815026912] DEBUG - [Req#a/HCl#20] HTTP requesting GET http://127.0.0.1:43979/:/plugins/com.plexapp.agents.imdb/prefs
Jun 29, 2026 09:16:36.242 [547857510624] DEBUG - [HttpClient/HCl#20] HTTP/1.1 (0.1s) 200 response from GET http://127.0.0.1:43979/:/plugins/com.plexapp.agents.imdb/prefs
Jun 29, 2026 09:16:36.242 [547815026912] DEBUG - [Req#a] [com.plexapp.agents.imdb] HTTP reply status 200, with 2224 bytes of content.
Jun 29, 2026 09:16:36.243 [547815026912] DEBUG - Caching document http://127.0.0.1:32400/:/plugins/com.plexapp.agents.imdb/prefs as 9545211105f9e1fea8a37a300db2dbf4527858dd
Jun 29, 2026 09:16:36.243 [547815026912] DEBUG - IVA: Downloading trailer lists.
Jun 29, 2026 09:16:36.334 [547815026912] DEBUG - IVA: Downloaded 4 trailers for source 1.
Jun 29, 2026 09:16:36.364 [547815026912] DEBUG - IVA: Downloaded 29 trailers for source 2.
Jun 29, 2026 09:16:36.680 [547812917472] DEBUG - [NSB] NetworkServiceBrowser: SERVER arrived: 127.0.0.1 (NarPi)
Jun 29, 2026 09:16:36.681 [547812917472] DEBUG - [NSB] Notifying the system bundle an update to server /system/notify/serverUpdated?host=127.0.0.1
Jun 29, 2026 09:16:36.681 [547812917472] DEBUG - [NSB] [com.plexapp.system] Sending command over HTTP (GET): /system/notify/serverUpdated?host=127.0.0.1
Jun 29, 2026 09:16:36.681 [547812917472] DEBUG - [NSB/HCl#23] HTTP requesting GET http://127.0.0.1:37337/system/notify/serverUpdated?host=127.0.0.1
Jun 29, 2026 09:16:36.688 [547846734048] DEBUG - Request: [127.0.0.1:55924 (Loopback)] GET /servers (4 live) #1b GZIP Signed-in Token (narcsm)
Jun 29, 2026 09:16:36.689 [547871363296] DEBUG - Completed: [127.0.0.1:55924] 200 GET /servers (4 live) #1b GZIP 0ms 490 bytes
Jun 29, 2026 09:16:36.696 [547857510624] DEBUG - [HttpClient/HCl#23] HTTP/1.1 (0.0s) 200 response from GET http://127.0.0.1:37337/system/notify/serverUpdated?host=127.0.0.1
Jun 29, 2026 09:16:36.696 [547812917472] DEBUG - [NSB] [com.plexapp.system] HTTP reply status 200, with 0 bytes of content.
Jun 29, 2026 09:16:36.926 [547808698592] DEBUG - NetworkInterface: received Netlink message len=440, type=RTM_NEWLINK, flags=0x0
Jun 29, 2026 09:16:36.926 [547808698592] DEBUG - NetworkInterface: Netlink information message family=7, type=1, index=1090, flags=0x1003, change=0x0
Jun 29, 2026 09:16:36.926 [547808698592] DEBUG - Network change.
Jun 29, 2026 09:16:36.926 [547808698592] DEBUG - NetworkInterface: Notified of network changed (force=0)
Jun 29, 2026 09:16:36.928 [547808698592] DEBUG - Network change notification but nothing changed.
Jun 29, 2026 09:16:36.928 [547808698592] DEBUG - NetworkInterface: received Netlink message len=1864, type=RTM_NEWLINK, flags=0x0
Jun 29, 2026 09:16:36.928 [547808698592] DEBUG - NetworkInterface: Netlink information message family=0, type=1, index=1090, flags=0x1003, change=0x0
Jun 29, 2026 09:16:36.928 [547808698592] DEBUG - Network change.
Jun 29, 2026 09:16:36.928 [547808698592] DEBUG - NetworkInterface: Notified of network changed (force=0)
Jun 29, 2026 09:16:36.969 [547808698592] DEBUG - Network change notification but nothing changed.
Jun 29, 2026 09:16:36.969 [547808698592] DEBUG - NetworkInterface: received Netlink message len=1500, type=RTM_NEWLINK, flags=0x0
Jun 29, 2026 09:16:36.969 [547808698592] DEBUG - NetworkInterface: Netlink information message family=0, type=1, index=1089, flags=0x1002, change=0xffffffff
Jun 29, 2026 09:16:36.969 [547808698592] DEBUG - Network change.
Jun 29, 2026 09:16:36.969 [547808698592] DEBUG - NetworkInterface: Notified of network changed (force=0)
Jun 29, 2026 09:16:36.970 [547808698592] DEBUG - Network change notification but nothing changed.
Jun 29, 2026 09:16:36.995 [547808698592] DEBUG - NetworkInterface: received Netlink message len=1500, type=RTM_NEWLINK, flags=0x0
Jun 29, 2026 09:16:36.995 [547808698592] DEBUG - NetworkInterface: Netlink information message family=0, type=1, index=1089, flags=0x11003, change=0x1
Jun 29, 2026 09:16:36.995 [547808698592] DEBUG - Network change.
Jun 29, 2026 09:16:36.995 [547808698592] DEBUG - NetworkInterface: Notified of network changed (force=0)
Jun 29, 2026 09:16:36.997 [547808698592] DEBUG - Network change notification but nothing changed.
Jun 29, 2026 09:16:36.997 [547808698592] DEBUG - NetworkInterface: received Netlink message len=1500, type=RTM_NEWLINK, flags=0x0
Jun 29, 2026 09:16:36.997 [547808698592] DEBUG - NetworkInterface: Netlink information message family=0, type=1, index=1089, flags=0x11043, change=0x0
Jun 29, 2026 09:16:36.997 [547808698592] DEBUG - Network change.
Jun 29, 2026 09:16:36.997 [547808698592] DEBUG - NetworkInterface: Notified of network changed (force=0)
Jun 29, 2026 09:16:36.998 [547808698592] DEBUG - Network change notification but nothing changed.
Jun 29, 2026 09:16:36.998 [547808698592] DEBUG - NetworkInterface: received Netlink message len=440, type=RTM_NEWLINK, flags=0x0
Jun 29, 2026 09:16:36.998 [547808698592] DEBUG - NetworkInterface: Netlink information message family=7, type=1, index=1090, flags=0x11043, change=0x0
Jun 29, 2026 09:16:36.998 [547808698592] DEBUG - Network change.
Jun 29, 2026 09:16:36.998 [547808698592] DEBUG - NetworkInterface: Notified of network changed (force=0)
Jun 29, 2026 09:16:36.999 [547808698592] DEBUG - Network change notification but nothing changed.
Jun 29, 2026 09:16:36.999 [547808698592] DEBUG - NetworkInterface: received Netlink message len=440, type=RTM_NEWLINK, flags=0x0
Jun 29, 2026 09:16:36.999 [547808698592] DEBUG - NetworkInterface: Netlink information message family=7, type=1, index=1090, flags=0x11043, change=0x0
Jun 29, 2026 09:16:36.999 [547808698592] DEBUG - Network change.
Jun 29, 2026 09:16:36.999 [547808698592] DEBUG - NetworkInterface: Notified of network changed (force=0)
Jun 29, 2026 09:16:36.999 [547808698592] DEBUG - Network change notification but nothing changed.
Jun 29, 2026 09:16:36.999 [547808698592] DEBUG - NetworkInterface: received Netlink message len=1856, type=RTM_NEWLINK, flags=0x0
Jun 29, 2026 09:16:36.999 [547808698592] DEBUG - NetworkInterface: Netlink information message family=0, type=1, index=1090, flags=0x11043, change=0x0
Jun 29, 2026 09:16:36.999 [547808698592] DEBUG - Network change.
Jun 29, 2026 09:16:36.999 [547808698592] DEBUG - NetworkInterface: Notified of network changed (force=0)
Jun 29, 2026 09:16:37.000 [547808698592] DEBUG - Network change notification but nothing changed.
Jun 29, 2026 09:16:37.048 [547808698592] DEBUG - NetworkInterface: received Netlink message len=1500, type=RTM_NEWLINK, flags=0x0
Jun 29, 2026 09:16:37.048 [547808698592] DEBUG - NetworkInterface: Netlink information message family=0, type=1, index=1089, flags=0x1002, change=0x41
Jun 29, 2026 09:16:37.048 [547808698592] DEBUG - Network change.
Jun 29, 2026 09:16:37.048 [547808698592] DEBUG - NetworkInterface: Notified of network changed (force=0)
Jun 29, 2026 09:16:37.055 [547808698592] DEBUG - Network change notification but nothing changed.
Jun 29, 2026 09:16:37.055 [547808698592] DEBUG - NetworkInterface: received Netlink message len=1856, type=RTM_NEWLINK, flags=0x0
Jun 29, 2026 09:16:37.055 [547808698592] DEBUG - NetworkInterface: Netlink information message family=0, type=1, index=1090, flags=0x1002, change=0x41
Jun 29, 2026 09:16:37.055 [547808698592] DEBUG - Network change.
Jun 29, 2026 09:16:37.055 [547808698592] DEBUG - NetworkInterface: Notified of network changed (force=0)
Jun 29, 2026 09:16:37.056 [547808698592] DEBUG - Network change notification but nothing changed.
Jun 29, 2026 09:16:37.056 [547808698592] DEBUG - NetworkInterface: received Netlink message len=440, type=RTM_NEWLINK, flags=0x0
Jun 29, 2026 09:16:37.056 [547808698592] DEBUG - NetworkInterface: Netlink information message family=7, type=1, index=1090, flags=0x1002, change=0x0
Jun 29, 2026 09:16:37.056 [547808698592] DEBUG - Network change.
Jun 29, 2026 09:16:37.056 [547808698592] DEBUG - NetworkInterface: Notified of network changed (force=0)
Jun 29, 2026 09:16:37.059 [547808698592] DEBUG - Network change notification but nothing changed.
Jun 29, 2026 09:16:37.059 [547808698592] DEBUG - NetworkInterface: received Netlink message len=688, type=RTM_DELLINK, flags=0x0
Jun 29, 2026 09:16:37.059 [547808698592] DEBUG - NetworkInterface: Netlink information message family=0, type=1, index=1089, flags=0x1002, change=0xffffffff
Jun 29, 2026 09:16:37.059 [547808698592] DEBUG - NetworkInterface: received Netlink message len=440, type=RTM_NEWLINK, flags=0x0
Jun 29, 2026 09:16:37.059 [547808698592] DEBUG - NetworkInterface: Netlink information message family=7, type=1, index=1090, flags=0x1002, change=0x0
Jun 29, 2026 09:16:37.059 [547808698592] DEBUG - Network change.
Jun 29, 2026 09:16:37.059 [547808698592] DEBUG - NetworkInterface: Notified of network changed (force=0)
Jun 29, 2026 09:16:37.060 [547808698592] DEBUG - Network change notification but nothing changed.
Jun 29, 2026 09:16:37.060 [547808698592] DEBUG - NetworkInterface: received Netlink message len=104, type=RTM_DELLINK, flags=0x0
Jun 29, 2026 09:16:37.060 [547808698592] DEBUG - NetworkInterface: Netlink information message family=7, type=1, index=1090, flags=0x1002, change=0x0
Jun 29, 2026 09:16:37.060 [547808698592] DEBUG - NetworkInterface: received Netlink message len=688, type=RTM_DELLINK, flags=0x0
Jun 29, 2026 09:16:37.060 [547808698592] DEBUG - NetworkInterface: Netlink information message family=0, type=1, index=1090, flags=0x1002, change=0xffffffff
Jun 29, 2026 09:16:37.241 [547808698592] DEBUG - NetworkInterface: received Netlink message len=440, type=RTM_NEWLINK, flags=0x0
Jun 29, 2026 09:16:37.241 [547808698592] DEBUG - NetworkInterface: Netlink information message family=7, type=1, index=1080, flags=0x11043, change=0x0
Jun 29, 2026 09:16:37.241 [547808698592] DEBUG - Network change.
Jun 29, 2026 09:16:37.241 [547808698592] DEBUG - NetworkInterface: Notified of network changed (force=0)
Jun 29, 2026 09:16:37.242 [547808698592] DEBUG - Network change notification but nothing changed.
Jun 29, 2026 09:16:37.257 [547815026912] DEBUG - [PubsubServerManager/process/HCl#24] HTTP requesting GET https://plex.tv/services/pubsub/servers
Jun 29, 2026 09:16:37.363 [547857510624] DEBUG - [HttpClient/HCl#24] HTTP/1.1 (0.1s) 200 response from GET https://plex.tv/services/pubsub/servers (reused)
Jun 29, 2026 09:16:37.629 [547808698592] DEBUG - NetworkInterface: received Netlink message len=1500, type=RTM_NEWLINK, flags=0x0
Jun 29, 2026 09:16:37.629 [547808698592] DEBUG - NetworkInterface: Netlink information message family=0, type=1, index=1091, flags=0x1002, change=0xffffffff
Jun 29, 2026 09:16:37.630 [547808698592] DEBUG - Network change.
Jun 29, 2026 09:16:37.630 [547808698592] DEBUG - NetworkInterface: Notified of network changed (force=0)
Jun 29, 2026 09:16:37.642 [547808698592] DEBUG - Network change notification but nothing changed.
Jun 29, 2026 09:16:37.642 [547808698592] DEBUG - NetworkInterface: received Netlink message len=1500, type=RTM_NEWLINK, flags=0x0
Jun 29, 2026 09:16:37.642 [547808698592] DEBUG - NetworkInterface: Netlink information message family=0, type=1, index=1092, flags=0x1002, change=0xffffffff
Jun 29, 2026 09:16:37.642 [547808698592] DEBUG - Network change.
Jun 29, 2026 09:16:37.642 [547808698592] DEBUG - NetworkInterface: Notified of network changed (force=0)
Jun 29, 2026 09:16:37.643 [547808698592] DEBUG - Network change notification but nothing changed.
Jun 29, 2026 09:16:37.643 [547808698592] DEBUG - NetworkInterface: received Netlink message len=1856, type=RTM_NEWLINK, flags=0x0
Jun 29, 2026 09:16:37.643 [547808698592] DEBUG - NetworkInterface: Netlink information message family=0, type=1, index=1092, flags=0x1002, change=0x0
Jun 29, 2026 09:16:37.643 [547808698592] DEBUG - Network change.
Jun 29, 2026 09:16:37.643 [547808698592] DEBUG - NetworkInterface: Notified of network changed (force=0)
Jun 29, 2026 09:16:37.644 [547808698592] DEBUG - Network change notification but nothing changed.
Jun 29, 2026 09:16:37.644 [547808698592] DEBUG - NetworkInterface: received Netlink message len=1856, type=RTM_NEWLINK, flags=0x0
Jun 29, 2026 09:16:37.644 [547808698592] DEBUG - NetworkInterface: Netlink information message family=0, type=1, index=1092, flags=0x1002, change=0x100
Jun 29, 2026 09:16:37.644 [547808698592] DEBUG - Network change.
Jun 29, 2026 09:16:37.644 [547808698592] DEBUG - NetworkInterface: Notified of network changed (force=0)
Jun 29, 2026 09:16:37.645 [547808698592] DEBUG - Network change notification but nothing changed.
Jun 29, 2026 09:16:37.645 [547808698592] DEBUG - NetworkInterface: received Netlink message len=440, type=RTM_NEWLINK, flags=0x0
Jun 29, 2026 09:16:37.645 [547808698592] DEBUG - NetworkInterface: Netlink information message family=7, type=1, index=1092, flags=0x1002, change=0x0
Jun 29, 2026 09:16:37.645 [547808698592] DEBUG - Network change.
Jun 29, 2026 09:16:37.645 [547808698592] DEBUG - NetworkInterface: Notified of network changed (force=0)
Jun 29, 2026 09:16:37.646 [547808698592] DEBUG - Network change notification but nothing changed.
Jun 29, 2026 09:16:37.646 [547808698592] DEBUG - NetworkInterface: received Netlink message len=1856, type=RTM_NEWLINK, flags=0x0
Jun 29, 2026 09:16:37.646 [547808698592] DEBUG - NetworkInterface: Netlink information message family=0, type=1, index=1092, flags=0x1003, change=0x1
Jun 29, 2026 09:16:37.646 [547808698592] DEBUG - Network change.
Jun 29, 2026 09:16:37.646 [547808698592] DEBUG - NetworkInterface: Notified of network changed (force=0)
Jun 29, 2026 09:16:37.648 [547808698592] DEBUG - Network change notification but nothing changed.
Jun 29, 2026 09:16:37.648 [547808698592] DEBUG - NetworkInterface: received Netlink message len=440, type=RTM_NEWLINK, flags=0x0
Jun 29, 2026 09:16:37.648 [547808698592] DEBUG - NetworkInterface: Netlink information message family=7, type=1, index=1092, flags=0x1003, change=0x0
Jun 29, 2026 09:16:37.648 [547808698592] DEBUG - Network change.
Jun 29, 2026 09:16:37.648 [547808698592] DEBUG - NetworkInterface: Notified of network changed (force=0)
Jun 29, 2026 09:16:37.652 [547808698592] DEBUG - Network change notification but nothing changed.
Jun 29, 2026 09:16:37.673 [547808698592] DEBUG - NetworkInterface: received Netlink message len=1500, type=RTM_NEWLINK, flags=0x0
Jun 29, 2026 09:16:37.673 [547808698592] DEBUG - NetworkInterface: Netlink information message family=0, type=1, index=1091, flags=0x11003, change=0x1
Jun 29, 2026 09:16:37.673 [547808698592] DEBUG - Network change.
Jun 29, 2026 09:16:37.673 [547808698592] DEBUG - NetworkInterface: Notified of network changed (force=0)
Jun 29, 2026 09:16:37.675 [547808698592] DEBUG - Network change notification but nothing changed.
Jun 29, 2026 09:16:37.675 [547808698592] DEBUG - NetworkInterface: received Netlink message len=1500, type=RTM_NEWLINK, flags=0x0
Jun 29, 2026 09:16:37.675 [547808698592] DEBUG - NetworkInterface: Netlink information message family=0, type=1, index=1091, flags=0x11043, change=0x0
Jun 29, 2026 09:16:37.675 [547808698592] DEBUG - Network change.
Jun 29, 2026 09:16:37.675 [547808698592] DEBUG - NetworkInterface: Notified of network changed (force=0)
Jun 29, 2026 09:16:37.676 [547808698592] DEBUG - Network change notification but nothing changed.
Jun 29, 2026 09:16:37.676 [547808698592] DEBUG - NetworkInterface: received Netlink message len=440, type=RTM_NEWLINK, flags=0x0
Jun 29, 2026 09:16:37.676 [547808698592] DEBUG - NetworkInterface: Netlink information message family=7, type=1, index=1092, flags=0x11043, change=0x0
Jun 29, 2026 09:16:37.676 [547808698592] DEBUG - Network change.
Jun 29, 2026 09:16:37.676 [547808698592] DEBUG - NetworkInterface: Notified of network changed (force=0)
Jun 29, 2026 09:16:37.676 [547808698592] DEBUG - Network change notification but nothing changed.
Jun 29, 2026 09:16:37.677 [547808698592] DEBUG - NetworkInterface: received Netlink message len=440, type=RTM_NEWLINK, flags=0x0
Jun 29, 2026 09:16:37.677 [547808698592] DEBUG - NetworkInterface: Netlink information message family=7, type=1, index=1092, flags=0x11043, change=0x0
Jun 29, 2026 09:16:37.677 [547808698592] DEBUG - Network change.
Jun 29, 2026 09:16:37.677 [547808698592] DEBUG - NetworkInterface: Notified of network changed (force=0)
Jun 29, 2026 09:16:37.679 [547808698592] DEBUG - Network change notification but nothing changed.
Jun 29, 2026 09:16:37.679 [547808698592] DEBUG - NetworkInterface: received Netlink message len=1856, type=RTM_NEWLINK, flags=0x0
Jun 29, 2026 09:16:37.679 [547808698592] DEBUG - NetworkInterface: Netlink information message family=0, type=1, index=1092, flags=0x11043, change=0x0
Jun 29, 2026 09:16:37.679 [547808698592] DEBUG - Network change.
Jun 29, 2026 09:16:37.680 [547808698592] DEBUG - NetworkInterface: Notified of network changed (force=0)
Jun 29, 2026 09:16:37.680 [547808698592] DEBUG - Network change notification but nothing changed.
Jun 29, 2026 09:16:37.753 [547808698592] DEBUG - NetworkInterface: received Netlink message len=440, type=RTM_NEWLINK, flags=0x0
Jun 29, 2026 09:16:37.753 [547808698592] DEBUG - NetworkInterface: Netlink information message family=7, type=1, index=1084, flags=0x11043, change=0x0
Jun 29, 2026 09:16:37.753 [547808698592] DEBUG - Network change.
Jun 29, 2026 09:16:37.753 [547808698592] DEBUG - NetworkInterface: Notified of network changed (force=0)
Jun 29, 2026 09:16:37.754 [547808698592] DEBUG - Network change notification but nothing changed.
Jun 29, 2026 09:16:38.009 [547808698592] DEBUG - NetworkInterface: received Netlink message len=440, type=RTM_NEWLINK, flags=0x0
Jun 29, 2026 09:16:38.009 [547808698592] DEBUG - NetworkInterface: Netlink information message family=7, type=1, index=1086, flags=0x11043, change=0x0
Jun 29, 2026 09:16:38.009 [547808698592] DEBUG - Network change.
Jun 29, 2026 09:16:38.009 [547808698592] DEBUG - NetworkInterface: Notified of network changed (force=0)
Jun 29, 2026 09:16:38.009 [547808698592] DEBUG - Network change notification but nothing changed.
Jun 29, 2026 09:16:38.014 [547857510624] DEBUG - [HttpClient/HCl#1e] HTTP/1.1 (2.4s) 200 response from POST http://127.0.0.1:32600/devices/discover
Jun 29, 2026 09:16:38.411 [547808698592] DEBUG - NetworkInterface: received Netlink message len=1500, type=RTM_NEWLINK, flags=0x0
Jun 29, 2026 09:16:38.411 [547808698592] DEBUG - NetworkInterface: Netlink information message family=0, type=1, index=1091, flags=0x1002, change=0x41
Jun 29, 2026 09:16:38.411 [547808698592] DEBUG - Network change.
Jun 29, 2026 09:16:38.411 [547808698592] DEBUG - NetworkInterface: Notified of network changed (force=0)
Jun 29, 2026 09:16:38.431 [547815026912] DEBUG - [PubsubServerManager/process] Time to connect to pubsub10.pop.lhr.plex.bz was 111 ms.
Jun 29, 2026 09:16:38.431 [547815026912] DEBUG - [PubsubServerManager/process] Time to connect to pubsub10.pop.fra.plex.bz was 118 ms.
Jun 29, 2026 09:16:38.431 [547815026912] DEBUG - [PubsubServerManager/process] Time to connect to pubsub12.pop.fra.plex.bz was 123 ms.
Jun 29, 2026 09:16:38.431 [547815026912] DEBUG - [PubsubServerManager/process] Time to connect to pubsub02.pop.ewr.plex.bz was 326 ms.
Jun 29, 2026 09:16:38.431 [547815026912] DEBUG - [PubsubServerManager/process] Time to connect to pubsub02.pop.yyz.plex.bz was 341 ms.
Jun 29, 2026 09:16:38.431 [547815026912] DEBUG - [PubsubServerManager/process] Time to connect to pubsub02.pop.atl.plex.bz was 342 ms.
Jun 29, 2026 09:16:38.431 [547815026912] DEBUG - [PubsubServerManager/process] Time to connect to pubsub02.pop.dfw.plex.bz was 394 ms.
Jun 29, 2026 09:16:38.431 [547815026912] DEBUG - [PubsubServerManager/process] Time to connect to pubsub00.pop.sin.plex.bz was 449 ms.
Jun 29, 2026 09:16:38.431 [547815026912] DEBUG - [PubsubServerManager/process] Time to connect to pubsub00.pop.fmt.plex.bz was 512 ms.
Jun 29, 2026 09:16:38.431 [547815026912] DEBUG - [PubsubServerManager/process] Time to connect to pubsub01.pop.hnd.plex.bz was 818 ms.
Jun 29, 2026 09:16:38.432 [547815026912] DEBUG - [PubsubServerManager/process] Updating best ping time for pubsub10.pop.fra.plex.bz to 118 ms.
Jun 29, 2026 09:16:38.452 [547808698592] DEBUG - Network change notification but nothing changed.
Jun 29, 2026 09:16:38.452 [547808698592] DEBUG - NetworkInterface: received Netlink message len=704, type=RTM_DELLINK, flags=0x0
Jun 29, 2026 09:16:38.452 [547808698592] DEBUG - NetworkInterface: Netlink information message family=0, type=1, index=1091, flags=0x1002, change=0xffffffff
Jun 29, 2026 09:16:38.452 [547808698592] DEBUG - NetworkInterface: received Netlink message len=440, type=RTM_NEWLINK, flags=0x0
Jun 29, 2026 09:16:38.452 [547808698592] DEBUG - NetworkInterface: Netlink information message family=7, type=1, index=1092, flags=0x1003, change=0x0
Jun 29, 2026 09:16:38.452 [547808698592] DEBUG - Network change.
Jun 29, 2026 09:16:38.452 [547808698592] DEBUG - NetworkInterface: Notified of network changed (force=0)
Jun 29, 2026 09:16:38.454 [547808698592] DEBUG - Network change notification but nothing changed.
Jun 29, 2026 09:16:38.454 [547808698592] DEBUG - NetworkInterface: received Netlink message len=1864, type=RTM_NEWLINK, flags=0x0
Jun 29, 2026 09:16:38.454 [547808698592] DEBUG - NetworkInterface: Netlink information message family=0, type=1, index=1092, flags=0x1003, change=0x0
Jun 29, 2026 09:16:38.454 [547808698592] DEBUG - Network change.
Jun 29, 2026 09:16:38.454 [547808698592] DEBUG - NetworkInterface: Notified of network changed (force=0)
Jun 29, 2026 09:16:38.455 [547808698592] DEBUG - Network change notification but nothing changed.
Jun 29, 2026 09:16:38.455 [547808698592] DEBUG - NetworkInterface: received Netlink message len=440, type=RTM_NEWLINK, flags=0x0
Jun 29, 2026 09:16:38.455 [547808698592] DEBUG - NetworkInterface: Netlink information message family=7, type=1, index=1092, flags=0x11043, change=0x0
Jun 29, 2026 09:16:38.455 [547808698592] DEBUG - Network change.
Jun 29, 2026 09:16:38.455 [547808698592] DEBUG - NetworkInterface: Notified of network changed (force=0)
Jun 29, 2026 09:16:38.455 [547808698592] DEBUG - Network change notification but nothing changed.
Jun 29, 2026 09:16:38.455 [547808698592] DEBUG - NetworkInterface: received Netlink message len=440, type=RTM_NEWLINK, flags=0x0
Jun 29, 2026 09:16:38.455 [547808698592] DEBUG - NetworkInterface: Netlink information message family=7, type=1, index=1092, flags=0x11043, change=0x0
Jun 29, 2026 09:16:38.455 [547808698592] DEBUG - Network change.
Jun 29, 2026 09:16:38.455 [547808698592] DEBUG - NetworkInterface: Notified of network changed (force=0)
Jun 29, 2026 09:16:38.456 [547808698592] DEBUG - Network change notification but nothing changed.
Jun 29, 2026 09:16:38.456 [547808698592] DEBUG - NetworkInterface: received Netlink message len=1864, type=RTM_NEWLINK, flags=0x0
Jun 29, 2026 09:16:38.456 [547808698592] DEBUG - NetworkInterface: Netlink information message family=0, type=1, index=1092, flags=0x11043, change=0x0
Jun 29, 2026 09:16:38.456 [547808698592] DEBUG - Network change.
Jun 29, 2026 09:16:38.456 [547808698592] DEBUG - NetworkInterface: Notified of network changed (force=0)
Jun 29, 2026 09:16:38.456 [547808698592] DEBUG - Network change notification but nothing changed.
Jun 29, 2026 09:16:39.221 [547815026912] DEBUG - [MediaProviderManager/MetadataAgentManager] Found media provider for agent provider 'tv.plex.agents.movie' with source URI 'provider://tv.plex.provider.metadata'
Jun 29, 2026 09:16:39.222 [547815026912] DEBUG - [MediaProviderManager/MetadataAgentManager] Found media provider for agent provider 'tv.plex.agents.series' with source URI 'provider://tv.plex.provider.metadata'
Jun 29, 2026 09:16:39.222 [547815026912] DEBUG - [MediaProviderManager/MetadataAgentManager] Found media provider for agent provider 'tv.plex.agents.music' with source URI 'provider://tv.plex.provider.metadata'
Jun 29, 2026 09:16:39.222 [547815026912] DEBUG - [MediaProviderManager/MetadataAgentManager] Found media provider for agent provider 'org.musicbrainz.agents.music' with source URI 'provider://tv.plex.provider.metadata'
Jun 29, 2026 09:16:39.222 [547815026912] DEBUG - [MediaProviderManager/MetadataAgentManager] Found media provider for agent provider 'tv.plex.agents.nfo.movie' with source URI 'provider://tv.plex.provider.metadata'
Jun 29, 2026 09:16:39.222 [547815026912] DEBUG - [MediaProviderManager/MetadataAgentManager] Found media provider for agent provider 'tv.plex.agents.nfo.series' with source URI 'provider://tv.plex.provider.metadata'
Jun 29, 2026 09:16:39.601 [547842515168] DEBUG - NAT: UPnP, found device <http://192.168.1.1:47733/60fdacb1/IGDV1/rootDesc.xml> with private address <192.168.1.137>
Jun 29, 2026 09:16:41.693 [547859620064] DEBUG - Grabber: Cleaning up orphaned grabs.
Jun 29, 2026 09:16:41.694 [547859620064] DEBUG - Grabber: Cleaned up 0 decrepit directories in 0.0 sec.
Jun 29, 2026 09:16:41.694 [547859620064] DEBUG - Activity: registered new activity 80ed064a-8bc7-4e58-879e-bd395c021eb6 - "Processing subscriptions"
Jun 29, 2026 09:16:41.694 [547859620064] DEBUG - Subscription: Scheduling subscriptions.
Jun 29, 2026 09:16:41.695 [547859620064] DEBUG - Subscription: Initialized 0 schedulers.
Jun 29, 2026 09:16:41.695 [547859620064] DEBUG - Subscription: Starting with 0 grabs, scheduled 0 active ones preemptively.
Jun 29, 2026 09:16:41.695 [547859620064] DEBUG - Subscription: Scheduled all subscriptions in 0 ms.
Jun 29, 2026 09:16:41.695 [547859620064] DEBUG - Activity: Ended activity 80ed064a-8bc7-4e58-879e-bd395c021eb6.
Jun 29, 2026 09:16:41.695 [547859620064] DEBUG - Subscription: There are 0 active grabs at the end.
Jun 29, 2026 09:16:41.695 [547859620064] DEBUG - Activity: Ended activity 1c5ca014-fc93-438a-bf2f-0efc25074832.
Jun 29, 2026 09:16:41.695 [547859620064] DEBUG - Subscription: Refreshed all content in 2 ms.
Jun 29, 2026 09:16:41.817 [547808698592] DEBUG - NetworkInterface: received Netlink message len=440, type=RTM_NEWLINK, flags=0x0
Jun 29, 2026 09:16:41.817 [547808698592] DEBUG - NetworkInterface: Netlink information message family=7, type=1, index=1092, flags=0x1003, change=0x0
Jun 29, 2026 09:16:41.817 [547808698592] DEBUG - Network change.
Jun 29, 2026 09:16:41.817 [547808698592] DEBUG - NetworkInterface: Notified of network changed (force=0)
Jun 29, 2026 09:16:41.817 [547808698592] DEBUG - Network change notification but nothing changed.
Jun 29, 2026 09:16:41.818 [547808698592] DEBUG - NetworkInterface: received Netlink message len=1864, type=RTM_NEWLINK, flags=0x0
Jun 29, 2026 09:16:41.818 [547808698592] DEBUG - NetworkInterface: Netlink information message family=0, type=1, index=1092, flags=0x1003, change=0x0
Jun 29, 2026 09:16:41.818 [547808698592] DEBUG - Network change.
Jun 29, 2026 09:16:41.818 [547808698592] DEBUG - NetworkInterface: Notified of network changed (force=0)
Jun 29, 2026 09:16:41.852 [547808698592] DEBUG - Network change notification but nothing changed.
Jun 29, 2026 09:16:41.852 [547808698592] DEBUG - NetworkInterface: received Netlink message len=1500, type=RTM_NEWLINK, flags=0x0
Jun 29, 2026 09:16:41.852 [547808698592] DEBUG - NetworkInterface: Netlink information message family=0, type=1, index=1091, flags=0x1002, change=0xffffffff
Jun 29, 2026 09:16:41.852 [547808698592] DEBUG - Network change.
Jun 29, 2026 09:16:41.852 [547808698592] DEBUG - NetworkInterface: Notified of network changed (force=0)
Jun 29, 2026 09:16:41.853 [547808698592] DEBUG - Network change notification but nothing changed.
Jun 29, 2026 09:16:41.879 [547808698592] DEBUG - NetworkInterface: received Netlink message len=1500, type=RTM_NEWLINK, flags=0x0
Jun 29, 2026 09:16:41.879 [547808698592] DEBUG - NetworkInterface: Netlink information message family=0, type=1, index=1091, flags=0x11003, change=0x1
Jun 29, 2026 09:16:41.879 [547808698592] DEBUG - Network change.
Jun 29, 2026 09:16:41.879 [547808698592] DEBUG - NetworkInterface: Notified of network changed (force=0)
Jun 29, 2026 09:16:41.880 [547808698592] DEBUG - Network change notification but nothing changed.
Jun 29, 2026 09:16:41.881 [547808698592] DEBUG - NetworkInterface: received Netlink message len=1500, type=RTM_NEWLINK, flags=0x0
Jun 29, 2026 09:16:41.881 [547808698592] DEBUG - NetworkInterface: Netlink information message family=0, type=1, index=1091, flags=0x11043, change=0x0
Jun 29, 2026 09:16:41.881 [547808698592] DEBUG - Network change.
Jun 29, 2026 09:16:41.881 [547808698592] DEBUG - NetworkInterface: Notified of network changed (force=0)
Jun 29, 2026 09:16:41.881 [547808698592] DEBUG - Network change notification but nothing changed.
Jun 29, 2026 09:16:41.881 [547808698592] DEBUG - NetworkInterface: received Netlink message len=440, type=RTM_NEWLINK, flags=0x0
Jun 29, 2026 09:16:41.881 [547808698592] DEBUG - NetworkInterface: Netlink information message family=7, type=1, index=1092, flags=0x11043, change=0x0
Jun 29, 2026 09:16:41.881 [547808698592] DEBUG - Network change.
Jun 29, 2026 09:16:41.881 [547808698592] DEBUG - NetworkInterface: Notified of network changed (force=0)
Jun 29, 2026 09:16:41.882 [547808698592] DEBUG - Network change notification but nothing changed.
Jun 29, 2026 09:16:41.882 [547808698592] DEBUG - NetworkInterface: received Netlink message len=440, type=RTM_NEWLINK, flags=0x0
Jun 29, 2026 09:16:41.883 [547808698592] DEBUG - NetworkInterface: Netlink information message family=7, type=1, index=1092, flags=0x11043, change=0x0
Jun 29, 2026 09:16:41.883 [547808698592] DEBUG - Network change.
Jun 29, 2026 09:16:41.883 [547808698592] DEBUG - NetworkInterface: Notified of network changed (force=0)
Jun 29, 2026 09:16:41.884 [547808698592] DEBUG - Network change notification but nothing changed.
Jun 29, 2026 09:16:41.884 [547808698592] DEBUG - NetworkInterface: received Netlink message len=1856, type=RTM_NEWLINK, flags=0x0
Jun 29, 2026 09:16:41.884 [547808698592] DEBUG - NetworkInterface: Netlink information message family=0, type=1, index=1092, flags=0x11043, change=0x0
Jun 29, 2026 09:16:41.884 [547808698592] DEBUG - Network change.
Jun 29, 2026 09:16:41.884 [547808698592] DEBUG - NetworkInterface: Notified of network changed (force=0)
Jun 29, 2026 09:16:41.886 [547808698592] DEBUG - Network change notification but nothing changed.
Jun 29, 2026 09:16:41.938 [547808698592] DEBUG - NetworkInterface: received Netlink message len=1500, type=RTM_NEWLINK, flags=0x0
Jun 29, 2026 09:16:41.938 [547808698592] DEBUG - NetworkInterface: Netlink information message family=0, type=1, index=1091, flags=0x1002, change=0x41
Jun 29, 2026 09:16:41.938 [547808698592] DEBUG - Network change.
Jun 29, 2026 09:16:41.938 [547808698592] DEBUG - NetworkInterface: Notified of network changed (force=0)
Jun 29, 2026 09:16:41.947 [547808698592] DEBUG - Network change notification but nothing changed.
Jun 29, 2026 09:16:41.947 [547808698592] DEBUG - NetworkInterface: received Netlink message len=1856, type=RTM_NEWLINK, flags=0x0
Jun 29, 2026 09:16:41.947 [547808698592] DEBUG - NetworkInterface: Netlink information message family=0, type=1, index=1092, flags=0x1002, change=0x41
Jun 29, 2026 09:16:41.947 [547808698592] DEBUG - Network change.
Jun 29, 2026 09:16:41.947 [547808698592] DEBUG - NetworkInterface: Notified of network changed (force=0)
Jun 29, 2026 09:16:41.948 [547808698592] DEBUG - Network change notification but nothing changed.
Jun 29, 2026 09:16:41.948 [547808698592] DEBUG - NetworkInterface: received Netlink message len=440, type=RTM_NEWLINK, flags=0x0
Jun 29, 2026 09:16:41.948 [547808698592] DEBUG - NetworkInterface: Netlink information message family=7, type=1, index=1092, flags=0x1002, change=0x0
Jun 29, 2026 09:16:41.948 [547808698592] DEBUG - Network change.
Jun 29, 2026 09:16:41.948 [547808698592] DEBUG - NetworkInterface: Notified of network changed (force=0)
Jun 29, 2026 09:16:41.949 [547808698592] DEBUG - Network change notification but nothing changed.
Jun 29, 2026 09:16:41.949 [547808698592] DEBUG - NetworkInterface: received Netlink message len=688, type=RTM_DELLINK, flags=0x0
Jun 29, 2026 09:16:41.949 [547808698592] DEBUG - NetworkInterface: Netlink information message family=0, type=1, index=1091, flags=0x1002, change=0xffffffff
Jun 29, 2026 09:16:41.949 [547808698592] DEBUG - NetworkInterface: received Netlink message len=440, type=RTM_NEWLINK, flags=0x0
Jun 29, 2026 09:16:41.949 [547808698592] DEBUG - NetworkInterface: Netlink information message family=7, type=1, index=1092, flags=0x1002, change=0x0
Jun 29, 2026 09:16:41.949 [547808698592] DEBUG - Network change.
Jun 29, 2026 09:16:41.949 [547808698592] DEBUG - NetworkInterface: Notified of network changed (force=0)
Jun 29, 2026 09:16:41.950 [547808698592] DEBUG - Network change notification but nothing changed.
Jun 29, 2026 09:16:41.950 [547808698592] DEBUG - NetworkInterface: received Netlink message len=104, type=RTM_DELLINK, flags=0x0
Jun 29, 2026 09:16:41.950 [547808698592] DEBUG - NetworkInterface: Netlink information message family=7, type=1, index=1092, flags=0x1002, change=0x0
Jun 29, 2026 09:16:41.950 [547808698592] DEBUG - NetworkInterface: received Netlink message len=688, type=RTM_DELLINK, flags=0x0
Jun 29, 2026 09:16:41.950 [547808698592] DEBUG - NetworkInterface: Netlink information message family=0, type=1, index=1092, flags=0x1002, change=0xffffffff
Jun 29, 2026 09:16:42.257 [547829825760] DEBUG - [HCl#25] HTTP requesting GET https://plex.tv/api/resources.xml?includeHttps=1&includeRelay=1&auth_token=xxxxxxxxxxxxxxxxxxxx
Jun 29, 2026 09:16:42.441 [547857510624] DEBUG - [HttpClient/HCl#25] HTTP/1.1 (0.2s) 200 response from GET https://plex.tv/api/resources.xml?includeHttps=1&includeRelay=1&auth_token=xxxxxxxxxxxxxxxxxxxx (reused)
Jun 29, 2026 09:16:42.443 [547829825760] DEBUG - Connection Tester: Testing the server NarPi with 3 URLs.
Jun 29, 2026 09:16:42.443 [547829825760] DEBUG - [HCl#26] HTTP requesting GET https://192-168-1-137.42d74e781a474cc387fa31062de3e045.plex.direct:32400
Jun 29, 2026 09:16:42.443 [547829825760] DEBUG - [HCl#27] HTTP requesting GET https://172-22-0-1.42d74e781a474cc387fa31062de3e045.plex.direct:32400
Jun 29, 2026 09:16:42.443 [547829825760] DEBUG - [HCl#28] HTTP requesting GET https://37-15-102-100.42d74e781a474cc387fa31062de3e045.plex.direct:17397
Jun 29, 2026 09:16:42.447 [547871363296] WARN - [CERT] TLS connection from [::ffff:192.168.1.137]:54330 came in with unrecognized plex.direct SNI name '192-168-1-137.42d74e781a474cc387fa31062de3e045.plex.direct'; using installed plex.direct cert
Jun 29, 2026 09:16:42.452 [547869253856] WARN - [CERT] TLS connection from [::ffff:192.168.1.137]:47224 came in with unrecognized plex.direct SNI name '172-22-0-1.42d74e781a474cc387fa31062de3e045.plex.direct'; using installed plex.direct cert
Jun 29, 2026 09:16:42.476 [547869253856] WARN - [CERT] TLS connection from [::ffff:192.168.1.1]:51390 came in with unrecognized plex.direct SNI name '37-15-102-100.42d74e781a474cc387fa31062de3e045.plex.direct'; using installed plex.direct cert
Jun 29, 2026 09:16:42.499 [547857510624] WARN - [HttpClient/HCl#26] HTTP error requesting GET https://192-168-1-137.42d74e781a474cc387fa31062de3e045.plex.direct:32400 (60, SSL peer certificate or SSH remote key was not OK) (SSL: no alternative certificate subject name matches target host name '192-168-1-137.42d74e781a474cc387fa31062de3e045.plex.direct')
Jun 29, 2026 09:16:42.499 [547857510624] WARN - [HttpClient/HCl#27] HTTP error requesting GET https://172-22-0-1.42d74e781a474cc387fa31062de3e045.plex.direct:32400 (60, SSL peer certificate or SSH remote key was not OK) (SSL: no alternative certificate subject name matches target host name '172-22-0-1.42d74e781a474cc387fa31062de3e045.plex.direct')
Jun 29, 2026 09:16:42.509 [547857510624] WARN - [HttpClient/HCl#28] HTTP error requesting GET https://37-15-102-100.42d74e781a474cc387fa31062de3e045.plex.direct:17397 (60, SSL peer certificate or SSH remote key was not OK) (SSL: no alternative certificate subject name matches target host name '37-15-102-100.42d74e781a474cc387fa31062de3e045.plex.direct')
Jun 29, 2026 09:16:42.509 [547804479712] WARN - Connection Tester: Error testing media server NarPi in 66 ms.
Jun 29, 2026 09:16:42.509 [547804479712] DEBUG - PromiseQueue: promise resolved (queued: 0, active: 0)
Jun 29, 2026 09:16:42.509 [547829825760] DEBUG - Media Server: Tested all servers in 0.1 seconds.
Jun 29, 2026 09:16:42.542 [547808698592] DEBUG - NetworkInterface: received Netlink message len=1500, type=RTM_NEWLINK, flags=0x0
Jun 29, 2026 09:16:42.542 [547808698592] DEBUG - NetworkInterface: Netlink information message family=0, type=1, index=1093, flags=0x1002, change=0xffffffff
Jun 29, 2026 09:16:42.542 [547808698592] DEBUG - Network change.
Jun 29, 2026 09:16:42.542 [547808698592] DEBUG - NetworkInterface: Notified of network changed (force=0)
Jun 29, 2026 09:16:42.550 [547808698592] DEBUG - Network change notification but nothing changed.
Jun 29, 2026 09:16:42.550 [547808698592] DEBUG - NetworkInterface: received Netlink message len=1500, type=RTM_NEWLINK, flags=0x0
Jun 29, 2026 09:16:42.550 [547808698592] DEBUG - NetworkInterface: Netlink information message family=0, type=1, index=1094, flags=0x1002, change=0xffffffff
Jun 29, 2026 09:16:42.550 [547808698592] DEBUG - Network change.
Jun 29, 2026 09:16:42.550 [547808698592] DEBUG - NetworkInterface: Notified of network changed (force=0)
Jun 29, 2026 09:16:42.551 [547808698592] DEBUG - Network change notification but nothing changed.
Jun 29, 2026 09:16:42.551 [547808698592] DEBUG - NetworkInterface: received Netlink message len=1856, type=RTM_NEWLINK, flags=0x0
Jun 29, 2026 09:16:42.551 [547808698592] DEBUG - NetworkInterface: Netlink information message family=0, type=1, index=1094, flags=0x1002, change=0x0
Jun 29, 2026 09:16:42.551 [547808698592] DEBUG - Network change.
Jun 29, 2026 09:16:42.551 [547808698592] DEBUG - NetworkInterface: Notified of network changed (force=0)
Jun 29, 2026 09:16:42.552 [547808698592] DEBUG - Network change notification but nothing changed.
Jun 29, 2026 09:16:42.552 [547808698592] DEBUG - NetworkInterface: received Netlink message len=1856, type=RTM_NEWLINK, flags=0x0
Jun 29, 2026 09:16:42.552 [547808698592] DEBUG - NetworkInterface: Netlink information message family=0, type=1, index=1094, flags=0x1002, change=0x100
Jun 29, 2026 09:16:42.552 [547808698592] DEBUG - Network change.
Jun 29, 2026 09:16:42.552 [547808698592] DEBUG - NetworkInterface: Notified of network changed (force=0)
Jun 29, 2026 09:16:42.554 [547808698592] DEBUG - Network change notification but nothing changed.
Jun 29, 2026 09:16:42.554 [547808698592] DEBUG - NetworkInterface: received Netlink message len=440, type=RTM_NEWLINK, flags=0x0
Jun 29, 2026 09:16:42.554 [547808698592] DEBUG - NetworkInterface: Netlink information message family=7, type=1, index=1094, flags=0x1002, change=0x0
Jun 29, 2026 09:16:42.554 [547808698592] DEBUG - Network change.
Jun 29, 2026 09:16:42.554 [547808698592] DEBUG - NetworkInterface: Notified of network changed (force=0)
Jun 29, 2026 09:16:42.555 [547808698592] DEBUG - Network change notification but nothing changed.
Jun 29, 2026 09:16:42.555 [547808698592] DEBUG - NetworkInterface: received Netlink message len=1856, type=RTM_NEWLINK, flags=0x0
Jun 29, 2026 09:16:42.555 [547808698592] DEBUG - NetworkInterface: Netlink information message family=0, type=1, index=1094, flags=0x1003, change=0x1
Jun 29, 2026 09:16:42.555 [547808698592] DEBUG - Network change.
Jun 29, 2026 09:16:42.555 [547808698592] DEBUG - NetworkInterface: Notified of network changed (force=0)
Jun 29, 2026 09:16:42.556 [547808698592] DEBUG - Network change notification but nothing changed.
Jun 29, 2026 09:16:42.556 [547808698592] DEBUG - NetworkInterface: received Netlink message len=440, type=RTM_NEWLINK, flags=0x0
Jun 29, 2026 09:16:42.556 [547808698592] DEBUG - NetworkInterface: Netlink information message family=7, type=1, index=1094, flags=0x1003, change=0x0
Jun 29, 2026 09:16:42.556 [547808698592] DEBUG - Network change.
Jun 29, 2026 09:16:42.556 [547808698592] DEBUG - NetworkInterface: Notified of network changed (force=0)
Jun 29, 2026 09:16:42.557 [547808698592] DEBUG - Network change notification but nothing changed.
Jun 29, 2026 09:16:42.589 [547808698592] DEBUG - NetworkInterface: received Netlink message len=1500, type=RTM_NEWLINK, flags=0x0
Jun 29, 2026 09:16:42.590 [547808698592] DEBUG - NetworkInterface: Netlink information message family=0, type=1, index=1093, flags=0x11003, change=0x1
Jun 29, 2026 09:16:42.590 [547808698592] DEBUG - Network change.
Jun 29, 2026 09:16:42.590 [547808698592] DEBUG - NetworkInterface: Notified of network changed (force=0)
Jun 29, 2026 09:16:42.594 [547808698592] DEBUG - Network change notification but nothing changed.
Jun 29, 2026 09:16:42.594 [547808698592] DEBUG - NetworkInterface: received Netlink message len=1500, type=RTM_NEWLINK, flags=0x0
Jun 29, 2026 09:16:42.594 [547808698592] DEBUG - NetworkInterface: Netlink information message family=0, type=1, index=1093, flags=0x11043, change=0x0
Jun 29, 2026 09:16:42.594 [547808698592] DEBUG - Network change.
Jun 29, 2026 09:16:42.594 [547808698592] DEBUG - NetworkInterface: Notified of network changed (force=0)
Jun 29, 2026 09:16:42.595 [547808698592] DEBUG - Network change notification but nothing changed.
Jun 29, 2026 09:16:42.595 [547808698592] DEBUG - NetworkInterface: received Netlink message len=440, type=RTM_NEWLINK, flags=0x0
Jun 29, 2026 09:16:42.595 [547808698592] DEBUG - NetworkInterface: Netlink information message family=7, type=1, index=1094, flags=0x11043, change=0x0
Jun 29, 2026 09:16:42.595 [547808698592] DEBUG - Network change.
Jun 29, 2026 09:16:42.595 [547808698592] DEBUG - NetworkInterface: Notified of network changed (force=0)
Jun 29, 2026 09:16:42.596 [547808698592] DEBUG - Network change notification but nothing changed.
Jun 29, 2026 09:16:42.596 [547808698592] DEBUG - NetworkInterface: received Netlink message len=440, type=RTM_NEWLINK, flags=0x0
Jun 29, 2026 09:16:42.596 [547808698592] DEBUG - NetworkInterface: Netlink information message family=7, type=1, index=1094, flags=0x11043, change=0x0
Jun 29, 2026 09:16:42.596 [547808698592] DEBUG - Network change.
Jun 29, 2026 09:16:42.596 [547808698592] DEBUG - NetworkInterface: Notified of network changed (force=0)
Jun 29, 2026 09:16:42.597 [547808698592] DEBUG - Network change notification but nothing changed.
Jun 29, 2026 09:16:42.597 [547808698592] DEBUG - NetworkInterface: received Netlink message len=1856, type=RTM_NEWLINK, flags=0x0
Jun 29, 2026 09:16:42.597 [547808698592] DEBUG - NetworkInterface: Netlink information message family=0, type=1, index=1094, flags=0x11043, change=0x0
Jun 29, 2026 09:16:42.597 [547808698592] DEBUG - Network change.
Jun 29, 2026 09:16:42.597 [547808698592] DEBUG - NetworkInterface: Notified of network changed (force=0)
Jun 29, 2026 09:16:42.598 [547808698592] DEBUG - Network change notification but nothing changed.
Jun 29, 2026 09:16:42.656 [547831935200] DEBUG - NAT: UPnP, found device <http://192.168.1.1:47733/60fdacb1/IGDV1/rootDesc.xml> with private address <192.168.1.137>
Jun 29, 2026 09:16:43.315 [547808698592] DEBUG - NetworkInterface: received Netlink message len=1500, type=RTM_NEWLINK, flags=0x0
Jun 29, 2026 09:16:43.315 [547808698592] DEBUG - NetworkInterface: Netlink information message family=0, type=1, index=1093, flags=0x1002, change=0x41
Jun 29, 2026 09:16:43.315 [547808698592] DEBUG - Network change.
Jun 29, 2026 09:16:43.315 [547808698592] DEBUG - NetworkInterface: Notified of network changed (force=0)
Jun 29, 2026 09:16:43.344 [547808698592] DEBUG - Network change notification but nothing changed.
Jun 29, 2026 09:16:43.345 [547808698592] DEBUG - NetworkInterface: received Netlink message len=704, type=RTM_DELLINK, flags=0x0
Jun 29, 2026 09:16:43.345 [547808698592] DEBUG - NetworkInterface: Netlink information message family=0, type=1, index=1093, flags=0x1002, change=0xffffffff
Jun 29, 2026 09:16:43.345 [547808698592] DEBUG - NetworkInterface: received Netlink message len=440, type=RTM_NEWLINK, flags=0x0
Jun 29, 2026 09:16:43.345 [547808698592] DEBUG - NetworkInterface: Netlink information message family=7, type=1, index=1094, flags=0x1003, change=0x0
Jun 29, 2026 09:16:43.345 [547808698592] DEBUG - Network change.
Jun 29, 2026 09:16:43.345 [547808698592] DEBUG - NetworkInterface: Notified of network changed (force=0)
Jun 29, 2026 09:16:43.346 [547808698592] DEBUG - Network change notification but nothing changed.
Jun 29, 2026 09:16:43.346 [547808698592] DEBUG - NetworkInterface: received Netlink message len=1864, type=RTM_NEWLINK, flags=0x0
Jun 29, 2026 09:16:43.346 [547808698592] DEBUG - NetworkInterface: Netlink information message family=0, type=1, index=1094, flags=0x1003, change=0x0
Jun 29, 2026 09:16:43.346 [547808698592] DEBUG - Network change.
Jun 29, 2026 09:16:43.346 [547808698592] DEBUG - NetworkInterface: Notified of network changed (force=0)
Jun 29, 2026 09:16:43.348 [547808698592] DEBUG - Network change notification but nothing changed.
Jun 29, 2026 09:16:43.348 [547808698592] DEBUG - NetworkInterface: received Netlink message len=440, type=RTM_NEWLINK, flags=0x0
Jun 29, 2026 09:16:43.348 [547808698592] DEBUG - NetworkInterface: Netlink information message family=7, type=1, index=1094, flags=0x11043, change=0x0
Jun 29, 2026 09:16:43.348 [547808698592] DEBUG - Network change.
Jun 29, 2026 09:16:43.348 [547808698592] DEBUG - NetworkInterface: Notified of network changed (force=0)
Jun 29, 2026 09:16:43.349 [547808698592] DEBUG - Network change notification but nothing changed.
Jun 29, 2026 09:16:43.349 [547808698592] DEBUG - NetworkInterface: received Netlink message len=440, type=RTM_NEWLINK, flags=0x0
Jun 29, 2026 09:16:43.349 [547808698592] DEBUG - NetworkInterface: Netlink information message family=7, type=1, index=1094, flags=0x11043, change=0x0
Jun 29, 2026 09:16:43.349 [547808698592] DEBUG - Network change.
Jun 29, 2026 09:16:43.349 [547808698592] DEBUG - NetworkInterface: Notified of network changed (force=0)
Jun 29, 2026 09:16:43.349 [547808698592] DEBUG - Network change notification but nothing changed.
Jun 29, 2026 09:16:43.349 [547808698592] DEBUG - NetworkInterface: received Netlink message len=1864, type=RTM_NEWLINK, flags=0x0
Jun 29, 2026 09:16:43.349 [547808698592] DEBUG - NetworkInterface: Netlink information message family=0, type=1, index=1094, flags=0x11043, change=0x0
Jun 29, 2026 09:16:43.349 [547808698592] DEBUG - Network change.
Jun 29, 2026 09:16:43.349 [547808698592] DEBUG - NetworkInterface: Notified of network changed (force=0)
Jun 29, 2026 09:16:43.350 [547808698592] DEBUG - Network change notification but nothing changed.
Jun 29, 2026 09:16:43.683 [547842515168] DEBUG - NAT: UPnP, usable device <http://192.168.1.1:47733/60fdacb1/IGDV1/rootDesc.xml> with private address <192.168.1.137>.
Jun 29, 2026 09:16:45.711 [547842515168] DEBUG - NAT: UPnP, public address is 37.15.102.100
Jun 29, 2026 09:16:45.712 [547842515168] DEBUG - MyPlex: sendMapping resetting state - previous mapping state: 'Not Mapped'.
Jun 29, 2026 09:16:45.712 [547842515168] DEBUG - MyPlex: mapping state set to 'Unknown'.
Jun 29, 2026 09:16:45.714 [547842515168] DEBUG - MyPlex: Sending Server Info to myPlex (user=nmatas53@gmail.com, ip=37.15.102.100, port=0)
Jun 29, 2026 09:16:45.714 [547842515168] DEBUG - [HCl#29] HTTP requesting POST https://plex.tv/servers.xml?auth_token=xxxxxxxxxxxxxxxxxxxx
Jun 29, 2026 09:16:45.894 [547857510624] DEBUG - [HttpClient/HCl#29] HTTP/1.1 (0.2s) 422 response from POST https://plex.tv/servers.xml?auth_token=xxxxxxxxxxxxxxxxxxxx (reused)
Jun 29, 2026 09:16:45.894 [547842515168] DEBUG - MyPlex: Published Mapping State response was 422
Jun 29, 2026 09:16:45.894 [547842515168] DEBUG - MyPlex: Got response for 852d69654ed685d07d2d7f072dec0b61ea7d12ba ~ registered :0
Jun 29, 2026 09:16:45.894 [547842515168] DEBUG - MyPlex: updating mapped state - current state: 'Not Mapped'
Jun 29, 2026 09:16:45.894 [547842515168] DEBUG - MyPlex: mapping state set to 'Not Mapped'.
Jun 29, 2026 09:16:45.895 [547842515168] DEBUG - MyPlex: Updating device connections (from timer: 0)
Jun 29, 2026 09:16:45.896 [547842515168] DEBUG - [HCl#2a] HTTP requesting PUT https://plex.tv/devices/852d69654ed685d07d2d7f072dec0b61ea7d12ba?Connection[][uri]=http://192.168.1.137:32400&Connection[][uri]=http://172.22.0.1:32400&httpsEnabled=1&httpsRequired=0&dnsRebindingProtection=0&natLoopbackSupported=0&X-Plex-Token=xxxxxxxxxxxxxxxxxxxx
Jun 29, 2026 09:16:46.024 [547857510624] DEBUG - [HttpClient/HCl#2a] HTTP/1.1 (0.1s) 200 response from PUT https://plex.tv/devices/852d69654ed685d07d2d7f072dec0b61ea7d12ba?Connection[][uri]=http://192.168.1.137:32400&Connection[][uri]=http://172.22.0.1:32400&httpsEnabled=1&httpsRequired=0&dnsRebindingProtection=0&natLoopbackSupported=0&X-Plex-Token=xxxxxxxxxxxxxxxxxxxx (reused)
Jun 29, 2026 09:16:46.694 [547808698592] DEBUG - NetworkInterface: received Netlink message len=440, type=RTM_NEWLINK, flags=0x0
Jun 29, 2026 09:16:46.694 [547808698592] DEBUG - NetworkInterface: Netlink information message family=7, type=1, index=1094, flags=0x1003, change=0x0
Jun 29, 2026 09:16:46.694 [547808698592] DEBUG - Network change.
Jun 29, 2026 09:16:46.694 [547808698592] DEBUG - NetworkInterface: Notified of network changed (force=0)
Jun 29, 2026 09:16:46.723 [547808698592] DEBUG - Network change notification but nothing changed.
Jun 29, 2026 09:16:46.723 [547808698592] DEBUG - NetworkInterface: received Netlink message len=1864, type=RTM_NEWLINK, flags=0x0
Jun 29, 2026 09:16:46.723 [547808698592] DEBUG - NetworkInterface: Netlink information message family=0, type=1, index=1094, flags=0x1003, change=0x0
Jun 29, 2026 09:16:46.723 [547808698592] DEBUG - Network change.
Jun 29, 2026 09:16:46.723 [547808698592] DEBUG - NetworkInterface: Notified of network changed (force=0)
Jun 29, 2026 09:16:46.724 [547808698592] DEBUG - Network change notification but nothing changed.
Jun 29, 2026 09:16:46.724 [547808698592] DEBUG - NetworkInterface: received Netlink message len=1500, type=RTM_NEWLINK, flags=0x0
Jun 29, 2026 09:16:46.724 [547808698592] DEBUG - NetworkInterface: Netlink information message family=0, type=1, index=1093, flags=0x1002, change=0xffffffff
Jun 29, 2026 09:16:46.724 [547808698592] DEBUG - Network change.
Jun 29, 2026 09:16:46.724 [547808698592] DEBUG - NetworkInterface: Notified of network changed (force=0)
Jun 29, 2026 09:16:46.726 [547808698592] DEBUG - Network change notification but nothing changed.
Jun 29, 2026 09:16:46.728 [547831935200] DEBUG - NAT: UPnP, usable device <http://192.168.1.1:47733/60fdacb1/IGDV1/rootDesc.xml> with private address <192.168.1.137>.
Jun 29, 2026 09:16:46.754 [547808698592] DEBUG - NetworkInterface: received Netlink message len=1500, type=RTM_NEWLINK, flags=0x0
Jun 29, 2026 09:16:46.754 [547808698592] DEBUG - NetworkInterface: Netlink information message family=0, type=1, index=1093, flags=0x11003, change=0x1
Jun 29, 2026 09:16:46.754 [547808698592] DEBUG - Network change.
Jun 29, 2026 09:16:46.754 [547808698592] DEBUG - NetworkInterface: Notified of network changed (force=0)
Jun 29, 2026 09:16:46.755 [547808698592] DEBUG - Network change notification but nothing changed.
Jun 29, 2026 09:16:46.755 [547808698592] DEBUG - NetworkInterface: received Netlink message len=1500, type=RTM_NEWLINK, flags=0x0
Jun 29, 2026 09:16:46.755 [547808698592] DEBUG - NetworkInterface: Netlink information message family=0, type=1, index=1093, flags=0x11043, change=0x0
Jun 29, 2026 09:16:46.755 [547808698592] DEBUG - Network change.
Jun 29, 2026 09:16:46.755 [547808698592] DEBUG - NetworkInterface: Notified of network changed (force=0)
Jun 29, 2026 09:16:46.756 [547808698592] DEBUG - Network change notification but nothing changed.
Jun 29, 2026 09:16:46.756 [547808698592] DEBUG - NetworkInterface: received Netlink message len=440, type=RTM_NEWLINK, flags=0x0
Jun 29, 2026 09:16:46.756 [547808698592] DEBUG - NetworkInterface: Netlink information message family=7, type=1, index=1094, flags=0x11043, change=0x0
Jun 29, 2026 09:16:46.756 [547808698592] DEBUG - Network change.
Jun 29, 2026 09:16:46.756 [547808698592] DEBUG - NetworkInterface: Notified of network changed (force=0)
Jun 29, 2026 09:16:46.757 [547808698592] DEBUG - Network change notification but nothing changed.
Jun 29, 2026 09:16:46.757 [547808698592] DEBUG - NetworkInterface: received Netlink message len=440, type=RTM_NEWLINK, flags=0x0
Jun 29, 2026 09:16:46.757 [547808698592] DEBUG - NetworkInterface: Netlink information message family=7, type=1, index=1094, flags=0x11043, change=0x0
Jun 29, 2026 09:16:46.757 [547808698592] DEBUG - Network change.
Jun 29, 2026 09:16:46.757 [547808698592] DEBUG - NetworkInterface: Notified of network changed (force=0)
Jun 29, 2026 09:16:46.759 [547808698592] DEBUG - Network change notification but nothing changed.
Jun 29, 2026 09:16:46.759 [547808698592] DEBUG - NetworkInterface: received Netlink message len=1856, type=RTM_NEWLINK, flags=0x0
Jun 29, 2026 09:16:46.759 [547808698592] DEBUG - NetworkInterface: Netlink information message family=0, type=1, index=1094, flags=0x11043, change=0x0
Jun 29, 2026 09:16:46.759 [547808698592] DEBUG - Network change.
Jun 29, 2026 09:16:46.759 [547808698592] DEBUG - NetworkInterface: Notified of network changed (force=0)
Jun 29, 2026 09:16:46.760 [547808698592] DEBUG - Network change notification but nothing changed.
Jun 29, 2026 09:16:46.804 [547808698592] DEBUG - NetworkInterface: received Netlink message len=1500, type=RTM_NEWLINK, flags=0x0
Jun 29, 2026 09:16:46.805 [547808698592] DEBUG - NetworkInterface: Netlink information message family=0, type=1, index=1093, flags=0x1002, change=0x41
Jun 29, 2026 09:16:46.805 [547808698592] DEBUG - Network change.
Jun 29, 2026 09:16:46.805 [547808698592] DEBUG - NetworkInterface: Notified of network changed (force=0)
Jun 29, 2026 09:16:46.811 [547808698592] DEBUG - Network change notification but nothing changed.
Jun 29, 2026 09:16:46.811 [547808698592] DEBUG - NetworkInterface: received Netlink message len=1856, type=RTM_NEWLINK, flags=0x0
Jun 29, 2026 09:16:46.811 [547808698592] DEBUG - NetworkInterface: Netlink information message family=0, type=1, index=1094, flags=0x1002, change=0x41
Jun 29, 2026 09:16:46.811 [547808698592] DEBUG - Network change.
Jun 29, 2026 09:16:46.811 [547808698592] DEBUG - NetworkInterface: Notified of network changed (force=0)
Jun 29, 2026 09:16:46.812 [547808698592] DEBUG - Network change notification but nothing changed.
Jun 29, 2026 09:16:46.812 [547808698592] DEBUG - NetworkInterface: received Netlink message len=440, type=RTM_NEWLINK, flags=0x0
Jun 29, 2026 09:16:46.812 [547808698592] DEBUG - NetworkInterface: Netlink information message family=7, type=1, index=1094, flags=0x1002, change=0x0
Jun 29, 2026 09:16:46.812 [547808698592] DEBUG - Network change.
Jun 29, 2026 09:16:46.812 [547808698592] DEBUG - NetworkInterface: Notified of network changed (force=0)
Jun 29, 2026 09:16:46.817 [547808698592] DEBUG - Network change notification but nothing changed.
Jun 29, 2026 09:16:46.817 [547808698592] DEBUG - NetworkInterface: received Netlink message len=688, type=RTM_DELLINK, flags=0x0
Jun 29, 2026 09:16:46.817 [547808698592] DEBUG - NetworkInterface: Netlink information message family=0, type=1, index=1093, flags=0x1002, change=0xffffffff
Jun 29, 2026 09:16:46.817 [547808698592] DEBUG - NetworkInterface: received Netlink message len=440, type=RTM_NEWLINK, flags=0x0
Jun 29, 2026 09:16:46.817 [547808698592] DEBUG - NetworkInterface: Netlink information message family=7, type=1, index=1094, flags=0x1002, change=0x0
Jun 29, 2026 09:16:46.817 [547808698592] DEBUG - Network change.
Jun 29, 2026 09:16:46.817 [547808698592] DEBUG - NetworkInterface: Notified of network changed (force=0)
Jun 29, 2026 09:16:46.818 [547808698592] DEBUG - Network change notification but nothing changed.
Jun 29, 2026 09:16:46.818 [547808698592] DEBUG - NetworkInterface: received Netlink message len=104, type=RTM_DELLINK, flags=0x0
Jun 29, 2026 09:16:46.818 [547808698592] DEBUG - NetworkInterface: Netlink information message family=7, type=1, index=1094, flags=0x1002, change=0x0
Jun 29, 2026 09:16:46.818 [547808698592] DEBUG - NetworkInterface: received Netlink message len=688, type=RTM_DELLINK, flags=0x0
Jun 29, 2026 09:16:46.818 [547808698592] DEBUG - NetworkInterface: Netlink information message family=0, type=1, index=1094, flags=0x1002, change=0xffffffff
Jun 29, 2026 09:16:48.148 [547808698592] DEBUG - NetworkInterface: received Netlink message len=1500, type=RTM_NEWLINK, flags=0x0
Jun 29, 2026 09:16:48.148 [547808698592] DEBUG - NetworkInterface: Netlink information message family=0, type=1, index=1095, flags=0x1002, change=0xffffffff
Jun 29, 2026 09:16:48.148 [547808698592] DEBUG - Network change.
Jun 29, 2026 09:16:48.148 [547808698592] DEBUG - NetworkInterface: Notified of network changed (force=0)
Jun 29, 2026 09:16:48.158 [547808698592] DEBUG - Network change notification but nothing changed.
Jun 29, 2026 09:16:48.158 [547808698592] DEBUG - NetworkInterface: received Netlink message len=1500, type=RTM_NEWLINK, flags=0x0
Jun 29, 2026 09:16:48.158 [547808698592] DEBUG - NetworkInterface: Netlink information message family=0, type=1, index=1096, flags=0x1002, change=0xffffffff
Jun 29, 2026 09:16:48.158 [547808698592] DEBUG - Network change.
Jun 29, 2026 09:16:48.158 [547808698592] DEBUG - NetworkInterface: Notified of network changed (force=0)
Jun 29, 2026 09:16:48.160 [547808698592] DEBUG - Network change notification but nothing changed.
Jun 29, 2026 09:16:48.167 [547808698592] DEBUG - NetworkInterface: received Netlink message len=1856, type=RTM_NEWLINK, flags=0x0
Jun 29, 2026 09:16:48.167 [547808698592] DEBUG - NetworkInterface: Netlink information message family=0, type=1, index=1096, flags=0x1002, change=0x0
Jun 29, 2026 09:16:48.167 [547808698592] DEBUG - Network change.
Jun 29, 2026 09:16:48.167 [547808698592] DEBUG - NetworkInterface: Notified of network changed (force=0)
Jun 29, 2026 09:16:48.170 [547808698592] DEBUG - Network change notification but nothing changed.
Jun 29, 2026 09:16:48.170 [547808698592] DEBUG - NetworkInterface: received Netlink message len=1856, type=RTM_NEWLINK, flags=0x0
Jun 29, 2026 09:16:48.170 [547808698592] DEBUG - NetworkInterface: Netlink information message family=0, type=1, index=1096, flags=0x1002, change=0x100
Jun 29, 2026 09:16:48.170 [547808698592] DEBUG - Network change.
Jun 29, 2026 09:16:48.170 [547808698592] DEBUG - NetworkInterface: Notified of network changed (force=0)
Jun 29, 2026 09:16:48.172 [547808698592] DEBUG - Network change notification but nothing changed.
Jun 29, 2026 09:16:48.172 [547808698592] DEBUG - NetworkInterface: received Netlink message len=440, type=RTM_NEWLINK, flags=0x0
Jun 29, 2026 09:16:48.172 [547808698592] DEBUG - NetworkInterface: Netlink information message family=7, type=1, index=1096, flags=0x1002, change=0x0
Jun 29, 2026 09:16:48.172 [547808698592] DEBUG - Network change.
Jun 29, 2026 09:16:48.172 [547808698592] DEBUG - NetworkInterface: Notified of network changed (force=0)
Jun 29, 2026 09:16:48.175 [547808698592] DEBUG - Network change notification but nothing changed.
Jun 29, 2026 09:16:48.176 [547808698592] DEBUG - NetworkInterface: received Netlink message len=1856, type=RTM_NEWLINK, flags=0x0
Jun 29, 2026 09:16:48.176 [547808698592] DEBUG - NetworkInterface: Netlink information message family=0, type=1, index=1096, flags=0x1003, change=0x1
Jun 29, 2026 09:16:48.176 [547808698592] DEBUG - Network change.
Jun 29, 2026 09:16:48.176 [547808698592] DEBUG - NetworkInterface: Notified of network changed (force=0)
Jun 29, 2026 09:16:48.178 [547808698592] DEBUG - Network change notification but nothing changed.
Jun 29, 2026 09:16:48.179 [547808698592] DEBUG - NetworkInterface: received Netlink message len=440, type=RTM_NEWLINK, flags=0x0
Jun 29, 2026 09:16:48.179 [547808698592] DEBUG - NetworkInterface: Netlink information message family=7, type=1, index=1096, flags=0x1003, change=0x0
Jun 29, 2026 09:16:48.179 [547808698592] DEBUG - Network change.
Jun 29, 2026 09:16:48.179 [547808698592] DEBUG - NetworkInterface: Notified of network changed (force=0)
Jun 29, 2026 09:16:48.181 [547808698592] DEBUG - Network change notification but nothing changed.
Jun 29, 2026 09:16:48.228 [547808698592] DEBUG - NetworkInterface: received Netlink message len=1500, type=RTM_NEWLINK, flags=0x0
Jun 29, 2026 09:16:48.229 [547808698592] DEBUG - NetworkInterface: Netlink information message family=0, type=1, index=1095, flags=0x11003, change=0x1
Jun 29, 2026 09:16:48.229 [547808698592] DEBUG - Network change.
Jun 29, 2026 09:16:48.229 [547808698592] DEBUG - NetworkInterface: Notified of network changed (force=0)
Jun 29, 2026 09:16:48.234 [547808698592] DEBUG - Network change notification but nothing changed.
Jun 29, 2026 09:16:48.234 [547808698592] DEBUG - NetworkInterface: received Netlink message len=1500, type=RTM_NEWLINK, flags=0x0
Jun 29, 2026 09:16:48.234 [547808698592] DEBUG - NetworkInterface: Netlink information message family=0, type=1, index=1095, flags=0x11043, change=0x0
Jun 29, 2026 09:16:48.234 [547808698592] DEBUG - Network change.
Jun 29, 2026 09:16:48.234 [547808698592] DEBUG - NetworkInterface: Notified of network changed (force=0)
Jun 29, 2026 09:16:48.235 [547808698592] DEBUG - Network change notification but nothing changed.
Jun 29, 2026 09:16:48.235 [547808698592] DEBUG - NetworkInterface: received Netlink message len=440, type=RTM_NEWLINK, flags=0x0
Jun 29, 2026 09:16:48.235 [547808698592] DEBUG - NetworkInterface: Netlink information message family=7, type=1, index=1096, flags=0x11043, change=0x0
Jun 29, 2026 09:16:48.235 [547808698592] DEBUG - Network change.
Jun 29, 2026 09:16:48.235 [547808698592] DEBUG - NetworkInterface: Notified of network changed (force=0)
Jun 29, 2026 09:16:48.236 [547808698592] DEBUG - Network change notification but nothing changed.
Jun 29, 2026 09:16:48.237 [547808698592] DEBUG - NetworkInterface: received Netlink message len=440, type=RTM_NEWLINK, flags=0x0
Jun 29, 2026 09:16:48.237 [547808698592] DEBUG - NetworkInterface: Netlink information message family=7, type=1, index=1096, flags=0x11043, change=0x0
Jun 29, 2026 09:16:48.237 [547808698592] DEBUG - Network change.
Jun 29, 2026 09:16:48.237 [547808698592] DEBUG - NetworkInterface: Notified of network changed (force=0)
Jun 29, 2026 09:16:48.238 [547808698592] DEBUG - Network change notification but nothing changed.
Jun 29, 2026 09:16:48.240 [547808698592] DEBUG - NetworkInterface: received Netlink message len=1856, type=RTM_NEWLINK, flags=0x0
Jun 29, 2026 09:16:48.240 [547808698592] DEBUG - NetworkInterface: Netlink information message family=0, type=1, index=1096, flags=0x11043, change=0x0
Jun 29, 2026 09:16:48.240 [547808698592] DEBUG - Network change.
Jun 29, 2026 09:16:48.240 [547808698592] DEBUG - NetworkInterface: Notified of network changed (force=0)
Jun 29, 2026 09:16:48.240 [547808698592] DEBUG - Network change notification but nothing changed.
Jun 29, 2026 09:16:48.817 [547831935200] DEBUG - NAT: UPnP, mapped port 14340 to 192.168.1.137:32400.
Jun 29, 2026 09:16:48.817 [547831935200] DEBUG - PublicAddressManager: Mapping succeeded for 192.168.1.137:14340.
Jun 29, 2026 09:16:48.819 [547831935200] DEBUG - MyPlex: mapping state set to 'Mapped - Not Published'.
Jun 29, 2026 09:16:48.819 [547831935200] DEBUG - MyPlex: sendMapping resetting state - previous mapping state: 'Mapped - Not Published'.
Jun 29, 2026 09:16:48.819 [547831935200] DEBUG - MyPlex: mapping state set to 'Unknown'.
Jun 29, 2026 09:16:48.822 [547831935200] DEBUG - MyPlex: Sending Server Info to myPlex (user=nmatas53@gmail.com, ip=37.15.102.100, port=14340)
Jun 29, 2026 09:16:48.822 [547831935200] DEBUG - [HCl#2b] HTTP requesting POST https://plex.tv/servers.xml?auth_token=xxxxxxxxxxxxxxxxxxxx
Jun 29, 2026 09:16:48.960 [547857510624] DEBUG - [HttpClient/HCl#2b] HTTP/1.1 (0.1s) 201 response from POST https://plex.tv/servers.xml?auth_token=xxxxxxxxxxxxxxxxxxxx (reused)
Jun 29, 2026 09:16:48.960 [547831935200] DEBUG - MyPlex: Published Mapping State response was 201
Jun 29, 2026 09:16:48.961 [547831935200] DEBUG - MyPlex: Got response for 852d69654ed685d07d2d7f072dec0b61ea7d12ba ~ registered 37.15.102.100:14340
Jun 29, 2026 09:16:48.961 [547831935200] DEBUG - MyPlex: updating mapped state - current state: 'Mapped - Not Published'
Jun 29, 2026 09:16:48.961 [547831935200] DEBUG - MyPlex: mapping state set to 'Mapped - Publishing'.
Jun 29, 2026 09:16:48.961 [547831935200] DEBUG - MyPlex: async reachability check - current mapped state: 'Mapped - Publishing'.
Jun 29, 2026 09:16:48.961 [547831935200] DEBUG - MyPlex: Requesting reachability check.
Jun 29, 2026 09:16:48.961 [547831935200] DEBUG - [HCl#2c] HTTP requesting PUT https://plex.tv/api/servers/852d69654ed685d07d2d7f072dec0b61ea7d12ba/connectivity?X-Plex-Token=xxxxxxxxxxxxxxxxxxxx&asyncIdentifier=3357565e-1b77-438a-9dff-8c440bf51318
Jun 29, 2026 09:16:49.001 [547808698592] DEBUG - NetworkInterface: received Netlink message len=1500, type=RTM_NEWLINK, flags=0x0
Jun 29, 2026 09:16:49.001 [547808698592] DEBUG - NetworkInterface: Netlink information message family=0, type=1, index=1095, flags=0x1002, change=0x41
Jun 29, 2026 09:16:49.001 [547808698592] DEBUG - Network change.
Jun 29, 2026 09:16:49.001 [547808698592] DEBUG - NetworkInterface: Notified of network changed (force=0)
Jun 29, 2026 09:16:49.030 [547808698592] DEBUG - Network change notification but nothing changed.
Jun 29, 2026 09:16:49.030 [547808698592] DEBUG - NetworkInterface: received Netlink message len=704, type=RTM_DELLINK, flags=0x0
Jun 29, 2026 09:16:49.030 [547808698592] DEBUG - NetworkInterface: Netlink information message family=0, type=1, index=1095, flags=0x1002, change=0xffffffff
Jun 29, 2026 09:16:49.030 [547808698592] DEBUG - NetworkInterface: received Netlink message len=440, type=RTM_NEWLINK, flags=0x0
Jun 29, 2026 09:16:49.030 [547808698592] DEBUG - NetworkInterface: Netlink information message family=7, type=1, index=1096, flags=0x1003, change=0x0
Jun 29, 2026 09:16:49.030 [547808698592] DEBUG - Network change.
Jun 29, 2026 09:16:49.030 [547808698592] DEBUG - NetworkInterface: Notified of network changed (force=0)
Jun 29, 2026 09:16:49.031 [547808698592] DEBUG - Network change notification but nothing changed.
Jun 29, 2026 09:16:49.031 [547808698592] DEBUG - NetworkInterface: received Netlink message len=1864, type=RTM_NEWLINK, flags=0x0
Jun 29, 2026 09:16:49.031 [547808698592] DEBUG - NetworkInterface: Netlink information message family=0, type=1, index=1096, flags=0x1003, change=0x0
Jun 29, 2026 09:16:49.031 [547808698592] DEBUG - Network change.
Jun 29, 2026 09:16:49.031 [547808698592] DEBUG - NetworkInterface: Notified of network changed (force=0)
Jun 29, 2026 09:16:49.033 [547808698592] DEBUG - Network change notification but nothing changed.
Jun 29, 2026 09:16:49.034 [547808698592] DEBUG - NetworkInterface: received Netlink message len=440, type=RTM_NEWLINK, flags=0x0
Jun 29, 2026 09:16:49.034 [547808698592] DEBUG - NetworkInterface: Netlink information message family=7, type=1, index=1096, flags=0x11043, change=0x0
Jun 29, 2026 09:16:49.034 [547808698592] DEBUG - Network change.
Jun 29, 2026 09:16:49.034 [547808698592] DEBUG - NetworkInterface: Notified of network changed (force=0)
Jun 29, 2026 09:16:49.035 [547808698592] DEBUG - Network change notification but nothing changed.
Jun 29, 2026 09:16:49.035 [547808698592] DEBUG - NetworkInterface: received Netlink message len=440, type=RTM_NEWLINK, flags=0x0
Jun 29, 2026 09:16:49.035 [547808698592] DEBUG - NetworkInterface: Netlink information message family=7, type=1, index=1096, flags=0x11043, change=0x0
Jun 29, 2026 09:16:49.035 [547808698592] DEBUG - Network change.
Jun 29, 2026 09:16:49.035 [547808698592] DEBUG - NetworkInterface: Notified of network changed (force=0)
Jun 29, 2026 09:16:49.036 [547808698592] DEBUG - Network change notification but nothing changed.
Jun 29, 2026 09:16:49.036 [547808698592] DEBUG - NetworkInterface: received Netlink message len=1864, type=RTM_NEWLINK, flags=0x0
Jun 29, 2026 09:16:49.036 [547808698592] DEBUG - NetworkInterface: Netlink information message family=0, type=1, index=1096, flags=0x11043, change=0x0
Jun 29, 2026 09:16:49.036 [547808698592] DEBUG - Network change.
Jun 29, 2026 09:16:49.036 [547808698592] DEBUG - NetworkInterface: Notified of network changed (force=0)
Jun 29, 2026 09:16:49.037 [547808698592] DEBUG - Network change notification but nothing changed.
Jun 29, 2026 09:16:49.077 [547857510624] DEBUG - [HttpClient/HCl#2c] HTTP/1.1 (0.1s) 200 response from PUT https://plex.tv/api/servers/852d69654ed685d07d2d7f072dec0b61ea7d12ba/connectivity?X-Plex-Token=xxxxxxxxxxxxxxxxxxxx&asyncIdentifier=3357565e-1b77-438a-9dff-8c440bf51318 (reused)
Jun 29, 2026 09:16:49.080 [547831935200] DEBUG - MyPlex: Updating device connections (from timer: 0)
Jun 29, 2026 09:16:49.080 [547831935200] DEBUG - [HCl#2d] HTTP requesting PUT https://plex.tv/devices/852d69654ed685d07d2d7f072dec0b61ea7d12ba?Connection[][uri]=http://37.15.102.100:14340&Connection[][uri]=http://192.168.1.137:32400&Connection[][uri]=http://172.22.0.1:32400&httpsEnabled=1&httpsRequired=0&dnsRebindingProtection=0&natLoopbackSupported=0&X-Plex-Token=xxxxxxxxxxxxxxxxxxxx
Jun 29, 2026 09:16:49.219 [547857510624] DEBUG - [HttpClient/HCl#2d] HTTP/1.1 (0.1s) 200 response from PUT https://plex.tv/devices/852d69654ed685d07d2d7f072dec0b61ea7d12ba?Connection[][uri]=http://37.15.102.100:14340&Connection[][uri]=http://192.168.1.137:32400&Connection[][uri]=http://172.22.0.1:32400&httpsEnabled=1&httpsRequired=0&dnsRebindingProtection=0&natLoopbackSupported=0&X-Plex-Token=xxxxxxxxxxxxxxxxxxxx (reused)
Jun 29, 2026 09:16:49.371 [547846734048] DEBUG - Request: [44.207.218.81:11016 (WAN)] GET /identity (2 live) #23 TLS Signed-in
Jun 29, 2026 09:16:49.372 [547871363296] DEBUG - Completed: [44.207.218.81:11016] 200 GET /identity (2 live) #23 TLS 0ms 418 bytes (pipelined: 1)
Jun 29, 2026 09:16:49.579 [547869253856] DEBUG - [EventSourceClient/pubsub/pubsub10.pop.fra.plex.bz:443] EventSource: Got event [data] '<Message address="37.15.102.100" port="14340" asyncIdentifier="3357565e-1b77-438a-9dff-8c440bf51318" connectivity="1" command="notifyConnectivity"/>'
Jun 29, 2026 09:16:49.579 [547869253856] DEBUG - [EventSourceClient/pubsub/pubsub10.pop.fra.plex.bz:443] PubSub: Got notified of reachability for async identifier 3357565e-1b77-438a-9dff-8c440bf51318: 1 for 37.15.102.100:14340 (responded in 501 ms)
Jun 29, 2026 09:16:49.579 [547869253856] DEBUG - [EventSourceClient/pubsub/pubsub10.pop.fra.plex.bz:443] MyPlex: reachability check - current mapping state: 'Mapped - Publishing'.
Jun 29, 2026 09:16:49.579 [547869253856] DEBUG - [EventSourceClient/pubsub/pubsub10.pop.fra.plex.bz:443] MyPlex: mapping state set to 'Mapped'.
Jun 29, 2026 09:16:52.405 [547808698592] DEBUG - NetworkInterface: received Netlink message len=440, type=RTM_NEWLINK, flags=0x0
Jun 29, 2026 09:16:52.405 [547808698592] DEBUG - NetworkInterface: Netlink information message family=7, type=1, index=1096, flags=0x1003, change=0x0
Jun 29, 2026 09:16:52.405 [547808698592] DEBUG - Network change.
Jun 29, 2026 09:16:52.405 [547808698592] DEBUG - NetworkInterface: Notified of network changed (force=0)
Jun 29, 2026 09:16:52.438 [547808698592] DEBUG - Network change notification but nothing changed.
Jun 29, 2026 09:16:52.438 [547808698592] DEBUG - NetworkInterface: received Netlink message len=1864, type=RTM_NEWLINK, flags=0x0
Jun 29, 2026 09:16:52.438 [547808698592] DEBUG - NetworkInterface: Netlink information message family=0, type=1, index=1096, flags=0x1003, change=0x0
Jun 29, 2026 09:16:52.438 [547808698592] DEBUG - Network change.
Jun 29, 2026 09:16:52.438 [547808698592] DEBUG - NetworkInterface: Notified of network changed (force=0)
Jun 29, 2026 09:16:52.439 [547808698592] DEBUG - Network change notification but nothing changed.
Jun 29, 2026 09:16:52.439 [547808698592] DEBUG - NetworkInterface: received Netlink message len=1500, type=RTM_NEWLINK, flags=0x0
Jun 29, 2026 09:16:52.439 [547808698592] DEBUG - NetworkInterface: Netlink information message family=0, type=1, index=1095, flags=0x1002, change=0xffffffff
Jun 29, 2026 09:16:52.439 [547808698592] DEBUG - Network change.
Jun 29, 2026 09:16:52.439 [547808698592] DEBUG - NetworkInterface: Notified of network changed (force=0)
Jun 29, 2026 09:16:52.439 [547808698592] DEBUG - Network change notification but nothing changed.
Jun 29, 2026 09:16:52.464 [547808698592] DEBUG - NetworkInterface: received Netlink message len=1500, type=RTM_NEWLINK, flags=0x0
Jun 29, 2026 09:16:52.464 [547808698592] DEBUG - NetworkInterface: Netlink information message family=0, type=1, index=1095, flags=0x11003, change=0x1
Jun 29, 2026 09:16:52.464 [547808698592] DEBUG - Network change.
Jun 29, 2026 09:16:52.464 [547808698592] DEBUG - NetworkInterface: Notified of network changed (force=0)
Jun 29, 2026 09:16:52.466 [547808698592] DEBUG - Network change notification but nothing changed.
Jun 29, 2026 09:16:52.466 [547808698592] DEBUG - NetworkInterface: received Netlink message len=1500, type=RTM_NEWLINK, flags=0x0
Jun 29, 2026 09:16:52.466 [547808698592] DEBUG - NetworkInterface: Netlink information message family=0, type=1, index=1095, flags=0x11043, change=0x0
Jun 29, 2026 09:16:52.466 [547808698592] DEBUG - Network change.
Jun 29, 2026 09:16:52.466 [547808698592] DEBUG - NetworkInterface: Notified of network changed (force=0)
Jun 29, 2026 09:16:52.467 [547808698592] DEBUG - Network change notification but nothing changed.
Jun 29, 2026 09:16:52.467 [547808698592] DEBUG - NetworkInterface: received Netlink message len=440, type=RTM_NEWLINK, flags=0x0
Jun 29, 2026 09:16:52.467 [547808698592] DEBUG - NetworkInterface: Netlink information message family=7, type=1, index=1096, flags=0x11043, change=0x0
Jun 29, 2026 09:16:52.467 [547808698592] DEBUG - Network change.
Jun 29, 2026 09:16:52.467 [547808698592] DEBUG - NetworkInterface: Notified of network changed (force=0)
Jun 29, 2026 09:16:52.467 [547808698592] DEBUG - Network change notification but nothing changed.
Jun 29, 2026 09:16:52.467 [547808698592] DEBUG - NetworkInterface: received Netlink message len=440, type=RTM_NEWLINK, flags=0x0
Jun 29, 2026 09:16:52.467 [547808698592] DEBUG - NetworkInterface: Netlink information message family=7, type=1, index=1096, flags=0x11043, change=0x0
Jun 29, 2026 09:16:52.467 [547808698592] DEBUG - Network change.
Jun 29, 2026 09:16:52.467 [547808698592] DEBUG - NetworkInterface: Notified of network changed (force=0)
Jun 29, 2026 09:16:52.468 [547808698592] DEBUG - Network change notification but nothing changed.
Jun 29, 2026 09:16:52.468 [547808698592] DEBUG - NetworkInterface: received Netlink message len=1856, type=RTM_NEWLINK, flags=0x0
Jun 29, 2026 09:16:52.468 [547808698592] DEBUG - NetworkInterface: Netlink information message family=0, type=1, index=1096, flags=0x11043, change=0x0
Jun 29, 2026 09:16:52.468 [547808698592] DEBUG - Network change.
Jun 29, 2026 09:16:52.468 [547808698592] DEBUG - NetworkInterface: Notified of network changed (force=0)
Jun 29, 2026 09:16:52.469 [547808698592] DEBUG - Network change notification but nothing changed.
Jun 29, 2026 09:16:52.538 [547808698592] DEBUG - NetworkInterface: received Netlink message len=1500, type=RTM_NEWLINK, flags=0x0
Jun 29, 2026 09:16:52.538 [547808698592] DEBUG - NetworkInterface: Netlink information message family=0, type=1, index=1095, flags=0x1002, change=0x41
Jun 29, 2026 09:16:52.538 [547808698592] DEBUG - Network change.
Jun 29, 2026 09:16:52.539 [547808698592] DEBUG - NetworkInterface: Notified of network changed (force=0)
Jun 29, 2026 09:16:52.546 [547808698592] DEBUG - Network change notification but nothing changed.
Jun 29, 2026 09:16:52.546 [547808698592] DEBUG - NetworkInterface: received Netlink message len=1856, type=RTM_NEWLINK, flags=0x0
Jun 29, 2026 09:16:52.546 [547808698592] DEBUG - NetworkInterface: Netlink information message family=0, type=1, index=1096, flags=0x1002, change=0x41
Jun 29, 2026 09:16:52.546 [547808698592] DEBUG - Network change.
Jun 29, 2026 09:16:52.546 [547808698592] DEBUG - NetworkInterface: Notified of network changed (force=0)
Jun 29, 2026 09:16:52.547 [547808698592] DEBUG - Network change notification but nothing changed.
Jun 29, 2026 09:16:52.547 [547808698592] DEBUG - NetworkInterface: received Netlink message len=440, type=RTM_NEWLINK, flags=0x0
Jun 29, 2026 09:16:52.547 [547808698592] DEBUG - NetworkInterface: Netlink information message family=7, type=1, index=1096, flags=0x1002, change=0x0
Jun 29, 2026 09:16:52.547 [547808698592] DEBUG - Network change.
Jun 29, 2026 09:16:52.547 [547808698592] DEBUG - NetworkInterface: Notified of network changed (force=0)
Jun 29, 2026 09:16:52.548 [547808698592] DEBUG - Network change notification but nothing changed.
Jun 29, 2026 09:16:52.548 [547808698592] DEBUG - NetworkInterface: received Netlink message len=688, type=RTM_DELLINK, flags=0x0
Jun 29, 2026 09:16:52.548 [547808698592] DEBUG - NetworkInterface: Netlink information message family=0, type=1, index=1095, flags=0x1002, change=0xffffffff
Jun 29, 2026 09:16:52.548 [547808698592] DEBUG - NetworkInterface: received Netlink message len=440, type=RTM_NEWLINK, flags=0x0
Jun 29, 2026 09:16:52.548 [547808698592] DEBUG - NetworkInterface: Netlink information message family=7, type=1, index=1096, flags=0x1002, change=0x0
Jun 29, 2026 09:16:52.548 [547808698592] DEBUG - Network change.
Jun 29, 2026 09:16:52.548 [547808698592] DEBUG - NetworkInterface: Notified of network changed (force=0)
Jun 29, 2026 09:16:52.549 [547808698592] DEBUG - Network change notification but nothing changed.
Jun 29, 2026 09:16:52.549 [547808698592] DEBUG - NetworkInterface: received Netlink message len=104, type=RTM_DELLINK, flags=0x0
Jun 29, 2026 09:16:52.549 [547808698592] DEBUG - NetworkInterface: Netlink information message family=7, type=1, index=1096, flags=0x1002, change=0x0
Jun 29, 2026 09:16:52.549 [547808698592] DEBUG - NetworkInterface: received Netlink message len=688, type=RTM_DELLINK, flags=0x0
Jun 29, 2026 09:16:52.549 [547808698592] DEBUG - NetworkInterface: Netlink information message family=0, type=1, index=1096, flags=0x1002, change=0xffffffff
Jun 29, 2026 09:16:55.429 [547808698592] DEBUG - NetworkInterface: received Netlink message len=1500, type=RTM_NEWLINK, flags=0x0
Jun 29, 2026 09:16:55.429 [547808698592] DEBUG - NetworkInterface: Netlink information message family=0, type=1, index=1097, flags=0x1002, change=0xffffffff
Jun 29, 2026 09:16:55.429 [547808698592] DEBUG - Network change.
Jun 29, 2026 09:16:55.429 [547808698592] DEBUG - NetworkInterface: Notified of network changed (force=0)
Jun 29, 2026 09:16:55.436 [547808698592] DEBUG - Network change notification but nothing changed.
Jun 29, 2026 09:16:55.436 [547808698592] DEBUG - NetworkInterface: received Netlink message len=1500, type=RTM_NEWLINK, flags=0x0
Jun 29, 2026 09:16:55.436 [547808698592] DEBUG - NetworkInterface: Netlink information message family=0, type=1, index=1098, flags=0x1002, change=0xffffffff
Jun 29, 2026 09:16:55.436 [547808698592] DEBUG - Network change.
Jun 29, 2026 09:16:55.436 [547808698592] DEBUG - NetworkInterface: Notified of network changed (force=0)
Jun 29, 2026 09:16:55.437 [547808698592] DEBUG - Network change notification but nothing changed.
Jun 29, 2026 09:16:55.437 [547808698592] DEBUG - NetworkInterface: received Netlink message len=1856, type=RTM_NEWLINK, flags=0x0
Jun 29, 2026 09:16:55.437 [547808698592] DEBUG - NetworkInterface: Netlink information message family=0, type=1, index=1098, flags=0x1002, change=0x0
Jun 29, 2026 09:16:55.437 [547808698592] DEBUG - Network change.
Jun 29, 2026 09:16:55.437 [547808698592] DEBUG - NetworkInterface: Notified of network changed (force=0)
Jun 29, 2026 09:16:55.438 [547808698592] DEBUG - Network change notification but nothing changed.
Jun 29, 2026 09:16:55.438 [547808698592] DEBUG - NetworkInterface: received Netlink message len=1856, type=RTM_NEWLINK, flags=0x0
Jun 29, 2026 09:16:55.438 [547808698592] DEBUG - NetworkInterface: Netlink information message family=0, type=1, index=1098, flags=0x1002, change=0x100
Jun 29, 2026 09:16:55.438 [547808698592] DEBUG - Network change.
Jun 29, 2026 09:16:55.438 [547808698592] DEBUG - NetworkInterface: Notified of network changed (force=0)
Jun 29, 2026 09:16:55.444 [547808698592] DEBUG - Network change notification but nothing changed.
Jun 29, 2026 09:16:55.444 [547808698592] DEBUG - NetworkInterface: received Netlink message len=440, type=RTM_NEWLINK, flags=0x0
Jun 29, 2026 09:16:55.444 [547808698592] DEBUG - NetworkInterface: Netlink information message family=7, type=1, index=1098, flags=0x1002, change=0x0
Jun 29, 2026 09:16:55.444 [547808698592] DEBUG - Network change.
Jun 29, 2026 09:16:55.444 [547808698592] DEBUG - NetworkInterface: Notified of network changed (force=0)
Jun 29, 2026 09:16:55.446 [547808698592] DEBUG - Network change notification but nothing changed.
Jun 29, 2026 09:16:55.446 [547808698592] DEBUG - NetworkInterface: received Netlink message len=1856, type=RTM_NEWLINK, flags=0x0
Jun 29, 2026 09:16:55.446 [547808698592] DEBUG - NetworkInterface: Netlink information message family=0, type=1, index=1098, flags=0x1003, change=0x1
Jun 29, 2026 09:16:55.446 [547808698592] DEBUG - Network change.
Jun 29, 2026 09:16:55.446 [547808698592] DEBUG - NetworkInterface: Notified of network changed (force=0)
Jun 29, 2026 09:16:55.447 [547808698592] DEBUG - Network change notification but nothing changed.
Jun 29, 2026 09:16:55.447 [547808698592] DEBUG - NetworkInterface: received Netlink message len=440, type=RTM_NEWLINK, flags=0x0
Jun 29, 2026 09:16:55.447 [547808698592] DEBUG - NetworkInterface: Netlink information message family=7, type=1, index=1098, flags=0x1003, change=0x0
Jun 29, 2026 09:16:55.447 [547808698592] DEBUG - Network change.
Jun 29, 2026 09:16:55.447 [547808698592] DEBUG - NetworkInterface: Notified of network changed (force=0)
Jun 29, 2026 09:16:55.448 [547808698592] DEBUG - Network change notification but nothing changed.
Jun 29, 2026 09:16:55.467 [547808698592] DEBUG - NetworkInterface: received Netlink message len=1500, type=RTM_NEWLINK, flags=0x0
Jun 29, 2026 09:16:55.467 [547808698592] DEBUG - NetworkInterface: Netlink information message family=0, type=1, index=1097, flags=0x11003, change=0x1
Jun 29, 2026 09:16:55.467 [547808698592] DEBUG - Network change.
Jun 29, 2026 09:16:55.467 [547808698592] DEBUG - NetworkInterface: Notified of network changed (force=0)
Jun 29, 2026 09:16:55.472 [547808698592] DEBUG - Network change notification but nothing changed.
Jun 29, 2026 09:16:55.472 [547808698592] DEBUG - NetworkInterface: received Netlink message len=1500, type=RTM_NEWLINK, flags=0x0
Jun 29, 2026 09:16:55.472 [547808698592] DEBUG - NetworkInterface: Netlink information message family=0, type=1, index=1097, flags=0x11043, change=0x0
Jun 29, 2026 09:16:55.472 [547808698592] DEBUG - Network change.
Jun 29, 2026 09:16:55.472 [547808698592] DEBUG - NetworkInterface: Notified of network changed (force=0)
Jun 29, 2026 09:16:55.472 [547808698592] DEBUG - Network change notification but nothing changed.
Jun 29, 2026 09:16:55.473 [547808698592] DEBUG - NetworkInterface: received Netlink message len=440, type=RTM_NEWLINK, flags=0x0
Jun 29, 2026 09:16:55.473 [547808698592] DEBUG - NetworkInterface: Netlink information message family=7, type=1, index=1098, flags=0x11043, change=0x0
Jun 29, 2026 09:16:55.473 [547808698592] DEBUG - Network change.
Jun 29, 2026 09:16:55.473 [547808698592] DEBUG - NetworkInterface: Notified of network changed (force=0)
Jun 29, 2026 09:16:55.477 [547808698592] DEBUG - Network change notification but nothing changed.
Jun 29, 2026 09:16:55.477 [547808698592] DEBUG - NetworkInterface: received Netlink message len=440, type=RTM_NEWLINK, flags=0x0
Jun 29, 2026 09:16:55.477 [547808698592] DEBUG - NetworkInterface: Netlink information message family=7, type=1, index=1098, flags=0x11043, change=0x0
Jun 29, 2026 09:16:55.477 [547808698592] DEBUG - Network change.
Jun 29, 2026 09:16:55.477 [547808698592] DEBUG - NetworkInterface: Notified of network changed (force=0)
Jun 29, 2026 09:16:55.478 [547808698592] DEBUG - Network change notification but nothing changed.
Jun 29, 2026 09:16:55.479 [547808698592] DEBUG - NetworkInterface: received Netlink message len=1856, type=RTM_NEWLINK, flags=0x0
Jun 29, 2026 09:16:55.480 [547808698592] DEBUG - NetworkInterface: Netlink information message family=0, type=1, index=1098, flags=0x11043, change=0x0
Jun 29, 2026 09:16:55.480 [547808698592] DEBUG - Network change.
Jun 29, 2026 09:16:55.480 [547808698592] DEBUG - NetworkInterface: Notified of network changed (force=0)
Jun 29, 2026 09:16:55.480 [547808698592] DEBUG - Network change notification but nothing changed.
Jun 29, 2026 09:16:55.515 [547819245792] DEBUG - [HCl#2f] HTTP requesting GET https://plex.tv/api/v2/shared_sources/owned?machineIdentifier=852d69654ed685d07d2d7f072dec0b61ea7d12ba
Jun 29, 2026 09:16:55.624 [547857510624] DEBUG - [HttpClient/HCl#2f] HTTP/1.1 (0.1s) 200 response from GET https://plex.tv/api/v2/shared_sources/owned?machineIdentifier=852d69654ed685d07d2d7f072dec0b61ea7d12ba (reused)
Jun 29, 2026 09:16:55.624 [547819245792] DEBUG - [HCl#30] HTTP requesting GET https://plex.tv/api/v2/server/access_tokens?auth_token=xxxxxxxxxxxxxxxxxxxx
Jun 29, 2026 09:16:55.736 [547857510624] DEBUG - [HttpClient/HCl#30] HTTP/1.1 (0.1s) 200 response from GET https://plex.tv/api/v2/server/access_tokens?auth_token=xxxxxxxxxxxxxxxxxxxx (reused)
Jun 29, 2026 09:16:55.737 [547819245792] DEBUG - MyPlex: updating with 5 access tokens
Jun 29, 2026 09:16:55.737 [547819245792] DEBUG - [HCl#31] HTTP requesting GET https://plex.tv/api/v2/server/users?auth_token=xxxxxxxxxxxxxxxxxxxx
Jun 29, 2026 09:16:55.870 [547857510624] DEBUG - [HttpClient/HCl#31] HTTP/1.1 (0.1s) 200 response from GET https://plex.tv/api/v2/server/users?auth_token=xxxxxxxxxxxxxxxxxxxx (reused)
Jun 29, 2026 09:16:55.871 [547810808032] DEBUG - [HCl#32] HTTP requesting GET https://plex.tv/api/v2/server/users/subscriptions?auth_token=xxxxxxxxxxxxxxxxxxxx
Jun 29, 2026 09:16:55.982 [547857510624] DEBUG - [HttpClient/HCl#32] HTTP/1.1 (0.1s) 200 response from GET https://plex.tv/api/v2/server/users/subscriptions?auth_token=xxxxxxxxxxxxxxxxxxxx (reused)
Jun 29, 2026 09:16:55.983 [547848843488] DEBUG - MyPlex: using cached data for request for https://plex.tv/api/v2/server/users/services?auth_token=xxxxxxxxxxxxxxxxxxxx
Jun 29, 2026 09:16:56.269 [547808698592] DEBUG - NetworkInterface: received Netlink message len=1500, type=RTM_NEWLINK, flags=0x0
Jun 29, 2026 09:16:56.269 [547808698592] DEBUG - NetworkInterface: Netlink information message family=0, type=1, index=1097, flags=0x1002, change=0x41
Jun 29, 2026 09:16:56.269 [547808698592] DEBUG - Network change.
Jun 29, 2026 09:16:56.269 [547808698592] DEBUG - NetworkInterface: Notified of network changed (force=0)
Jun 29, 2026 09:16:56.300 [547808698592] DEBUG - Network change notification but nothing changed.
Jun 29, 2026 09:16:56.300 [547808698592] DEBUG - NetworkInterface: received Netlink message len=704, type=RTM_DELLINK, flags=0x0
Jun 29, 2026 09:16:56.300 [547808698592] DEBUG - NetworkInterface: Netlink information message family=0, type=1, index=1097, flags=0x1002, change=0xffffffff
Jun 29, 2026 09:16:56.300 [547808698592] DEBUG - NetworkInterface: received Netlink message len=440, type=RTM_NEWLINK, flags=0x0
Jun 29, 2026 09:16:56.300 [547808698592] DEBUG - NetworkInterface: Netlink information message family=7, type=1, index=1098, flags=0x1003, change=0x0
Jun 29, 2026 09:16:56.300 [547808698592] DEBUG - Network change.
Jun 29, 2026 09:16:56.300 [547808698592] DEBUG - NetworkInterface: Notified of network changed (force=0)
Jun 29, 2026 09:16:56.301 [547808698592] DEBUG - Network change notification but nothing changed.
Jun 29, 2026 09:16:56.301 [547808698592] DEBUG - NetworkInterface: received Netlink message len=1864, type=RTM_NEWLINK, flags=0x0
Jun 29, 2026 09:16:56.301 [547808698592] DEBUG - NetworkInterface: Netlink information message family=0, type=1, index=1098, flags=0x1003, change=0x0
Jun 29, 2026 09:16:56.301 [547808698592] DEBUG - Network change.
Jun 29, 2026 09:16:56.301 [547808698592] DEBUG - NetworkInterface: Notified of network changed (force=0)
Jun 29, 2026 09:16:56.302 [547808698592] DEBUG - Network change notification but nothing changed.
Jun 29, 2026 09:16:56.302 [547808698592] DEBUG - NetworkInterface: received Netlink message len=440, type=RTM_NEWLINK, flags=0x0
Jun 29, 2026 09:16:56.302 [547808698592] DEBUG - NetworkInterface: Netlink information message family=7, type=1, index=1098, flags=0x11043, change=0x0
Jun 29, 2026 09:16:56.302 [547808698592] DEBUG - Network change.
Jun 29, 2026 09:16:56.302 [547808698592] DEBUG - NetworkInterface: Notified of network changed (force=0)
Jun 29, 2026 09:16:56.303 [547808698592] DEBUG - Network change notification but nothing changed.
Jun 29, 2026 09:16:56.303 [547808698592] DEBUG - NetworkInterface: received Netlink message len=440, type=RTM_NEWLINK, flags=0x0
Jun 29, 2026 09:16:56.303 [547808698592] DEBUG - NetworkInterface: Netlink information message family=7, type=1, index=1098, flags=0x11043, change=0x0
Jun 29, 2026 09:16:56.303 [547808698592] DEBUG - Network change.
Jun 29, 2026 09:16:56.303 [547808698592] DEBUG - NetworkInterface: Notified of network changed (force=0)
Jun 29, 2026 09:16:56.303 [547808698592] DEBUG - Network change notification but nothing changed.
Jun 29, 2026 09:16:56.304 [547808698592] DEBUG - NetworkInterface: received Netlink message len=1864, type=RTM_NEWLINK, flags=0x0
Jun 29, 2026 09:16:56.304 [547808698592] DEBUG - NetworkInterface: Netlink information message family=0, type=1, index=1098, flags=0x11043, change=0x0
Jun 29, 2026 09:16:56.304 [547808698592] DEBUG - Network change.
Jun 29, 2026 09:16:56.304 [547808698592] DEBUG - NetworkInterface: Notified of network changed (force=0)
Jun 29, 2026 09:16:56.304 [547808698592] DEBUG - Network change notification but nothing changed.
Jun 29, 2026 09:16:58.737 [547819245792] DEBUG - [MediaProviderManager] Refreshing media providers
Jun 29, 2026 09:16:58.738 [547819245792] DEBUG - [MediaProviderManager/Response::fetch/HCl#33] HTTP requesting GET https://plex.tv/media/providers
Jun 29, 2026 09:16:58.852 [547857510624] DEBUG - [HttpClient/HCl#33] HTTP/1.1 (0.1s) 200 response from GET https://plex.tv/media/providers (reused)
Jun 29, 2026 09:16:58.853 [547819245792] DEBUG - [MediaProviderManager] discovered cloud provider (Movies & Shows)
Jun 29, 2026 09:16:58.853 [547819245792] DEBUG - [MediaProviderManager] discovered cloud provider (Metadata)
Jun 29, 2026 09:16:58.853 [547819245792] DEBUG - [MediaProviderManager] loading cloud provider details (Metadata) (alive: 1)
Jun 29, 2026 09:16:58.853 [547819245792] DEBUG - [MediaProviderManager] loading cloud provider details (Movies & Shows) (alive: 1)
Jun 29, 2026 09:16:58.853 [547819245792] DEBUG - [MediaProviderManager] we had 2 cloud providers online, we now have 2
Jun 29, 2026 09:16:58.853 [547819245792] DEBUG - [MediaProviderManager] cloud provider (Metadata) is online and available
Jun 29, 2026 09:16:58.853 [547819245792] DEBUG - [MediaProviderManager] cloud provider (Movies & Shows) is online and available
Jun 29, 2026 09:16:58.853 [547819245792] DEBUG - [MediaProviderManager] Media provider refresh complete
Jun 29, 2026 09:16:59.750 [547808698592] DEBUG - NetworkInterface: received Netlink message len=440, type=RTM_NEWLINK, flags=0x0
Jun 29, 2026 09:16:59.750 [547808698592] DEBUG - NetworkInterface: Netlink information message family=7, type=1, index=1098, flags=0x1003, change=0x0
Jun 29, 2026 09:16:59.750 [547808698592] DEBUG - Network change.
Jun 29, 2026 09:16:59.750 [547808698592] DEBUG - NetworkInterface: Notified of network changed (force=0)
Jun 29, 2026 09:16:59.777 [547808698592] DEBUG - Network change notification but nothing changed.
Jun 29, 2026 09:16:59.778 [547808698592] DEBUG - NetworkInterface: received Netlink message len=1864, type=RTM_NEWLINK, flags=0x0
Jun 29, 2026 09:16:59.778 [547808698592] DEBUG - NetworkInterface: Netlink information message family=0, type=1, index=1098, flags=0x1003, change=0x0
Jun 29, 2026 09:16:59.778 [547808698592] DEBUG - Network change.
Jun 29, 2026 09:16:59.778 [547808698592] DEBUG - NetworkInterface: Notified of network changed (force=0)
Jun 29, 2026 09:16:59.779 [547808698592] DEBUG - Network change notification but nothing changed.
Jun 29, 2026 09:16:59.779 [547808698592] DEBUG - NetworkInterface: received Netlink message len=1500, type=RTM_NEWLINK, flags=0x0
Jun 29, 2026 09:16:59.779 [547808698592] DEBUG - NetworkInterface: Netlink information message family=0, type=1, index=1097, flags=0x1002, change=0xffffffff
Jun 29, 2026 09:16:59.779 [547808698592] DEBUG - Network change.
Jun 29, 2026 09:16:59.779 [547808698592] DEBUG - NetworkInterface: Notified of network changed (force=0)
Jun 29, 2026 09:16:59.780 [547808698592] DEBUG - Network change notification but nothing changed.
Jun 29, 2026 09:16:59.800 [547808698592] DEBUG - NetworkInterface: received Netlink message len=1500, type=RTM_NEWLINK, flags=0x0
Jun 29, 2026 09:16:59.800 [547808698592] DEBUG - NetworkInterface: Netlink information message family=0, type=1, index=1097, flags=0x11003, change=0x1
Jun 29, 2026 09:16:59.800 [547808698592] DEBUG - Network change.
Jun 29, 2026 09:16:59.800 [547808698592] DEBUG - NetworkInterface: Notified of network changed (force=0)
Jun 29, 2026 09:16:59.801 [547808698592] DEBUG - Network change notification but nothing changed.
Jun 29, 2026 09:16:59.801 [547808698592] DEBUG - NetworkInterface: received Netlink message len=1500, type=RTM_NEWLINK, flags=0x0
Jun 29, 2026 09:16:59.801 [547808698592] DEBUG - NetworkInterface: Netlink information message family=0, type=1, index=1097, flags=0x11043, change=0x0
Jun 29, 2026 09:16:59.801 [547808698592] DEBUG - Network change.
Jun 29, 2026 09:16:59.801 [547808698592] DEBUG - NetworkInterface: Notified of network changed (force=0)
Jun 29, 2026 09:16:59.802 [547808698592] DEBUG - Network change notification but nothing changed.
Jun 29, 2026 09:16:59.802 [547808698592] DEBUG - NetworkInterface: received Netlink message len=440, type=RTM_NEWLINK, flags=0x0
Jun 29, 2026 09:16:59.802 [547808698592] DEBUG - NetworkInterface: Netlink information message family=7, type=1, index=1098, flags=0x11043, change=0x0
Jun 29, 2026 09:16:59.802 [547808698592] DEBUG - Network change.
Jun 29, 2026 09:16:59.802 [547808698592] DEBUG - NetworkInterface: Notified of network changed (force=0)
Jun 29, 2026 09:16:59.802 [547808698592] DEBUG - Network change notification but nothing changed.
Jun 29, 2026 09:16:59.802 [547808698592] DEBUG - NetworkInterface: received Netlink message len=440, type=RTM_NEWLINK, flags=0x0
Jun 29, 2026 09:16:59.802 [547808698592] DEBUG - NetworkInterface: Netlink information message family=7, type=1, index=1098, flags=0x11043, change=0x0
Jun 29, 2026 09:16:59.802 [547808698592] DEBUG - Network change.
Jun 29, 2026 09:16:59.802 [547808698592] DEBUG - NetworkInterface: Notified of network changed (force=0)
Jun 29, 2026 09:16:59.803 [547808698592] DEBUG - Network change notification but nothing changed.
Jun 29, 2026 09:16:59.803 [547808698592] DEBUG - NetworkInterface: received Netlink message len=1856, type=RTM_NEWLINK, flags=0x0
Jun 29, 2026 09:16:59.803 [547808698592] DEBUG - NetworkInterface: Netlink information message family=0, type=1, index=1098, flags=0x11043, change=0x0
Jun 29, 2026 09:16:59.803 [547808698592] DEBUG - Network change.
Jun 29, 2026 09:16:59.803 [547808698592] DEBUG - NetworkInterface: Notified of network changed (force=0)
Jun 29, 2026 09:16:59.804 [547808698592] DEBUG - Network change notification but nothing changed.
Jun 29, 2026 09:16:59.861 [547808698592] DEBUG - NetworkInterface: received Netlink message len=1500, type=RTM_NEWLINK, flags=0x0
Jun 29, 2026 09:16:59.861 [547808698592] DEBUG - NetworkInterface: Netlink information message family=0, type=1, index=1097, flags=0x1002, change=0x41
Jun 29, 2026 09:16:59.861 [547808698592] DEBUG - Network change.
Jun 29, 2026 09:16:59.861 [547808698592] DEBUG - NetworkInterface: Notified of network changed (force=0)
Jun 29, 2026 09:16:59.868 [547808698592] DEBUG - Network change notification but nothing changed.
Jun 29, 2026 09:16:59.868 [547808698592] DEBUG - NetworkInterface: received Netlink message len=1856, type=RTM_NEWLINK, flags=0x0
Jun 29, 2026 09:16:59.868 [547808698592] DEBUG - NetworkInterface: Netlink information message family=0, type=1, index=1098, flags=0x1002, change=0x41
Jun 29, 2026 09:16:59.868 [547808698592] DEBUG - Network change.
Jun 29, 2026 09:16:59.868 [547808698592] DEBUG - NetworkInterface: Notified of network changed (force=0)
Jun 29, 2026 09:16:59.869 [547808698592] DEBUG - Network change notification but nothing changed.
Jun 29, 2026 09:16:59.869 [547808698592] DEBUG - NetworkInterface: received Netlink message len=440, type=RTM_NEWLINK, flags=0x0
Jun 29, 2026 09:16:59.869 [547808698592] DEBUG - NetworkInterface: Netlink information message family=7, type=1, index=1098, flags=0x1002, change=0x0
Jun 29, 2026 09:16:59.869 [547808698592] DEBUG - Network change.
Jun 29, 2026 09:16:59.869 [547808698592] DEBUG - NetworkInterface: Notified of network changed (force=0)
Jun 29, 2026 09:16:59.871 [547808698592] DEBUG - Network change notification but nothing changed.
Jun 29, 2026 09:16:59.872 [547808698592] DEBUG - NetworkInterface: received Netlink message len=688, type=RTM_DELLINK, flags=0x0
Jun 29, 2026 09:16:59.872 [547808698592] DEBUG - NetworkInterface: Netlink information message family=0, type=1, index=1097, flags=0x1002, change=0xffffffff
Jun 29, 2026 09:16:59.872 [547808698592] DEBUG - NetworkInterface: received Netlink message len=440, type=RTM_NEWLINK, flags=0x0
Jun 29, 2026 09:16:59.872 [547808698592] DEBUG - NetworkInterface: Netlink information message family=7, type=1, index=1098, flags=0x1002, change=0x0
Jun 29, 2026 09:16:59.872 [547808698592] DEBUG - Network change.
Jun 29, 2026 09:16:59.872 [547808698592] DEBUG - NetworkInterface: Notified of network changed (force=0)
Jun 29, 2026 09:16:59.873 [547808698592] DEBUG - Network change notification but nothing changed.
Jun 29, 2026 09:16:59.873 [547808698592] DEBUG - NetworkInterface: received Netlink message len=104, type=RTM_DELLINK, flags=0x0
Jun 29, 2026 09:16:59.873 [547808698592] DEBUG - NetworkInterface: Netlink information message family=7, type=1, index=1098, flags=0x1002, change=0x0
Jun 29, 2026 09:16:59.873 [547808698592] DEBUG - NetworkInterface: received Netlink message len=688, type=RTM_DELLINK, flags=0x0
Jun 29, 2026 09:16:59.873 [547808698592] DEBUG - NetworkInterface: Netlink information message family=0, type=1, index=1098, flags=0x1002, change=0xffffffff
Jun 29, 2026 09:17:01.697 [547812917472] DEBUG - [NSB/SSDP] Parsing SSDP schema for http://192.168.1.1:49152/wps_device.xml
Jun 29, 2026 09:17:05.963 [547808698592] DEBUG - NetworkInterface: received Netlink message len=1500, type=RTM_NEWLINK, flags=0x0
Jun 29, 2026 09:17:05.963 [547808698592] DEBUG - NetworkInterface: Netlink information message family=0, type=1, index=1099, flags=0x1002, change=0xffffffff
Jun 29, 2026 09:17:05.963 [547808698592] DEBUG - Network change.
Jun 29, 2026 09:17:05.963 [547808698592] DEBUG - NetworkInterface: Notified of network changed (force=0)
Jun 29, 2026 09:17:05.977 [547808698592] DEBUG - Network change notification but nothing changed.
Jun 29, 2026 09:17:05.977 [547808698592] DEBUG - NetworkInterface: received Netlink message len=1500, type=RTM_NEWLINK, flags=0x0
Jun 29, 2026 09:17:05.977 [547808698592] DEBUG - NetworkInterface: Netlink information message family=0, type=1, index=1100, flags=0x1002, change=0xffffffff
Jun 29, 2026 09:17:05.977 [547808698592] DEBUG - Network change.
Jun 29, 2026 09:17:05.977 [547808698592] DEBUG - NetworkInterface: Notified of network changed (force=0)
Jun 29, 2026 09:17:05.978 [547808698592] DEBUG - Network change notification but nothing changed.
Jun 29, 2026 09:17:06.003 [547808698592] DEBUG - NetworkInterface: received Netlink message len=1856, type=RTM_NEWLINK, flags=0x0
Jun 29, 2026 09:17:06.004 [547808698592] DEBUG - NetworkInterface: Netlink information message family=0, type=1, index=1100, flags=0x1002, change=0x0
Jun 29, 2026 09:17:06.004 [547808698592] DEBUG - Network change.
Jun 29, 2026 09:17:06.004 [547808698592] DEBUG - NetworkInterface: Notified of network changed (force=0)
Jun 29, 2026 09:17:06.018 [547808698592] DEBUG - Network change notification but nothing changed.
Jun 29, 2026 09:17:06.019 [547808698592] DEBUG - NetworkInterface: received Netlink message len=1856, type=RTM_NEWLINK, flags=0x0
Jun 29, 2026 09:17:06.019 [547808698592] DEBUG - NetworkInterface: Netlink information message family=0, type=1, index=1100, flags=0x1002, change=0x100
Jun 29, 2026 09:17:06.019 [547808698592] DEBUG - Network change.
Jun 29, 2026 09:17:06.019 [547808698592] DEBUG - NetworkInterface: Notified of network changed (force=0)
Jun 29, 2026 09:17:06.020 [547808698592] DEBUG - Network change notification but nothing changed.
Jun 29, 2026 09:17:06.020 [547808698592] DEBUG - NetworkInterface: received Netlink message len=440, type=RTM_NEWLINK, flags=0x0
Jun 29, 2026 09:17:06.020 [547808698592] DEBUG - NetworkInterface: Netlink information message family=7, type=1, index=1100, flags=0x1002, change=0x0
Jun 29, 2026 09:17:06.020 [547808698592] DEBUG - Network change.
Jun 29, 2026 09:17:06.020 [547808698592] DEBUG - NetworkInterface: Notified of network changed (force=0)
Jun 29, 2026 09:17:06.026 [547808698592] DEBUG - Network change notification but nothing changed.
Jun 29, 2026 09:17:06.026 [547808698592] DEBUG - NetworkInterface: received Netlink message len=1856, type=RTM_NEWLINK, flags=0x0
Jun 29, 2026 09:17:06.026 [547808698592] DEBUG - NetworkInterface: Netlink information message family=0, type=1, index=1100, flags=0x1003, change=0x1
Jun 29, 2026 09:17:06.026 [547808698592] DEBUG - Network change.
Jun 29, 2026 09:17:06.026 [547808698592] DEBUG - NetworkInterface: Notified of network changed (force=0)
Jun 29, 2026 09:17:06.027 [547808698592] DEBUG - Network change notification but nothing changed.
Jun 29, 2026 09:17:06.028 [547808698592] DEBUG - NetworkInterface: received Netlink message len=440, type=RTM_NEWLINK, flags=0x0
Jun 29, 2026 09:17:06.028 [547808698592] DEBUG - NetworkInterface: Netlink information message family=7, type=1, index=1100, flags=0x1003, change=0x0
Jun 29, 2026 09:17:06.028 [547808698592] DEBUG - Network change.
Jun 29, 2026 09:17:06.028 [547808698592] DEBUG - NetworkInterface: Notified of network changed (force=0)
Jun 29, 2026 09:17:06.033 [547808698592] DEBUG - Network change notification but nothing changed.
Jun 29, 2026 09:17:06.049 [547808698592] DEBUG - NetworkInterface: received Netlink message len=1500, type=RTM_NEWLINK, flags=0x0
Jun 29, 2026 09:17:06.049 [547808698592] DEBUG - NetworkInterface: Netlink information message family=0, type=1, index=1099, flags=0x11003, change=0x1
Jun 29, 2026 09:17:06.049 [547808698592] DEBUG - Network change.
Jun 29, 2026 09:17:06.049 [547808698592] DEBUG - NetworkInterface: Notified of network changed (force=0)
Jun 29, 2026 09:17:06.053 [547808698592] DEBUG - Network change notification but nothing changed.
Jun 29, 2026 09:17:06.053 [547808698592] DEBUG - NetworkInterface: received Netlink message len=1500, type=RTM_NEWLINK, flags=0x0
Jun 29, 2026 09:17:06.053 [547808698592] DEBUG - NetworkInterface: Netlink information message family=0, type=1, index=1099, flags=0x11043, change=0x0
Jun 29, 2026 09:17:06.053 [547808698592] DEBUG - Network change.
Jun 29, 2026 09:17:06.053 [547808698592] DEBUG - NetworkInterface: Notified of network changed (force=0)
Jun 29, 2026 09:17:06.054 [547808698592] DEBUG - Network change notification but nothing changed.
Jun 29, 2026 09:17:06.054 [547808698592] DEBUG - NetworkInterface: received Netlink message len=440, type=RTM_NEWLINK, flags=0x0
Jun 29, 2026 09:17:06.054 [547808698592] DEBUG - NetworkInterface: Netlink information message family=7, type=1, index=1100, flags=0x11043, change=0x0
Jun 29, 2026 09:17:06.054 [547808698592] DEBUG - Network change.
Jun 29, 2026 09:17:06.054 [547808698592] DEBUG - NetworkInterface: Notified of network changed (force=0)
Jun 29, 2026 09:17:06.054 [547808698592] DEBUG - Network change notification but nothing changed.
Jun 29, 2026 09:17:06.054 [547808698592] DEBUG - NetworkInterface: received Netlink message len=440, type=RTM_NEWLINK, flags=0x0
Jun 29, 2026 09:17:06.054 [547808698592] DEBUG - NetworkInterface: Netlink information message family=7, type=1, index=1100, flags=0x11043, change=0x0
Jun 29, 2026 09:17:06.054 [547808698592] DEBUG - Network change.
Jun 29, 2026 09:17:06.054 [547808698592] DEBUG - NetworkInterface: Notified of network changed (force=0)
Jun 29, 2026 09:17:06.055 [547808698592] DEBUG - Network change notification but nothing changed.
Jun 29, 2026 09:17:06.055 [547808698592] DEBUG - NetworkInterface: received Netlink message len=1856, type=RTM_NEWLINK, flags=0x0
Jun 29, 2026 09:17:06.055 [547808698592] DEBUG - NetworkInterface: Netlink information message family=0, type=1, index=1100, flags=0x11043, change=0x0
Jun 29, 2026 09:17:06.055 [547808698592] DEBUG - Network change.
Jun 29, 2026 09:17:06.055 [547808698592] DEBUG - NetworkInterface: Notified of network changed (force=0)
Jun 29, 2026 09:17:06.056 [547808698592] DEBUG - Network change notification but nothing changed.
Jun 29, 2026 09:17:07.014 [547808698592] DEBUG - NetworkInterface: received Netlink message len=1500, type=RTM_NEWLINK, flags=0x0
Jun 29, 2026 09:17:07.014 [547808698592] DEBUG - NetworkInterface: Netlink information message family=0, type=1, index=1099, flags=0x1002, change=0x41
Jun 29, 2026 09:17:07.014 [547808698592] DEBUG - Network change.
Jun 29, 2026 09:17:07.014 [547808698592] DEBUG - NetworkInterface: Notified of network changed (force=0)
Jun 29, 2026 09:17:07.046 [547808698592] DEBUG - Network change notification but nothing changed.
Jun 29, 2026 09:17:07.046 [547808698592] DEBUG - NetworkInterface: received Netlink message len=704, type=RTM_DELLINK, flags=0x0
Jun 29, 2026 09:17:07.046 [547808698592] DEBUG - NetworkInterface: Netlink information message family=0, type=1, index=1099, flags=0x1002, change=0xffffffff
Jun 29, 2026 09:17:07.046 [547808698592] DEBUG - NetworkInterface: received Netlink message len=440, type=RTM_NEWLINK, flags=0x0
Jun 29, 2026 09:17:07.046 [547808698592] DEBUG - NetworkInterface: Netlink information message family=7, type=1, index=1100, flags=0x1003, change=0x0
Jun 29, 2026 09:17:07.046 [547808698592] DEBUG - Network change.
Jun 29, 2026 09:17:07.046 [547808698592] DEBUG - NetworkInterface: Notified of network changed (force=0)
Jun 29, 2026 09:17:07.047 [547808698592] DEBUG - Network change notification but nothing changed.
Jun 29, 2026 09:17:07.047 [547808698592] DEBUG - NetworkInterface: received Netlink message len=1864, type=RTM_NEWLINK, flags=0x0
Jun 29, 2026 09:17:07.047 [547808698592] DEBUG - NetworkInterface: Netlink information message family=0, type=1, index=1100, flags=0x1003, change=0x0
Jun 29, 2026 09:17:07.047 [547808698592] DEBUG - Network change.
Jun 29, 2026 09:17:07.047 [547808698592] DEBUG - NetworkInterface: Notified of network changed (force=0)
Jun 29, 2026 09:17:07.048 [547808698592] DEBUG - Network change notification but nothing changed.
Jun 29, 2026 09:17:07.050 [547808698592] DEBUG - NetworkInterface: received Netlink message len=440, type=RTM_NEWLINK, flags=0x0
Jun 29, 2026 09:17:07.050 [547808698592] DEBUG - NetworkInterface: Netlink information message family=7, type=1, index=1100, flags=0x11043, change=0x0
Jun 29, 2026 09:17:07.050 [547808698592] DEBUG - Network change.
Jun 29, 2026 09:17:07.050 [547808698592] DEBUG - NetworkInterface: Notified of network changed (force=0)
Jun 29, 2026 09:17:07.051 [547808698592] DEBUG - Network change notification but nothing changed.
Jun 29, 2026 09:17:07.051 [547808698592] DEBUG - NetworkInterface: received Netlink message len=440, type=RTM_NEWLINK, flags=0x0
Jun 29, 2026 09:17:07.051 [547808698592] DEBUG - NetworkInterface: Netlink information message family=7, type=1, index=1100, flags=0x11043, change=0x0
Jun 29, 2026 09:17:07.051 [547808698592] DEBUG - Network change.
Jun 29, 2026 09:17:07.051 [547808698592] DEBUG - NetworkInterface: Notified of network changed (force=0)
Jun 29, 2026 09:17:07.051 [547808698592] DEBUG - Network change notification but nothing changed.
Jun 29, 2026 09:17:07.051 [547808698592] DEBUG - NetworkInterface: received Netlink message len=1864, type=RTM_NEWLINK, flags=0x0
Jun 29, 2026 09:17:07.051 [547808698592] DEBUG - NetworkInterface: Netlink information message family=0, type=1, index=1100, flags=0x11043, change=0x0
Jun 29, 2026 09:17:07.051 [547808698592] DEBUG - Network change.
Jun 29, 2026 09:17:07.051 [547808698592] DEBUG - NetworkInterface: Notified of network changed (force=0)
Jun 29, 2026 09:17:07.052 [547808698592] DEBUG - Network change notification but nothing changed.
Jun 29, 2026 09:17:10.417 [547808698592] DEBUG - NetworkInterface: received Netlink message len=440, type=RTM_NEWLINK, flags=0x0
Jun 29, 2026 09:17:10.417 [547808698592] DEBUG - NetworkInterface: Netlink information message family=7, type=1, index=1100, flags=0x1003, change=0x0
Jun 29, 2026 09:17:10.417 [547808698592] DEBUG - Network change.
Jun 29, 2026 09:17:10.417 [547808698592] DEBUG - NetworkInterface: Notified of network changed (force=0)
Jun 29, 2026 09:17:10.438 [547808698592] DEBUG - Network change notification but nothing changed.
Jun 29, 2026 09:17:10.438 [547808698592] DEBUG - NetworkInterface: received Netlink message len=1864, type=RTM_NEWLINK, flags=0x0
Jun 29, 2026 09:17:10.438 [547808698592] DEBUG - NetworkInterface: Netlink information message family=0, type=1, index=1100, flags=0x1003, change=0x0
Jun 29, 2026 09:17:10.438 [547808698592] DEBUG - Network change.
Jun 29, 2026 09:17:10.438 [547808698592] DEBUG - NetworkInterface: Notified of network changed (force=0)
Jun 29, 2026 09:17:10.439 [547808698592] DEBUG - Network change notification but nothing changed.
Jun 29, 2026 09:17:10.439 [547808698592] DEBUG - NetworkInterface: received Netlink message len=1500, type=RTM_NEWLINK, flags=0x0
Jun 29, 2026 09:17:10.439 [547808698592] DEBUG - NetworkInterface: Netlink information message family=0, type=1, index=1099, flags=0x1002, change=0xffffffff
Jun 29, 2026 09:17:10.439 [547808698592] DEBUG - Network change.
Jun 29, 2026 09:17:10.439 [547808698592] DEBUG - NetworkInterface: Notified of network changed (force=0)
Jun 29, 2026 09:17:10.440 [547808698592] DEBUG - Network change notification but nothing changed.
Jun 29, 2026 09:17:10.463 [547808698592] DEBUG - NetworkInterface: received Netlink message len=1500, type=RTM_NEWLINK, flags=0x0
Jun 29, 2026 09:17:10.463 [547808698592] DEBUG - NetworkInterface: Netlink information message family=0, type=1, index=1099, flags=0x11003, change=0x1
Jun 29, 2026 09:17:10.463 [547808698592] DEBUG - Network change.
Jun 29, 2026 09:17:10.463 [547808698592] DEBUG - NetworkInterface: Notified of network changed (force=0)
Jun 29, 2026 09:17:10.464 [547808698592] DEBUG - Network change notification but nothing changed.
Jun 29, 2026 09:17:10.464 [547808698592] DEBUG - NetworkInterface: received Netlink message len=1500, type=RTM_NEWLINK, flags=0x0
Jun 29, 2026 09:17:10.464 [547808698592] DEBUG - NetworkInterface: Netlink information message family=0, type=1, index=1099, flags=0x11043, change=0x0
Jun 29, 2026 09:17:10.464 [547808698592] DEBUG - Network change.
Jun 29, 2026 09:17:10.464 [547808698592] DEBUG - NetworkInterface: Notified of network changed (force=0)
Jun 29, 2026 09:17:10.465 [547808698592] DEBUG - Network change notification but nothing changed.
Jun 29, 2026 09:17:10.465 [547808698592] DEBUG - NetworkInterface: received Netlink message len=440, type=RTM_NEWLINK, flags=0x0
Jun 29, 2026 09:17:10.465 [547808698592] DEBUG - NetworkInterface: Netlink information message family=7, type=1, index=1100, flags=0x11043, change=0x0
Jun 29, 2026 09:17:10.465 [547808698592] DEBUG - Network change.
Jun 29, 2026 09:17:10.465 [547808698592] DEBUG - NetworkInterface: Notified of network changed (force=0)
Jun 29, 2026 09:17:10.466 [547808698592] DEBUG - Network change notification but nothing changed.
Jun 29, 2026 09:17:10.466 [547808698592] DEBUG - NetworkInterface: received Netlink message len=440, type=RTM_NEWLINK, flags=0x0
Jun 29, 2026 09:17:10.466 [547808698592] DEBUG - NetworkInterface: Netlink information message family=7, type=1, index=1100, flags=0x11043, change=0x0
Jun 29, 2026 09:17:10.466 [547808698592] DEBUG - Network change.
Jun 29, 2026 09:17:10.466 [547808698592] DEBUG - NetworkInterface: Notified of network changed (force=0)
Jun 29, 2026 09:17:10.466 [547808698592] DEBUG - Network change notification but nothing changed.
Jun 29, 2026 09:17:10.466 [547808698592] DEBUG - NetworkInterface: received Netlink message len=1856, type=RTM_NEWLINK, flags=0x0
Jun 29, 2026 09:17:10.466 [547808698592] DEBUG - NetworkInterface: Netlink information message family=0, type=1, index=1100, flags=0x11043, change=0x0
Jun 29, 2026 09:17:10.466 [547808698592] DEBUG - Network change.
Jun 29, 2026 09:17:10.466 [547808698592] DEBUG - NetworkInterface: Notified of network changed (force=0)
Jun 29, 2026 09:17:10.467 [547808698592] DEBUG - Network change notification but nothing changed.
Jun 29, 2026 09:17:10.529 [547808698592] DEBUG - NetworkInterface: received Netlink message len=1500, type=RTM_NEWLINK, flags=0x0
Jun 29, 2026 09:17:10.529 [547808698592] DEBUG - NetworkInterface: Netlink information message family=0, type=1, index=1099, flags=0x1002, change=0x41
Jun 29, 2026 09:17:10.529 [547808698592] DEBUG - Network change.
Jun 29, 2026 09:17:10.529 [547808698592] DEBUG - NetworkInterface: Notified of network changed (force=0)
Jun 29, 2026 09:17:10.536 [547808698592] DEBUG - Network change notification but nothing changed.
Jun 29, 2026 09:17:10.536 [547808698592] DEBUG - NetworkInterface: received Netlink message len=1856, type=RTM_NEWLINK, flags=0x0
Jun 29, 2026 09:17:10.536 [547808698592] DEBUG - NetworkInterface: Netlink information message family=0, type=1, index=1100, flags=0x1002, change=0x41
Jun 29, 2026 09:17:10.536 [547808698592] DEBUG - Network change.
Jun 29, 2026 09:17:10.536 [547808698592] DEBUG - NetworkInterface: Notified of network changed (force=0)
Jun 29, 2026 09:17:10.536 [547808698592] DEBUG - Network change notification but nothing changed.
Jun 29, 2026 09:17:10.536 [547808698592] DEBUG - NetworkInterface: received Netlink message len=440, type=RTM_NEWLINK, flags=0x0
Jun 29, 2026 09:17:10.536 [547808698592] DEBUG - NetworkInterface: Netlink information message family=7, type=1, index=1100, flags=0x1002, change=0x0
Jun 29, 2026 09:17:10.536 [547808698592] DEBUG - Network change.
Jun 29, 2026 09:17:10.536 [547808698592] DEBUG - NetworkInterface: Notified of network changed (force=0)
Jun 29, 2026 09:17:10.537 [547808698592] DEBUG - Network change notification but nothing changed.
Jun 29, 2026 09:17:10.537 [547808698592] DEBUG - NetworkInterface: received Netlink message len=688, type=RTM_DELLINK, flags=0x0
Jun 29, 2026 09:17:10.537 [547808698592] DEBUG - NetworkInterface: Netlink information message family=0, type=1, index=1099, flags=0x1002, change=0xffffffff
Jun 29, 2026 09:17:10.537 [547808698592] DEBUG - NetworkInterface: received Netlink message len=440, type=RTM_NEWLINK, flags=0x0
Jun 29, 2026 09:17:10.537 [547808698592] DEBUG - NetworkInterface: Netlink information message family=7, type=1, index=1100, flags=0x1002, change=0x0
Jun 29, 2026 09:17:10.537 [547808698592] DEBUG - Network change.
Jun 29, 2026 09:17:10.537 [547808698592] DEBUG - NetworkInterface: Notified of network changed (force=0)
Jun 29, 2026 09:17:10.538 [547808698592] DEBUG - Network change notification but nothing changed.
Jun 29, 2026 09:17:10.538 [547808698592] DEBUG - NetworkInterface: received Netlink message len=104, type=RTM_DELLINK, flags=0x0
Jun 29, 2026 09:17:10.538 [547808698592] DEBUG - NetworkInterface: Netlink information message family=7, type=1, index=1100, flags=0x1002, change=0x0
Jun 29, 2026 09:17:10.538 [547808698592] DEBUG - NetworkInterface: received Netlink message len=688, type=RTM_DELLINK, flags=0x0
Jun 29, 2026 09:17:10.538 [547808698592] DEBUG - NetworkInterface: Netlink information message family=0, type=1, index=1100, flags=0x1002, change=0xffffffff
Jun 29, 2026 09:17:16.713 [547857510624] DEBUG - [HttpClient/HCl#34] HTTP simulating 408 after curl timeout
Jun 29, 2026 09:17:23.042 [547808698592] DEBUG - NetworkInterface: received Netlink message len=1500, type=RTM_NEWLINK, flags=0x0
Jun 29, 2026 09:17:23.042 [547808698592] DEBUG - NetworkInterface: Netlink information message family=0, type=1, index=1101, flags=0x1002, change=0xffffffff
Jun 29, 2026 09:17:23.042 [547808698592] DEBUG - Network change.
Jun 29, 2026 09:17:23.042 [547808698592] DEBUG - NetworkInterface: Notified of network changed (force=0)
Jun 29, 2026 09:17:23.046 [547808698592] DEBUG - Network change notification but nothing changed.
Jun 29, 2026 09:17:23.046 [547808698592] DEBUG - NetworkInterface: received Netlink message len=1500, type=RTM_NEWLINK, flags=0x0
Jun 29, 2026 09:17:23.046 [547808698592] DEBUG - NetworkInterface: Netlink information message family=0, type=1, index=1102, flags=0x1002, change=0xffffffff
Jun 29, 2026 09:17:23.046 [547808698592] DEBUG - Network change.
Jun 29, 2026 09:17:23.046 [547808698592] DEBUG - NetworkInterface: Notified of network changed (force=0)
Jun 29, 2026 09:17:23.049 [547808698592] DEBUG - Network change notification but nothing changed.
Jun 29, 2026 09:17:23.050 [547808698592] DEBUG - NetworkInterface: received Netlink message len=1856, type=RTM_NEWLINK, flags=0x0
Jun 29, 2026 09:17:23.050 [547808698592] DEBUG - NetworkInterface: Netlink information message family=0, type=1, index=1102, flags=0x1002, change=0x0
Jun 29, 2026 09:17:23.050 [547808698592] DEBUG - Network change.
Jun 29, 2026 09:17:23.050 [547808698592] DEBUG - NetworkInterface: Notified of network changed (force=0)
Jun 29, 2026 09:17:23.050 [547808698592] DEBUG - Network change notification but nothing changed.
Jun 29, 2026 09:17:23.050 [547808698592] DEBUG - NetworkInterface: received Netlink message len=1856, type=RTM_NEWLINK, flags=0x0
Jun 29, 2026 09:17:23.050 [547808698592] DEBUG - NetworkInterface: Netlink information message family=0, type=1, index=1102, flags=0x1002, change=0x100
Jun 29, 2026 09:17:23.050 [547808698592] DEBUG - Network change.
Jun 29, 2026 09:17:23.050 [547808698592] DEBUG - NetworkInterface: Notified of network changed (force=0)
Jun 29, 2026 09:17:23.051 [547808698592] DEBUG - Network change notification but nothing changed.
Jun 29, 2026 09:17:23.051 [547808698592] DEBUG - NetworkInterface: received Netlink message len=440, type=RTM_NEWLINK, flags=0x0
Jun 29, 2026 09:17:23.051 [547808698592] DEBUG - NetworkInterface: Netlink information message family=7, type=1, index=1102, flags=0x1002, change=0x0
Jun 29, 2026 09:17:23.051 [547808698592] DEBUG - Network change.
Jun 29, 2026 09:17:23.051 [547808698592] DEBUG - NetworkInterface: Notified of network changed (force=0)
Jun 29, 2026 09:17:23.052 [547808698592] DEBUG - Network change notification but nothing changed.
Jun 29, 2026 09:17:23.052 [547808698592] DEBUG - NetworkInterface: received Netlink message len=1856, type=RTM_NEWLINK, flags=0x0
Jun 29, 2026 09:17:23.052 [547808698592] DEBUG - NetworkInterface: Netlink information message family=0, type=1, index=1102, flags=0x1003, change=0x1
Jun 29, 2026 09:17:23.052 [547808698592] DEBUG - Network change.
Jun 29, 2026 09:17:23.052 [547808698592] DEBUG - NetworkInterface: Notified of network changed (force=0)
Jun 29, 2026 09:17:23.052 [547808698592] DEBUG - Network change notification but nothing changed.
Jun 29, 2026 09:17:23.052 [547808698592] DEBUG - NetworkInterface: received Netlink message len=440, type=RTM_NEWLINK, flags=0x0
Jun 29, 2026 09:17:23.052 [547808698592] DEBUG - NetworkInterface: Netlink information message family=7, type=1, index=1102, flags=0x1003, change=0x0
Jun 29, 2026 09:17:23.052 [547808698592] DEBUG - Network change.
Jun 29, 2026 09:17:23.052 [547808698592] DEBUG - NetworkInterface: Notified of network changed (force=0)
Jun 29, 2026 09:17:23.055 [547808698592] DEBUG - Network change notification but nothing changed.
Jun 29, 2026 09:17:23.077 [547808698592] DEBUG - NetworkInterface: received Netlink message len=1500, type=RTM_NEWLINK, flags=0x0
Jun 29, 2026 09:17:23.077 [547808698592] DEBUG - NetworkInterface: Netlink information message family=0, type=1, index=1101, flags=0x11003, change=0x1
Jun 29, 2026 09:17:23.077 [547808698592] DEBUG - Network change.
Jun 29, 2026 09:17:23.077 [547808698592] DEBUG - NetworkInterface: Notified of network changed (force=0)
Jun 29, 2026 09:17:23.082 [547808698592] DEBUG - Network change notification but nothing changed.
Jun 29, 2026 09:17:23.082 [547808698592] DEBUG - NetworkInterface: received Netlink message len=1500, type=RTM_NEWLINK, flags=0x0
Jun 29, 2026 09:17:23.082 [547808698592] DEBUG - NetworkInterface: Netlink information message family=0, type=1, index=1101, flags=0x11043, change=0x0
Jun 29, 2026 09:17:23.082 [547808698592] DEBUG - Network change.
Jun 29, 2026 09:17:23.082 [547808698592] DEBUG - NetworkInterface: Notified of network changed (force=0)
Jun 29, 2026 09:17:23.083 [547808698592] DEBUG - Network change notification but nothing changed.
Jun 29, 2026 09:17:23.083 [547808698592] DEBUG - NetworkInterface: received Netlink message len=440, type=RTM_NEWLINK, flags=0x0
Jun 29, 2026 09:17:23.083 [547808698592] DEBUG - NetworkInterface: Netlink information message family=7, type=1, index=1102, flags=0x11043, change=0x0
Jun 29, 2026 09:17:23.083 [547808698592] DEBUG - Network change.
Jun 29, 2026 09:17:23.083 [547808698592] DEBUG - NetworkInterface: Notified of network changed (force=0)
Jun 29, 2026 09:17:23.084 [547808698592] DEBUG - Network change notification but nothing changed.
Jun 29, 2026 09:17:23.084 [547808698592] DEBUG - NetworkInterface: received Netlink message len=440, type=RTM_NEWLINK, flags=0x0
Jun 29, 2026 09:17:23.084 [547808698592] DEBUG - NetworkInterface: Netlink information message family=7, type=1, index=1102, flags=0x11043, change=0x0
Jun 29, 2026 09:17:23.084 [547808698592] DEBUG - Network change.
Jun 29, 2026 09:17:23.084 [547808698592] DEBUG - NetworkInterface: Notified of network changed (force=0)
Jun 29, 2026 09:17:23.084 [547808698592] DEBUG - Network change notification but nothing changed.
Jun 29, 2026 09:17:23.085 [547808698592] DEBUG - NetworkInterface: received Netlink message len=1856, type=RTM_NEWLINK, flags=0x0
Jun 29, 2026 09:17:23.085 [547808698592] DEBUG - NetworkInterface: Netlink information message family=0, type=1, index=1102, flags=0x11043, change=0x0
Jun 29, 2026 09:17:23.085 [547808698592] DEBUG - Network change.
Jun 29, 2026 09:17:23.085 [547808698592] DEBUG - NetworkInterface: Notified of network changed (force=0)
Jun 29, 2026 09:17:23.089 [547808698592] DEBUG - Network change notification but nothing changed.
Jun 29, 2026 09:17:23.835 [547808698592] DEBUG - NetworkInterface: received Netlink message len=1500, type=RTM_NEWLINK, flags=0x0
Jun 29, 2026 09:17:23.835 [547808698592] DEBUG - NetworkInterface: Netlink information message family=0, type=1, index=1101, flags=0x1002, change=0x41
Jun 29, 2026 09:17:23.835 [547808698592] DEBUG - Network change.
Jun 29, 2026 09:17:23.835 [547808698592] DEBUG - NetworkInterface: Notified of network changed (force=0)
Jun 29, 2026 09:17:23.862 [547808698592] DEBUG - Network change notification but nothing changed.
Jun 29, 2026 09:17:23.863 [547808698592] DEBUG - NetworkInterface: received Netlink message len=704, type=RTM_DELLINK, flags=0x0
Jun 29, 2026 09:17:23.863 [547808698592] DEBUG - NetworkInterface: Netlink information message family=0, type=1, index=1101, flags=0x1002, change=0xffffffff
Jun 29, 2026 09:17:23.863 [547808698592] DEBUG - NetworkInterface: received Netlink message len=440, type=RTM_NEWLINK, flags=0x0
Jun 29, 2026 09:17:23.863 [547808698592] DEBUG - NetworkInterface: Netlink information message family=7, type=1, index=1102, flags=0x1003, change=0x0
Jun 29, 2026 09:17:23.863 [547808698592] DEBUG - Network change.
Jun 29, 2026 09:17:23.863 [547808698592] DEBUG - NetworkInterface: Notified of network changed (force=0)
Jun 29, 2026 09:17:23.864 [547808698592] DEBUG - Network change notification but nothing changed.
Jun 29, 2026 09:17:23.864 [547808698592] DEBUG - NetworkInterface: received Netlink message len=1864, type=RTM_NEWLINK, flags=0x0
Jun 29, 2026 09:17:23.864 [547808698592] DEBUG - NetworkInterface: Netlink information message family=0, type=1, index=1102, flags=0x1003, change=0x0
Jun 29, 2026 09:17:23.864 [547808698592] DEBUG - Network change.
Jun 29, 2026 09:17:23.864 [547808698592] DEBUG - NetworkInterface: Notified of network changed (force=0)
Jun 29, 2026 09:17:23.867 [547808698592] DEBUG - Network change notification but nothing changed.
Jun 29, 2026 09:17:23.867 [547808698592] DEBUG - NetworkInterface: received Netlink message len=440, type=RTM_NEWLINK, flags=0x0
Jun 29, 2026 09:17:23.867 [547808698592] DEBUG - NetworkInterface: Netlink information message family=7, type=1, index=1102, flags=0x11043, change=0x0
Jun 29, 2026 09:17:23.867 [547808698592] DEBUG - Network change.
Jun 29, 2026 09:17:23.867 [547808698592] DEBUG - NetworkInterface: Notified of network changed (force=0)
Jun 29, 2026 09:17:23.867 [547808698592] DEBUG - Network change notification but nothing changed.
Jun 29, 2026 09:17:23.867 [547808698592] DEBUG - NetworkInterface: received Netlink message len=440, type=RTM_NEWLINK, flags=0x0
Jun 29, 2026 09:17:23.867 [547808698592] DEBUG - NetworkInterface: Netlink information message family=7, type=1, index=1102, flags=0x11043, change=0x0
Jun 29, 2026 09:17:23.867 [547808698592] DEBUG - Network change.
Jun 29, 2026 09:17:23.867 [547808698592] DEBUG - NetworkInterface: Notified of network changed (force=0)
Jun 29, 2026 09:17:23.868 [547808698592] DEBUG - Network change notification but nothing changed.
Jun 29, 2026 09:17:23.868 [547808698592] DEBUG - NetworkInterface: received Netlink message len=1864, type=RTM_NEWLINK, flags=0x0
Jun 29, 2026 09:17:23.868 [547808698592] DEBUG - NetworkInterface: Netlink information message family=0, type=1, index=1102, flags=0x11043, change=0x0
Jun 29, 2026 09:17:23.868 [547808698592] DEBUG - Network change.
Jun 29, 2026 09:17:23.868 [547808698592] DEBUG - NetworkInterface: Notified of network changed (force=0)
Jun 29, 2026 09:17:23.869 [547808698592] DEBUG - Network change notification but nothing changed.
Jun 29, 2026 09:17:27.252 [547808698592] DEBUG - NetworkInterface: received Netlink message len=440, type=RTM_NEWLINK, flags=0x0
Jun 29, 2026 09:17:27.252 [547808698592] DEBUG - NetworkInterface: Netlink information message family=7, type=1, index=1102, flags=0x1003, change=0x0
Jun 29, 2026 09:17:27.252 [547808698592] DEBUG - Network change.
Jun 29, 2026 09:17:27.252 [547808698592] DEBUG - NetworkInterface: Notified of network changed (force=0)
Jun 29, 2026 09:17:27.254 [547808698592] DEBUG - Network change notification but nothing changed.
Jun 29, 2026 09:17:27.254 [547808698592] DEBUG - NetworkInterface: received Netlink message len=1864, type=RTM_NEWLINK, flags=0x0
Jun 29, 2026 09:17:27.254 [547808698592] DEBUG - NetworkInterface: Netlink information message family=0, type=1, index=1102, flags=0x1003, change=0x0
Jun 29, 2026 09:17:27.254 [547808698592] DEBUG - Network change.
Jun 29, 2026 09:17:27.254 [547808698592] DEBUG - NetworkInterface: Notified of network changed (force=0)
Jun 29, 2026 09:17:27.286 [547808698592] DEBUG - Network change notification but nothing changed.
Jun 29, 2026 09:17:27.286 [547808698592] DEBUG - NetworkInterface: received Netlink message len=1500, type=RTM_NEWLINK, flags=0x0
Jun 29, 2026 09:17:27.286 [547808698592] DEBUG - NetworkInterface: Netlink information message family=0, type=1, index=1101, flags=0x1002, change=0xffffffff
Jun 29, 2026 09:17:27.286 [547808698592] DEBUG - Network change.
Jun 29, 2026 09:17:27.286 [547808698592] DEBUG - NetworkInterface: Notified of network changed (force=0)
Jun 29, 2026 09:17:27.286 [547808698592] DEBUG - Network change notification but nothing changed.
Jun 29, 2026 09:17:27.315 [547808698592] DEBUG - NetworkInterface: received Netlink message len=1500, type=RTM_NEWLINK, flags=0x0
Jun 29, 2026 09:17:27.315 [547808698592] DEBUG - NetworkInterface: Netlink information message family=0, type=1, index=1101, flags=0x11003, change=0x1
Jun 29, 2026 09:17:27.315 [547808698592] DEBUG - Network change.
Jun 29, 2026 09:17:27.315 [547808698592] DEBUG - NetworkInterface: Notified of network changed (force=0)
Jun 29, 2026 09:17:27.316 [547808698592] DEBUG - Network change notification but nothing changed.
Jun 29, 2026 09:17:27.316 [547808698592] DEBUG - NetworkInterface: received Netlink message len=1500, type=RTM_NEWLINK, flags=0x0
Jun 29, 2026 09:17:27.316 [547808698592] DEBUG - NetworkInterface: Netlink information message family=0, type=1, index=1101, flags=0x11043, change=0x0
Jun 29, 2026 09:17:27.316 [547808698592] DEBUG - Network change.
Jun 29, 2026 09:17:27.316 [547808698592] DEBUG - NetworkInterface: Notified of network changed (force=0)
Jun 29, 2026 09:17:27.316 [547808698592] DEBUG - Network change notification but nothing changed.
Jun 29, 2026 09:17:27.316 [547808698592] DEBUG - NetworkInterface: received Netlink message len=440, type=RTM_NEWLINK, flags=0x0
Jun 29, 2026 09:17:27.316 [547808698592] DEBUG - NetworkInterface: Netlink information message family=7, type=1, index=1102, flags=0x11043, change=0x0
Jun 29, 2026 09:17:27.316 [547808698592] DEBUG - Network change.
Jun 29, 2026 09:17:27.316 [547808698592] DEBUG - NetworkInterface: Notified of network changed (force=0)
Jun 29, 2026 09:17:27.318 [547808698592] DEBUG - Network change notification but nothing changed.
Jun 29, 2026 09:17:27.318 [547808698592] DEBUG - NetworkInterface: received Netlink message len=440, type=RTM_NEWLINK, flags=0x0
Jun 29, 2026 09:17:27.318 [547808698592] DEBUG - NetworkInterface: Netlink information message family=7, type=1, index=1102, flags=0x11043, change=0x0
Jun 29, 2026 09:17:27.318 [547808698592] DEBUG - Network change.
Jun 29, 2026 09:17:27.318 [547808698592] DEBUG - NetworkInterface: Notified of network changed (force=0)
Jun 29, 2026 09:17:27.319 [547808698592] DEBUG - Network change notification but nothing changed.
Jun 29, 2026 09:17:27.319 [547808698592] DEBUG - NetworkInterface: received Netlink message len=1856, type=RTM_NEWLINK, flags=0x0
Jun 29, 2026 09:17:27.319 [547808698592] DEBUG - NetworkInterface: Netlink information message family=0, type=1, index=1102, flags=0x11043, change=0x0
Jun 29, 2026 09:17:27.319 [547808698592] DEBUG - Network change.
Jun 29, 2026 09:17:27.319 [547808698592] DEBUG - NetworkInterface: Notified of network changed (force=0)
Jun 29, 2026 09:17:27.320 [547808698592] DEBUG - Network change notification but nothing changed.
Jun 29, 2026 09:17:27.373 [547808698592] DEBUG - NetworkInterface: received Netlink message len=1500, type=RTM_NEWLINK, flags=0x0
Jun 29, 2026 09:17:27.374 [547808698592] DEBUG - NetworkInterface: Netlink information message family=0, type=1, index=1101, flags=0x1002, change=0x41
Jun 29, 2026 09:17:27.375 [547808698592] DEBUG - Network change.
Jun 29, 2026 09:17:27.375 [547808698592] DEBUG - NetworkInterface: Notified of network changed (force=0)
Jun 29, 2026 09:17:27.381 [547808698592] DEBUG - Network change notification but nothing changed.
Jun 29, 2026 09:17:27.381 [547808698592] DEBUG - NetworkInterface: received Netlink message len=1856, type=RTM_NEWLINK, flags=0x0
Jun 29, 2026 09:17:27.381 [547808698592] DEBUG - NetworkInterface: Netlink information message family=0, type=1, index=1102, flags=0x1002, change=0x41
Jun 29, 2026 09:17:27.381 [547808698592] DEBUG - Network change.
Jun 29, 2026 09:17:27.381 [547808698592] DEBUG - NetworkInterface: Notified of network changed (force=0)
Jun 29, 2026 09:17:27.382 [547808698592] DEBUG - Network change notification but nothing changed.
Jun 29, 2026 09:17:27.382 [547808698592] DEBUG - NetworkInterface: received Netlink message len=440, type=RTM_NEWLINK, flags=0x0
Jun 29, 2026 09:17:27.382 [547808698592] DEBUG - NetworkInterface: Netlink information message family=7, type=1, index=1102, flags=0x1002, change=0x0
Jun 29, 2026 09:17:27.382 [547808698592] DEBUG - Network change.
Jun 29, 2026 09:17:27.382 [547808698592] DEBUG - NetworkInterface: Notified of network changed (force=0)
Jun 29, 2026 09:17:27.383 [547808698592] DEBUG - Network change notification but nothing changed.
Jun 29, 2026 09:17:27.383 [547808698592] DEBUG - NetworkInterface: received Netlink message len=688, type=RTM_DELLINK, flags=0x0
Jun 29, 2026 09:17:27.383 [547808698592] DEBUG - NetworkInterface: Netlink information message family=0, type=1, index=1101, flags=0x1002, change=0xffffffff
Jun 29, 2026 09:17:27.383 [547808698592] DEBUG - NetworkInterface: received Netlink message len=440, type=RTM_NEWLINK, flags=0x0
Jun 29, 2026 09:17:27.383 [547808698592] DEBUG - NetworkInterface: Netlink information message family=7, type=1, index=1102, flags=0x1002, change=0x0
Jun 29, 2026 09:17:27.383 [547808698592] DEBUG - Network change.
Jun 29, 2026 09:17:27.383 [547808698592] DEBUG - NetworkInterface: Notified of network changed (force=0)
Jun 29, 2026 09:17:27.384 [547808698592] DEBUG - Network change notification but nothing changed.
Jun 29, 2026 09:17:27.384 [547808698592] DEBUG - NetworkInterface: received Netlink message len=104, type=RTM_DELLINK, flags=0x0
Jun 29, 2026 09:17:27.384 [547808698592] DEBUG - NetworkInterface: Netlink information message family=7, type=1, index=1102, flags=0x1002, change=0x0
Jun 29, 2026 09:17:27.384 [547808698592] DEBUG - NetworkInterface: received Netlink message len=688, type=RTM_DELLINK, flags=0x0
Jun 29, 2026 09:17:27.384 [547808698592] DEBUG - NetworkInterface: Netlink information message family=0, type=1, index=1102, flags=0x1002, change=0xffffffff
Jun 29, 2026 09:17:52.717 [547808698592] DEBUG - NetworkInterface: received Netlink message len=1500, type=RTM_NEWLINK, flags=0x0
Jun 29, 2026 09:17:52.718 [547808698592] DEBUG - NetworkInterface: Netlink information message family=0, type=1, index=1103, flags=0x1002, change=0xffffffff
Jun 29, 2026 09:17:52.718 [547808698592] DEBUG - Network change.
Jun 29, 2026 09:17:52.718 [547808698592] DEBUG - NetworkInterface: Notified of network changed (force=0)
Jun 29, 2026 09:17:52.725 [547808698592] DEBUG - Network change notification but nothing changed.
Jun 29, 2026 09:17:52.726 [547808698592] DEBUG - NetworkInterface: received Netlink message len=1500, type=RTM_NEWLINK, flags=0x0
Jun 29, 2026 09:17:52.726 [547808698592] DEBUG - NetworkInterface: Netlink information message family=0, type=1, index=1104, flags=0x1002, change=0xffffffff
Jun 29, 2026 09:17:52.726 [547808698592] DEBUG - Network change.
Jun 29, 2026 09:17:52.726 [547808698592] DEBUG - NetworkInterface: Notified of network changed (force=0)
Jun 29, 2026 09:17:52.728 [547808698592] DEBUG - Network change notification but nothing changed.
Jun 29, 2026 09:17:52.728 [547808698592] DEBUG - NetworkInterface: received Netlink message len=1856, type=RTM_NEWLINK, flags=0x0
Jun 29, 2026 09:17:52.728 [547808698592] DEBUG - NetworkInterface: Netlink information message family=0, type=1, index=1104, flags=0x1002, change=0x0
Jun 29, 2026 09:17:52.728 [547808698592] DEBUG - Network change.
Jun 29, 2026 09:17:52.728 [547808698592] DEBUG - NetworkInterface: Notified of network changed (force=0)
Jun 29, 2026 09:17:52.729 [547808698592] DEBUG - Network change notification but nothing changed.
Jun 29, 2026 09:17:52.730 [547808698592] DEBUG - NetworkInterface: received Netlink message len=1856, type=RTM_NEWLINK, flags=0x0
Jun 29, 2026 09:17:52.730 [547808698592] DEBUG - NetworkInterface: Netlink information message family=0, type=1, index=1104, flags=0x1002, change=0x100
Jun 29, 2026 09:17:52.730 [547808698592] DEBUG - Network change.
Jun 29, 2026 09:17:52.730 [547808698592] DEBUG - NetworkInterface: Notified of network changed (force=0)
Jun 29, 2026 09:17:52.731 [547808698592] DEBUG - Network change notification but nothing changed.
Jun 29, 2026 09:17:52.731 [547808698592] DEBUG - NetworkInterface: received Netlink message len=440, type=RTM_NEWLINK, flags=0x0
Jun 29, 2026 09:17:52.731 [547808698592] DEBUG - NetworkInterface: Netlink information message family=7, type=1, index=1104, flags=0x1002, change=0x0
Jun 29, 2026 09:17:52.731 [547808698592] DEBUG - Network change.
Jun 29, 2026 09:17:52.731 [547808698592] DEBUG - NetworkInterface: Notified of network changed (force=0)
Jun 29, 2026 09:17:52.732 [547808698592] DEBUG - Network change notification but nothing changed.
Jun 29, 2026 09:17:52.732 [547808698592] DEBUG - NetworkInterface: received Netlink message len=1856, type=RTM_NEWLINK, flags=0x0
Jun 29, 2026 09:17:52.732 [547808698592] DEBUG - NetworkInterface: Netlink information message family=0, type=1, index=1104, flags=0x1003, change=0x1
Jun 29, 2026 09:17:52.732 [547808698592] DEBUG - Network change.
Jun 29, 2026 09:17:52.732 [547808698592] DEBUG - NetworkInterface: Notified of network changed (force=0)
Jun 29, 2026 09:17:52.736 [547808698592] DEBUG - Network change notification but nothing changed.
Jun 29, 2026 09:17:52.736 [547808698592] DEBUG - NetworkInterface: received Netlink message len=440, type=RTM_NEWLINK, flags=0x0
Jun 29, 2026 09:17:52.736 [547808698592] DEBUG - NetworkInterface: Netlink information message family=7, type=1, index=1104, flags=0x1003, change=0x0
Jun 29, 2026 09:17:52.737 [547808698592] DEBUG - Network change.
Jun 29, 2026 09:17:52.737 [547808698592] DEBUG - NetworkInterface: Notified of network changed (force=0)
Jun 29, 2026 09:17:52.738 [547808698592] DEBUG - Network change notification but nothing changed.
Jun 29, 2026 09:17:52.787 [547808698592] DEBUG - NetworkInterface: received Netlink message len=1500, type=RTM_NEWLINK, flags=0x0
Jun 29, 2026 09:17:52.787 [547808698592] DEBUG - NetworkInterface: Netlink information message family=0, type=1, index=1103, flags=0x11003, change=0x1
Jun 29, 2026 09:17:52.787 [547808698592] DEBUG - Network change.
Jun 29, 2026 09:17:52.787 [547808698592] DEBUG - NetworkInterface: Notified of network changed (force=0)
Jun 29, 2026 09:17:52.794 [547808698592] DEBUG - Network change notification but nothing changed.
Jun 29, 2026 09:17:52.797 [547808698592] DEBUG - NetworkInterface: received Netlink message len=1500, type=RTM_NEWLINK, flags=0x0
Jun 29, 2026 09:17:52.799 [547808698592] DEBUG - NetworkInterface: Netlink information message family=0, type=1, index=1103, flags=0x11043, change=0x0
Jun 29, 2026 09:17:52.799 [547808698592] DEBUG - Network change.
Jun 29, 2026 09:17:52.799 [547808698592] DEBUG - NetworkInterface: Notified of network changed (force=0)
Jun 29, 2026 09:17:52.800 [547808698592] DEBUG - Network change notification but nothing changed.
Jun 29, 2026 09:17:52.800 [547808698592] DEBUG - NetworkInterface: received Netlink message len=440, type=RTM_NEWLINK, flags=0x0
Jun 29, 2026 09:17:52.800 [547808698592] DEBUG - NetworkInterface: Netlink information message family=7, type=1, index=1104, flags=0x11043, change=0x0
Jun 29, 2026 09:17:52.800 [547808698592] DEBUG - Network change.
Jun 29, 2026 09:17:52.800 [547808698592] DEBUG - NetworkInterface: Notified of network changed (force=0)
Jun 29, 2026 09:17:52.809 [547808698592] DEBUG - Network change notification but nothing changed.
Jun 29, 2026 09:17:52.810 [547808698592] DEBUG - NetworkInterface: received Netlink message len=440, type=RTM_NEWLINK, flags=0x0
Jun 29, 2026 09:17:52.811 [547808698592] DEBUG - NetworkInterface: Netlink information message family=7, type=1, index=1104, flags=0x11043, change=0x0
Jun 29, 2026 09:17:52.811 [547808698592] DEBUG - Network change.
Jun 29, 2026 09:17:52.811 [547808698592] DEBUG - NetworkInterface: Notified of network changed (force=0)
Jun 29, 2026 09:17:52.813 [547808698592] DEBUG - Network change notification but nothing changed.
Jun 29, 2026 09:17:52.814 [547808698592] DEBUG - NetworkInterface: received Netlink message len=1856, type=RTM_NEWLINK, flags=0x0
Jun 29, 2026 09:17:52.823 [547808698592] DEBUG - NetworkInterface: Netlink information message family=0, type=1, index=1104, flags=0x11043, change=0x0
Jun 29, 2026 09:17:52.823 [547808698592] DEBUG - Network change.
Jun 29, 2026 09:17:52.823 [547808698592] DEBUG - NetworkInterface: Notified of network changed (force=0)
Jun 29, 2026 09:17:52.824 [547808698592] DEBUG - Network change notification but nothing changed.
Jun 29, 2026 09:17:53.824 [547808698592] DEBUG - NetworkInterface: received Netlink message len=1500, type=RTM_NEWLINK, flags=0x0
Jun 29, 2026 09:17:53.824 [547808698592] DEBUG - NetworkInterface: Netlink information message family=0, type=1, index=1103, flags=0x1002, change=0x41
Jun 29, 2026 09:17:53.824 [547808698592] DEBUG - Network change.
Jun 29, 2026 09:17:53.824 [547808698592] DEBUG - NetworkInterface: Notified of network changed (force=0)
Jun 29, 2026 09:17:53.858 [547808698592] DEBUG - Network change notification but nothing changed.
Jun 29, 2026 09:17:53.858 [547808698592] DEBUG - NetworkInterface: received Netlink message len=704, type=RTM_DELLINK, flags=0x0
Jun 29, 2026 09:17:53.858 [547808698592] DEBUG - NetworkInterface: Netlink information message family=0, type=1, index=1103, flags=0x1002, change=0xffffffff
Jun 29, 2026 09:17:53.858 [547808698592] DEBUG - NetworkInterface: received Netlink message len=440, type=RTM_NEWLINK, flags=0x0
Jun 29, 2026 09:17:53.858 [547808698592] DEBUG - NetworkInterface: Netlink information message family=7, type=1, index=1104, flags=0x1003, change=0x0
Jun 29, 2026 09:17:53.858 [547808698592] DEBUG - Network change.
Jun 29, 2026 09:17:53.858 [547808698592] DEBUG - NetworkInterface: Notified of network changed (force=0)
Jun 29, 2026 09:17:53.861 [547808698592] DEBUG - Network change notification but nothing changed.
Jun 29, 2026 09:17:53.861 [547808698592] DEBUG - NetworkInterface: received Netlink message len=1864, type=RTM_NEWLINK, flags=0x0
Jun 29, 2026 09:17:53.861 [547808698592] DEBUG - NetworkInterface: Netlink information message family=0, type=1, index=1104, flags=0x1003, change=0x0
Jun 29, 2026 09:17:53.862 [547808698592] DEBUG - Network change.
Jun 29, 2026 09:17:53.862 [547808698592] DEBUG - NetworkInterface: Notified of network changed (force=0)
Jun 29, 2026 09:17:53.862 [547808698592] DEBUG - Network change notification but nothing changed.
Jun 29, 2026 09:17:53.862 [547808698592] DEBUG - NetworkInterface: received Netlink message len=440, type=RTM_NEWLINK, flags=0x0
Jun 29, 2026 09:17:53.862 [547808698592] DEBUG - NetworkInterface: Netlink information message family=7, type=1, index=1104, flags=0x11043, change=0x0
Jun 29, 2026 09:17:53.862 [547808698592] DEBUG - Network change.
Jun 29, 2026 09:17:53.862 [547808698592] DEBUG - NetworkInterface: Notified of network changed (force=0)
Jun 29, 2026 09:17:53.863 [547808698592] DEBUG - Network change notification but nothing changed.
Jun 29, 2026 09:17:53.863 [547808698592] DEBUG - NetworkInterface: received Netlink message len=440, type=RTM_NEWLINK, flags=0x0
Jun 29, 2026 09:17:53.863 [547808698592] DEBUG - NetworkInterface: Netlink information message family=7, type=1, index=1104, flags=0x11043, change=0x0
Jun 29, 2026 09:17:53.863 [547808698592] DEBUG - Network change.
Jun 29, 2026 09:17:53.863 [547808698592] DEBUG - NetworkInterface: Notified of network changed (force=0)
Jun 29, 2026 09:17:53.864 [547808698592] DEBUG - Network change notification but nothing changed.
Jun 29, 2026 09:17:53.864 [547808698592] DEBUG - NetworkInterface: received Netlink message len=1864, type=RTM_NEWLINK, flags=0x0
Jun 29, 2026 09:17:53.864 [547808698592] DEBUG - NetworkInterface: Netlink information message family=0, type=1, index=1104, flags=0x11043, change=0x0
Jun 29, 2026 09:17:53.864 [547808698592] DEBUG - Network change.
Jun 29, 2026 09:17:53.864 [547808698592] DEBUG - NetworkInterface: Notified of network changed (force=0)
Jun 29, 2026 09:17:53.864 [547808698592] DEBUG - Network change notification but nothing changed.
Jun 29, 2026 09:17:57.253 [547808698592] DEBUG - NetworkInterface: received Netlink message len=440, type=RTM_NEWLINK, flags=0x0
Jun 29, 2026 09:17:57.253 [547808698592] DEBUG - NetworkInterface: Netlink information message family=7, type=1, index=1104, flags=0x1003, change=0x0
Jun 29, 2026 09:17:57.253 [547808698592] DEBUG - Network change.
Jun 29, 2026 09:17:57.253 [547808698592] DEBUG - NetworkInterface: Notified of network changed (force=0)
Jun 29, 2026 09:17:57.283 [547808698592] DEBUG - Network change notification but nothing changed.
Jun 29, 2026 09:17:57.283 [547808698592] DEBUG - NetworkInterface: received Netlink message len=1864, type=RTM_NEWLINK, flags=0x0
Jun 29, 2026 09:17:57.283 [547808698592] DEBUG - NetworkInterface: Netlink information message family=0, type=1, index=1104, flags=0x1003, change=0x0
Jun 29, 2026 09:17:57.283 [547808698592] DEBUG - Network change.
Jun 29, 2026 09:17:57.283 [547808698592] DEBUG - NetworkInterface: Notified of network changed (force=0)
Jun 29, 2026 09:17:57.283 [547808698592] DEBUG - Network change notification but nothing changed.
Jun 29, 2026 09:17:57.284 [547808698592] DEBUG - NetworkInterface: received Netlink message len=1500, type=RTM_NEWLINK, flags=0x0
Jun 29, 2026 09:17:57.284 [547808698592] DEBUG - NetworkInterface: Netlink information message family=0, type=1, index=1103, flags=0x1002, change=0xffffffff
Jun 29, 2026 09:17:57.284 [547808698592] DEBUG - Network change.
Jun 29, 2026 09:17:57.284 [547808698592] DEBUG - NetworkInterface: Notified of network changed (force=0)
Jun 29, 2026 09:17:57.284 [547808698592] DEBUG - Network change notification but nothing changed.
Jun 29, 2026 09:17:57.312 [547808698592] DEBUG - NetworkInterface: received Netlink message len=1500, type=RTM_NEWLINK, flags=0x0
Jun 29, 2026 09:17:57.312 [547808698592] DEBUG - NetworkInterface: Netlink information message family=0, type=1, index=1103, flags=0x11003, change=0x1
Jun 29, 2026 09:17:57.312 [547808698592] DEBUG - Network change.
Jun 29, 2026 09:17:57.312 [547808698592] DEBUG - NetworkInterface: Notified of network changed (force=0)
Jun 29, 2026 09:17:57.313 [547808698592] DEBUG - Network change notification but nothing changed.
Jun 29, 2026 09:17:57.313 [547808698592] DEBUG - NetworkInterface: received Netlink message len=1500, type=RTM_NEWLINK, flags=0x0
Jun 29, 2026 09:17:57.313 [547808698592] DEBUG - NetworkInterface: Netlink information message family=0, type=1, index=1103, flags=0x11043, change=0x0
Jun 29, 2026 09:17:57.313 [547808698592] DEBUG - Network change.
Jun 29, 2026 09:17:57.313 [547808698592] DEBUG - NetworkInterface: Notified of network changed (force=0)
Jun 29, 2026 09:17:57.314 [547808698592] DEBUG - Network change notification but nothing changed.
Jun 29, 2026 09:17:57.314 [547808698592] DEBUG - NetworkInterface: received Netlink message len=440, type=RTM_NEWLINK, flags=0x0
Jun 29, 2026 09:17:57.314 [547808698592] DEBUG - NetworkInterface: Netlink information message family=7, type=1, index=1104, flags=0x11043, change=0x0
Jun 29, 2026 09:17:57.314 [547808698592] DEBUG - Network change.
Jun 29, 2026 09:17:57.314 [547808698592] DEBUG - NetworkInterface: Notified of network changed (force=0)
Jun 29, 2026 09:17:57.315 [547808698592] DEBUG - Network change notification but nothing changed.
Jun 29, 2026 09:17:57.315 [547808698592] DEBUG - NetworkInterface: received Netlink message len=440, type=RTM_NEWLINK, flags=0x0
Jun 29, 2026 09:17:57.315 [547808698592] DEBUG - NetworkInterface: Netlink information message family=7, type=1, index=1104, flags=0x11043, change=0x0
Jun 29, 2026 09:17:57.315 [547808698592] DEBUG - Network change.
Jun 29, 2026 09:17:57.315 [547808698592] DEBUG - NetworkInterface: Notified of network changed (force=0)
Jun 29, 2026 09:17:57.315 [547808698592] DEBUG - Network change notification but nothing changed.
Jun 29, 2026 09:17:57.315 [547808698592] DEBUG - NetworkInterface: received Netlink message len=1856, type=RTM_NEWLINK, flags=0x0
Jun 29, 2026 09:17:57.315 [547808698592] DEBUG - NetworkInterface: Netlink information message family=0, type=1, index=1104, flags=0x11043, change=0x0
Jun 29, 2026 09:17:57.315 [547808698592] DEBUG - Network change.
Jun 29, 2026 09:17:57.315 [547808698592] DEBUG - NetworkInterface: Notified of network changed (force=0)
Jun 29, 2026 09:17:57.316 [547808698592] DEBUG - Network change notification but nothing changed.
Jun 29, 2026 09:17:57.364 [547808698592] DEBUG - NetworkInterface: received Netlink message len=1500, type=RTM_NEWLINK, flags=0x0
Jun 29, 2026 09:17:57.364 [547808698592] DEBUG - NetworkInterface: Netlink information message family=0, type=1, index=1103, flags=0x1002, change=0x41
Jun 29, 2026 09:17:57.364 [547808698592] DEBUG - Network change.
Jun 29, 2026 09:17:57.364 [547808698592] DEBUG - NetworkInterface: Notified of network changed (force=0)
Jun 29, 2026 09:17:57.370 [547808698592] DEBUG - Network change notification but nothing changed.
Jun 29, 2026 09:17:57.370 [547808698592] DEBUG - NetworkInterface: received Netlink message len=1856, type=RTM_NEWLINK, flags=0x0
Jun 29, 2026 09:17:57.370 [547808698592] DEBUG - NetworkInterface: Netlink information message family=0, type=1, index=1104, flags=0x1002, change=0x41
Jun 29, 2026 09:17:57.370 [547808698592] DEBUG - Network change.
Jun 29, 2026 09:17:57.370 [547808698592] DEBUG - NetworkInterface: Notified of network changed (force=0)
Jun 29, 2026 09:17:57.371 [547808698592] DEBUG - Network change notification but nothing changed.
Jun 29, 2026 09:17:57.371 [547808698592] DEBUG - NetworkInterface: received Netlink message len=440, type=RTM_NEWLINK, flags=0x0
Jun 29, 2026 09:17:57.371 [547808698592] DEBUG - NetworkInterface: Netlink information message family=7, type=1, index=1104, flags=0x1002, change=0x0
Jun 29, 2026 09:17:57.371 [547808698592] DEBUG - Network change.
Jun 29, 2026 09:17:57.371 [547808698592] DEBUG - NetworkInterface: Notified of network changed (force=0)
Jun 29, 2026 09:17:57.371 [547808698592] DEBUG - Network change notification but nothing changed.
Jun 29, 2026 09:17:57.372 [547808698592] DEBUG - NetworkInterface: received Netlink message len=688, type=RTM_DELLINK, flags=0x0
Jun 29, 2026 09:17:57.372 [547808698592] DEBUG - NetworkInterface: Netlink information message family=0, type=1, index=1103, flags=0x1002, change=0xffffffff
Jun 29, 2026 09:17:57.372 [547808698592] DEBUG - NetworkInterface: received Netlink message len=440, type=RTM_NEWLINK, flags=0x0
Jun 29, 2026 09:17:57.372 [547808698592] DEBUG - NetworkInterface: Netlink information message family=7, type=1, index=1104, flags=0x1002, change=0x0
Jun 29, 2026 09:17:57.372 [547808698592] DEBUG - Network change.
Jun 29, 2026 09:17:57.372 [547808698592] DEBUG - NetworkInterface: Notified of network changed (force=0)
Jun 29, 2026 09:17:57.372 [547808698592] DEBUG - Network change notification but nothing changed.
Jun 29, 2026 09:17:57.372 [547808698592] DEBUG - NetworkInterface: received Netlink message len=104, type=RTM_DELLINK, flags=0x0
Jun 29, 2026 09:17:57.372 [547808698592] DEBUG - NetworkInterface: Netlink information message family=7, type=1, index=1104, flags=0x1002, change=0x0
Jun 29, 2026 09:17:57.372 [547808698592] DEBUG - NetworkInterface: received Netlink message len=688, type=RTM_DELLINK, flags=0x0
Jun 29, 2026 09:17:57.372 [547808698592] DEBUG - NetworkInterface: Netlink information message family=0, type=1, index=1104, flags=0x1002, change=0xffffffff
Jun 29, 2026 09:18:04.699 [547812917472] DEBUG - [NSB/SSDP] Parsing SSDP schema for http://192.168.1.1:49152/wps_device.xml
Jun 29, 2026 09:18:19.708 [547857510624] DEBUG - [HttpClient/HCl#35] HTTP simulating 408 after curl timeout
Jun 29, 2026 09:18:25.297 [547848843488] DEBUG - BPQ: [Starting] -> [Processing]
Jun 29, 2026 09:18:25.302 [547848843488] DEBUG - BPQ: generating queue items from 0 generator(s)
Jun 29, 2026 09:18:25.302 [547848843488] DEBUG - BPQ: generated 0 item(s) for queue
Jun 29, 2026 09:18:25.303 [547848843488] DEBUG - BPQ: [Processing] -> [Idle]
Jun 29, 2026 09:18:31.239 [547846734048] DEBUG - Request: [127.0.0.1:36754 (Loopback)] GET /servers (2 live) #34 GZIP Signed-in Token (narcsm)
Jun 29, 2026 09:18:31.240 [547869253856] DEBUG - Completed: [127.0.0.1:36754] 200 GET /servers (2 live) #34 GZIP 1ms 490 bytes
Jun 29, 2026 09:18:31.252 [547846734048] DEBUG - Request: [127.0.0.1:36758 (Loopback)] GET / (2 live) #37 GZIP Signed-in Token (narcsm)
Jun 29, 2026 09:18:31.256 [547869253856] DEBUG - Completed: [127.0.0.1:36758] 200 GET / (2 live) #37 GZIP 4ms 4113 bytes
Jun 29, 2026 09:18:31.268 [547846734048] DEBUG - Request: [127.0.0.1:36764 (Loopback)] GET /library/sections (2 live) #39 GZIP Signed-in Token (narcsm)
Jun 29, 2026 09:18:31.276 [547869253856] DEBUG - Completed: [127.0.0.1:36764] 200 GET /library/sections (2 live) #39 GZIP 8ms 811 bytes
Jun 29, 2026 09:18:31.284 [547846734048] DEBUG - Request: [127.0.0.1:36766 (Loopback)] GET /channels/all (2 live) #3b GZIP Signed-in Token (narcsm)
Jun 29, 2026 09:18:31.286 [547869253856] DEBUG - Completed: [127.0.0.1:36766] 200 GET /channels/all (2 live) #3b GZIP 1ms 387 bytes
Jun 29, 2026 09:18:31.300 [547846734048] DEBUG - Request: [127.0.0.1:36772 (Loopback)] GET /library/sections (2 live) #3d GZIP Signed-in Token (narcsm)
Jun 29, 2026 09:18:31.302 [547869253856] DEBUG - Completed: [127.0.0.1:36772] 200 GET /library/sections (2 live) #3d GZIP 2ms 811 bytes
Jun 29, 2026 09:18:31.311 [547846734048] DEBUG - Request: [127.0.0.1:36776 (Loopback)] GET /channels/all (2 live) #3f GZIP Signed-in Token (narcsm)
Jun 29, 2026 09:18:31.312 [547869253856] DEBUG - Completed: [127.0.0.1:36776] 200 GET /channels/all (2 live) #3f GZIP 1ms 387 bytes
Jun 29, 2026 09:18:48.253 [547808698592] DEBUG - NetworkInterface: received Netlink message len=1500, type=RTM_NEWLINK, flags=0x0
Jun 29, 2026 09:18:48.253 [547808698592] DEBUG - NetworkInterface: Netlink information message family=0, type=1, index=1105, flags=0x1002, change=0xffffffff
Jun 29, 2026 09:18:48.253 [547808698592] DEBUG - Network change.
Jun 29, 2026 09:18:48.253 [547808698592] DEBUG - NetworkInterface: Notified of network changed (force=0)
Jun 29, 2026 09:18:48.258 [547808698592] DEBUG - Network change notification but nothing changed.
Jun 29, 2026 09:18:48.259 [547808698592] DEBUG - NetworkInterface: received Netlink message len=1500, type=RTM_NEWLINK, flags=0x0
Jun 29, 2026 09:18:48.259 [547808698592] DEBUG - NetworkInterface: Netlink information message family=0, type=1, index=1106, flags=0x1002, change=0xffffffff
Jun 29, 2026 09:18:48.259 [547808698592] DEBUG - Network change.
Jun 29, 2026 09:18:48.259 [547808698592] DEBUG - NetworkInterface: Notified of network changed (force=0)
Jun 29, 2026 09:18:48.262 [547808698592] DEBUG - Network change notification but nothing changed.
Jun 29, 2026 09:18:48.263 [547808698592] DEBUG - NetworkInterface: received Netlink message len=1856, type=RTM_NEWLINK, flags=0x0
Jun 29, 2026 09:18:48.263 [547808698592] DEBUG - NetworkInterface: Netlink information message family=0, type=1, index=1106, flags=0x1002, change=0x0
Jun 29, 2026 09:18:48.263 [547808698592] DEBUG - Network change.
Jun 29, 2026 09:18:48.263 [547808698592] DEBUG - NetworkInterface: Notified of network changed (force=0)
Jun 29, 2026 09:18:48.265 [547808698592] DEBUG - Network change notification but nothing changed.
Jun 29, 2026 09:18:48.265 [547808698592] DEBUG - NetworkInterface: received Netlink message len=1856, type=RTM_NEWLINK, flags=0x0
Jun 29, 2026 09:18:48.265 [547808698592] DEBUG - NetworkInterface: Netlink information message family=0, type=1, index=1106, flags=0x1002, change=0x100
Jun 29, 2026 09:18:48.265 [547808698592] DEBUG - Network change.
Jun 29, 2026 09:18:48.265 [547808698592] DEBUG - NetworkInterface: Notified of network changed (force=0)
Jun 29, 2026 09:18:48.266 [547808698592] DEBUG - Network change notification but nothing changed.
Jun 29, 2026 09:18:48.266 [547808698592] DEBUG - NetworkInterface: received Netlink message len=440, type=RTM_NEWLINK, flags=0x0
Jun 29, 2026 09:18:48.266 [547808698592] DEBUG - NetworkInterface: Netlink information message family=7, type=1, index=1106, flags=0x1002, change=0x0
Jun 29, 2026 09:18:48.266 [547808698592] DEBUG - Network change.
Jun 29, 2026 09:18:48.266 [547808698592] DEBUG - NetworkInterface: Notified of network changed (force=0)
Jun 29, 2026 09:18:48.267 [547808698592] DEBUG - Network change notification but nothing changed.
Jun 29, 2026 09:18:48.267 [547808698592] DEBUG - NetworkInterface: received Netlink message len=1856, type=RTM_NEWLINK, flags=0x0
Jun 29, 2026 09:18:48.267 [547808698592] DEBUG - NetworkInterface: Netlink information message family=0, type=1, index=1106, flags=0x1003, change=0x1
Jun 29, 2026 09:18:48.267 [547808698592] DEBUG - Network change.
Jun 29, 2026 09:18:48.267 [547808698592] DEBUG - NetworkInterface: Notified of network changed (force=0)
Jun 29, 2026 09:18:48.268 [547808698592] DEBUG - Network change notification but nothing changed.
Jun 29, 2026 09:18:48.268 [547808698592] DEBUG - NetworkInterface: received Netlink message len=440, type=RTM_NEWLINK, flags=0x0
Jun 29, 2026 09:18:48.268 [547808698592] DEBUG - NetworkInterface: Netlink information message family=7, type=1, index=1106, flags=0x1003, change=0x0
Jun 29, 2026 09:18:48.268 [547808698592] DEBUG - Network change.
Jun 29, 2026 09:18:48.268 [547808698592] DEBUG - NetworkInterface: Notified of network changed (force=0)
Jun 29, 2026 09:18:48.270 [547808698592] DEBUG - Network change notification but nothing changed.
Jun 29, 2026 09:18:48.307 [547808698592] DEBUG - NetworkInterface: received Netlink message len=1500, type=RTM_NEWLINK, flags=0x0
Jun 29, 2026 09:18:48.307 [547808698592] DEBUG - NetworkInterface: Netlink information message family=0, type=1, index=1105, flags=0x11003, change=0x1
Jun 29, 2026 09:18:48.307 [547808698592] DEBUG - Network change.
Jun 29, 2026 09:18:48.307 [547808698592] DEBUG - NetworkInterface: Notified of network changed (force=0)
Jun 29, 2026 09:18:48.313 [547808698592] DEBUG - Network change notification but nothing changed.
Jun 29, 2026 09:18:48.313 [547808698592] DEBUG - NetworkInterface: received Netlink message len=1500, type=RTM_NEWLINK, flags=0x0
Jun 29, 2026 09:18:48.313 [547808698592] DEBUG - NetworkInterface: Netlink information message family=0, type=1, index=1105, flags=0x11043, change=0x0
Jun 29, 2026 09:18:48.313 [547808698592] DEBUG - Network change.
Jun 29, 2026 09:18:48.313 [547808698592] DEBUG - NetworkInterface: Notified of network changed (force=0)
Jun 29, 2026 09:18:48.314 [547808698592] DEBUG - Network change notification but nothing changed.
Jun 29, 2026 09:18:48.314 [547808698592] DEBUG - NetworkInterface: received Netlink message len=440, type=RTM_NEWLINK, flags=0x0
Jun 29, 2026 09:18:48.314 [547808698592] DEBUG - NetworkInterface: Netlink information message family=7, type=1, index=1106, flags=0x11043, change=0x0
Jun 29, 2026 09:18:48.314 [547808698592] DEBUG - Network change.
Jun 29, 2026 09:18:48.314 [547808698592] DEBUG - NetworkInterface: Notified of network changed (force=0)
Jun 29, 2026 09:18:48.315 [547808698592] DEBUG - Network change notification but nothing changed.
Jun 29, 2026 09:18:48.315 [547808698592] DEBUG - NetworkInterface: received Netlink message len=440, type=RTM_NEWLINK, flags=0x0
Jun 29, 2026 09:18:48.315 [547808698592] DEBUG - NetworkInterface: Netlink information message family=7, type=1, index=1106, flags=0x11043, change=0x0
Jun 29, 2026 09:18:48.315 [547808698592] DEBUG - Network change.
Jun 29, 2026 09:18:48.315 [547808698592] DEBUG - NetworkInterface: Notified of network changed (force=0)
Jun 29, 2026 09:18:48.316 [547808698592] DEBUG - Network change notification but nothing changed.
Jun 29, 2026 09:18:48.316 [547808698592] DEBUG - NetworkInterface: received Netlink message len=1856, type=RTM_NEWLINK, flags=0x0
Jun 29, 2026 09:18:48.316 [547808698592] DEBUG - NetworkInterface: Netlink information message family=0, type=1, index=1106, flags=0x11043, change=0x0
Jun 29, 2026 09:18:48.316 [547808698592] DEBUG - Network change.
Jun 29, 2026 09:18:48.316 [547808698592] DEBUG - NetworkInterface: Notified of network changed (force=0)
Jun 29, 2026 09:18:48.317 [547808698592] DEBUG - Network change notification but nothing changed.
Jun 29, 2026 09:18:49.309 [547808698592] DEBUG - NetworkInterface: received Netlink message len=1500, type=RTM_NEWLINK, flags=0x0
Jun 29, 2026 09:18:49.309 [547808698592] DEBUG - NetworkInterface: Netlink information message family=0, type=1, index=1105, flags=0x1002, change=0x41
Jun 29, 2026 09:18:49.309 [547808698592] DEBUG - Network change.
Jun 29, 2026 09:18:49.309 [547808698592] DEBUG - NetworkInterface: Notified of network changed (force=0)
Jun 29, 2026 09:18:49.334 [547808698592] DEBUG - Network change notification but nothing changed.
Jun 29, 2026 09:18:49.334 [547808698592] DEBUG - NetworkInterface: received Netlink message len=704, type=RTM_DELLINK, flags=0x0
Jun 29, 2026 09:18:49.334 [547808698592] DEBUG - NetworkInterface: Netlink information message family=0, type=1, index=1105, flags=0x1002, change=0xffffffff
Jun 29, 2026 09:18:49.334 [547808698592] DEBUG - NetworkInterface: received Netlink message len=440, type=RTM_NEWLINK, flags=0x0
Jun 29, 2026 09:18:49.334 [547808698592] DEBUG - NetworkInterface: Netlink information message family=7, type=1, index=1106, flags=0x1003, change=0x0
Jun 29, 2026 09:18:49.334 [547808698592] DEBUG - Network change.
Jun 29, 2026 09:18:49.334 [547808698592] DEBUG - NetworkInterface: Notified of network changed (force=0)
Jun 29, 2026 09:18:49.335 [547808698592] DEBUG - Network change notification but nothing changed.
Jun 29, 2026 09:18:49.335 [547808698592] DEBUG - NetworkInterface: received Netlink message len=1864, type=RTM_NEWLINK, flags=0x0
Jun 29, 2026 09:18:49.335 [547808698592] DEBUG - NetworkInterface: Netlink information message family=0, type=1, index=1106, flags=0x1003, change=0x0
Jun 29, 2026 09:18:49.335 [547808698592] DEBUG - Network change.
Jun 29, 2026 09:18:49.335 [547808698592] DEBUG - NetworkInterface: Notified of network changed (force=0)
Jun 29, 2026 09:18:49.339 [547808698592] DEBUG - Network change notification but nothing changed.
Jun 29, 2026 09:18:49.339 [547808698592] DEBUG - NetworkInterface: received Netlink message len=440, type=RTM_NEWLINK, flags=0x0
Jun 29, 2026 09:18:49.339 [547808698592] DEBUG - NetworkInterface: Netlink information message family=7, type=1, index=1106, flags=0x11043, change=0x0
Jun 29, 2026 09:18:49.339 [547808698592] DEBUG - Network change.
Jun 29, 2026 09:18:49.339 [547808698592] DEBUG - NetworkInterface: Notified of network changed (force=0)
Jun 29, 2026 09:18:49.340 [547808698592] DEBUG - Network change notification but nothing changed.
Jun 29, 2026 09:18:49.340 [547808698592] DEBUG - NetworkInterface: received Netlink message len=440, type=RTM_NEWLINK, flags=0x0
Jun 29, 2026 09:18:49.340 [547808698592] DEBUG - NetworkInterface: Netlink information message family=7, type=1, index=1106, flags=0x11043, change=0x0
Jun 29, 2026 09:18:49.340 [547808698592] DEBUG - Network change.
Jun 29, 2026 09:18:49.340 [547808698592] DEBUG - NetworkInterface: Notified of network changed (force=0)
Jun 29, 2026 09:18:49.340 [547808698592] DEBUG - Network change notification but nothing changed.
Jun 29, 2026 09:18:49.340 [547808698592] DEBUG - NetworkInterface: received Netlink message len=1864, type=RTM_NEWLINK, flags=0x0
Jun 29, 2026 09:18:49.340 [547808698592] DEBUG - NetworkInterface: Netlink information message family=0, type=1, index=1106, flags=0x11043, change=0x0
Jun 29, 2026 09:18:49.340 [547808698592] DEBUG - Network change.
Jun 29, 2026 09:18:49.340 [547808698592] DEBUG - NetworkInterface: Notified of network changed (force=0)
Jun 29, 2026 09:18:49.341 [547808698592] DEBUG - Network change notification but nothing changed.
Jun 29, 2026 09:18:52.756 [547808698592] DEBUG - NetworkInterface: received Netlink message len=440, type=RTM_NEWLINK, flags=0x0
Jun 29, 2026 09:18:52.756 [547808698592] DEBUG - NetworkInterface: Netlink information message family=7, type=1, index=1106, flags=0x1003, change=0x0
Jun 29, 2026 09:18:52.756 [547808698592] DEBUG - Network change.
Jun 29, 2026 09:18:52.756 [547808698592] DEBUG - NetworkInterface: Notified of network changed (force=0)
Jun 29, 2026 09:18:52.785 [547808698592] DEBUG - Network change notification but nothing changed.
Jun 29, 2026 09:18:52.785 [547808698592] DEBUG - NetworkInterface: received Netlink message len=1864, type=RTM_NEWLINK, flags=0x0
Jun 29, 2026 09:18:52.785 [547808698592] DEBUG - NetworkInterface: Netlink information message family=0, type=1, index=1106, flags=0x1003, change=0x0
Jun 29, 2026 09:18:52.785 [547808698592] DEBUG - Network change.
Jun 29, 2026 09:18:52.785 [547808698592] DEBUG - NetworkInterface: Notified of network changed (force=0)
Jun 29, 2026 09:18:52.785 [547808698592] DEBUG - Network change notification but nothing changed.
Jun 29, 2026 09:18:52.785 [547808698592] DEBUG - NetworkInterface: received Netlink message len=1500, type=RTM_NEWLINK, flags=0x0
Jun 29, 2026 09:18:52.785 [547808698592] DEBUG - NetworkInterface: Netlink information message family=0, type=1, index=1105, flags=0x1002, change=0xffffffff
Jun 29, 2026 09:18:52.785 [547808698592] DEBUG - Network change.
Jun 29, 2026 09:18:52.785 [547808698592] DEBUG - NetworkInterface: Notified of network changed (force=0)
Jun 29, 2026 09:18:52.786 [547808698592] DEBUG - Network change notification but nothing changed.
Jun 29, 2026 09:18:52.810 [547808698592] DEBUG - NetworkInterface: received Netlink message len=1500, type=RTM_NEWLINK, flags=0x0
Jun 29, 2026 09:18:52.810 [547808698592] DEBUG - NetworkInterface: Netlink information message family=0, type=1, index=1105, flags=0x11003, change=0x1
Jun 29, 2026 09:18:52.810 [547808698592] DEBUG - Network change.
Jun 29, 2026 09:18:52.810 [547808698592] DEBUG - NetworkInterface: Notified of network changed (force=0)
Jun 29, 2026 09:18:52.812 [547808698592] DEBUG - Network change notification but nothing changed.
Jun 29, 2026 09:18:52.812 [547808698592] DEBUG - NetworkInterface: received Netlink message len=1500, type=RTM_NEWLINK, flags=0x0
Jun 29, 2026 09:18:52.812 [547808698592] DEBUG - NetworkInterface: Netlink information message family=0, type=1, index=1105, flags=0x11043, change=0x0
Jun 29, 2026 09:18:52.812 [547808698592] DEBUG - Network change.
Jun 29, 2026 09:18:52.812 [547808698592] DEBUG - NetworkInterface: Notified of network changed (force=0)
Jun 29, 2026 09:18:52.812 [547808698592] DEBUG - Network change notification but nothing changed.
Jun 29, 2026 09:18:52.812 [547808698592] DEBUG - NetworkInterface: received Netlink message len=440, type=RTM_NEWLINK, flags=0x0
Jun 29, 2026 09:18:52.812 [547808698592] DEBUG - NetworkInterface: Netlink information message family=7, type=1, index=1106, flags=0x11043, change=0x0
Jun 29, 2026 09:18:52.812 [547808698592] DEBUG - Network change.
Jun 29, 2026 09:18:52.812 [547808698592] DEBUG - NetworkInterface: Notified of network changed (force=0)
Jun 29, 2026 09:18:52.813 [547808698592] DEBUG - Network change notification but nothing changed.
Jun 29, 2026 09:18:52.813 [547808698592] DEBUG - NetworkInterface: received Netlink message len=440, type=RTM_NEWLINK, flags=0x0
Jun 29, 2026 09:18:52.813 [547808698592] DEBUG - NetworkInterface: Netlink information message family=7, type=1, index=1106, flags=0x11043, change=0x0
Jun 29, 2026 09:18:52.813 [547808698592] DEBUG - Network change.
Jun 29, 2026 09:18:52.813 [547808698592] DEBUG - NetworkInterface: Notified of network changed (force=0)
Jun 29, 2026 09:18:52.816 [547808698592] DEBUG - Network change notification but nothing changed.
Jun 29, 2026 09:18:52.816 [547808698592] DEBUG - NetworkInterface: received Netlink message len=1856, type=RTM_NEWLINK, flags=0x0
Jun 29, 2026 09:18:52.816 [547808698592] DEBUG - NetworkInterface: Netlink information message family=0, type=1, index=1106, flags=0x11043, change=0x0
Jun 29, 2026 09:18:52.816 [547808698592] DEBUG - Network change.
Jun 29, 2026 09:18:52.816 [547808698592] DEBUG - NetworkInterface: Notified of network changed (force=0)
Jun 29, 2026 09:18:52.816 [547808698592] DEBUG - Network change notification but nothing changed.
Jun 29, 2026 09:18:52.855 [547808698592] DEBUG - NetworkInterface: received Netlink message len=1500, type=RTM_NEWLINK, flags=0x0
Jun 29, 2026 09:18:52.856 [547808698592] DEBUG - NetworkInterface: Netlink information message family=0, type=1, index=1105, flags=0x1002, change=0x41
Jun 29, 2026 09:18:52.856 [547808698592] DEBUG - Network change.
Jun 29, 2026 09:18:52.856 [547808698592] DEBUG - NetworkInterface: Notified of network changed (force=0)
Jun 29, 2026 09:18:52.863 [547808698592] DEBUG - Network change notification but nothing changed.
Jun 29, 2026 09:18:52.863 [547808698592] DEBUG - NetworkInterface: received Netlink message len=1856, type=RTM_NEWLINK, flags=0x0
Jun 29, 2026 09:18:52.863 [547808698592] DEBUG - NetworkInterface: Netlink information message family=0, type=1, index=1106, flags=0x1002, change=0x41
Jun 29, 2026 09:18:52.863 [547808698592] DEBUG - Network change.
Jun 29, 2026 09:18:52.863 [547808698592] DEBUG - NetworkInterface: Notified of network changed (force=0)
Jun 29, 2026 09:18:52.865 [547808698592] DEBUG - Network change notification but nothing changed.
Jun 29, 2026 09:18:52.865 [547808698592] DEBUG - NetworkInterface: received Netlink message len=440, type=RTM_NEWLINK, flags=0x0
Jun 29, 2026 09:18:52.865 [547808698592] DEBUG - NetworkInterface: Netlink information message family=7, type=1, index=1106, flags=0x1002, change=0x0
Jun 29, 2026 09:18:52.865 [547808698592] DEBUG - Network change.
Jun 29, 2026 09:18:52.865 [547808698592] DEBUG - NetworkInterface: Notified of network changed (force=0)
Jun 29, 2026 09:18:52.866 [547808698592] DEBUG - Network change notification but nothing changed.
Jun 29, 2026 09:18:52.866 [547808698592] DEBUG - NetworkInterface: received Netlink message len=688, type=RTM_DELLINK, flags=0x0
Jun 29, 2026 09:18:52.866 [547808698592] DEBUG - NetworkInterface: Netlink information message family=0, type=1, index=1105, flags=0x1002, change=0xffffffff
Jun 29, 2026 09:18:52.866 [547808698592] DEBUG - NetworkInterface: received Netlink message len=440, type=RTM_NEWLINK, flags=0x0
Jun 29, 2026 09:18:52.866 [547808698592] DEBUG - NetworkInterface: Netlink information message family=7, type=1, index=1106, flags=0x1002, change=0x0
Jun 29, 2026 09:18:52.866 [547808698592] DEBUG - Network change.
Jun 29, 2026 09:18:52.866 [547808698592] DEBUG - NetworkInterface: Notified of network changed (force=0)
Jun 29, 2026 09:18:52.867 [547808698592] DEBUG - Network change notification but nothing changed.
Jun 29, 2026 09:18:52.867 [547808698592] DEBUG - NetworkInterface: received Netlink message len=104, type=RTM_DELLINK, flags=0x0
Jun 29, 2026 09:18:52.867 [547808698592] DEBUG - NetworkInterface: Netlink information message family=7, type=1, index=1106, flags=0x1002, change=0x0
Jun 29, 2026 09:18:52.867 [547808698592] DEBUG - NetworkInterface: received Netlink message len=688, type=RTM_DELLINK, flags=0x0
Jun 29, 2026 09:18:52.867 [547808698592] DEBUG - NetworkInterface: Netlink information message family=0, type=1, index=1106, flags=0x1002, change=0xffffffff
Jun 29, 2026 09:19:01.706 [547812917472] DEBUG - [NSB/SSDP] Parsing SSDP schema for http://192.168.1.1:49152/wps_device.xml
Jun 29, 2026 09:19:16.721 [547857510624] DEBUG - [HttpClient/HCl#36] HTTP simulating 408 after curl timeout
Jun 29, 2026 09:19:20.227 [547808698592] DEBUG - NetworkInterface: received Netlink message len=64, type=RTM_NEWLINK, flags=0x0
Jun 29, 2026 09:19:20.227 [547808698592] DEBUG - NetworkInterface: Netlink information message family=0, type=1, index=3, flags=0x11043, change=0x0
Jun 29, 2026 09:19:20.227 [547808698592] DEBUG - Network change.
Jun 29, 2026 09:19:20.227 [547808698592] DEBUG - NetworkInterface: Notified of network changed (force=0)
Jun 29, 2026 09:19:20.229 [547808698592] DEBUG - Network change notification but nothing changed.
Jun 29, 2026 09:19:23.257 [547819245792] DEBUG - [ViewStateSync] Starting
Jun 29, 2026 09:19:23.257 [547819245792] DEBUG - [ViewStateSync] Fetching user tokens
Jun 29, 2026 09:19:23.258 [547819245792] DEBUG - [ViewStateSync/HCl#37] HTTP requesting GET https://plex.tv/api/v2/server/users/services?auth_token=xxxxxxxxxxxxxxxxxxxx
Jun 29, 2026 09:19:23.601 [547857510624] DEBUG - [HttpClient/HCl#37] HTTP/1.1 (0.3s) 200 response from GET https://plex.tv/api/v2/server/users/services?auth_token=xxxxxxxxxxxxxxxxxxxx
Jun 29, 2026 09:19:23.606 [547878998240] DEBUG - [ViewStateSync] Got token for user 1 (narcsm)
Jun 29, 2026 09:19:23.606 [547878998240] DEBUG - [ViewStateSync/HCl#38] HTTP requesting GET https://plex.tv/api/v2/server/users/664757223/view_state_sync
Jun 29, 2026 09:19:23.712 [547857510624] DEBUG - [HttpClient/HCl#38] HTTP/1.1 (0.1s) 200 response from GET https://plex.tv/api/v2/server/users/664757223/view_state_sync (reused)
Jun 29, 2026 09:19:23.713 [547878998240] DEBUG - [ViewStateSync] Starting for user 1
Jun 29, 2026 09:19:23.713 [547878998240] DEBUG - [ViewStateSync] Sending state
Jun 29, 2026 09:19:23.714 [547878998240] DEBUG - [ViewStateSync] All state sent
Jun 29, 2026 09:19:23.716 [547878998240] DEBUG - [ViewStateSync] Getting state
Jun 29, 2026 09:19:23.716 [547878998240] DEBUG - [ViewStateSync/HCl#39] HTTP requesting GET https://scrobbles.plex.tv/state/664757223?after=MTc4MjY2NjYyNjEyMi02YTQxNTU4MjEyY2Q2MjM5YWQ1NWJmY2Q%3D&count=100
Jun 29, 2026 09:19:23.854 [547857510624] DEBUG - [HttpClient/HCl#39] HTTP/2.0 (0.1s) 200 response from GET https://scrobbles.plex.tv/state/664757223?after=MTc4MjY2NjYyNjEyMi02YTQxNTU4MjEyY2Q2MjM5YWQ1NWJmY2Q%3D&count=100
Jun 29, 2026 09:19:23.854 [547878998240] DEBUG - [ViewStateSync] Reading 0 states
Jun 29, 2026 09:19:23.854 [547878998240] DEBUG - [ViewStateSync] Done getting states
Jun 29, 2026 09:19:23.855 [547878998240] DEBUG - [ViewStateSync] Finished
Jun 29, 2026 09:19:47.799 [547808698592] DEBUG - NetworkInterface: received Netlink message len=1500, type=RTM_NEWLINK, flags=0x0
Jun 29, 2026 09:19:47.799 [547808698592] DEBUG - NetworkInterface: Netlink information message family=0, type=1, index=1107, flags=0x1002, change=0xffffffff
Jun 29, 2026 09:19:47.799 [547808698592] DEBUG - Network change.
Jun 29, 2026 09:19:47.799 [547808698592] DEBUG - NetworkInterface: Notified of network changed (force=0)
Jun 29, 2026 09:19:47.807 [547808698592] DEBUG - Network change notification but nothing changed.
Jun 29, 2026 09:19:47.807 [547808698592] DEBUG - NetworkInterface: received Netlink message len=1500, type=RTM_NEWLINK, flags=0x0
Jun 29, 2026 09:19:47.807 [547808698592] DEBUG - NetworkInterface: Netlink information message family=0, type=1, index=1108, flags=0x1002, change=0xffffffff
Jun 29, 2026 09:19:47.807 [547808698592] DEBUG - Network change.
Jun 29, 2026 09:19:47.807 [547808698592] DEBUG - NetworkInterface: Notified of network changed (force=0)
Jun 29, 2026 09:19:47.808 [547808698592] DEBUG - Network change notification but nothing changed.
Jun 29, 2026 09:19:47.808 [547808698592] DEBUG - NetworkInterface: received Netlink message len=1856, type=RTM_NEWLINK, flags=0x0
Jun 29, 2026 09:19:47.808 [547808698592] DEBUG - NetworkInterface: Netlink information message family=0, type=1, index=1108, flags=0x1002, change=0x0
Jun 29, 2026 09:19:47.808 [547808698592] DEBUG - Network change.
Jun 29, 2026 09:19:47.808 [547808698592] DEBUG - NetworkInterface: Notified of network changed (force=0)
Jun 29, 2026 09:19:47.809 [547808698592] DEBUG - Network change notification but nothing changed.
Jun 29, 2026 09:19:47.809 [547808698592] DEBUG - NetworkInterface: received Netlink message len=1856, type=RTM_NEWLINK, flags=0x0
Jun 29, 2026 09:19:47.809 [547808698592] DEBUG - NetworkInterface: Netlink information message family=0, type=1, index=1108, flags=0x1002, change=0x100
Jun 29, 2026 09:19:47.809 [547808698592] DEBUG - Network change.
Jun 29, 2026 09:19:47.809 [547808698592] DEBUG - NetworkInterface: Notified of network changed (force=0)
Jun 29, 2026 09:19:47.810 [547808698592] DEBUG - Network change notification but nothing changed.
Jun 29, 2026 09:19:47.810 [547808698592] DEBUG - NetworkInterface: received Netlink message len=440, type=RTM_NEWLINK, flags=0x0
Jun 29, 2026 09:19:47.810 [547808698592] DEBUG - NetworkInterface: Netlink information message family=7, type=1, index=1108, flags=0x1002, change=0x0
Jun 29, 2026 09:19:47.810 [547808698592] DEBUG - Network change.
Jun 29, 2026 09:19:47.810 [547808698592] DEBUG - NetworkInterface: Notified of network changed (force=0)
Jun 29, 2026 09:19:47.811 [547808698592] DEBUG - Network change notification but nothing changed.
Jun 29, 2026 09:19:47.811 [547808698592] DEBUG - NetworkInterface: received Netlink message len=1856, type=RTM_NEWLINK, flags=0x0
Jun 29, 2026 09:19:47.811 [547808698592] DEBUG - NetworkInterface: Netlink information message family=0, type=1, index=1108, flags=0x1003, change=0x1
Jun 29, 2026 09:19:47.811 [547808698592] DEBUG - Network change.
Jun 29, 2026 09:19:47.811 [547808698592] DEBUG - NetworkInterface: Notified of network changed (force=0)
Jun 29, 2026 09:19:47.812 [547808698592] DEBUG - Network change notification but nothing changed.
Jun 29, 2026 09:19:47.812 [547808698592] DEBUG - NetworkInterface: received Netlink message len=440, type=RTM_NEWLINK, flags=0x0
Jun 29, 2026 09:19:47.812 [547808698592] DEBUG - NetworkInterface: Netlink information message family=7, type=1, index=1108, flags=0x1003, change=0x0
Jun 29, 2026 09:19:47.812 [547808698592] DEBUG - Network change.
Jun 29, 2026 09:19:47.812 [547808698592] DEBUG - NetworkInterface: Notified of network changed (force=0)
Jun 29, 2026 09:19:47.812 [547808698592] DEBUG - Network change notification but nothing changed.
Jun 29, 2026 09:19:47.837 [547808698592] DEBUG - NetworkInterface: received Netlink message len=1500, type=RTM_NEWLINK, flags=0x0
Jun 29, 2026 09:19:47.837 [547808698592] DEBUG - NetworkInterface: Netlink information message family=0, type=1, index=1107, flags=0x11003, change=0x1
Jun 29, 2026 09:19:47.837 [547808698592] DEBUG - Network change.
Jun 29, 2026 09:19:47.837 [547808698592] DEBUG - NetworkInterface: Notified of network changed (force=0)
Jun 29, 2026 09:19:47.840 [547808698592] DEBUG - Network change notification but nothing changed.
Jun 29, 2026 09:19:47.845 [547808698592] DEBUG - NetworkInterface: received Netlink message len=1500, type=RTM_NEWLINK, flags=0x0
Jun 29, 2026 09:19:47.845 [547808698592] DEBUG - NetworkInterface: Netlink information message family=0, type=1, index=1107, flags=0x11043, change=0x0
Jun 29, 2026 09:19:47.845 [547808698592] DEBUG - Network change.
Jun 29, 2026 09:19:47.845 [547808698592] DEBUG - NetworkInterface: Notified of network changed (force=0)
Jun 29, 2026 09:19:47.846 [547808698592] DEBUG - Network change notification but nothing changed.
Jun 29, 2026 09:19:47.846 [547808698592] DEBUG - NetworkInterface: received Netlink message len=440, type=RTM_NEWLINK, flags=0x0
Jun 29, 2026 09:19:47.846 [547808698592] DEBUG - NetworkInterface: Netlink information message family=7, type=1, index=1108, flags=0x11043, change=0x0
Jun 29, 2026 09:19:47.846 [547808698592] DEBUG - Network change.
Jun 29, 2026 09:19:47.846 [547808698592] DEBUG - NetworkInterface: Notified of network changed (force=0)
Jun 29, 2026 09:19:47.847 [547808698592] DEBUG - Network change notification but nothing changed.
Jun 29, 2026 09:19:47.847 [547808698592] DEBUG - NetworkInterface: received Netlink message len=440, type=RTM_NEWLINK, flags=0x0
Jun 29, 2026 09:19:47.847 [547808698592] DEBUG - NetworkInterface: Netlink information message family=7, type=1, index=1108, flags=0x11043, change=0x0
Jun 29, 2026 09:19:47.847 [547808698592] DEBUG - Network change.
Jun 29, 2026 09:19:47.847 [547808698592] DEBUG - NetworkInterface: Notified of network changed (force=0)
Jun 29, 2026 09:19:47.848 [547808698592] DEBUG - Network change notification but nothing changed.
Jun 29, 2026 09:19:47.848 [547808698592] DEBUG - NetworkInterface: received Netlink message len=1856, type=RTM_NEWLINK, flags=0x0
Jun 29, 2026 09:19:47.848 [547808698592] DEBUG - NetworkInterface: Netlink information message family=0, type=1, index=1108, flags=0x11043, change=0x0
Jun 29, 2026 09:19:47.848 [547808698592] DEBUG - Network change.
Jun 29, 2026 09:19:47.848 [547808698592] DEBUG - NetworkInterface: Notified of network changed (force=0)
Jun 29, 2026 09:19:47.848 [547808698592] DEBUG - Network change notification but nothing changed.
Jun 29, 2026 09:19:48.578 [547808698592] DEBUG - NetworkInterface: received Netlink message len=1500, type=RTM_NEWLINK, flags=0x0
Jun 29, 2026 09:19:48.578 [547808698592] DEBUG - NetworkInterface: Netlink information message family=0, type=1, index=1107, flags=0x1002, change=0x41
Jun 29, 2026 09:19:48.578 [547808698592] DEBUG - Network change.
Jun 29, 2026 09:19:48.578 [547808698592] DEBUG - NetworkInterface: Notified of network changed (force=0)
Jun 29, 2026 09:19:48.619 [547808698592] DEBUG - Network change notification but nothing changed.
Jun 29, 2026 09:19:48.619 [547808698592] DEBUG - NetworkInterface: received Netlink message len=704, type=RTM_DELLINK, flags=0x0
Jun 29, 2026 09:19:48.619 [547808698592] DEBUG - NetworkInterface: Netlink information message family=0, type=1, index=1107, flags=0x1002, change=0xffffffff
Jun 29, 2026 09:19:48.619 [547808698592] DEBUG - NetworkInterface: received Netlink message len=440, type=RTM_NEWLINK, flags=0x0
Jun 29, 2026 09:19:48.619 [547808698592] DEBUG - NetworkInterface: Netlink information message family=7, type=1, index=1108, flags=0x1003, change=0x0
Jun 29, 2026 09:19:48.619 [547808698592] DEBUG - Network change.
Jun 29, 2026 09:19:48.619 [547808698592] DEBUG - NetworkInterface: Notified of network changed (force=0)
Jun 29, 2026 09:19:48.619 [547808698592] DEBUG - Network change notification but nothing changed.
Jun 29, 2026 09:19:48.619 [547808698592] DEBUG - NetworkInterface: received Netlink message len=1864, type=RTM_NEWLINK, flags=0x0
Jun 29, 2026 09:19:48.619 [547808698592] DEBUG - NetworkInterface: Netlink information message family=0, type=1, index=1108, flags=0x1003, change=0x0
Jun 29, 2026 09:19:48.619 [547808698592] DEBUG - Network change.
Jun 29, 2026 09:19:48.619 [547808698592] DEBUG - NetworkInterface: Notified of network changed (force=0)
Jun 29, 2026 09:19:48.620 [547808698592] DEBUG - Network change notification but nothing changed.
Jun 29, 2026 09:19:48.622 [547808698592] DEBUG - NetworkInterface: received Netlink message len=440, type=RTM_NEWLINK, flags=0x0
Jun 29, 2026 09:19:48.622 [547808698592] DEBUG - NetworkInterface: Netlink information message family=7, type=1, index=1108, flags=0x11043, change=0x0
Jun 29, 2026 09:19:48.622 [547808698592] DEBUG - Network change.
Jun 29, 2026 09:19:48.622 [547808698592] DEBUG - NetworkInterface: Notified of network changed (force=0)
Jun 29, 2026 09:19:48.623 [547808698592] DEBUG - Network change notification but nothing changed.
Jun 29, 2026 09:19:48.623 [547808698592] DEBUG - NetworkInterface: received Netlink message len=440, type=RTM_NEWLINK, flags=0x0
Jun 29, 2026 09:19:48.623 [547808698592] DEBUG - NetworkInterface: Netlink information message family=7, type=1, index=1108, flags=0x11043, change=0x0
Jun 29, 2026 09:19:48.623 [547808698592] DEBUG - Network change.
Jun 29, 2026 09:19:48.623 [547808698592] DEBUG - NetworkInterface: Notified of network changed (force=0)
Jun 29, 2026 09:19:48.624 [547808698592] DEBUG - Network change notification but nothing changed.
Jun 29, 2026 09:19:48.624 [547808698592] DEBUG - NetworkInterface: received Netlink message len=1864, type=RTM_NEWLINK, flags=0x0
Jun 29, 2026 09:19:48.624 [547808698592] DEBUG - NetworkInterface: Netlink information message family=0, type=1, index=1108, flags=0x11043, change=0x0
Jun 29, 2026 09:19:48.624 [547808698592] DEBUG - Network change.
Jun 29, 2026 09:19:48.624 [547808698592] DEBUG - NetworkInterface: Notified of network changed (force=0)
Jun 29, 2026 09:19:48.624 [547808698592] DEBUG - Network change notification but nothing changed.
Jun 29, 2026 09:19:52.303 [547808698592] DEBUG - NetworkInterface: received Netlink message len=440, type=RTM_NEWLINK, flags=0x0
Jun 29, 2026 09:19:52.303 [547808698592] DEBUG - NetworkInterface: Netlink information message family=7, type=1, index=1108, flags=0x1003, change=0x0
Jun 29, 2026 09:19:52.303 [547808698592] DEBUG - Network change.
Jun 29, 2026 09:19:52.304 [547808698592] DEBUG - NetworkInterface: Notified of network changed (force=0)
Jun 29, 2026 09:19:52.338 [547808698592] DEBUG - Network change notification but nothing changed.
Jun 29, 2026 09:19:52.338 [547808698592] DEBUG - NetworkInterface: received Netlink message len=1864, type=RTM_NEWLINK, flags=0x0
Jun 29, 2026 09:19:52.338 [547808698592] DEBUG - NetworkInterface: Netlink information message family=0, type=1, index=1108, flags=0x1003, change=0x0
Jun 29, 2026 09:19:52.338 [547808698592] DEBUG - Network change.
Jun 29, 2026 09:19:52.338 [547808698592] DEBUG - NetworkInterface: Notified of network changed (force=0)
Jun 29, 2026 09:19:52.339 [547808698592] DEBUG - Network change notification but nothing changed.
Jun 29, 2026 09:19:52.339 [547808698592] DEBUG - NetworkInterface: received Netlink message len=1500, type=RTM_NEWLINK, flags=0x0
Jun 29, 2026 09:19:52.339 [547808698592] DEBUG - NetworkInterface: Netlink information message family=0, type=1, index=1107, flags=0x1002, change=0xffffffff
Jun 29, 2026 09:19:52.339 [547808698592] DEBUG - Network change.
Jun 29, 2026 09:19:52.339 [547808698592] DEBUG - NetworkInterface: Notified of network changed (force=0)
Jun 29, 2026 09:19:52.339 [547808698592] DEBUG - Network change notification but nothing changed.
Jun 29, 2026 09:19:52.372 [547808698592] DEBUG - NetworkInterface: received Netlink message len=1500, type=RTM_NEWLINK, flags=0x0
Jun 29, 2026 09:19:52.372 [547808698592] DEBUG - NetworkInterface: Netlink information message family=0, type=1, index=1107, flags=0x11003, change=0x1
Jun 29, 2026 09:19:52.372 [547808698592] DEBUG - Network change.
Jun 29, 2026 09:19:52.372 [547808698592] DEBUG - NetworkInterface: Notified of network changed (force=0)
Jun 29, 2026 09:19:52.374 [547808698592] DEBUG - Network change notification but nothing changed.
Jun 29, 2026 09:19:52.374 [547808698592] DEBUG - NetworkInterface: received Netlink message len=1500, type=RTM_NEWLINK, flags=0x0
Jun 29, 2026 09:19:52.374 [547808698592] DEBUG - NetworkInterface: Netlink information message family=0, type=1, index=1107, flags=0x11043, change=0x0
Jun 29, 2026 09:19:52.374 [547808698592] DEBUG - Network change.
Jun 29, 2026 09:19:52.374 [547808698592] DEBUG - NetworkInterface: Notified of network changed (force=0)
Jun 29, 2026 09:19:52.374 [547808698592] DEBUG - Network change notification but nothing changed.
Jun 29, 2026 09:19:52.375 [547808698592] DEBUG - NetworkInterface: received Netlink message len=440, type=RTM_NEWLINK, flags=0x0
Jun 29, 2026 09:19:52.375 [547808698592] DEBUG - NetworkInterface: Netlink information message family=7, type=1, index=1108, flags=0x11043, change=0x0
Jun 29, 2026 09:19:52.375 [547808698592] DEBUG - Network change.
Jun 29, 2026 09:19:52.375 [547808698592] DEBUG - NetworkInterface: Notified of network changed (force=0)
Jun 29, 2026 09:19:52.375 [547808698592] DEBUG - Network change notification but nothing changed.
Jun 29, 2026 09:19:52.375 [547808698592] DEBUG - NetworkInterface: received Netlink message len=440, type=RTM_NEWLINK, flags=0x0
Jun 29, 2026 09:19:52.375 [547808698592] DEBUG - NetworkInterface: Netlink information message family=7, type=1, index=1108, flags=0x11043, change=0x0
Jun 29, 2026 09:19:52.375 [547808698592] DEBUG - Network change.
Jun 29, 2026 09:19:52.375 [547808698592] DEBUG - NetworkInterface: Notified of network changed (force=0)
Jun 29, 2026 09:19:52.376 [547808698592] DEBUG - Network change notification but nothing changed.
Jun 29, 2026 09:19:52.376 [547808698592] DEBUG - NetworkInterface: received Netlink message len=1856, type=RTM_NEWLINK, flags=0x0
Jun 29, 2026 09:19:52.376 [547808698592] DEBUG - NetworkInterface: Netlink information message family=0, type=1, index=1108, flags=0x11043, change=0x0
Jun 29, 2026 09:19:52.376 [547808698592] DEBUG - Network change.
Jun 29, 2026 09:19:52.376 [547808698592] DEBUG - NetworkInterface: Notified of network changed (force=0)
Jun 29, 2026 09:19:52.376 [547808698592] DEBUG - Network change notification but nothing changed.
Jun 29, 2026 09:19:52.436 [547808698592] DEBUG - NetworkInterface: received Netlink message len=1500, type=RTM_NEWLINK, flags=0x0
Jun 29, 2026 09:19:52.436 [547808698592] DEBUG - NetworkInterface: Netlink information message family=0, type=1, index=1107, flags=0x1002, change=0x41
Jun 29, 2026 09:19:52.436 [547808698592] DEBUG - Network change.
Jun 29, 2026 09:19:52.436 [547808698592] DEBUG - NetworkInterface: Notified of network changed (force=0)
Jun 29, 2026 09:19:52.444 [547808698592] DEBUG - Network change notification but nothing changed.
Jun 29, 2026 09:19:52.444 [547808698592] DEBUG - NetworkInterface: received Netlink message len=1856, type=RTM_NEWLINK, flags=0x0
Jun 29, 2026 09:19:52.444 [547808698592] DEBUG - NetworkInterface: Netlink information message family=0, type=1, index=1108, flags=0x1002, change=0x41
Jun 29, 2026 09:19:52.444 [547808698592] DEBUG - Network change.
Jun 29, 2026 09:19:52.444 [547808698592] DEBUG - NetworkInterface: Notified of network changed (force=0)
Jun 29, 2026 09:19:52.445 [547808698592] DEBUG - Network change notification but nothing changed.
Jun 29, 2026 09:19:52.445 [547808698592] DEBUG - NetworkInterface: received Netlink message len=440, type=RTM_NEWLINK, flags=0x0
Jun 29, 2026 09:19:52.445 [547808698592] DEBUG - NetworkInterface: Netlink information message family=7, type=1, index=1108, flags=0x1002, change=0x0
Jun 29, 2026 09:19:52.445 [547808698592] DEBUG - Network change.
Jun 29, 2026 09:19:52.445 [547808698592] DEBUG - NetworkInterface: Notified of network changed (force=0)
Jun 29, 2026 09:19:52.446 [547808698592] DEBUG - Network change notification but nothing changed.
Jun 29, 2026 09:19:52.446 [547808698592] DEBUG - NetworkInterface: received Netlink message len=688, type=RTM_DELLINK, flags=0x0
Jun 29, 2026 09:19:52.446 [547808698592] DEBUG - NetworkInterface: Netlink information message family=0, type=1, index=1107, flags=0x1002, change=0xffffffff
Jun 29, 2026 09:19:52.446 [547808698592] DEBUG - NetworkInterface: received Netlink message len=440, type=RTM_NEWLINK, flags=0x0
Jun 29, 2026 09:19:52.446 [547808698592] DEBUG - NetworkInterface: Netlink information message family=7, type=1, index=1108, flags=0x1002, change=0x0
Jun 29, 2026 09:19:52.446 [547808698592] DEBUG - Network change.
Jun 29, 2026 09:19:52.446 [547808698592] DEBUG - NetworkInterface: Notified of network changed (force=0)
Jun 29, 2026 09:19:52.446 [547808698592] DEBUG - Network change notification but nothing changed.
Jun 29, 2026 09:19:52.446 [547808698592] DEBUG - NetworkInterface: received Netlink message len=104, type=RTM_DELLINK, flags=0x0
Jun 29, 2026 09:19:52.446 [547808698592] DEBUG - NetworkInterface: Netlink information message family=7, type=1, index=1108, flags=0x1002, change=0x0
Jun 29, 2026 09:19:52.446 [547808698592] DEBUG - NetworkInterface: received Netlink message len=688, type=RTM_DELLINK, flags=0x0
Jun 29, 2026 09:19:52.446 [547808698592] DEBUG - NetworkInterface: Netlink information message family=0, type=1, index=1108, flags=0x1002, change=0xffffffff
Jun 29, 2026 09:19:53.044 [547808698592] DEBUG - NetworkInterface: received Netlink message len=1500, type=RTM_NEWLINK, flags=0x0
Jun 29, 2026 09:19:53.044 [547808698592] DEBUG - NetworkInterface: Netlink information message family=0, type=1, index=1109, flags=0x1002, change=0xffffffff
Jun 29, 2026 09:19:53.044 [547808698592] DEBUG - Network change.
Jun 29, 2026 09:19:53.044 [547808698592] DEBUG - NetworkInterface: Notified of network changed (force=0)
Jun 29, 2026 09:19:53.050 [547808698592] DEBUG - Network change notification but nothing changed.
Jun 29, 2026 09:19:53.050 [547808698592] DEBUG - NetworkInterface: received Netlink message len=1500, type=RTM_NEWLINK, flags=0x0
Jun 29, 2026 09:19:53.050 [547808698592] DEBUG - NetworkInterface: Netlink information message family=0, type=1, index=1110, flags=0x1002, change=0xffffffff
Jun 29, 2026 09:19:53.050 [547808698592] DEBUG - Network change.
Jun 29, 2026 09:19:53.050 [547808698592] DEBUG - NetworkInterface: Notified of network changed (force=0)
Jun 29, 2026 09:19:53.051 [547808698592] DEBUG - Network change notification but nothing changed.
Jun 29, 2026 09:19:53.054 [547808698592] DEBUG - NetworkInterface: received Netlink message len=1856, type=RTM_NEWLINK, flags=0x0
Jun 29, 2026 09:19:53.054 [547808698592] DEBUG - NetworkInterface: Netlink information message family=0, type=1, index=1110, flags=0x1002, change=0x0
Jun 29, 2026 09:19:53.054 [547808698592] DEBUG - Network change.
Jun 29, 2026 09:19:53.054 [547808698592] DEBUG - NetworkInterface: Notified of network changed (force=0)
Jun 29, 2026 09:19:53.055 [547808698592] DEBUG - Network change notification but nothing changed.
Jun 29, 2026 09:19:53.055 [547808698592] DEBUG - NetworkInterface: received Netlink message len=1856, type=RTM_NEWLINK, flags=0x0
Jun 29, 2026 09:19:53.055 [547808698592] DEBUG - NetworkInterface: Netlink information message family=0, type=1, index=1110, flags=0x1002, change=0x100
Jun 29, 2026 09:19:53.055 [547808698592] DEBUG - Network change.
Jun 29, 2026 09:19:53.055 [547808698592] DEBUG - NetworkInterface: Notified of network changed (force=0)
Jun 29, 2026 09:19:53.056 [547808698592] DEBUG - Network change notification but nothing changed.
Jun 29, 2026 09:19:53.056 [547808698592] DEBUG - NetworkInterface: received Netlink message len=440, type=RTM_NEWLINK, flags=0x0
Jun 29, 2026 09:19:53.056 [547808698592] DEBUG - NetworkInterface: Netlink information message family=7, type=1, index=1110, flags=0x1002, change=0x0
Jun 29, 2026 09:19:53.056 [547808698592] DEBUG - Network change.
Jun 29, 2026 09:19:53.056 [547808698592] DEBUG - NetworkInterface: Notified of network changed (force=0)
Jun 29, 2026 09:19:53.058 [547808698592] DEBUG - Network change notification but nothing changed.
Jun 29, 2026 09:19:53.059 [547808698592] DEBUG - NetworkInterface: received Netlink message len=1856, type=RTM_NEWLINK, flags=0x0
Jun 29, 2026 09:19:53.059 [547808698592] DEBUG - NetworkInterface: Netlink information message family=0, type=1, index=1110, flags=0x1003, change=0x1
Jun 29, 2026 09:19:53.059 [547808698592] DEBUG - Network change.
Jun 29, 2026 09:19:53.059 [547808698592] DEBUG - NetworkInterface: Notified of network changed (force=0)
Jun 29, 2026 09:19:53.059 [547808698592] DEBUG - Network change notification but nothing changed.
Jun 29, 2026 09:19:53.059 [547808698592] DEBUG - NetworkInterface: received Netlink message len=440, type=RTM_NEWLINK, flags=0x0
Jun 29, 2026 09:19:53.059 [547808698592] DEBUG - NetworkInterface: Netlink information message family=7, type=1, index=1110, flags=0x1003, change=0x0
Jun 29, 2026 09:19:53.059 [547808698592] DEBUG - Network change.
Jun 29, 2026 09:19:53.059 [547808698592] DEBUG - NetworkInterface: Notified of network changed (force=0)
Jun 29, 2026 09:19:53.060 [547808698592] DEBUG - Network change notification but nothing changed.
Jun 29, 2026 09:19:53.076 [547808698592] DEBUG - NetworkInterface: received Netlink message len=1500, type=RTM_NEWLINK, flags=0x0
Jun 29, 2026 09:19:53.077 [547808698592] DEBUG - NetworkInterface: Netlink information message family=0, type=1, index=1109, flags=0x11003, change=0x1
Jun 29, 2026 09:19:53.077 [547808698592] DEBUG - Network change.
Jun 29, 2026 09:19:53.077 [547808698592] DEBUG - NetworkInterface: Notified of network changed (force=0)
Jun 29, 2026 09:19:53.085 [547808698592] DEBUG - Network change notification but nothing changed.
Jun 29, 2026 09:19:53.087 [547808698592] DEBUG - NetworkInterface: received Netlink message len=1500, type=RTM_NEWLINK, flags=0x0
Jun 29, 2026 09:19:53.087 [547808698592] DEBUG - NetworkInterface: Netlink information message family=0, type=1, index=1109, flags=0x11043, change=0x0
Jun 29, 2026 09:19:53.087 [547808698592] DEBUG - Network change.
Jun 29, 2026 09:19:53.087 [547808698592] DEBUG - NetworkInterface: Notified of network changed (force=0)
Jun 29, 2026 09:19:53.088 [547808698592] DEBUG - Network change notification but nothing changed.
Jun 29, 2026 09:19:53.088 [547808698592] DEBUG - NetworkInterface: received Netlink message len=440, type=RTM_NEWLINK, flags=0x0
Jun 29, 2026 09:19:53.088 [547808698592] DEBUG - NetworkInterface: Netlink information message family=7, type=1, index=1110, flags=0x11043, change=0x0
Jun 29, 2026 09:19:53.088 [547808698592] DEBUG - Network change.
Jun 29, 2026 09:19:53.088 [547808698592] DEBUG - NetworkInterface: Notified of network changed (force=0)
Jun 29, 2026 09:19:53.089 [547808698592] DEBUG - Network change notification but nothing changed.
Jun 29, 2026 09:19:53.089 [547808698592] DEBUG - NetworkInterface: received Netlink message len=440, type=RTM_NEWLINK, flags=0x0
Jun 29, 2026 09:19:53.089 [547808698592] DEBUG - NetworkInterface: Netlink information message family=7, type=1, index=1110, flags=0x11043, change=0x0
Jun 29, 2026 09:19:53.089 [547808698592] DEBUG - Network change.
Jun 29, 2026 09:19:53.089 [547808698592] DEBUG - NetworkInterface: Notified of network changed (force=0)
Jun 29, 2026 09:19:53.090 [547808698592] DEBUG - Network change notification but nothing changed.
Jun 29, 2026 09:19:53.090 [547808698592] DEBUG - NetworkInterface: received Netlink message len=1856, type=RTM_NEWLINK, flags=0x0
Jun 29, 2026 09:19:53.090 [547808698592] DEBUG - NetworkInterface: Netlink information message family=0, type=1, index=1110, flags=0x11043, change=0x0
Jun 29, 2026 09:19:53.090 [547808698592] DEBUG - Network change.
Jun 29, 2026 09:19:53.090 [547808698592] DEBUG - NetworkInterface: Notified of network changed (force=0)
Jun 29, 2026 09:19:53.091 [547808698592] DEBUG - Network change notification but nothing changed.
Jun 29, 2026 09:19:53.842 [547808698592] DEBUG - NetworkInterface: received Netlink message len=1500, type=RTM_NEWLINK, flags=0x0
Jun 29, 2026 09:19:53.842 [547808698592] DEBUG - NetworkInterface: Netlink information message family=0, type=1, index=1109, flags=0x1002, change=0x41
Jun 29, 2026 09:19:53.842 [547808698592] DEBUG - Network change.
Jun 29, 2026 09:19:53.842 [547808698592] DEBUG - NetworkInterface: Notified of network changed (force=0)
Jun 29, 2026 09:19:53.884 [547808698592] DEBUG - Network change notification but nothing changed.
Jun 29, 2026 09:19:53.884 [547808698592] DEBUG - NetworkInterface: received Netlink message len=704, type=RTM_DELLINK, flags=0x0
Jun 29, 2026 09:19:53.884 [547808698592] DEBUG - NetworkInterface: Netlink information message family=0, type=1, index=1109, flags=0x1002, change=0xffffffff
Jun 29, 2026 09:19:53.884 [547808698592] DEBUG - NetworkInterface: received Netlink message len=440, type=RTM_NEWLINK, flags=0x0
Jun 29, 2026 09:19:53.884 [547808698592] DEBUG - NetworkInterface: Netlink information message family=7, type=1, index=1110, flags=0x1003, change=0x0
Jun 29, 2026 09:19:53.884 [547808698592] DEBUG - Network change.
Jun 29, 2026 09:19:53.884 [547808698592] DEBUG - NetworkInterface: Notified of network changed (force=0)
Jun 29, 2026 09:19:53.885 [547808698592] DEBUG - Network change notification but nothing changed.
Jun 29, 2026 09:19:53.886 [547808698592] DEBUG - NetworkInterface: received Netlink message len=1864, type=RTM_NEWLINK, flags=0x0
Jun 29, 2026 09:19:53.886 [547808698592] DEBUG - NetworkInterface: Netlink information message family=0, type=1, index=1110, flags=0x1003, change=0x0
Jun 29, 2026 09:19:53.886 [547808698592] DEBUG - Network change.
Jun 29, 2026 09:19:53.886 [547808698592] DEBUG - NetworkInterface: Notified of network changed (force=0)
Jun 29, 2026 09:19:53.887 [547808698592] DEBUG - Network change notification but nothing changed.
Jun 29, 2026 09:19:53.887 [547808698592] DEBUG - NetworkInterface: received Netlink message len=440, type=RTM_NEWLINK, flags=0x0
Jun 29, 2026 09:19:53.887 [547808698592] DEBUG - NetworkInterface: Netlink information message family=7, type=1, index=1110, flags=0x11043, change=0x0
Jun 29, 2026 09:19:53.887 [547808698592] DEBUG - Network change.
Jun 29, 2026 09:19:53.887 [547808698592] DEBUG - NetworkInterface: Notified of network changed (force=0)
Jun 29, 2026 09:19:53.887 [547808698592] DEBUG - Network change notification but nothing changed.
Jun 29, 2026 09:19:53.887 [547808698592] DEBUG - NetworkInterface: received Netlink message len=440, type=RTM_NEWLINK, flags=0x0
Jun 29, 2026 09:19:53.887 [547808698592] DEBUG - NetworkInterface: Netlink information message family=7, type=1, index=1110, flags=0x11043, change=0x0
Jun 29, 2026 09:19:53.887 [547808698592] DEBUG - Network change.
Jun 29, 2026 09:19:53.887 [547808698592] DEBUG - NetworkInterface: Notified of network changed (force=0)
Jun 29, 2026 09:19:53.888 [547808698592] DEBUG - Network change notification but nothing changed.
Jun 29, 2026 09:19:53.888 [547808698592] DEBUG - NetworkInterface: received Netlink message len=1864, type=RTM_NEWLINK, flags=0x0
Jun 29, 2026 09:19:53.888 [547808698592] DEBUG - NetworkInterface: Netlink information message family=0, type=1, index=1110, flags=0x11043, change=0x0
Jun 29, 2026 09:19:53.888 [547808698592] DEBUG - Network change.
Jun 29, 2026 09:19:53.888 [547808698592] DEBUG - NetworkInterface: Notified of network changed (force=0)
Jun 29, 2026 09:19:53.888 [547808698592] DEBUG - Network change notification but nothing changed.
Jun 29, 2026 09:19:57.348 [547808698592] DEBUG - NetworkInterface: received Netlink message len=440, type=RTM_NEWLINK, flags=0x0
Jun 29, 2026 09:19:57.348 [547808698592] DEBUG - NetworkInterface: Netlink information message family=7, type=1, index=1110, flags=0x1003, change=0x0
Jun 29, 2026 09:19:57.348 [547808698592] DEBUG - Network change.
Jun 29, 2026 09:19:57.348 [547808698592] DEBUG - NetworkInterface: Notified of network changed (force=0)
Jun 29, 2026 09:19:57.386 [547808698592] DEBUG - Network change notification but nothing changed.
Jun 29, 2026 09:19:57.386 [547808698592] DEBUG - NetworkInterface: received Netlink message len=1864, type=RTM_NEWLINK, flags=0x0
Jun 29, 2026 09:19:57.386 [547808698592] DEBUG - NetworkInterface: Netlink information message family=0, type=1, index=1110, flags=0x1003, change=0x0
Jun 29, 2026 09:19:57.386 [547808698592] DEBUG - Network change.
Jun 29, 2026 09:19:57.386 [547808698592] DEBUG - NetworkInterface: Notified of network changed (force=0)
Jun 29, 2026 09:19:57.387 [547808698592] DEBUG - Network change notification but nothing changed.
Jun 29, 2026 09:19:57.387 [547808698592] DEBUG - NetworkInterface: received Netlink message len=1500, type=RTM_NEWLINK, flags=0x0
Jun 29, 2026 09:19:57.387 [547808698592] DEBUG - NetworkInterface: Netlink information message family=0, type=1, index=1109, flags=0x1002, change=0xffffffff
Jun 29, 2026 09:19:57.387 [547808698592] DEBUG - Network change.
Jun 29, 2026 09:19:57.387 [547808698592] DEBUG - NetworkInterface: Notified of network changed (force=0)
Jun 29, 2026 09:19:57.388 [547808698592] DEBUG - Network change notification but nothing changed.
Jun 29, 2026 09:19:57.420 [547808698592] DEBUG - NetworkInterface: received Netlink message len=1500, type=RTM_NEWLINK, flags=0x0
Jun 29, 2026 09:19:57.420 [547808698592] DEBUG - NetworkInterface: Netlink information message family=0, type=1, index=1109, flags=0x11003, change=0x1
Jun 29, 2026 09:19:57.420 [547808698592] DEBUG - Network change.
Jun 29, 2026 09:19:57.420 [547808698592] DEBUG - NetworkInterface: Notified of network changed (force=0)
Jun 29, 2026 09:19:57.422 [547808698592] DEBUG - Network change notification but nothing changed.
Jun 29, 2026 09:19:57.422 [547808698592] DEBUG - NetworkInterface: received Netlink message len=1500, type=RTM_NEWLINK, flags=0x0
Jun 29, 2026 09:19:57.422 [547808698592] DEBUG - NetworkInterface: Netlink information message family=0, type=1, index=1109, flags=0x11043, change=0x0
Jun 29, 2026 09:19:57.422 [547808698592] DEBUG - Network change.
Jun 29, 2026 09:19:57.422 [547808698592] DEBUG - NetworkInterface: Notified of network changed (force=0)
Jun 29, 2026 09:19:57.423 [547808698592] DEBUG - Network change notification but nothing changed.
Jun 29, 2026 09:19:57.423 [547808698592] DEBUG - NetworkInterface: received Netlink message len=440, type=RTM_NEWLINK, flags=0x0
Jun 29, 2026 09:19:57.423 [547808698592] DEBUG - NetworkInterface: Netlink information message family=7, type=1, index=1110, flags=0x11043, change=0x0
Jun 29, 2026 09:19:57.423 [547808698592] DEBUG - Network change.
Jun 29, 2026 09:19:57.423 [547808698592] DEBUG - NetworkInterface: Notified of network changed (force=0)
Jun 29, 2026 09:19:57.423 [547808698592] DEBUG - Network change notification but nothing changed.
Jun 29, 2026 09:19:57.423 [547808698592] DEBUG - NetworkInterface: received Netlink message len=440, type=RTM_NEWLINK, flags=0x0
Jun 29, 2026 09:19:57.423 [547808698592] DEBUG - NetworkInterface: Netlink information message family=7, type=1, index=1110, flags=0x11043, change=0x0
Jun 29, 2026 09:19:57.423 [547808698592] DEBUG - Network change.
Jun 29, 2026 09:19:57.423 [547808698592] DEBUG - NetworkInterface: Notified of network changed (force=0)
Jun 29, 2026 09:19:57.424 [547808698592] DEBUG - Network change notification but nothing changed.
Jun 29, 2026 09:19:57.424 [547808698592] DEBUG - NetworkInterface: received Netlink message len=1856, type=RTM_NEWLINK, flags=0x0
Jun 29, 2026 09:19:57.424 [547808698592] DEBUG - NetworkInterface: Netlink information message family=0, type=1, index=1110, flags=0x11043, change=0x0
Jun 29, 2026 09:19:57.424 [547808698592] DEBUG - Network change.
Jun 29, 2026 09:19:57.424 [547808698592] DEBUG - NetworkInterface: Notified of network changed (force=0)
Jun 29, 2026 09:19:57.425 [547808698592] DEBUG - Network change notification but nothing changed.
Jun 29, 2026 09:19:57.459 [547808698592] DEBUG - NetworkInterface: received Netlink message len=1500, type=RTM_NEWLINK, flags=0x0
Jun 29, 2026 09:19:57.459 [547808698592] DEBUG - NetworkInterface: Netlink information message family=0, type=1, index=1109, flags=0x1002, change=0x41
Jun 29, 2026 09:19:57.459 [547808698592] DEBUG - Network change.
Jun 29, 2026 09:19:57.459 [547808698592] DEBUG - NetworkInterface: Notified of network changed (force=0)
Jun 29, 2026 09:19:57.469 [547808698592] DEBUG - Network change notification but nothing changed.
Jun 29, 2026 09:19:57.469 [547808698592] DEBUG - NetworkInterface: received Netlink message len=1856, type=RTM_NEWLINK, flags=0x0
Jun 29, 2026 09:19:57.469 [547808698592] DEBUG - NetworkInterface: Netlink information message family=0, type=1, index=1110, flags=0x1002, change=0x41
Jun 29, 2026 09:19:57.469 [547808698592] DEBUG - Network change.
Jun 29, 2026 09:19:57.469 [547808698592] DEBUG - NetworkInterface: Notified of network changed (force=0)
Jun 29, 2026 09:19:57.470 [547808698592] DEBUG - Network change notification but nothing changed.
Jun 29, 2026 09:19:57.470 [547808698592] DEBUG - NetworkInterface: received Netlink message len=440, type=RTM_NEWLINK, flags=0x0
Jun 29, 2026 09:19:57.470 [547808698592] DEBUG - NetworkInterface: Netlink information message family=7, type=1, index=1110, flags=0x1002, change=0x0
Jun 29, 2026 09:19:57.470 [547808698592] DEBUG - Network change.
Jun 29, 2026 09:19:57.470 [547808698592] DEBUG - NetworkInterface: Notified of network changed (force=0)
Jun 29, 2026 09:19:57.473 [547808698592] DEBUG - Network change notification but nothing changed.
Jun 29, 2026 09:19:57.473 [547808698592] DEBUG - NetworkInterface: received Netlink message len=688, type=RTM_DELLINK, flags=0x0
Jun 29, 2026 09:19:57.473 [547808698592] DEBUG - NetworkInterface: Netlink information message family=0, type=1, index=1109, flags=0x1002, change=0xffffffff
Jun 29, 2026 09:19:57.473 [547808698592] DEBUG - NetworkInterface: received Netlink message len=440, type=RTM_NEWLINK, flags=0x0
Jun 29, 2026 09:19:57.473 [547808698592] DEBUG - NetworkInterface: Netlink information message family=7, type=1, index=1110, flags=0x1002, change=0x0
Jun 29, 2026 09:19:57.473 [547808698592] DEBUG - Network change.
Jun 29, 2026 09:19:57.473 [547808698592] DEBUG - NetworkInterface: Notified of network changed (force=0)
Jun 29, 2026 09:19:57.474 [547808698592] DEBUG - Network change notification but nothing changed.
Jun 29, 2026 09:19:57.474 [547808698592] DEBUG - NetworkInterface: received Netlink message len=104, type=RTM_DELLINK, flags=0x0
Jun 29, 2026 09:19:57.474 [547808698592] DEBUG - NetworkInterface: Netlink information message family=7, type=1, index=1110, flags=0x1002, change=0x0
Jun 29, 2026 09:19:57.474 [547808698592] DEBUG - NetworkInterface: received Netlink message len=688, type=RTM_DELLINK, flags=0x0
Jun 29, 2026 09:19:57.474 [547808698592] DEBUG - NetworkInterface: Netlink information message family=0, type=1, index=1110, flags=0x1002, change=0xffffffff
Jun 29, 2026 09:19:58.034 [547808698592] DEBUG - NetworkInterface: received Netlink message len=1500, type=RTM_NEWLINK, flags=0x0
Jun 29, 2026 09:19:58.034 [547808698592] DEBUG - NetworkInterface: Netlink information message family=0, type=1, index=1111, flags=0x1002, change=0xffffffff
Jun 29, 2026 09:19:58.034 [547808698592] DEBUG - Network change.
Jun 29, 2026 09:19:58.034 [547808698592] DEBUG - NetworkInterface: Notified of network changed (force=0)
Jun 29, 2026 09:19:58.039 [547808698592] DEBUG - Network change notification but nothing changed.
Jun 29, 2026 09:19:58.039 [547808698592] DEBUG - NetworkInterface: received Netlink message len=1500, type=RTM_NEWLINK, flags=0x0
Jun 29, 2026 09:19:58.039 [547808698592] DEBUG - NetworkInterface: Netlink information message family=0, type=1, index=1112, flags=0x1002, change=0xffffffff
Jun 29, 2026 09:19:58.039 [547808698592] DEBUG - Network change.
Jun 29, 2026 09:19:58.039 [547808698592] DEBUG - NetworkInterface: Notified of network changed (force=0)
Jun 29, 2026 09:19:58.041 [547808698592] DEBUG - Network change notification but nothing changed.
Jun 29, 2026 09:19:58.041 [547808698592] DEBUG - NetworkInterface: received Netlink message len=1856, type=RTM_NEWLINK, flags=0x0
Jun 29, 2026 09:19:58.041 [547808698592] DEBUG - NetworkInterface: Netlink information message family=0, type=1, index=1112, flags=0x1002, change=0x0
Jun 29, 2026 09:19:58.041 [547808698592] DEBUG - Network change.
Jun 29, 2026 09:19:58.041 [547808698592] DEBUG - NetworkInterface: Notified of network changed (force=0)
Jun 29, 2026 09:19:58.042 [547808698592] DEBUG - Network change notification but nothing changed.
Jun 29, 2026 09:19:58.042 [547808698592] DEBUG - NetworkInterface: received Netlink message len=1856, type=RTM_NEWLINK, flags=0x0
Jun 29, 2026 09:19:58.042 [547808698592] DEBUG - NetworkInterface: Netlink information message family=0, type=1, index=1112, flags=0x1002, change=0x100
Jun 29, 2026 09:19:58.042 [547808698592] DEBUG - Network change.
Jun 29, 2026 09:19:58.042 [547808698592] DEBUG - NetworkInterface: Notified of network changed (force=0)
Jun 29, 2026 09:19:58.042 [547808698592] DEBUG - Network change notification but nothing changed.
Jun 29, 2026 09:19:58.042 [547808698592] DEBUG - NetworkInterface: received Netlink message len=440, type=RTM_NEWLINK, flags=0x0
Jun 29, 2026 09:19:58.042 [547808698592] DEBUG - NetworkInterface: Netlink information message family=7, type=1, index=1112, flags=0x1002, change=0x0
Jun 29, 2026 09:19:58.042 [547808698592] DEBUG - Network change.
Jun 29, 2026 09:19:58.042 [547808698592] DEBUG - NetworkInterface: Notified of network changed (force=0)
Jun 29, 2026 09:19:58.043 [547808698592] DEBUG - Network change notification but nothing changed.
Jun 29, 2026 09:19:58.043 [547808698592] DEBUG - NetworkInterface: received Netlink message len=1856, type=RTM_NEWLINK, flags=0x0
Jun 29, 2026 09:19:58.043 [547808698592] DEBUG - NetworkInterface: Netlink information message family=0, type=1, index=1112, flags=0x1003, change=0x1
Jun 29, 2026 09:19:58.043 [547808698592] DEBUG - Network change.
Jun 29, 2026 09:19:58.043 [547808698592] DEBUG - NetworkInterface: Notified of network changed (force=0)
Jun 29, 2026 09:19:58.044 [547808698592] DEBUG - Network change notification but nothing changed.
Jun 29, 2026 09:19:58.044 [547808698592] DEBUG - NetworkInterface: received Netlink message len=440, type=RTM_NEWLINK, flags=0x0
Jun 29, 2026 09:19:58.044 [547808698592] DEBUG - NetworkInterface: Netlink information message family=7, type=1, index=1112, flags=0x1003, change=0x0
Jun 29, 2026 09:19:58.044 [547808698592] DEBUG - Network change.
Jun 29, 2026 09:19:58.044 [547808698592] DEBUG - NetworkInterface: Notified of network changed (force=0)
Jun 29, 2026 09:19:58.044 [547808698592] DEBUG - Network change notification but nothing changed.
Jun 29, 2026 09:19:58.083 [547808698592] DEBUG - NetworkInterface: received Netlink message len=1500, type=RTM_NEWLINK, flags=0x0
Jun 29, 2026 09:19:58.085 [547808698592] DEBUG - NetworkInterface: Netlink information message family=0, type=1, index=1111, flags=0x11003, change=0x1
Jun 29, 2026 09:19:58.086 [547808698592] DEBUG - Network change.
Jun 29, 2026 09:19:58.086 [547808698592] DEBUG - NetworkInterface: Notified of network changed (force=0)
Jun 29, 2026 09:19:58.086 [547808698592] DEBUG - Network change notification but nothing changed.
Jun 29, 2026 09:19:58.087 [547808698592] DEBUG - NetworkInterface: received Netlink message len=1500, type=RTM_NEWLINK, flags=0x0
Jun 29, 2026 09:19:58.087 [547808698592] DEBUG - NetworkInterface: Netlink information message family=0, type=1, index=1111, flags=0x11043, change=0x0
Jun 29, 2026 09:19:58.087 [547808698592] DEBUG - Network change.
Jun 29, 2026 09:19:58.087 [547808698592] DEBUG - NetworkInterface: Notified of network changed (force=0)
Jun 29, 2026 09:19:58.088 [547808698592] DEBUG - Network change notification but nothing changed.
Jun 29, 2026 09:19:58.088 [547808698592] DEBUG - NetworkInterface: received Netlink message len=440, type=RTM_NEWLINK, flags=0x0
Jun 29, 2026 09:19:58.088 [547808698592] DEBUG - NetworkInterface: Netlink information message family=7, type=1, index=1112, flags=0x11043, change=0x0
Jun 29, 2026 09:19:58.088 [547808698592] DEBUG - Network change.
Jun 29, 2026 09:19:58.088 [547808698592] DEBUG - NetworkInterface: Notified of network changed (force=0)
Jun 29, 2026 09:19:58.089 [547808698592] DEBUG - Network change notification but nothing changed.
Jun 29, 2026 09:19:58.089 [547808698592] DEBUG - NetworkInterface: received Netlink message len=440, type=RTM_NEWLINK, flags=0x0
Jun 29, 2026 09:19:58.089 [547808698592] DEBUG - NetworkInterface: Netlink information message family=7, type=1, index=1112, flags=0x11043, change=0x0
Jun 29, 2026 09:19:58.089 [547808698592] DEBUG - Network change.
Jun 29, 2026 09:19:58.089 [547808698592] DEBUG - NetworkInterface: Notified of network changed (force=0)
Jun 29, 2026 09:19:58.090 [547808698592] DEBUG - Network change notification but nothing changed.
Jun 29, 2026 09:19:58.090 [547808698592] DEBUG - NetworkInterface: received Netlink message len=1856, type=RTM_NEWLINK, flags=0x0
Jun 29, 2026 09:19:58.091 [547808698592] DEBUG - NetworkInterface: Netlink information message family=0, type=1, index=1112, flags=0x11043, change=0x0
Jun 29, 2026 09:19:58.091 [547808698592] DEBUG - Network change.
Jun 29, 2026 09:19:58.091 [547808698592] DEBUG - NetworkInterface: Notified of network changed (force=0)
Jun 29, 2026 09:19:58.092 [547808698592] DEBUG - Network change notification but nothing changed.
Jun 29, 2026 09:19:58.801 [547808698592] DEBUG - NetworkInterface: received Netlink message len=1500, type=RTM_NEWLINK, flags=0x0
Jun 29, 2026 09:19:58.801 [547808698592] DEBUG - NetworkInterface: Netlink information message family=0, type=1, index=1111, flags=0x1002, change=0x41
Jun 29, 2026 09:19:58.801 [547808698592] DEBUG - Network change.
Jun 29, 2026 09:19:58.801 [547808698592] DEBUG - NetworkInterface: Notified of network changed (force=0)
Jun 29, 2026 09:19:58.826 [547808698592] DEBUG - Network change notification but nothing changed.
Jun 29, 2026 09:19:58.827 [547808698592] DEBUG - NetworkInterface: received Netlink message len=704, type=RTM_DELLINK, flags=0x0
Jun 29, 2026 09:19:58.827 [547808698592] DEBUG - NetworkInterface: Netlink information message family=0, type=1, index=1111, flags=0x1002, change=0xffffffff
Jun 29, 2026 09:19:58.827 [547808698592] DEBUG - NetworkInterface: received Netlink message len=440, type=RTM_NEWLINK, flags=0x0
Jun 29, 2026 09:19:58.827 [547808698592] DEBUG - NetworkInterface: Netlink information message family=7, type=1, index=1112, flags=0x1003, change=0x0
Jun 29, 2026 09:19:58.827 [547808698592] DEBUG - Network change.
Jun 29, 2026 09:19:58.827 [547808698592] DEBUG - NetworkInterface: Notified of network changed (force=0)
Jun 29, 2026 09:19:58.827 [547808698592] DEBUG - Network change notification but nothing changed.
Jun 29, 2026 09:19:58.827 [547808698592] DEBUG - NetworkInterface: received Netlink message len=1864, type=RTM_NEWLINK, flags=0x0
Jun 29, 2026 09:19:58.827 [547808698592] DEBUG - NetworkInterface: Netlink information message family=0, type=1, index=1112, flags=0x1003, change=0x0
Jun 29, 2026 09:19:58.827 [547808698592] DEBUG - Network change.
Jun 29, 2026 09:19:58.827 [547808698592] DEBUG - NetworkInterface: Notified of network changed (force=0)
Jun 29, 2026 09:19:58.828 [547808698592] DEBUG - Network change notification but nothing changed.
Jun 29, 2026 09:19:58.828 [547808698592] DEBUG - NetworkInterface: received Netlink message len=440, type=RTM_NEWLINK, flags=0x0
Jun 29, 2026 09:19:58.828 [547808698592] DEBUG - NetworkInterface: Netlink information message family=7, type=1, index=1112, flags=0x11043, change=0x0
Jun 29, 2026 09:19:58.828 [547808698592] DEBUG - Network change.
Jun 29, 2026 09:19:58.828 [547808698592] DEBUG - NetworkInterface: Notified of network changed (force=0)
Jun 29, 2026 09:19:58.828 [547808698592] DEBUG - Network change notification but nothing changed.
Jun 29, 2026 09:19:58.828 [547808698592] DEBUG - NetworkInterface: received Netlink message len=440, type=RTM_NEWLINK, flags=0x0
Jun 29, 2026 09:19:58.828 [547808698592] DEBUG - NetworkInterface: Netlink information message family=7, type=1, index=1112, flags=0x11043, change=0x0
Jun 29, 2026 09:19:58.828 [547808698592] DEBUG - Network change.
Jun 29, 2026 09:19:58.828 [547808698592] DEBUG - NetworkInterface: Notified of network changed (force=0)
Jun 29, 2026 09:19:58.829 [547808698592] DEBUG - Network change notification but nothing changed.
Jun 29, 2026 09:19:58.829 [547808698592] DEBUG - NetworkInterface: received Netlink message len=1864, type=RTM_NEWLINK, flags=0x0
Jun 29, 2026 09:19:58.829 [547808698592] DEBUG - NetworkInterface: Netlink information message family=0, type=1, index=1112, flags=0x11043, change=0x0
Jun 29, 2026 09:19:58.829 [547808698592] DEBUG - Network change.
Jun 29, 2026 09:19:58.829 [547808698592] DEBUG - NetworkInterface: Notified of network changed (force=0)
Jun 29, 2026 09:19:58.830 [547808698592] DEBUG - Network change notification but nothing changed.
Jun 29, 2026 09:20:01.715 [547812917472] DEBUG - [NSB/SSDP] Parsing SSDP schema for http://192.168.1.1:49152/wps_device.xml
Jun 29, 2026 09:20:02.170 [547808698592] DEBUG - NetworkInterface: received Netlink message len=440, type=RTM_NEWLINK, flags=0x0
Jun 29, 2026 09:20:02.170 [547808698592] DEBUG - NetworkInterface: Netlink information message family=7, type=1, index=1112, flags=0x1003, change=0x0
Jun 29, 2026 09:20:02.170 [547808698592] DEBUG - Network change.
Jun 29, 2026 09:20:02.170 [547808698592] DEBUG - NetworkInterface: Notified of network changed (force=0)
Jun 29, 2026 09:20:02.192 [547808698592] DEBUG - Network change notification but nothing changed.
Jun 29, 2026 09:20:02.192 [547808698592] DEBUG - NetworkInterface: received Netlink message len=1864, type=RTM_NEWLINK, flags=0x0
Jun 29, 2026 09:20:02.192 [547808698592] DEBUG - NetworkInterface: Netlink information message family=0, type=1, index=1112, flags=0x1003, change=0x0
Jun 29, 2026 09:20:02.192 [547808698592] DEBUG - Network change.
Jun 29, 2026 09:20:02.192 [547808698592] DEBUG - NetworkInterface: Notified of network changed (force=0)
Jun 29, 2026 09:20:02.192 [547808698592] DEBUG - Network change notification but nothing changed.
Jun 29, 2026 09:20:02.192 [547808698592] DEBUG - NetworkInterface: received Netlink message len=1500, type=RTM_NEWLINK, flags=0x0
Jun 29, 2026 09:20:02.192 [547808698592] DEBUG - NetworkInterface: Netlink information message family=0, type=1, index=1111, flags=0x1002, change=0xffffffff
Jun 29, 2026 09:20:02.192 [547808698592] DEBUG - Network change.
Jun 29, 2026 09:20:02.192 [547808698592] DEBUG - NetworkInterface: Notified of network changed (force=0)
Jun 29, 2026 09:20:02.193 [547808698592] DEBUG - Network change notification but nothing changed.
Jun 29, 2026 09:20:02.219 [547808698592] DEBUG - NetworkInterface: received Netlink message len=1500, type=RTM_NEWLINK, flags=0x0
Jun 29, 2026 09:20:02.219 [547808698592] DEBUG - NetworkInterface: Netlink information message family=0, type=1, index=1111, flags=0x11003, change=0x1
Jun 29, 2026 09:20:02.219 [547808698592] DEBUG - Network change.
Jun 29, 2026 09:20:02.219 [547808698592] DEBUG - NetworkInterface: Notified of network changed (force=0)
Jun 29, 2026 09:20:02.220 [547808698592] DEBUG - Network change notification but nothing changed.
Jun 29, 2026 09:20:02.220 [547808698592] DEBUG - NetworkInterface: received Netlink message len=1500, type=RTM_NEWLINK, flags=0x0
Jun 29, 2026 09:20:02.220 [547808698592] DEBUG - NetworkInterface: Netlink information message family=0, type=1, index=1111, flags=0x11043, change=0x0
Jun 29, 2026 09:20:02.220 [547808698592] DEBUG - Network change.
Jun 29, 2026 09:20:02.220 [547808698592] DEBUG - NetworkInterface: Notified of network changed (force=0)
Jun 29, 2026 09:20:02.221 [547808698592] DEBUG - Network change notification but nothing changed.
Jun 29, 2026 09:20:02.221 [547808698592] DEBUG - NetworkInterface: received Netlink message len=440, type=RTM_NEWLINK, flags=0x0
Jun 29, 2026 09:20:02.221 [547808698592] DEBUG - NetworkInterface: Netlink information message family=7, type=1, index=1112, flags=0x11043, change=0x0
Jun 29, 2026 09:20:02.221 [547808698592] DEBUG - Network change.
Jun 29, 2026 09:20:02.221 [547808698592] DEBUG - NetworkInterface: Notified of network changed (force=0)
Jun 29, 2026 09:20:02.222 [547808698592] DEBUG - Network change notification but nothing changed.
Jun 29, 2026 09:20:02.222 [547808698592] DEBUG - NetworkInterface: received Netlink message len=440, type=RTM_NEWLINK, flags=0x0
Jun 29, 2026 09:20:02.222 [547808698592] DEBUG - NetworkInterface: Netlink information message family=7, type=1, index=1112, flags=0x11043, change=0x0
Jun 29, 2026 09:20:02.222 [547808698592] DEBUG - Network change.
Jun 29, 2026 09:20:02.222 [547808698592] DEBUG - NetworkInterface: Notified of network changed (force=0)
Jun 29, 2026 09:20:02.222 [547808698592] DEBUG - Network change notification but nothing changed.
Jun 29, 2026 09:20:02.222 [547808698592] DEBUG - NetworkInterface: received Netlink message len=1856, type=RTM_NEWLINK, flags=0x0
Jun 29, 2026 09:20:02.222 [547808698592] DEBUG - NetworkInterface: Netlink information message family=0, type=1, index=1112, flags=0x11043, change=0x0
Jun 29, 2026 09:20:02.222 [547808698592] DEBUG - Network change.
Jun 29, 2026 09:20:02.222 [547808698592] DEBUG - NetworkInterface: Notified of network changed (force=0)
Jun 29, 2026 09:20:02.223 [547808698592] DEBUG - Network change notification but nothing changed.
Jun 29, 2026 09:20:02.281 [547808698592] DEBUG - NetworkInterface: received Netlink message len=1500, type=RTM_NEWLINK, flags=0x0
Jun 29, 2026 09:20:02.281 [547808698592] DEBUG - NetworkInterface: Netlink information message family=0, type=1, index=1111, flags=0x1002, change=0x41
Jun 29, 2026 09:20:02.281 [547808698592] DEBUG - Network change.
Jun 29, 2026 09:20:02.281 [547808698592] DEBUG - NetworkInterface: Notified of network changed (force=0)
Jun 29, 2026 09:20:02.289 [547808698592] DEBUG - Network change notification but nothing changed.
Jun 29, 2026 09:20:02.289 [547808698592] DEBUG - NetworkInterface: received Netlink message len=1856, type=RTM_NEWLINK, flags=0x0
Jun 29, 2026 09:20:02.289 [547808698592] DEBUG - NetworkInterface: Netlink information message family=0, type=1, index=1112, flags=0x1002, change=0x41
Jun 29, 2026 09:20:02.289 [547808698592] DEBUG - Network change.
Jun 29, 2026 09:20:02.289 [547808698592] DEBUG - NetworkInterface: Notified of network changed (force=0)
Jun 29, 2026 09:20:02.290 [547808698592] DEBUG - Network change notification but nothing changed.
Jun 29, 2026 09:20:02.290 [547808698592] DEBUG - NetworkInterface: received Netlink message len=440, type=RTM_NEWLINK, flags=0x0
Jun 29, 2026 09:20:02.290 [547808698592] DEBUG - NetworkInterface: Netlink information message family=7, type=1, index=1112, flags=0x1002, change=0x0
Jun 29, 2026 09:20:02.290 [547808698592] DEBUG - Network change.
Jun 29, 2026 09:20:02.290 [547808698592] DEBUG - NetworkInterface: Notified of network changed (force=0)
Jun 29, 2026 09:20:02.292 [547808698592] DEBUG - Network change notification but nothing changed.
Jun 29, 2026 09:20:02.292 [547808698592] DEBUG - NetworkInterface: received Netlink message len=688, type=RTM_DELLINK, flags=0x0
Jun 29, 2026 09:20:02.292 [547808698592] DEBUG - NetworkInterface: Netlink information message family=0, type=1, index=1111, flags=0x1002, change=0xffffffff
Jun 29, 2026 09:20:02.292 [547808698592] DEBUG - NetworkInterface: received Netlink message len=440, type=RTM_NEWLINK, flags=0x0
Jun 29, 2026 09:20:02.292 [547808698592] DEBUG - NetworkInterface: Netlink information message family=7, type=1, index=1112, flags=0x1002, change=0x0
Jun 29, 2026 09:20:02.292 [547808698592] DEBUG - Network change.
Jun 29, 2026 09:20:02.292 [547808698592] DEBUG - NetworkInterface: Notified of network changed (force=0)
Jun 29, 2026 09:20:02.293 [547808698592] DEBUG - Network change notification but nothing changed.
Jun 29, 2026 09:20:02.293 [547808698592] DEBUG - NetworkInterface: received Netlink message len=104, type=RTM_DELLINK, flags=0x0
Jun 29, 2026 09:20:02.293 [547808698592] DEBUG - NetworkInterface: Netlink information message family=7, type=1, index=1112, flags=0x1002, change=0x0
Jun 29, 2026 09:20:02.293 [547808698592] DEBUG - NetworkInterface: received Netlink message len=688, type=RTM_DELLINK, flags=0x0
Jun 29, 2026 09:20:02.293 [547808698592] DEBUG - NetworkInterface: Netlink information message family=0, type=1, index=1112, flags=0x1002, change=0xffffffff
Jun 29, 2026 09:20:02.826 [547808698592] DEBUG - NetworkInterface: received Netlink message len=1500, type=RTM_NEWLINK, flags=0x0
Jun 29, 2026 09:20:02.826 [547808698592] DEBUG - NetworkInterface: Netlink information message family=0, type=1, index=1113, flags=0x1002, change=0xffffffff
Jun 29, 2026 09:20:02.826 [547808698592] DEBUG - Network change.
Jun 29, 2026 09:20:02.826 [547808698592] DEBUG - NetworkInterface: Notified of network changed (force=0)
Jun 29, 2026 09:20:02.836 [547808698592] DEBUG - Network change notification but nothing changed.
Jun 29, 2026 09:20:02.836 [547808698592] DEBUG - NetworkInterface: received Netlink message len=1500, type=RTM_NEWLINK, flags=0x0
Jun 29, 2026 09:20:02.836 [547808698592] DEBUG - NetworkInterface: Netlink information message family=0, type=1, index=1114, flags=0x1002, change=0xffffffff
Jun 29, 2026 09:20:02.836 [547808698592] DEBUG - Network change.
Jun 29, 2026 09:20:02.836 [547808698592] DEBUG - NetworkInterface: Notified of network changed (force=0)
Jun 29, 2026 09:20:02.837 [547808698592] DEBUG - Network change notification but nothing changed.
Jun 29, 2026 09:20:02.837 [547808698592] DEBUG - NetworkInterface: received Netlink message len=1856, type=RTM_NEWLINK, flags=0x0
Jun 29, 2026 09:20:02.837 [547808698592] DEBUG - NetworkInterface: Netlink information message family=0, type=1, index=1114, flags=0x1002, change=0x0
Jun 29, 2026 09:20:02.837 [547808698592] DEBUG - Network change.
Jun 29, 2026 09:20:02.837 [547808698592] DEBUG - NetworkInterface: Notified of network changed (force=0)
Jun 29, 2026 09:20:02.838 [547808698592] DEBUG - Network change notification but nothing changed.
Jun 29, 2026 09:20:02.838 [547808698592] DEBUG - NetworkInterface: received Netlink message len=1856, type=RTM_NEWLINK, flags=0x0
Jun 29, 2026 09:20:02.838 [547808698592] DEBUG - NetworkInterface: Netlink information message family=0, type=1, index=1114, flags=0x1002, change=0x100
Jun 29, 2026 09:20:02.838 [547808698592] DEBUG - Network change.
Jun 29, 2026 09:20:02.838 [547808698592] DEBUG - NetworkInterface: Notified of network changed (force=0)
Jun 29, 2026 09:20:02.839 [547808698592] DEBUG - Network change notification but nothing changed.
Jun 29, 2026 09:20:02.839 [547808698592] DEBUG - NetworkInterface: received Netlink message len=440, type=RTM_NEWLINK, flags=0x0
Jun 29, 2026 09:20:02.839 [547808698592] DEBUG - NetworkInterface: Netlink information message family=7, type=1, index=1114, flags=0x1002, change=0x0
Jun 29, 2026 09:20:02.839 [547808698592] DEBUG - Network change.
Jun 29, 2026 09:20:02.839 [547808698592] DEBUG - NetworkInterface: Notified of network changed (force=0)
Jun 29, 2026 09:20:02.840 [547808698592] DEBUG - Network change notification but nothing changed.
Jun 29, 2026 09:20:02.840 [547808698592] DEBUG - NetworkInterface: received Netlink message len=1856, type=RTM_NEWLINK, flags=0x0
Jun 29, 2026 09:20:02.840 [547808698592] DEBUG - NetworkInterface: Netlink information message family=0, type=1, index=1114, flags=0x1003, change=0x1
Jun 29, 2026 09:20:02.840 [547808698592] DEBUG - Network change.
Jun 29, 2026 09:20:02.840 [547808698592] DEBUG - NetworkInterface: Notified of network changed (force=0)
Jun 29, 2026 09:20:02.842 [547808698592] DEBUG - Network change notification but nothing changed.
Jun 29, 2026 09:20:02.842 [547808698592] DEBUG - NetworkInterface: received Netlink message len=440, type=RTM_NEWLINK, flags=0x0
Jun 29, 2026 09:20:02.842 [547808698592] DEBUG - NetworkInterface: Netlink information message family=7, type=1, index=1114, flags=0x1003, change=0x0
Jun 29, 2026 09:20:02.842 [547808698592] DEBUG - Network change.
Jun 29, 2026 09:20:02.842 [547808698592] DEBUG - NetworkInterface: Notified of network changed (force=0)
Jun 29, 2026 09:20:02.843 [547808698592] DEBUG - Network change notification but nothing changed.
Jun 29, 2026 09:20:02.885 [547808698592] DEBUG - NetworkInterface: received Netlink message len=1500, type=RTM_NEWLINK, flags=0x0
Jun 29, 2026 09:20:02.885 [547808698592] DEBUG - NetworkInterface: Netlink information message family=0, type=1, index=1113, flags=0x11003, change=0x1
Jun 29, 2026 09:20:02.885 [547808698592] DEBUG - Network change.
Jun 29, 2026 09:20:02.885 [547808698592] DEBUG - NetworkInterface: Notified of network changed (force=0)
Jun 29, 2026 09:20:02.888 [547808698592] DEBUG - Network change notification but nothing changed.
Jun 29, 2026 09:20:02.888 [547808698592] DEBUG - NetworkInterface: received Netlink message len=1500, type=RTM_NEWLINK, flags=0x0
Jun 29, 2026 09:20:02.888 [547808698592] DEBUG - NetworkInterface: Netlink information message family=0, type=1, index=1113, flags=0x11043, change=0x0
Jun 29, 2026 09:20:02.888 [547808698592] DEBUG - Network change.
Jun 29, 2026 09:20:02.888 [547808698592] DEBUG - NetworkInterface: Notified of network changed (force=0)
Jun 29, 2026 09:20:02.893 [547808698592] DEBUG - Network change notification but nothing changed.
Jun 29, 2026 09:20:02.894 [547808698592] DEBUG - NetworkInterface: received Netlink message len=440, type=RTM_NEWLINK, flags=0x0
Jun 29, 2026 09:20:02.894 [547808698592] DEBUG - NetworkInterface: Netlink information message family=7, type=1, index=1114, flags=0x11043, change=0x0
Jun 29, 2026 09:20:02.894 [547808698592] DEBUG - Network change.
Jun 29, 2026 09:20:02.894 [547808698592] DEBUG - NetworkInterface: Notified of network changed (force=0)
Jun 29, 2026 09:20:02.895 [547808698592] DEBUG - Network change notification but nothing changed.
Jun 29, 2026 09:20:02.895 [547808698592] DEBUG - NetworkInterface: received Netlink message len=440, type=RTM_NEWLINK, flags=0x0
Jun 29, 2026 09:20:02.895 [547808698592] DEBUG - NetworkInterface: Netlink information message family=7, type=1, index=1114, flags=0x11043, change=0x0
Jun 29, 2026 09:20:02.895 [547808698592] DEBUG - Network change.
Jun 29, 2026 09:20:02.895 [547808698592] DEBUG - NetworkInterface: Notified of network changed (force=0)
Jun 29, 2026 09:20:02.896 [547808698592] DEBUG - Network change notification but nothing changed.
Jun 29, 2026 09:20:02.896 [547808698592] DEBUG - NetworkInterface: received Netlink message len=1856, type=RTM_NEWLINK, flags=0x0
Jun 29, 2026 09:20:02.896 [547808698592] DEBUG - NetworkInterface: Netlink information message family=0, type=1, index=1114, flags=0x11043, change=0x0
Jun 29, 2026 09:20:02.896 [547808698592] DEBUG - Network change.
Jun 29, 2026 09:20:02.896 [547808698592] DEBUG - NetworkInterface: Notified of network changed (force=0)
Jun 29, 2026 09:20:02.904 [547808698592] DEBUG - Network change notification but nothing changed.
Jun 29, 2026 09:20:03.586 [547808698592] DEBUG - NetworkInterface: received Netlink message len=1500, type=RTM_NEWLINK, flags=0x0
Jun 29, 2026 09:20:03.586 [547808698592] DEBUG - NetworkInterface: Netlink information message family=0, type=1, index=1113, flags=0x1002, change=0x41
Jun 29, 2026 09:20:03.586 [547808698592] DEBUG - Network change.
Jun 29, 2026 09:20:03.586 [547808698592] DEBUG - NetworkInterface: Notified of network changed (force=0)
Jun 29, 2026 09:20:03.612 [547808698592] DEBUG - Network change notification but nothing changed.
Jun 29, 2026 09:20:03.612 [547808698592] DEBUG - NetworkInterface: received Netlink message len=704, type=RTM_DELLINK, flags=0x0
Jun 29, 2026 09:20:03.612 [547808698592] DEBUG - NetworkInterface: Netlink information message family=0, type=1, index=1113, flags=0x1002, change=0xffffffff
Jun 29, 2026 09:20:03.612 [547808698592] DEBUG - NetworkInterface: received Netlink message len=440, type=RTM_NEWLINK, flags=0x0
Jun 29, 2026 09:20:03.612 [547808698592] DEBUG - NetworkInterface: Netlink information message family=7, type=1, index=1114, flags=0x1003, change=0x0
Jun 29, 2026 09:20:03.612 [547808698592] DEBUG - Network change.
Jun 29, 2026 09:20:03.612 [547808698592] DEBUG - NetworkInterface: Notified of network changed (force=0)
Jun 29, 2026 09:20:03.612 [547808698592] DEBUG - Network change notification but nothing changed.
Jun 29, 2026 09:20:03.612 [547808698592] DEBUG - NetworkInterface: received Netlink message len=1864, type=RTM_NEWLINK, flags=0x0
Jun 29, 2026 09:20:03.612 [547808698592] DEBUG - NetworkInterface: Netlink information message family=0, type=1, index=1114, flags=0x1003, change=0x0
Jun 29, 2026 09:20:03.612 [547808698592] DEBUG - Network change.
Jun 29, 2026 09:20:03.612 [547808698592] DEBUG - NetworkInterface: Notified of network changed (force=0)
Jun 29, 2026 09:20:03.613 [547808698592] DEBUG - Network change notification but nothing changed.
Jun 29, 2026 09:20:03.613 [547808698592] DEBUG - NetworkInterface: received Netlink message len=440, type=RTM_NEWLINK, flags=0x0
Jun 29, 2026 09:20:03.613 [547808698592] DEBUG - NetworkInterface: Netlink information message family=7, type=1, index=1114, flags=0x11043, change=0x0
Jun 29, 2026 09:20:03.613 [547808698592] DEBUG - Network change.
Jun 29, 2026 09:20:03.613 [547808698592] DEBUG - NetworkInterface: Notified of network changed (force=0)
Jun 29, 2026 09:20:03.614 [547808698592] DEBUG - Network change notification but nothing changed.
Jun 29, 2026 09:20:03.614 [547808698592] DEBUG - NetworkInterface: received Netlink message len=440, type=RTM_NEWLINK, flags=0x0
Jun 29, 2026 09:20:03.614 [547808698592] DEBUG - NetworkInterface: Netlink information message family=7, type=1, index=1114, flags=0x11043, change=0x0
Jun 29, 2026 09:20:03.614 [547808698592] DEBUG - Network change.
Jun 29, 2026 09:20:03.614 [547808698592] DEBUG - NetworkInterface: Notified of network changed (force=0)
Jun 29, 2026 09:20:03.615 [547808698592] DEBUG - Network change notification but nothing changed.
Jun 29, 2026 09:20:03.615 [547808698592] DEBUG - NetworkInterface: received Netlink message len=1864, type=RTM_NEWLINK, flags=0x0
Jun 29, 2026 09:20:03.615 [547808698592] DEBUG - NetworkInterface: Netlink information message family=0, type=1, index=1114, flags=0x11043, change=0x0
Jun 29, 2026 09:20:03.615 [547808698592] DEBUG - Network change.
Jun 29, 2026 09:20:03.615 [547808698592] DEBUG - NetworkInterface: Notified of network changed (force=0)
Jun 29, 2026 09:20:03.616 [547808698592] DEBUG - Network change notification but nothing changed.
Jun 29, 2026 09:20:07.004 [547808698592] DEBUG - NetworkInterface: received Netlink message len=440, type=RTM_NEWLINK, flags=0x0
Jun 29, 2026 09:20:07.004 [547808698592] DEBUG - NetworkInterface: Netlink information message family=7, type=1, index=1114, flags=0x1003, change=0x0
Jun 29, 2026 09:20:07.004 [547808698592] DEBUG - Network change.
Jun 29, 2026 09:20:07.004 [547808698592] DEBUG - NetworkInterface: Notified of network changed (force=0)
Jun 29, 2026 09:20:07.031 [547808698592] DEBUG - Network change notification but nothing changed.
Jun 29, 2026 09:20:07.031 [547808698592] DEBUG - NetworkInterface: received Netlink message len=1864, type=RTM_NEWLINK, flags=0x0
Jun 29, 2026 09:20:07.031 [547808698592] DEBUG - NetworkInterface: Netlink information message family=0, type=1, index=1114, flags=0x1003, change=0x0
Jun 29, 2026 09:20:07.031 [547808698592] DEBUG - Network change.
Jun 29, 2026 09:20:07.031 [547808698592] DEBUG - NetworkInterface: Notified of network changed (force=0)
Jun 29, 2026 09:20:07.032 [547808698592] DEBUG - Network change notification but nothing changed.
Jun 29, 2026 09:20:07.032 [547808698592] DEBUG - NetworkInterface: received Netlink message len=1500, type=RTM_NEWLINK, flags=0x0
Jun 29, 2026 09:20:07.032 [547808698592] DEBUG - NetworkInterface: Netlink information message family=0, type=1, index=1113, flags=0x1002, change=0xffffffff
Jun 29, 2026 09:20:07.032 [547808698592] DEBUG - Network change.
Jun 29, 2026 09:20:07.032 [547808698592] DEBUG - NetworkInterface: Notified of network changed (force=0)
Jun 29, 2026 09:20:07.032 [547808698592] DEBUG - Network change notification but nothing changed.
Jun 29, 2026 09:20:07.059 [547808698592] DEBUG - NetworkInterface: received Netlink message len=1500, type=RTM_NEWLINK, flags=0x0
Jun 29, 2026 09:20:07.059 [547808698592] DEBUG - NetworkInterface: Netlink information message family=0, type=1, index=1113, flags=0x11003, change=0x1
Jun 29, 2026 09:20:07.059 [547808698592] DEBUG - Network change.
Jun 29, 2026 09:20:07.059 [547808698592] DEBUG - NetworkInterface: Notified of network changed (force=0)
Jun 29, 2026 09:20:07.060 [547808698592] DEBUG - Network change notification but nothing changed.
Jun 29, 2026 09:20:07.060 [547808698592] DEBUG - NetworkInterface: received Netlink message len=1500, type=RTM_NEWLINK, flags=0x0
Jun 29, 2026 09:20:07.060 [547808698592] DEBUG - NetworkInterface: Netlink information message family=0, type=1, index=1113, flags=0x11043, change=0x0
Jun 29, 2026 09:20:07.060 [547808698592] DEBUG - Network change.
Jun 29, 2026 09:20:07.060 [547808698592] DEBUG - NetworkInterface: Notified of network changed (force=0)
Jun 29, 2026 09:20:07.061 [547808698592] DEBUG - Network change notification but nothing changed.
Jun 29, 2026 09:20:07.061 [547808698592] DEBUG - NetworkInterface: received Netlink message len=440, type=RTM_NEWLINK, flags=0x0
Jun 29, 2026 09:20:07.061 [547808698592] DEBUG - NetworkInterface: Netlink information message family=7, type=1, index=1114, flags=0x11043, change=0x0
Jun 29, 2026 09:20:07.061 [547808698592] DEBUG - Network change.
Jun 29, 2026 09:20:07.061 [547808698592] DEBUG - NetworkInterface: Notified of network changed (force=0)
Jun 29, 2026 09:20:07.062 [547808698592] DEBUG - Network change notification but nothing changed.
Jun 29, 2026 09:20:07.062 [547808698592] DEBUG - NetworkInterface: received Netlink message len=440, type=RTM_NEWLINK, flags=0x0
Jun 29, 2026 09:20:07.062 [547808698592] DEBUG - NetworkInterface: Netlink information message family=7, type=1, index=1114, flags=0x11043, change=0x0
Jun 29, 2026 09:20:07.062 [547808698592] DEBUG - Network change.
Jun 29, 2026 09:20:07.062 [547808698592] DEBUG - NetworkInterface: Notified of network changed (force=0)
Jun 29, 2026 09:20:07.062 [547808698592] DEBUG - Network change notification but nothing changed.
Jun 29, 2026 09:20:07.062 [547808698592] DEBUG - NetworkInterface: received Netlink message len=1856, type=RTM_NEWLINK, flags=0x0
Jun 29, 2026 09:20:07.062 [547808698592] DEBUG - NetworkInterface: Netlink information message family=0, type=1, index=1114, flags=0x11043, change=0x0
Jun 29, 2026 09:20:07.062 [547808698592] DEBUG - Network change.
Jun 29, 2026 09:20:07.062 [547808698592] DEBUG - NetworkInterface: Notified of network changed (force=0)
Jun 29, 2026 09:20:07.063 [547808698592] DEBUG - Network change notification but nothing changed.
Jun 29, 2026 09:20:07.115 [547808698592] DEBUG - NetworkInterface: received Netlink message len=1500, type=RTM_NEWLINK, flags=0x0
Jun 29, 2026 09:20:07.115 [547808698592] DEBUG - NetworkInterface: Netlink information message family=0, type=1, index=1113, flags=0x1002, change=0x41
Jun 29, 2026 09:20:07.115 [547808698592] DEBUG - Network change.
Jun 29, 2026 09:20:07.115 [547808698592] DEBUG - NetworkInterface: Notified of network changed (force=0)
Jun 29, 2026 09:20:07.123 [547808698592] DEBUG - Network change notification but nothing changed.
Jun 29, 2026 09:20:07.123 [547808698592] DEBUG - NetworkInterface: received Netlink message len=1856, type=RTM_NEWLINK, flags=0x0
Jun 29, 2026 09:20:07.123 [547808698592] DEBUG - NetworkInterface: Netlink information message family=0, type=1, index=1114, flags=0x1002, change=0x41
Jun 29, 2026 09:20:07.123 [547808698592] DEBUG - Network change.
Jun 29, 2026 09:20:07.123 [547808698592] DEBUG - NetworkInterface: Notified of network changed (force=0)
Jun 29, 2026 09:20:07.123 [547808698592] DEBUG - Network change notification but nothing changed.
Jun 29, 2026 09:20:07.123 [547808698592] DEBUG - NetworkInterface: received Netlink message len=440, type=RTM_NEWLINK, flags=0x0
Jun 29, 2026 09:20:07.123 [547808698592] DEBUG - NetworkInterface: Netlink information message family=7, type=1, index=1114, flags=0x1002, change=0x0
Jun 29, 2026 09:20:07.123 [547808698592] DEBUG - Network change.
Jun 29, 2026 09:20:07.123 [547808698592] DEBUG - NetworkInterface: Notified of network changed (force=0)
Jun 29, 2026 09:20:07.124 [547808698592] DEBUG - Network change notification but nothing changed.
Jun 29, 2026 09:20:07.124 [547808698592] DEBUG - NetworkInterface: received Netlink message len=688, type=RTM_DELLINK, flags=0x0
Jun 29, 2026 09:20:07.124 [547808698592] DEBUG - NetworkInterface: Netlink information message family=0, type=1, index=1113, flags=0x1002, change=0xffffffff
Jun 29, 2026 09:20:07.124 [547808698592] DEBUG - NetworkInterface: received Netlink message len=440, type=RTM_NEWLINK, flags=0x0
Jun 29, 2026 09:20:07.124 [547808698592] DEBUG - NetworkInterface: Netlink information message family=7, type=1, index=1114, flags=0x1002, change=0x0
Jun 29, 2026 09:20:07.124 [547808698592] DEBUG - Network change.
Jun 29, 2026 09:20:07.124 [547808698592] DEBUG - NetworkInterface: Notified of network changed (force=0)
Jun 29, 2026 09:20:07.126 [547808698592] DEBUG - Network change notification but nothing changed.
Jun 29, 2026 09:20:07.126 [547808698592] DEBUG - NetworkInterface: received Netlink message len=104, type=RTM_DELLINK, flags=0x0
Jun 29, 2026 09:20:07.126 [547808698592] DEBUG - NetworkInterface: Netlink information message family=7, type=1, index=1114, flags=0x1002, change=0x0
Jun 29, 2026 09:20:07.126 [547808698592] DEBUG - NetworkInterface: received Netlink message len=688, type=RTM_DELLINK, flags=0x0
Jun 29, 2026 09:20:07.126 [547808698592] DEBUG - NetworkInterface: Netlink information message family=0, type=1, index=1114, flags=0x1002, change=0xffffffff
Jun 29, 2026 09:20:07.622 [547808698592] DEBUG - NetworkInterface: received Netlink message len=1500, type=RTM_NEWLINK, flags=0x0
Jun 29, 2026 09:20:07.622 [547808698592] DEBUG - NetworkInterface: Netlink information message family=0, type=1, index=1115, flags=0x1002, change=0xffffffff
Jun 29, 2026 09:20:07.622 [547808698592] DEBUG - Network change.
Jun 29, 2026 09:20:07.622 [547808698592] DEBUG - NetworkInterface: Notified of network changed (force=0)
Jun 29, 2026 09:20:07.627 [547808698592] DEBUG - Network change notification but nothing changed.
Jun 29, 2026 09:20:07.627 [547808698592] DEBUG - NetworkInterface: received Netlink message len=1500, type=RTM_NEWLINK, flags=0x0
Jun 29, 2026 09:20:07.627 [547808698592] DEBUG - NetworkInterface: Netlink information message family=0, type=1, index=1116, flags=0x1002, change=0xffffffff
Jun 29, 2026 09:20:07.627 [547808698592] DEBUG - Network change.
Jun 29, 2026 09:20:07.627 [547808698592] DEBUG - NetworkInterface: Notified of network changed (force=0)
Jun 29, 2026 09:20:07.631 [547808698592] DEBUG - Network change notification but nothing changed.
Jun 29, 2026 09:20:07.631 [547808698592] DEBUG - NetworkInterface: received Netlink message len=1856, type=RTM_NEWLINK, flags=0x0
Jun 29, 2026 09:20:07.631 [547808698592] DEBUG - NetworkInterface: Netlink information message family=0, type=1, index=1116, flags=0x1002, change=0x0
Jun 29, 2026 09:20:07.631 [547808698592] DEBUG - Network change.
Jun 29, 2026 09:20:07.631 [547808698592] DEBUG - NetworkInterface: Notified of network changed (force=0)
Jun 29, 2026 09:20:07.632 [547808698592] DEBUG - Network change notification but nothing changed.
Jun 29, 2026 09:20:07.632 [547808698592] DEBUG - NetworkInterface: received Netlink message len=1856, type=RTM_NEWLINK, flags=0x0
Jun 29, 2026 09:20:07.632 [547808698592] DEBUG - NetworkInterface: Netlink information message family=0, type=1, index=1116, flags=0x1002, change=0x100
Jun 29, 2026 09:20:07.632 [547808698592] DEBUG - Network change.
Jun 29, 2026 09:20:07.632 [547808698592] DEBUG - NetworkInterface: Notified of network changed (force=0)
Jun 29, 2026 09:20:07.634 [547808698592] DEBUG - Network change notification but nothing changed.
Jun 29, 2026 09:20:07.634 [547808698592] DEBUG - NetworkInterface: received Netlink message len=440, type=RTM_NEWLINK, flags=0x0
Jun 29, 2026 09:20:07.634 [547808698592] DEBUG - NetworkInterface: Netlink information message family=7, type=1, index=1116, flags=0x1002, change=0x0
Jun 29, 2026 09:20:07.634 [547808698592] DEBUG - Network change.
Jun 29, 2026 09:20:07.634 [547808698592] DEBUG - NetworkInterface: Notified of network changed (force=0)
Jun 29, 2026 09:20:07.635 [547808698592] DEBUG - Network change notification but nothing changed.
Jun 29, 2026 09:20:07.636 [547808698592] DEBUG - NetworkInterface: received Netlink message len=1856, type=RTM_NEWLINK, flags=0x0
Jun 29, 2026 09:20:07.636 [547808698592] DEBUG - NetworkInterface: Netlink information message family=0, type=1, index=1116, flags=0x1003, change=0x1
Jun 29, 2026 09:20:07.636 [547808698592] DEBUG - Network change.
Jun 29, 2026 09:20:07.636 [547808698592] DEBUG - NetworkInterface: Notified of network changed (force=0)
Jun 29, 2026 09:20:07.637 [547808698592] DEBUG - Network change notification but nothing changed.
Jun 29, 2026 09:20:07.638 [547808698592] DEBUG - NetworkInterface: received Netlink message len=440, type=RTM_NEWLINK, flags=0x0
Jun 29, 2026 09:20:07.638 [547808698592] DEBUG - NetworkInterface: Netlink information message family=7, type=1, index=1116, flags=0x1003, change=0x0
Jun 29, 2026 09:20:07.638 [547808698592] DEBUG - Network change.
Jun 29, 2026 09:20:07.638 [547808698592] DEBUG - NetworkInterface: Notified of network changed (force=0)
Jun 29, 2026 09:20:07.639 [547808698592] DEBUG - Network change notification but nothing changed.
Jun 29, 2026 09:20:07.670 [547808698592] DEBUG - NetworkInterface: received Netlink message len=1500, type=RTM_NEWLINK, flags=0x0
Jun 29, 2026 09:20:07.670 [547808698592] DEBUG - NetworkInterface: Netlink information message family=0, type=1, index=1115, flags=0x11003, change=0x1
Jun 29, 2026 09:20:07.670 [547808698592] DEBUG - Network change.
Jun 29, 2026 09:20:07.670 [547808698592] DEBUG - NetworkInterface: Notified of network changed (force=0)
Jun 29, 2026 09:20:07.672 [547808698592] DEBUG - Network change notification but nothing changed.
Jun 29, 2026 09:20:07.672 [547808698592] DEBUG - NetworkInterface: received Netlink message len=1500, type=RTM_NEWLINK, flags=0x0
Jun 29, 2026 09:20:07.672 [547808698592] DEBUG - NetworkInterface: Netlink information message family=0, type=1, index=1115, flags=0x11043, change=0x0
Jun 29, 2026 09:20:07.672 [547808698592] DEBUG - Network change.
Jun 29, 2026 09:20:07.672 [547808698592] DEBUG - NetworkInterface: Notified of network changed (force=0)
Jun 29, 2026 09:20:07.673 [547808698592] DEBUG - Network change notification but nothing changed.
Jun 29, 2026 09:20:07.673 [547808698592] DEBUG - NetworkInterface: received Netlink message len=440, type=RTM_NEWLINK, flags=0x0
Jun 29, 2026 09:20:07.673 [547808698592] DEBUG - NetworkInterface: Netlink information message family=7, type=1, index=1116, flags=0x11043, change=0x0
Jun 29, 2026 09:20:07.673 [547808698592] DEBUG - Network change.
Jun 29, 2026 09:20:07.673 [547808698592] DEBUG - NetworkInterface: Notified of network changed (force=0)
Jun 29, 2026 09:20:07.674 [547808698592] DEBUG - Network change notification but nothing changed.
Jun 29, 2026 09:20:07.674 [547808698592] DEBUG - NetworkInterface: received Netlink message len=440, type=RTM_NEWLINK, flags=0x0
Jun 29, 2026 09:20:07.674 [547808698592] DEBUG - NetworkInterface: Netlink information message family=7, type=1, index=1116, flags=0x11043, change=0x0
Jun 29, 2026 09:20:07.674 [547808698592] DEBUG - Network change.
Jun 29, 2026 09:20:07.674 [547808698592] DEBUG - NetworkInterface: Notified of network changed (force=0)
Jun 29, 2026 09:20:07.675 [547808698592] DEBUG - Network change notification but nothing changed.
Jun 29, 2026 09:20:07.675 [547808698592] DEBUG - NetworkInterface: received Netlink message len=1856, type=RTM_NEWLINK, flags=0x0
Jun 29, 2026 09:20:07.675 [547808698592] DEBUG - NetworkInterface: Netlink information message family=0, type=1, index=1116, flags=0x11043, change=0x0
Jun 29, 2026 09:20:07.675 [547808698592] DEBUG - Network change.
Jun 29, 2026 09:20:07.675 [547808698592] DEBUG - NetworkInterface: Notified of network changed (force=0)
Jun 29, 2026 09:20:07.676 [547808698592] DEBUG - Network change notification but nothing changed.
Jun 29, 2026 09:20:08.479 [547808698592] DEBUG - NetworkInterface: received Netlink message len=1500, type=RTM_NEWLINK, flags=0x0
Jun 29, 2026 09:20:08.479 [547808698592] DEBUG - NetworkInterface: Netlink information message family=0, type=1, index=1115, flags=0x1002, change=0x41
Jun 29, 2026 09:20:08.479 [547808698592] DEBUG - Network change.
Jun 29, 2026 09:20:08.479 [547808698592] DEBUG - NetworkInterface: Notified of network changed (force=0)
Jun 29, 2026 09:20:08.512 [547808698592] DEBUG - Network change notification but nothing changed.
Jun 29, 2026 09:20:08.512 [547808698592] DEBUG - NetworkInterface: received Netlink message len=704, type=RTM_DELLINK, flags=0x0
Jun 29, 2026 09:20:08.512 [547808698592] DEBUG - NetworkInterface: Netlink information message family=0, type=1, index=1115, flags=0x1002, change=0xffffffff
Jun 29, 2026 09:20:08.512 [547808698592] DEBUG - NetworkInterface: received Netlink message len=440, type=RTM_NEWLINK, flags=0x0
Jun 29, 2026 09:20:08.512 [547808698592] DEBUG - NetworkInterface: Netlink information message family=7, type=1, index=1116, flags=0x1003, change=0x0
Jun 29, 2026 09:20:08.512 [547808698592] DEBUG - Network change.
Jun 29, 2026 09:20:08.512 [547808698592] DEBUG - NetworkInterface: Notified of network changed (force=0)
Jun 29, 2026 09:20:08.513 [547808698592] DEBUG - Network change notification but nothing changed.
Jun 29, 2026 09:20:08.513 [547808698592] DEBUG - NetworkInterface: received Netlink message len=1864, type=RTM_NEWLINK, flags=0x0
Jun 29, 2026 09:20:08.513 [547808698592] DEBUG - NetworkInterface: Netlink information message family=0, type=1, index=1116, flags=0x1003, change=0x0
Jun 29, 2026 09:20:08.513 [547808698592] DEBUG - Network change.
Jun 29, 2026 09:20:08.513 [547808698592] DEBUG - NetworkInterface: Notified of network changed (force=0)
Jun 29, 2026 09:20:08.514 [547808698592] DEBUG - Network change notification but nothing changed.
Jun 29, 2026 09:20:08.515 [547808698592] DEBUG - NetworkInterface: received Netlink message len=440, type=RTM_NEWLINK, flags=0x0
Jun 29, 2026 09:20:08.515 [547808698592] DEBUG - NetworkInterface: Netlink information message family=7, type=1, index=1116, flags=0x11043, change=0x0
Jun 29, 2026 09:20:08.515 [547808698592] DEBUG - Network change.
Jun 29, 2026 09:20:08.515 [547808698592] DEBUG - NetworkInterface: Notified of network changed (force=0)
Jun 29, 2026 09:20:08.516 [547808698592] DEBUG - Network change notification but nothing changed.
Jun 29, 2026 09:20:08.517 [547808698592] DEBUG - NetworkInterface: received Netlink message len=440, type=RTM_NEWLINK, flags=0x0
Jun 29, 2026 09:20:08.517 [547808698592] DEBUG - NetworkInterface: Netlink information message family=7, type=1, index=1116, flags=0x11043, change=0x0
Jun 29, 2026 09:20:08.517 [547808698592] DEBUG - Network change.
Jun 29, 2026 09:20:08.517 [547808698592] DEBUG - NetworkInterface: Notified of network changed (force=0)
Jun 29, 2026 09:20:08.517 [547808698592] DEBUG - Network change notification but nothing changed.
Jun 29, 2026 09:20:08.517 [547808698592] DEBUG - NetworkInterface: received Netlink message len=1864, type=RTM_NEWLINK, flags=0x0
Jun 29, 2026 09:20:08.517 [547808698592] DEBUG - NetworkInterface: Netlink information message family=0, type=1, index=1116, flags=0x11043, change=0x0
Jun 29, 2026 09:20:08.517 [547808698592] DEBUG - Network change.
Jun 29, 2026 09:20:08.517 [547808698592] DEBUG - NetworkInterface: Notified of network changed (force=0)
Jun 29, 2026 09:20:08.518 [547808698592] DEBUG - Network change notification but nothing changed.
Jun 29, 2026 09:20:11.904 [547808698592] DEBUG - NetworkInterface: received Netlink message len=440, type=RTM_NEWLINK, flags=0x0
Jun 29, 2026 09:20:11.904 [547808698592] DEBUG - NetworkInterface: Netlink information message family=7, type=1, index=1116, flags=0x1003, change=0x0
Jun 29, 2026 09:20:11.904 [547808698592] DEBUG - Network change.
Jun 29, 2026 09:20:11.904 [547808698592] DEBUG - NetworkInterface: Notified of network changed (force=0)
Jun 29, 2026 09:20:11.931 [547808698592] DEBUG - Network change notification but nothing changed.
Jun 29, 2026 09:20:11.931 [547808698592] DEBUG - NetworkInterface: received Netlink message len=1864, type=RTM_NEWLINK, flags=0x0
Jun 29, 2026 09:20:11.931 [547808698592] DEBUG - NetworkInterface: Netlink information message family=0, type=1, index=1116, flags=0x1003, change=0x0
Jun 29, 2026 09:20:11.931 [547808698592] DEBUG - Network change.
Jun 29, 2026 09:20:11.931 [547808698592] DEBUG - NetworkInterface: Notified of network changed (force=0)
Jun 29, 2026 09:20:11.932 [547808698592] DEBUG - Network change notification but nothing changed.
Jun 29, 2026 09:20:11.932 [547808698592] DEBUG - NetworkInterface: received Netlink message len=1500, type=RTM_NEWLINK, flags=0x0
Jun 29, 2026 09:20:11.932 [547808698592] DEBUG - NetworkInterface: Netlink information message family=0, type=1, index=1115, flags=0x1002, change=0xffffffff
Jun 29, 2026 09:20:11.932 [547808698592] DEBUG - Network change.
Jun 29, 2026 09:20:11.932 [547808698592] DEBUG - NetworkInterface: Notified of network changed (force=0)
Jun 29, 2026 09:20:11.933 [547808698592] DEBUG - Network change notification but nothing changed.
Jun 29, 2026 09:20:11.962 [547808698592] DEBUG - NetworkInterface: received Netlink message len=1500, type=RTM_NEWLINK, flags=0x0
Jun 29, 2026 09:20:11.962 [547808698592] DEBUG - NetworkInterface: Netlink information message family=0, type=1, index=1115, flags=0x11003, change=0x1
Jun 29, 2026 09:20:11.962 [547808698592] DEBUG - Network change.
Jun 29, 2026 09:20:11.962 [547808698592] DEBUG - NetworkInterface: Notified of network changed (force=0)
Jun 29, 2026 09:20:11.963 [547808698592] DEBUG - Network change notification but nothing changed.
Jun 29, 2026 09:20:11.963 [547808698592] DEBUG - NetworkInterface: received Netlink message len=1500, type=RTM_NEWLINK, flags=0x0
Jun 29, 2026 09:20:11.963 [547808698592] DEBUG - NetworkInterface: Netlink information message family=0, type=1, index=1115, flags=0x11043, change=0x0
Jun 29, 2026 09:20:11.963 [547808698592] DEBUG - Network change.
Jun 29, 2026 09:20:11.963 [547808698592] DEBUG - NetworkInterface: Notified of network changed (force=0)
Jun 29, 2026 09:20:11.964 [547808698592] DEBUG - Network change notification but nothing changed.
Jun 29, 2026 09:20:11.964 [547808698592] DEBUG - NetworkInterface: received Netlink message len=440, type=RTM_NEWLINK, flags=0x0
Jun 29, 2026 09:20:11.964 [547808698592] DEBUG - NetworkInterface: Netlink information message family=7, type=1, index=1116, flags=0x11043, change=0x0
Jun 29, 2026 09:20:11.964 [547808698592] DEBUG - Network change.
Jun 29, 2026 09:20:11.964 [547808698592] DEBUG - NetworkInterface: Notified of network changed (force=0)
Jun 29, 2026 09:20:11.964 [547808698592] DEBUG - Network change notification but nothing changed.
Jun 29, 2026 09:20:11.965 [547808698592] DEBUG - NetworkInterface: received Netlink message len=440, type=RTM_NEWLINK, flags=0x0
Jun 29, 2026 09:20:11.965 [547808698592] DEBUG - NetworkInterface: Netlink information message family=7, type=1, index=1116, flags=0x11043, change=0x0
Jun 29, 2026 09:20:11.965 [547808698592] DEBUG - Network change.
Jun 29, 2026 09:20:11.965 [547808698592] DEBUG - NetworkInterface: Notified of network changed (force=0)
Jun 29, 2026 09:20:11.966 [547808698592] DEBUG - Network change notification but nothing changed.
Jun 29, 2026 09:20:11.966 [547808698592] DEBUG - NetworkInterface: received Netlink message len=1856, type=RTM_NEWLINK, flags=0x0
Jun 29, 2026 09:20:11.966 [547808698592] DEBUG - NetworkInterface: Netlink information message family=0, type=1, index=1116, flags=0x11043, change=0x0
Jun 29, 2026 09:20:11.966 [547808698592] DEBUG - Network change.
Jun 29, 2026 09:20:11.966 [547808698592] DEBUG - NetworkInterface: Notified of network changed (force=0)
Jun 29, 2026 09:20:11.968 [547808698592] DEBUG - Network change notification but nothing changed.
Jun 29, 2026 09:20:12.015 [547808698592] DEBUG - NetworkInterface: received Netlink message len=1500, type=RTM_NEWLINK, flags=0x0
Jun 29, 2026 09:20:12.015 [547808698592] DEBUG - NetworkInterface: Netlink information message family=0, type=1, index=1115, flags=0x1002, change=0x41
Jun 29, 2026 09:20:12.015 [547808698592] DEBUG - Network change.
Jun 29, 2026 09:20:12.016 [547808698592] DEBUG - NetworkInterface: Notified of network changed (force=0)
Jun 29, 2026 09:20:12.021 [547808698592] DEBUG - Network change notification but nothing changed.
Jun 29, 2026 09:20:12.021 [547808698592] DEBUG - NetworkInterface: received Netlink message len=1856, type=RTM_NEWLINK, flags=0x0
Jun 29, 2026 09:20:12.021 [547808698592] DEBUG - NetworkInterface: Netlink information message family=0, type=1, index=1116, flags=0x1002, change=0x41
Jun 29, 2026 09:20:12.021 [547808698592] DEBUG - Network change.
Jun 29, 2026 09:20:12.021 [547808698592] DEBUG - NetworkInterface: Notified of network changed (force=0)
Jun 29, 2026 09:20:12.022 [547808698592] DEBUG - Network change notification but nothing changed.
Jun 29, 2026 09:20:12.022 [547808698592] DEBUG - NetworkInterface: received Netlink message len=440, type=RTM_NEWLINK, flags=0x0
Jun 29, 2026 09:20:12.022 [547808698592] DEBUG - NetworkInterface: Netlink information message family=7, type=1, index=1116, flags=0x1002, change=0x0
Jun 29, 2026 09:20:12.022 [547808698592] DEBUG - Network change.
Jun 29, 2026 09:20:12.022 [547808698592] DEBUG - NetworkInterface: Notified of network changed (force=0)
Jun 29, 2026 09:20:12.023 [547808698592] DEBUG - Network change notification but nothing changed.
Jun 29, 2026 09:20:12.023 [547808698592] DEBUG - NetworkInterface: received Netlink message len=688, type=RTM_DELLINK, flags=0x0
Jun 29, 2026 09:20:12.023 [547808698592] DEBUG - NetworkInterface: Netlink information message family=0, type=1, index=1115, flags=0x1002, change=0xffffffff
Jun 29, 2026 09:20:12.023 [547808698592] DEBUG - NetworkInterface: received Netlink message len=440, type=RTM_NEWLINK, flags=0x0
Jun 29, 2026 09:20:12.023 [547808698592] DEBUG - NetworkInterface: Netlink information message family=7, type=1, index=1116, flags=0x1002, change=0x0
Jun 29, 2026 09:20:12.023 [547808698592] DEBUG - Network change.
Jun 29, 2026 09:20:12.023 [547808698592] DEBUG - NetworkInterface: Notified of network changed (force=0)
Jun 29, 2026 09:20:12.023 [547808698592] DEBUG - Network change notification but nothing changed.
Jun 29, 2026 09:20:12.023 [547808698592] DEBUG - NetworkInterface: received Netlink message len=104, type=RTM_DELLINK, flags=0x0
Jun 29, 2026 09:20:12.023 [547808698592] DEBUG - NetworkInterface: Netlink information message family=7, type=1, index=1116, flags=0x1002, change=0x0
Jun 29, 2026 09:20:12.023 [547808698592] DEBUG - NetworkInterface: received Netlink message len=688, type=RTM_DELLINK, flags=0x0
Jun 29, 2026 09:20:12.023 [547808698592] DEBUG - NetworkInterface: Netlink information message family=0, type=1, index=1116, flags=0x1002, change=0xffffffff
Jun 29, 2026 09:20:13.308 [547808698592] DEBUG - NetworkInterface: received Netlink message len=1500, type=RTM_NEWLINK, flags=0x0
Jun 29, 2026 09:20:13.308 [547808698592] DEBUG - NetworkInterface: Netlink information message family=0, type=1, index=1117, flags=0x1002, change=0xffffffff
Jun 29, 2026 09:20:13.308 [547808698592] DEBUG - Network change.
Jun 29, 2026 09:20:13.308 [547808698592] DEBUG - NetworkInterface: Notified of network changed (force=0)
Jun 29, 2026 09:20:13.318 [547808698592] DEBUG - Network change notification but nothing changed.
Jun 29, 2026 09:20:13.318 [547808698592] DEBUG - NetworkInterface: received Netlink message len=1500, type=RTM_NEWLINK, flags=0x0
Jun 29, 2026 09:20:13.318 [547808698592] DEBUG - NetworkInterface: Netlink information message family=0, type=1, index=1118, flags=0x1002, change=0xffffffff
Jun 29, 2026 09:20:13.318 [547808698592] DEBUG - Network change.
Jun 29, 2026 09:20:13.318 [547808698592] DEBUG - NetworkInterface: Notified of network changed (force=0)
Jun 29, 2026 09:20:13.319 [547808698592] DEBUG - Network change notification but nothing changed.
Jun 29, 2026 09:20:13.319 [547808698592] DEBUG - NetworkInterface: received Netlink message len=1856, type=RTM_NEWLINK, flags=0x0
Jun 29, 2026 09:20:13.319 [547808698592] DEBUG - NetworkInterface: Netlink information message family=0, type=1, index=1118, flags=0x1002, change=0x0
Jun 29, 2026 09:20:13.319 [547808698592] DEBUG - Network change.
Jun 29, 2026 09:20:13.319 [547808698592] DEBUG - NetworkInterface: Notified of network changed (force=0)
Jun 29, 2026 09:20:13.320 [547808698592] DEBUG - Network change notification but nothing changed.
Jun 29, 2026 09:20:13.320 [547808698592] DEBUG - NetworkInterface: received Netlink message len=1856, type=RTM_NEWLINK, flags=0x0
Jun 29, 2026 09:20:13.320 [547808698592] DEBUG - NetworkInterface: Netlink information message family=0, type=1, index=1118, flags=0x1002, change=0x100
Jun 29, 2026 09:20:13.320 [547808698592] DEBUG - Network change.
Jun 29, 2026 09:20:13.320 [547808698592] DEBUG - NetworkInterface: Notified of network changed (force=0)
Jun 29, 2026 09:20:13.321 [547808698592] DEBUG - Network change notification but nothing changed.
Jun 29, 2026 09:20:13.321 [547808698592] DEBUG - NetworkInterface: received Netlink message len=440, type=RTM_NEWLINK, flags=0x0
Jun 29, 2026 09:20:13.321 [547808698592] DEBUG - NetworkInterface: Netlink information message family=7, type=1, index=1118, flags=0x1002, change=0x0
Jun 29, 2026 09:20:13.321 [547808698592] DEBUG - Network change.
Jun 29, 2026 09:20:13.321 [547808698592] DEBUG - NetworkInterface: Notified of network changed (force=0)
Jun 29, 2026 09:20:13.322 [547808698592] DEBUG - Network change notification but nothing changed.
Jun 29, 2026 09:20:13.322 [547808698592] DEBUG - NetworkInterface: received Netlink message len=1856, type=RTM_NEWLINK, flags=0x0
Jun 29, 2026 09:20:13.322 [547808698592] DEBUG - NetworkInterface: Netlink information message family=0, type=1, index=1118, flags=0x1003, change=0x1
Jun 29, 2026 09:20:13.322 [547808698592] DEBUG - Network change.
Jun 29, 2026 09:20:13.322 [547808698592] DEBUG - NetworkInterface: Notified of network changed (force=0)
Jun 29, 2026 09:20:13.323 [547808698592] DEBUG - Network change notification but nothing changed.
Jun 29, 2026 09:20:13.323 [547808698592] DEBUG - NetworkInterface: received Netlink message len=440, type=RTM_NEWLINK, flags=0x0
Jun 29, 2026 09:20:13.323 [547808698592] DEBUG - NetworkInterface: Netlink information message family=7, type=1, index=1118, flags=0x1003, change=0x0
Jun 29, 2026 09:20:13.323 [547808698592] DEBUG - Network change.
Jun 29, 2026 09:20:13.323 [547808698592] DEBUG - NetworkInterface: Notified of network changed (force=0)
Jun 29, 2026 09:20:13.324 [547808698592] DEBUG - Network change notification but nothing changed.
Jun 29, 2026 09:20:13.354 [547808698592] DEBUG - NetworkInterface: received Netlink message len=1500, type=RTM_NEWLINK, flags=0x0
Jun 29, 2026 09:20:13.354 [547808698592] DEBUG - NetworkInterface: Netlink information message family=0, type=1, index=1117, flags=0x11003, change=0x1
Jun 29, 2026 09:20:13.354 [547808698592] DEBUG - Network change.
Jun 29, 2026 09:20:13.354 [547808698592] DEBUG - NetworkInterface: Notified of network changed (force=0)
Jun 29, 2026 09:20:13.360 [547808698592] DEBUG - Network change notification but nothing changed.
Jun 29, 2026 09:20:13.360 [547808698592] DEBUG - NetworkInterface: received Netlink message len=1500, type=RTM_NEWLINK, flags=0x0
Jun 29, 2026 09:20:13.360 [547808698592] DEBUG - NetworkInterface: Netlink information message family=0, type=1, index=1117, flags=0x11043, change=0x0
Jun 29, 2026 09:20:13.360 [547808698592] DEBUG - Network change.
Jun 29, 2026 09:20:13.360 [547808698592] DEBUG - NetworkInterface: Notified of network changed (force=0)
Jun 29, 2026 09:20:13.366 [547808698592] DEBUG - Network change notification but nothing changed.
Jun 29, 2026 09:20:13.366 [547808698592] DEBUG - NetworkInterface: received Netlink message len=440, type=RTM_NEWLINK, flags=0x0
Jun 29, 2026 09:20:13.366 [547808698592] DEBUG - NetworkInterface: Netlink information message family=7, type=1, index=1118, flags=0x11043, change=0x0
Jun 29, 2026 09:20:13.366 [547808698592] DEBUG - Network change.
Jun 29, 2026 09:20:13.366 [547808698592] DEBUG - NetworkInterface: Notified of network changed (force=0)
Jun 29, 2026 09:20:13.367 [547808698592] DEBUG - Network change notification but nothing changed.
Jun 29, 2026 09:20:13.367 [547808698592] DEBUG - NetworkInterface: received Netlink message len=440, type=RTM_NEWLINK, flags=0x0
Jun 29, 2026 09:20:13.367 [547808698592] DEBUG - NetworkInterface: Netlink information message family=7, type=1, index=1118, flags=0x11043, change=0x0
Jun 29, 2026 09:20:13.367 [547808698592] DEBUG - Network change.
Jun 29, 2026 09:20:13.367 [547808698592] DEBUG - NetworkInterface: Notified of network changed (force=0)
Jun 29, 2026 09:20:13.368 [547808698592] DEBUG - Network change notification but nothing changed.
Jun 29, 2026 09:20:13.369 [547808698592] DEBUG - NetworkInterface: received Netlink message len=1856, type=RTM_NEWLINK, flags=0x0
Jun 29, 2026 09:20:13.369 [547808698592] DEBUG - NetworkInterface: Netlink information message family=0, type=1, index=1118, flags=0x11043, change=0x0
Jun 29, 2026 09:20:13.369 [547808698592] DEBUG - Network change.
Jun 29, 2026 09:20:13.369 [547808698592] DEBUG - NetworkInterface: Notified of network changed (force=0)
Jun 29, 2026 09:20:13.395 [547808698592] DEBUG - Network change notification but nothing changed.
Jun 29, 2026 09:20:14.120 [547808698592] DEBUG - NetworkInterface: received Netlink message len=1500, type=RTM_NEWLINK, flags=0x0
Jun 29, 2026 09:20:14.120 [547808698592] DEBUG - NetworkInterface: Netlink information message family=0, type=1, index=1117, flags=0x1002, change=0x41
Jun 29, 2026 09:20:14.120 [547808698592] DEBUG - Network change.
Jun 29, 2026 09:20:14.120 [547808698592] DEBUG - NetworkInterface: Notified of network changed (force=0)
Jun 29, 2026 09:20:14.140 [547808698592] DEBUG - Network change notification but nothing changed.
Jun 29, 2026 09:20:14.140 [547808698592] DEBUG - NetworkInterface: received Netlink message len=704, type=RTM_DELLINK, flags=0x0
Jun 29, 2026 09:20:14.140 [547808698592] DEBUG - NetworkInterface: Netlink information message family=0, type=1, index=1117, flags=0x1002, change=0xffffffff
Jun 29, 2026 09:20:14.140 [547808698592] DEBUG - NetworkInterface: received Netlink message len=440, type=RTM_NEWLINK, flags=0x0
Jun 29, 2026 09:20:14.140 [547808698592] DEBUG - NetworkInterface: Netlink information message family=7, type=1, index=1118, flags=0x1003, change=0x0
Jun 29, 2026 09:20:14.140 [547808698592] DEBUG - Network change.
Jun 29, 2026 09:20:14.140 [547808698592] DEBUG - NetworkInterface: Notified of network changed (force=0)
Jun 29, 2026 09:20:14.142 [547808698592] DEBUG - Network change notification but nothing changed.
Jun 29, 2026 09:20:14.143 [547808698592] DEBUG - NetworkInterface: received Netlink message len=1864, type=RTM_NEWLINK, flags=0x0
Jun 29, 2026 09:20:14.143 [547808698592] DEBUG - NetworkInterface: Netlink information message family=0, type=1, index=1118, flags=0x1003, change=0x0
Jun 29, 2026 09:20:14.143 [547808698592] DEBUG - Network change.
Jun 29, 2026 09:20:14.143 [547808698592] DEBUG - NetworkInterface: Notified of network changed (force=0)
Jun 29, 2026 09:20:14.144 [547808698592] DEBUG - Network change notification but nothing changed.
Jun 29, 2026 09:20:14.144 [547808698592] DEBUG - NetworkInterface: received Netlink message len=440, type=RTM_NEWLINK, flags=0x0
Jun 29, 2026 09:20:14.144 [547808698592] DEBUG - NetworkInterface: Netlink information message family=7, type=1, index=1118, flags=0x11043, change=0x0
Jun 29, 2026 09:20:14.144 [547808698592] DEBUG - Network change.
Jun 29, 2026 09:20:14.144 [547808698592] DEBUG - NetworkInterface: Notified of network changed (force=0)
Jun 29, 2026 09:20:14.145 [547808698592] DEBUG - Network change notification but nothing changed.
Jun 29, 2026 09:20:14.145 [547808698592] DEBUG - NetworkInterface: received Netlink message len=440, type=RTM_NEWLINK, flags=0x0
Jun 29, 2026 09:20:14.145 [547808698592] DEBUG - NetworkInterface: Netlink information message family=7, type=1, index=1118, flags=0x11043, change=0x0
Jun 29, 2026 09:20:14.145 [547808698592] DEBUG - Network change.
Jun 29, 2026 09:20:14.145 [547808698592] DEBUG - NetworkInterface: Notified of network changed (force=0)
Jun 29, 2026 09:20:14.145 [547808698592] DEBUG - Network change notification but nothing changed.
Jun 29, 2026 09:20:14.146 [547808698592] DEBUG - NetworkInterface: received Netlink message len=1864, type=RTM_NEWLINK, flags=0x0
Jun 29, 2026 09:20:14.146 [547808698592] DEBUG - NetworkInterface: Netlink information message family=0, type=1, index=1118, flags=0x11043, change=0x0
Jun 29, 2026 09:20:14.146 [547808698592] DEBUG - Network change.
Jun 29, 2026 09:20:14.146 [547808698592] DEBUG - NetworkInterface: Notified of network changed (force=0)
Jun 29, 2026 09:20:14.146 [547808698592] DEBUG - Network change notification but nothing changed.
Jun 29, 2026 09:20:16.721 [547857510624] DEBUG - [HttpClient/HCl#3a] HTTP simulating 408 after curl timeout
Jun 29, 2026 09:20:17.515 [547808698592] DEBUG - NetworkInterface: received Netlink message len=440, type=RTM_NEWLINK, flags=0x0
Jun 29, 2026 09:20:17.515 [547808698592] DEBUG - NetworkInterface: Netlink information message family=7, type=1, index=1118, flags=0x1003, change=0x0
Jun 29, 2026 09:20:17.516 [547808698592] DEBUG - Network change.
Jun 29, 2026 09:20:17.516 [547808698592] DEBUG - NetworkInterface: Notified of network changed (force=0)
Jun 29, 2026 09:20:17.550 [547808698592] DEBUG - Network change notification but nothing changed.
Jun 29, 2026 09:20:17.550 [547808698592] DEBUG - NetworkInterface: received Netlink message len=1864, type=RTM_NEWLINK, flags=0x0
Jun 29, 2026 09:20:17.550 [547808698592] DEBUG - NetworkInterface: Netlink information message family=0, type=1, index=1118, flags=0x1003, change=0x0
Jun 29, 2026 09:20:17.550 [547808698592] DEBUG - Network change.
Jun 29, 2026 09:20:17.550 [547808698592] DEBUG - NetworkInterface: Notified of network changed (force=0)
Jun 29, 2026 09:20:17.551 [547808698592] DEBUG - Network change notification but nothing changed.
Jun 29, 2026 09:20:17.551 [547808698592] DEBUG - NetworkInterface: received Netlink message len=1500, type=RTM_NEWLINK, flags=0x0
Jun 29, 2026 09:20:17.551 [547808698592] DEBUG - NetworkInterface: Netlink information message family=0, type=1, index=1117, flags=0x1002, change=0xffffffff
Jun 29, 2026 09:20:17.551 [547808698592] DEBUG - Network change.
Jun 29, 2026 09:20:17.551 [547808698592] DEBUG - NetworkInterface: Notified of network changed (force=0)
Jun 29, 2026 09:20:17.552 [547808698592] DEBUG - Network change notification but nothing changed.
Jun 29, 2026 09:20:17.575 [547808698592] DEBUG - NetworkInterface: received Netlink message len=1500, type=RTM_NEWLINK, flags=0x0
Jun 29, 2026 09:20:17.575 [547808698592] DEBUG - NetworkInterface: Netlink information message family=0, type=1, index=1117, flags=0x11003, change=0x1
Jun 29, 2026 09:20:17.575 [547808698592] DEBUG - Network change.
Jun 29, 2026 09:20:17.575 [547808698592] DEBUG - NetworkInterface: Notified of network changed (force=0)
Jun 29, 2026 09:20:17.577 [547808698592] DEBUG - Network change notification but nothing changed.
Jun 29, 2026 09:20:17.577 [547808698592] DEBUG - NetworkInterface: received Netlink message len=1500, type=RTM_NEWLINK, flags=0x0
Jun 29, 2026 09:20:17.577 [547808698592] DEBUG - NetworkInterface: Netlink information message family=0, type=1, index=1117, flags=0x11043, change=0x0
Jun 29, 2026 09:20:17.577 [547808698592] DEBUG - Network change.
Jun 29, 2026 09:20:17.577 [547808698592] DEBUG - NetworkInterface: Notified of network changed (force=0)
Jun 29, 2026 09:20:17.578 [547808698592] DEBUG - Network change notification but nothing changed.
Jun 29, 2026 09:20:17.578 [547808698592] DEBUG - NetworkInterface: received Netlink message len=440, type=RTM_NEWLINK, flags=0x0
Jun 29, 2026 09:20:17.578 [547808698592] DEBUG - NetworkInterface: Netlink information message family=7, type=1, index=1118, flags=0x11043, change=0x0
Jun 29, 2026 09:20:17.578 [547808698592] DEBUG - Network change.
Jun 29, 2026 09:20:17.578 [547808698592] DEBUG - NetworkInterface: Notified of network changed (force=0)
Jun 29, 2026 09:20:17.579 [547808698592] DEBUG - Network change notification but nothing changed.
Jun 29, 2026 09:20:17.579 [547808698592] DEBUG - NetworkInterface: received Netlink message len=440, type=RTM_NEWLINK, flags=0x0
Jun 29, 2026 09:20:17.579 [547808698592] DEBUG - NetworkInterface: Netlink information message family=7, type=1, index=1118, flags=0x11043, change=0x0
Jun 29, 2026 09:20:17.579 [547808698592] DEBUG - Network change.
Jun 29, 2026 09:20:17.579 [547808698592] DEBUG - NetworkInterface: Notified of network changed (force=0)
Jun 29, 2026 09:20:17.579 [547808698592] DEBUG - Network change notification but nothing changed.
Jun 29, 2026 09:20:17.579 [547808698592] DEBUG - NetworkInterface: received Netlink message len=1856, type=RTM_NEWLINK, flags=0x0
Jun 29, 2026 09:20:17.579 [547808698592] DEBUG - NetworkInterface: Netlink information message family=0, type=1, index=1118, flags=0x11043, change=0x0
Jun 29, 2026 09:20:17.579 [547808698592] DEBUG - Network change.
Jun 29, 2026 09:20:17.579 [547808698592] DEBUG - NetworkInterface: Notified of network changed (force=0)
Jun 29, 2026 09:20:17.580 [547808698592] DEBUG - Network change notification but nothing changed.
Jun 29, 2026 09:20:17.639 [547808698592] DEBUG - NetworkInterface: received Netlink message len=1500, type=RTM_NEWLINK, flags=0x0
Jun 29, 2026 09:20:17.639 [547808698592] DEBUG - NetworkInterface: Netlink information message family=0, type=1, index=1117, flags=0x1002, change=0x41
Jun 29, 2026 09:20:17.639 [547808698592] DEBUG - Network change.
Jun 29, 2026 09:20:17.639 [547808698592] DEBUG - NetworkInterface: Notified of network changed (force=0)
Jun 29, 2026 09:20:17.645 [547808698592] DEBUG - Network change notification but nothing changed.
Jun 29, 2026 09:20:17.645 [547808698592] DEBUG - NetworkInterface: received Netlink message len=1856, type=RTM_NEWLINK, flags=0x0
Jun 29, 2026 09:20:17.645 [547808698592] DEBUG - NetworkInterface: Netlink information message family=0, type=1, index=1118, flags=0x1002, change=0x41
Jun 29, 2026 09:20:17.645 [547808698592] DEBUG - Network change.
Jun 29, 2026 09:20:17.645 [547808698592] DEBUG - NetworkInterface: Notified of network changed (force=0)
Jun 29, 2026 09:20:17.649 [547808698592] DEBUG - Network change notification but nothing changed.
Jun 29, 2026 09:20:17.649 [547808698592] DEBUG - NetworkInterface: received Netlink message len=440, type=RTM_NEWLINK, flags=0x0
Jun 29, 2026 09:20:17.649 [547808698592] DEBUG - NetworkInterface: Netlink information message family=7, type=1, index=1118, flags=0x1002, change=0x0
Jun 29, 2026 09:20:17.649 [547808698592] DEBUG - Network change.
Jun 29, 2026 09:20:17.649 [547808698592] DEBUG - NetworkInterface: Notified of network changed (force=0)
Jun 29, 2026 09:20:17.650 [547808698592] DEBUG - Network change notification but nothing changed.
Jun 29, 2026 09:20:17.650 [547808698592] DEBUG - NetworkInterface: received Netlink message len=688, type=RTM_DELLINK, flags=0x0
Jun 29, 2026 09:20:17.650 [547808698592] DEBUG - NetworkInterface: Netlink information message family=0, type=1, index=1117, flags=0x1002, change=0xffffffff
Jun 29, 2026 09:20:17.650 [547808698592] DEBUG - NetworkInterface: received Netlink message len=440, type=RTM_NEWLINK, flags=0x0
Jun 29, 2026 09:20:17.650 [547808698592] DEBUG - NetworkInterface: Netlink information message family=7, type=1, index=1118, flags=0x1002, change=0x0
Jun 29, 2026 09:20:17.650 [547808698592] DEBUG - Network change.
Jun 29, 2026 09:20:17.650 [547808698592] DEBUG - NetworkInterface: Notified of network changed (force=0)
Jun 29, 2026 09:20:17.650 [547808698592] DEBUG - Network change notification but nothing changed.
Jun 29, 2026 09:20:17.650 [547808698592] DEBUG - NetworkInterface: received Netlink message len=104, type=RTM_DELLINK, flags=0x0
Jun 29, 2026 09:20:17.650 [547808698592] DEBUG - NetworkInterface: Netlink information message family=7, type=1, index=1118, flags=0x1002, change=0x0
Jun 29, 2026 09:20:17.650 [547808698592] DEBUG - NetworkInterface: received Netlink message len=688, type=RTM_DELLINK, flags=0x0
Jun 29, 2026 09:20:17.650 [547808698592] DEBUG - NetworkInterface: Netlink information message family=0, type=1, index=1118, flags=0x1002, change=0xffffffff
Jun 29, 2026 09:20:20.544 [547808698592] DEBUG - NetworkInterface: received Netlink message len=1500, type=RTM_NEWLINK, flags=0x0
Jun 29, 2026 09:20:20.544 [547808698592] DEBUG - NetworkInterface: Netlink information message family=0, type=1, index=1119, flags=0x1002, change=0xffffffff
Jun 29, 2026 09:20:20.544 [547808698592] DEBUG - Network change.
Jun 29, 2026 09:20:20.544 [547808698592] DEBUG - NetworkInterface: Notified of network changed (force=0)
Jun 29, 2026 09:20:20.563 [547808698592] DEBUG - Network change notification but nothing changed.
Jun 29, 2026 09:20:20.563 [547808698592] DEBUG - NetworkInterface: received Netlink message len=1500, type=RTM_NEWLINK, flags=0x0
Jun 29, 2026 09:20:20.563 [547808698592] DEBUG - NetworkInterface: Netlink information message family=0, type=1, index=1120, flags=0x1002, change=0xffffffff
Jun 29, 2026 09:20:20.563 [547808698592] DEBUG - Network change.
Jun 29, 2026 09:20:20.563 [547808698592] DEBUG - NetworkInterface: Notified of network changed (force=0)
Jun 29, 2026 09:20:20.564 [547808698592] DEBUG - Network change notification but nothing changed.
Jun 29, 2026 09:20:20.569 [547808698592] DEBUG - NetworkInterface: received Netlink message len=1856, type=RTM_NEWLINK, flags=0x0
Jun 29, 2026 09:20:20.569 [547808698592] DEBUG - NetworkInterface: Netlink information message family=0, type=1, index=1120, flags=0x1002, change=0x0
Jun 29, 2026 09:20:20.569 [547808698592] DEBUG - Network change.
Jun 29, 2026 09:20:20.569 [547808698592] DEBUG - NetworkInterface: Notified of network changed (force=0)
Jun 29, 2026 09:20:20.570 [547808698592] DEBUG - Network change notification but nothing changed.
Jun 29, 2026 09:20:20.570 [547808698592] DEBUG - NetworkInterface: received Netlink message len=1856, type=RTM_NEWLINK, flags=0x0
Jun 29, 2026 09:20:20.570 [547808698592] DEBUG - NetworkInterface: Netlink information message family=0, type=1, index=1120, flags=0x1002, change=0x100
Jun 29, 2026 09:20:20.570 [547808698592] DEBUG - Network change.
Jun 29, 2026 09:20:20.570 [547808698592] DEBUG - NetworkInterface: Notified of network changed (force=0)
Jun 29, 2026 09:20:20.571 [547808698592] DEBUG - Network change notification but nothing changed.
Jun 29, 2026 09:20:20.571 [547808698592] DEBUG - NetworkInterface: received Netlink message len=440, type=RTM_NEWLINK, flags=0x0
Jun 29, 2026 09:20:20.571 [547808698592] DEBUG - NetworkInterface: Netlink information message family=7, type=1, index=1120, flags=0x1002, change=0x0
Jun 29, 2026 09:20:20.571 [547808698592] DEBUG - Network change.
Jun 29, 2026 09:20:20.571 [547808698592] DEBUG - NetworkInterface: Notified of network changed (force=0)
Jun 29, 2026 09:20:20.572 [547808698592] DEBUG - Network change notification but nothing changed.
Jun 29, 2026 09:20:20.572 [547808698592] DEBUG - NetworkInterface: received Netlink message len=1856, type=RTM_NEWLINK, flags=0x0
Jun 29, 2026 09:20:20.572 [547808698592] DEBUG - NetworkInterface: Netlink information message family=0, type=1, index=1120, flags=0x1003, change=0x1
Jun 29, 2026 09:20:20.572 [547808698592] DEBUG - Network change.
Jun 29, 2026 09:20:20.572 [547808698592] DEBUG - NetworkInterface: Notified of network changed (force=0)
Jun 29, 2026 09:20:20.574 [547808698592] DEBUG - Network change notification but nothing changed.
Jun 29, 2026 09:20:20.574 [547808698592] DEBUG - NetworkInterface: received Netlink message len=440, type=RTM_NEWLINK, flags=0x0
Jun 29, 2026 09:20:20.574 [547808698592] DEBUG - NetworkInterface: Netlink information message family=7, type=1, index=1120, flags=0x1003, change=0x0
Jun 29, 2026 09:20:20.574 [547808698592] DEBUG - Network change.
Jun 29, 2026 09:20:20.574 [547808698592] DEBUG - NetworkInterface: Notified of network changed (force=0)
Jun 29, 2026 09:20:20.575 [547808698592] DEBUG - Network change notification but nothing changed.
Jun 29, 2026 09:20:20.618 [547808698592] DEBUG - NetworkInterface: received Netlink message len=1500, type=RTM_NEWLINK, flags=0x0
Jun 29, 2026 09:20:20.618 [547808698592] DEBUG - NetworkInterface: Netlink information message family=0, type=1, index=1119, flags=0x11003, change=0x1
Jun 29, 2026 09:20:20.618 [547808698592] DEBUG - Network change.
Jun 29, 2026 09:20:20.618 [547808698592] DEBUG - NetworkInterface: Notified of network changed (force=0)
Jun 29, 2026 09:20:20.620 [547808698592] DEBUG - Network change notification but nothing changed.
Jun 29, 2026 09:20:20.622 [547808698592] DEBUG - NetworkInterface: received Netlink message len=1500, type=RTM_NEWLINK, flags=0x0
Jun 29, 2026 09:20:20.622 [547808698592] DEBUG - NetworkInterface: Netlink information message family=0, type=1, index=1119, flags=0x11043, change=0x0
Jun 29, 2026 09:20:20.622 [547808698592] DEBUG - Network change.
Jun 29, 2026 09:20:20.622 [547808698592] DEBUG - NetworkInterface: Notified of network changed (force=0)
Jun 29, 2026 09:20:20.623 [547808698592] DEBUG - Network change notification but nothing changed.
Jun 29, 2026 09:20:20.623 [547808698592] DEBUG - NetworkInterface: received Netlink message len=440, type=RTM_NEWLINK, flags=0x0
Jun 29, 2026 09:20:20.623 [547808698592] DEBUG - NetworkInterface: Netlink information message family=7, type=1, index=1120, flags=0x11043, change=0x0
Jun 29, 2026 09:20:20.623 [547808698592] DEBUG - Network change.
Jun 29, 2026 09:20:20.623 [547808698592] DEBUG - NetworkInterface: Notified of network changed (force=0)
Jun 29, 2026 09:20:20.625 [547808698592] DEBUG - Network change notification but nothing changed.
Jun 29, 2026 09:20:20.630 [547808698592] DEBUG - NetworkInterface: received Netlink message len=440, type=RTM_NEWLINK, flags=0x0
Jun 29, 2026 09:20:20.630 [547808698592] DEBUG - NetworkInterface: Netlink information message family=7, type=1, index=1120, flags=0x11043, change=0x0
Jun 29, 2026 09:20:20.630 [547808698592] DEBUG - Network change.
Jun 29, 2026 09:20:20.631 [547808698592] DEBUG - NetworkInterface: Notified of network changed (force=0)
Jun 29, 2026 09:20:20.632 [547808698592] DEBUG - Network change notification but nothing changed.
Jun 29, 2026 09:20:20.632 [547808698592] DEBUG - NetworkInterface: received Netlink message len=1856, type=RTM_NEWLINK, flags=0x0
Jun 29, 2026 09:20:20.633 [547808698592] DEBUG - NetworkInterface: Netlink information message family=0, type=1, index=1120, flags=0x11043, change=0x0
Jun 29, 2026 09:20:20.633 [547808698592] DEBUG - Network change.
Jun 29, 2026 09:20:20.633 [547808698592] DEBUG - NetworkInterface: Notified of network changed (force=0)
Jun 29, 2026 09:20:20.634 [547808698592] DEBUG - Network change notification but nothing changed.
Jun 29, 2026 09:20:21.336 [547808698592] DEBUG - NetworkInterface: received Netlink message len=1500, type=RTM_NEWLINK, flags=0x0
Jun 29, 2026 09:20:21.336 [547808698592] DEBUG - NetworkInterface: Netlink information message family=0, type=1, index=1119, flags=0x1002, change=0x41
Jun 29, 2026 09:20:21.336 [547808698592] DEBUG - Network change.
Jun 29, 2026 09:20:21.336 [547808698592] DEBUG - NetworkInterface: Notified of network changed (force=0)
Jun 29, 2026 09:20:21.371 [547808698592] DEBUG - Network change notification but nothing changed.
Jun 29, 2026 09:20:21.371 [547808698592] DEBUG - NetworkInterface: received Netlink message len=704, type=RTM_DELLINK, flags=0x0
Jun 29, 2026 09:20:21.371 [547808698592] DEBUG - NetworkInterface: Netlink information message family=0, type=1, index=1119, flags=0x1002, change=0xffffffff
Jun 29, 2026 09:20:21.371 [547808698592] DEBUG - NetworkInterface: received Netlink message len=440, type=RTM_NEWLINK, flags=0x0
Jun 29, 2026 09:20:21.371 [547808698592] DEBUG - NetworkInterface: Netlink information message family=7, type=1, index=1120, flags=0x1003, change=0x0
Jun 29, 2026 09:20:21.371 [547808698592] DEBUG - Network change.
Jun 29, 2026 09:20:21.371 [547808698592] DEBUG - NetworkInterface: Notified of network changed (force=0)
Jun 29, 2026 09:20:21.373 [547808698592] DEBUG - Network change notification but nothing changed.
Jun 29, 2026 09:20:21.373 [547808698592] DEBUG - NetworkInterface: received Netlink message len=1864, type=RTM_NEWLINK, flags=0x0
Jun 29, 2026 09:20:21.373 [547808698592] DEBUG - NetworkInterface: Netlink information message family=0, type=1, index=1120, flags=0x1003, change=0x0
Jun 29, 2026 09:20:21.373 [547808698592] DEBUG - Network change.
Jun 29, 2026 09:20:21.373 [547808698592] DEBUG - NetworkInterface: Notified of network changed (force=0)
Jun 29, 2026 09:20:21.374 [547808698592] DEBUG - Network change notification but nothing changed.
Jun 29, 2026 09:20:21.375 [547808698592] DEBUG - NetworkInterface: received Netlink message len=440, type=RTM_NEWLINK, flags=0x0
Jun 29, 2026 09:20:21.375 [547808698592] DEBUG - NetworkInterface: Netlink information message family=7, type=1, index=1120, flags=0x11043, change=0x0
Jun 29, 2026 09:20:21.375 [547808698592] DEBUG - Network change.
Jun 29, 2026 09:20:21.375 [547808698592] DEBUG - NetworkInterface: Notified of network changed (force=0)
Jun 29, 2026 09:20:21.375 [547808698592] DEBUG - Network change notification but nothing changed.
Jun 29, 2026 09:20:21.375 [547808698592] DEBUG - NetworkInterface: received Netlink message len=440, type=RTM_NEWLINK, flags=0x0
Jun 29, 2026 09:20:21.375 [547808698592] DEBUG - NetworkInterface: Netlink information message family=7, type=1, index=1120, flags=0x11043, change=0x0
Jun 29, 2026 09:20:21.375 [547808698592] DEBUG - Network change.
Jun 29, 2026 09:20:21.375 [547808698592] DEBUG - NetworkInterface: Notified of network changed (force=0)
Jun 29, 2026 09:20:21.376 [547808698592] DEBUG - Network change notification but nothing changed.
Jun 29, 2026 09:20:21.376 [547808698592] DEBUG - NetworkInterface: received Netlink message len=1864, type=RTM_NEWLINK, flags=0x0
Jun 29, 2026 09:20:21.376 [547808698592] DEBUG - NetworkInterface: Netlink information message family=0, type=1, index=1120, flags=0x11043, change=0x0
Jun 29, 2026 09:20:21.376 [547808698592] DEBUG - Network change.
Jun 29, 2026 09:20:21.376 [547808698592] DEBUG - NetworkInterface: Notified of network changed (force=0)
Jun 29, 2026 09:20:21.377 [547808698592] DEBUG - Network change notification but nothing changed.
Jun 29, 2026 09:20:25.037 [547808698592] DEBUG - NetworkInterface: received Netlink message len=440, type=RTM_NEWLINK, flags=0x0
Jun 29, 2026 09:20:25.037 [547808698592] DEBUG - NetworkInterface: Netlink information message family=7, type=1, index=1120, flags=0x1003, change=0x0
Jun 29, 2026 09:20:25.037 [547808698592] DEBUG - Network change.
Jun 29, 2026 09:20:25.037 [547808698592] DEBUG - NetworkInterface: Notified of network changed (force=0)
Jun 29, 2026 09:20:25.061 [547808698592] DEBUG - Network change notification but nothing changed.
Jun 29, 2026 09:20:25.061 [547808698592] DEBUG - NetworkInterface: received Netlink message len=1864, type=RTM_NEWLINK, flags=0x0
Jun 29, 2026 09:20:25.061 [547808698592] DEBUG - NetworkInterface: Netlink information message family=0, type=1, index=1120, flags=0x1003, change=0x0
Jun 29, 2026 09:20:25.061 [547808698592] DEBUG - Network change.
Jun 29, 2026 09:20:25.061 [547808698592] DEBUG - NetworkInterface: Notified of network changed (force=0)
Jun 29, 2026 09:20:25.062 [547808698592] DEBUG - Network change notification but nothing changed.
Jun 29, 2026 09:20:25.062 [547808698592] DEBUG - NetworkInterface: received Netlink message len=1500, type=RTM_NEWLINK, flags=0x0
Jun 29, 2026 09:20:25.062 [547808698592] DEBUG - NetworkInterface: Netlink information message family=0, type=1, index=1119, flags=0x1002, change=0xffffffff
Jun 29, 2026 09:20:25.062 [547808698592] DEBUG - Network change.
Jun 29, 2026 09:20:25.062 [547808698592] DEBUG - NetworkInterface: Notified of network changed (force=0)
Jun 29, 2026 09:20:25.063 [547808698592] DEBUG - Network change notification but nothing changed.
Jun 29, 2026 09:20:25.099 [547808698592] DEBUG - NetworkInterface: received Netlink message len=1500, type=RTM_NEWLINK, flags=0x0
Jun 29, 2026 09:20:25.099 [547808698592] DEBUG - NetworkInterface: Netlink information message family=0, type=1, index=1119, flags=0x11003, change=0x1
Jun 29, 2026 09:20:25.099 [547808698592] DEBUG - Network change.
Jun 29, 2026 09:20:25.099 [547808698592] DEBUG - NetworkInterface: Notified of network changed (force=0)
Jun 29, 2026 09:20:25.100 [547808698592] DEBUG - Network change notification but nothing changed.
Jun 29, 2026 09:20:25.100 [547808698592] DEBUG - NetworkInterface: received Netlink message len=1500, type=RTM_NEWLINK, flags=0x0
Jun 29, 2026 09:20:25.100 [547808698592] DEBUG - NetworkInterface: Netlink information message family=0, type=1, index=1119, flags=0x11043, change=0x0
Jun 29, 2026 09:20:25.100 [547808698592] DEBUG - Network change.
Jun 29, 2026 09:20:25.100 [547808698592] DEBUG - NetworkInterface: Notified of network changed (force=0)
Jun 29, 2026 09:20:25.100 [547808698592] DEBUG - Network change notification but nothing changed.
Jun 29, 2026 09:20:25.100 [547808698592] DEBUG - NetworkInterface: received Netlink message len=440, type=RTM_NEWLINK, flags=0x0
Jun 29, 2026 09:20:25.100 [547808698592] DEBUG - NetworkInterface: Netlink information message family=7, type=1, index=1120, flags=0x11043, change=0x0
Jun 29, 2026 09:20:25.101 [547808698592] DEBUG - Network change.
Jun 29, 2026 09:20:25.101 [547808698592] DEBUG - NetworkInterface: Notified of network changed (force=0)
Jun 29, 2026 09:20:25.101 [547808698592] DEBUG - Network change notification but nothing changed.
Jun 29, 2026 09:20:25.101 [547808698592] DEBUG - NetworkInterface: received Netlink message len=440, type=RTM_NEWLINK, flags=0x0
Jun 29, 2026 09:20:25.101 [547808698592] DEBUG - NetworkInterface: Netlink information message family=7, type=1, index=1120, flags=0x11043, change=0x0
Jun 29, 2026 09:20:25.101 [547808698592] DEBUG - Network change.
Jun 29, 2026 09:20:25.101 [547808698592] DEBUG - NetworkInterface: Notified of network changed (force=0)
Jun 29, 2026 09:20:25.102 [547808698592] DEBUG - Network change notification but nothing changed.
Jun 29, 2026 09:20:25.102 [547808698592] DEBUG - NetworkInterface: received Netlink message len=1856, type=RTM_NEWLINK, flags=0x0
Jun 29, 2026 09:20:25.102 [547808698592] DEBUG - NetworkInterface: Netlink information message family=0, type=1, index=1120, flags=0x11043, change=0x0
Jun 29, 2026 09:20:25.102 [547808698592] DEBUG - Network change.
Jun 29, 2026 09:20:25.102 [547808698592] DEBUG - NetworkInterface: Notified of network changed (force=0)
Jun 29, 2026 09:20:25.103 [547808698592] DEBUG - Network change notification but nothing changed.
Jun 29, 2026 09:20:25.149 [547808698592] DEBUG - NetworkInterface: received Netlink message len=1500, type=RTM_NEWLINK, flags=0x0
Jun 29, 2026 09:20:25.149 [547808698592] DEBUG - NetworkInterface: Netlink information message family=0, type=1, index=1119, flags=0x1002, change=0x41
Jun 29, 2026 09:20:25.149 [547808698592] DEBUG - Network change.
Jun 29, 2026 09:20:25.149 [547808698592] DEBUG - NetworkInterface: Notified of network changed (force=0)
Jun 29, 2026 09:20:25.157 [547808698592] DEBUG - Network change notification but nothing changed.
Jun 29, 2026 09:20:25.157 [547808698592] DEBUG - NetworkInterface: received Netlink message len=1856, type=RTM_NEWLINK, flags=0x0
Jun 29, 2026 09:20:25.157 [547808698592] DEBUG - NetworkInterface: Netlink information message family=0, type=1, index=1120, flags=0x1002, change=0x41
Jun 29, 2026 09:20:25.157 [547808698592] DEBUG - Network change.
Jun 29, 2026 09:20:25.157 [547808698592] DEBUG - NetworkInterface: Notified of network changed (force=0)
Jun 29, 2026 09:20:25.158 [547808698592] DEBUG - Network change notification but nothing changed.
Jun 29, 2026 09:20:25.158 [547808698592] DEBUG - NetworkInterface: received Netlink message len=440, type=RTM_NEWLINK, flags=0x0
Jun 29, 2026 09:20:25.158 [547808698592] DEBUG - NetworkInterface: Netlink information message family=7, type=1, index=1120, flags=0x1002, change=0x0
Jun 29, 2026 09:20:25.158 [547808698592] DEBUG - Network change.
Jun 29, 2026 09:20:25.158 [547808698592] DEBUG - NetworkInterface: Notified of network changed (force=0)
Jun 29, 2026 09:20:25.159 [547808698592] DEBUG - Network change notification but nothing changed.
Jun 29, 2026 09:20:25.159 [547808698592] DEBUG - NetworkInterface: received Netlink message len=688, type=RTM_DELLINK, flags=0x0
Jun 29, 2026 09:20:25.159 [547808698592] DEBUG - NetworkInterface: Netlink information message family=0, type=1, index=1119, flags=0x1002, change=0xffffffff
Jun 29, 2026 09:20:25.159 [547808698592] DEBUG - NetworkInterface: received Netlink message len=440, type=RTM_NEWLINK, flags=0x0
Jun 29, 2026 09:20:25.159 [547808698592] DEBUG - NetworkInterface: Netlink information message family=7, type=1, index=1120, flags=0x1002, change=0x0
Jun 29, 2026 09:20:25.159 [547808698592] DEBUG - Network change.
Jun 29, 2026 09:20:25.159 [547808698592] DEBUG - NetworkInterface: Notified of network changed (force=0)
Jun 29, 2026 09:20:25.160 [547808698592] DEBUG - Network change notification but nothing changed.
Jun 29, 2026 09:20:25.160 [547808698592] DEBUG - NetworkInterface: received Netlink message len=104, type=RTM_DELLINK, flags=0x0
Jun 29, 2026 09:20:25.160 [547808698592] DEBUG - NetworkInterface: Netlink information message family=7, type=1, index=1120, flags=0x1002, change=0x0
Jun 29, 2026 09:20:25.160 [547808698592] DEBUG - NetworkInterface: received Netlink message len=688, type=RTM_DELLINK, flags=0x0
Jun 29, 2026 09:20:25.160 [547808698592] DEBUG - NetworkInterface: Netlink information message family=0, type=1, index=1120, flags=0x1002, change=0xffffffff
Jun 29, 2026 09:20:30.974 [547808698592] DEBUG - NetworkInterface: received Netlink message len=1500, type=RTM_NEWLINK, flags=0x0
Jun 29, 2026 09:20:30.974 [547808698592] DEBUG - NetworkInterface: Netlink information message family=0, type=1, index=1121, flags=0x1002, change=0xffffffff
Jun 29, 2026 09:20:30.974 [547808698592] DEBUG - Network change.
Jun 29, 2026 09:20:30.974 [547808698592] DEBUG - NetworkInterface: Notified of network changed (force=0)
Jun 29, 2026 09:20:30.980 [547808698592] DEBUG - Network change notification but nothing changed.
Jun 29, 2026 09:20:30.980 [547808698592] DEBUG - NetworkInterface: received Netlink message len=1500, type=RTM_NEWLINK, flags=0x0
Jun 29, 2026 09:20:30.980 [547808698592] DEBUG - NetworkInterface: Netlink information message family=0, type=1, index=1122, flags=0x1002, change=0xffffffff
Jun 29, 2026 09:20:30.980 [547808698592] DEBUG - Network change.
Jun 29, 2026 09:20:30.980 [547808698592] DEBUG - NetworkInterface: Notified of network changed (force=0)
Jun 29, 2026 09:20:30.983 [547808698592] DEBUG - Network change notification but nothing changed.
Jun 29, 2026 09:20:30.983 [547808698592] DEBUG - NetworkInterface: received Netlink message len=1856, type=RTM_NEWLINK, flags=0x0
Jun 29, 2026 09:20:30.983 [547808698592] DEBUG - NetworkInterface: Netlink information message family=0, type=1, index=1122, flags=0x1002, change=0x0
Jun 29, 2026 09:20:30.983 [547808698592] DEBUG - Network change.
Jun 29, 2026 09:20:30.983 [547808698592] DEBUG - NetworkInterface: Notified of network changed (force=0)
Jun 29, 2026 09:20:30.985 [547808698592] DEBUG - Network change notification but nothing changed.
Jun 29, 2026 09:20:30.985 [547808698592] DEBUG - NetworkInterface: received Netlink message len=1856, type=RTM_NEWLINK, flags=0x0
Jun 29, 2026 09:20:30.985 [547808698592] DEBUG - NetworkInterface: Netlink information message family=0, type=1, index=1122, flags=0x1002, change=0x100
Jun 29, 2026 09:20:30.985 [547808698592] DEBUG - Network change.
Jun 29, 2026 09:20:30.985 [547808698592] DEBUG - NetworkInterface: Notified of network changed (force=0)
Jun 29, 2026 09:20:30.986 [547808698592] DEBUG - Network change notification but nothing changed.
Jun 29, 2026 09:20:30.986 [547808698592] DEBUG - NetworkInterface: received Netlink message len=440, type=RTM_NEWLINK, flags=0x0
Jun 29, 2026 09:20:30.986 [547808698592] DEBUG - NetworkInterface: Netlink information message family=7, type=1, index=1122, flags=0x1002, change=0x0
Jun 29, 2026 09:20:30.986 [547808698592] DEBUG - Network change.
Jun 29, 2026 09:20:30.986 [547808698592] DEBUG - NetworkInterface: Notified of network changed (force=0)
Jun 29, 2026 09:20:30.990 [547808698592] DEBUG - Network change notification but nothing changed.
Jun 29, 2026 09:20:30.990 [547808698592] DEBUG - NetworkInterface: received Netlink message len=1856, type=RTM_NEWLINK, flags=0x0
Jun 29, 2026 09:20:30.991 [547808698592] DEBUG - NetworkInterface: Netlink information message family=0, type=1, index=1122, flags=0x1003, change=0x1
Jun 29, 2026 09:20:30.991 [547808698592] DEBUG - Network change.
Jun 29, 2026 09:20:30.992 [547808698592] DEBUG - NetworkInterface: Notified of network changed (force=0)
Jun 29, 2026 09:20:30.993 [547808698592] DEBUG - Network change notification but nothing changed.
Jun 29, 2026 09:20:30.993 [547808698592] DEBUG - NetworkInterface: received Netlink message len=440, type=RTM_NEWLINK, flags=0x0
Jun 29, 2026 09:20:30.994 [547808698592] DEBUG - NetworkInterface: Netlink information message family=7, type=1, index=1122, flags=0x1003, change=0x0
Jun 29, 2026 09:20:30.995 [547808698592] DEBUG - Network change.
Jun 29, 2026 09:20:30.995 [547808698592] DEBUG - NetworkInterface: Notified of network changed (force=0)
Jun 29, 2026 09:20:30.997 [547808698592] DEBUG - Network change notification but nothing changed.
Jun 29, 2026 09:20:31.008 [547808698592] DEBUG - NetworkInterface: received Netlink message len=1500, type=RTM_NEWLINK, flags=0x0
Jun 29, 2026 09:20:31.008 [547808698592] DEBUG - NetworkInterface: Netlink information message family=0, type=1, index=1121, flags=0x11003, change=0x1
Jun 29, 2026 09:20:31.008 [547808698592] DEBUG - Network change.
Jun 29, 2026 09:20:31.008 [547808698592] DEBUG - NetworkInterface: Notified of network changed (force=0)
Jun 29, 2026 09:20:31.012 [547808698592] DEBUG - Network change notification but nothing changed.
Jun 29, 2026 09:20:31.012 [547808698592] DEBUG - NetworkInterface: received Netlink message len=1500, type=RTM_NEWLINK, flags=0x0
Jun 29, 2026 09:20:31.012 [547808698592] DEBUG - NetworkInterface: Netlink information message family=0, type=1, index=1121, flags=0x11043, change=0x0
Jun 29, 2026 09:20:31.012 [547808698592] DEBUG - Network change.
Jun 29, 2026 09:20:31.012 [547808698592] DEBUG - NetworkInterface: Notified of network changed (force=0)
Jun 29, 2026 09:20:31.013 [547808698592] DEBUG - Network change notification but nothing changed.
Jun 29, 2026 09:20:31.013 [547808698592] DEBUG - NetworkInterface: received Netlink message len=440, type=RTM_NEWLINK, flags=0x0
Jun 29, 2026 09:20:31.013 [547808698592] DEBUG - NetworkInterface: Netlink information message family=7, type=1, index=1122, flags=0x11043, change=0x0
Jun 29, 2026 09:20:31.013 [547808698592] DEBUG - Network change.
Jun 29, 2026 09:20:31.013 [547808698592] DEBUG - NetworkInterface: Notified of network changed (force=0)
Jun 29, 2026 09:20:31.013 [547808698592] DEBUG - Network change notification but nothing changed.
Jun 29, 2026 09:20:31.013 [547808698592] DEBUG - NetworkInterface: received Netlink message len=440, type=RTM_NEWLINK, flags=0x0
Jun 29, 2026 09:20:31.013 [547808698592] DEBUG - NetworkInterface: Netlink information message family=7, type=1, index=1122, flags=0x11043, change=0x0
Jun 29, 2026 09:20:31.013 [547808698592] DEBUG - Network change.
Jun 29, 2026 09:20:31.013 [547808698592] DEBUG - NetworkInterface: Notified of network changed (force=0)
Jun 29, 2026 09:20:31.014 [547808698592] DEBUG - Network change notification but nothing changed.
Jun 29, 2026 09:20:31.014 [547808698592] DEBUG - NetworkInterface: received Netlink message len=1856, type=RTM_NEWLINK, flags=0x0
Jun 29, 2026 09:20:31.014 [547808698592] DEBUG - NetworkInterface: Netlink information message family=0, type=1, index=1122, flags=0x11043, change=0x0
Jun 29, 2026 09:20:31.014 [547808698592] DEBUG - Network change.
Jun 29, 2026 09:20:31.014 [547808698592] DEBUG - NetworkInterface: Notified of network changed (force=0)
Jun 29, 2026 09:20:31.016 [547808698592] DEBUG - Network change notification but nothing changed.
Jun 29, 2026 09:20:32.111 [547808698592] DEBUG - NetworkInterface: received Netlink message len=1500, type=RTM_NEWLINK, flags=0x0
Jun 29, 2026 09:20:32.111 [547808698592] DEBUG - NetworkInterface: Netlink information message family=0, type=1, index=1121, flags=0x1002, change=0x41
Jun 29, 2026 09:20:32.111 [547808698592] DEBUG - Network change.
Jun 29, 2026 09:20:32.111 [547808698592] DEBUG - NetworkInterface: Notified of network changed (force=0)
Jun 29, 2026 09:20:32.135 [547808698592] DEBUG - Network change notification but nothing changed.
Jun 29, 2026 09:20:32.135 [547808698592] DEBUG - NetworkInterface: received Netlink message len=704, type=RTM_DELLINK, flags=0x0
Jun 29, 2026 09:20:32.135 [547808698592] DEBUG - NetworkInterface: Netlink information message family=0, type=1, index=1121, flags=0x1002, change=0xffffffff
Jun 29, 2026 09:20:32.135 [547808698592] DEBUG - NetworkInterface: received Netlink message len=440, type=RTM_NEWLINK, flags=0x0
Jun 29, 2026 09:20:32.135 [547808698592] DEBUG - NetworkInterface: Netlink information message family=7, type=1, index=1122, flags=0x1003, change=0x0
Jun 29, 2026 09:20:32.135 [547808698592] DEBUG - Network change.
Jun 29, 2026 09:20:32.135 [547808698592] DEBUG - NetworkInterface: Notified of network changed (force=0)
Jun 29, 2026 09:20:32.136 [547808698592] DEBUG - Network change notification but nothing changed.
Jun 29, 2026 09:20:32.136 [547808698592] DEBUG - NetworkInterface: received Netlink message len=1864, type=RTM_NEWLINK, flags=0x0
Jun 29, 2026 09:20:32.136 [547808698592] DEBUG - NetworkInterface: Netlink information message family=0, type=1, index=1122, flags=0x1003, change=0x0
Jun 29, 2026 09:20:32.136 [547808698592] DEBUG - Network change.
Jun 29, 2026 09:20:32.136 [547808698592] DEBUG - NetworkInterface: Notified of network changed (force=0)
Jun 29, 2026 09:20:32.137 [547808698592] DEBUG - Network change notification but nothing changed.
Jun 29, 2026 09:20:32.137 [547808698592] DEBUG - NetworkInterface: received Netlink message len=440, type=RTM_NEWLINK, flags=0x0
Jun 29, 2026 09:20:32.137 [547808698592] DEBUG - NetworkInterface: Netlink information message family=7, type=1, index=1122, flags=0x11043, change=0x0
Jun 29, 2026 09:20:32.137 [547808698592] DEBUG - Network change.
Jun 29, 2026 09:20:32.137 [547808698592] DEBUG - NetworkInterface: Notified of network changed (force=0)
Jun 29, 2026 09:20:32.138 [547808698592] DEBUG - Network change notification but nothing changed.
Jun 29, 2026 09:20:32.138 [547808698592] DEBUG - NetworkInterface: received Netlink message len=440, type=RTM_NEWLINK, flags=0x0
Jun 29, 2026 09:20:32.138 [547808698592] DEBUG - NetworkInterface: Netlink information message family=7, type=1, index=1122, flags=0x11043, change=0x0
Jun 29, 2026 09:20:32.138 [547808698592] DEBUG - Network change.
Jun 29, 2026 09:20:32.138 [547808698592] DEBUG - NetworkInterface: Notified of network changed (force=0)
Jun 29, 2026 09:20:32.139 [547808698592] DEBUG - Network change notification but nothing changed.
Jun 29, 2026 09:20:32.139 [547808698592] DEBUG - NetworkInterface: received Netlink message len=1864, type=RTM_NEWLINK, flags=0x0
Jun 29, 2026 09:20:32.139 [547808698592] DEBUG - NetworkInterface: Netlink information message family=0, type=1, index=1122, flags=0x11043, change=0x0
Jun 29, 2026 09:20:32.139 [547808698592] DEBUG - Network change.
Jun 29, 2026 09:20:32.139 [547808698592] DEBUG - NetworkInterface: Notified of network changed (force=0)
Jun 29, 2026 09:20:32.140 [547808698592] DEBUG - Network change notification but nothing changed.
Jun 29, 2026 09:20:35.539 [547808698592] DEBUG - NetworkInterface: received Netlink message len=440, type=RTM_NEWLINK, flags=0x0
Jun 29, 2026 09:20:35.539 [547808698592] DEBUG - NetworkInterface: Netlink information message family=7, type=1, index=1122, flags=0x1003, change=0x0
Jun 29, 2026 09:20:35.539 [547808698592] DEBUG - Network change.
Jun 29, 2026 09:20:35.539 [547808698592] DEBUG - NetworkInterface: Notified of network changed (force=0)
Jun 29, 2026 09:20:35.574 [547808698592] DEBUG - Network change notification but nothing changed.
Jun 29, 2026 09:20:35.574 [547808698592] DEBUG - NetworkInterface: received Netlink message len=1864, type=RTM_NEWLINK, flags=0x0
Jun 29, 2026 09:20:35.574 [547808698592] DEBUG - NetworkInterface: Netlink information message family=0, type=1, index=1122, flags=0x1003, change=0x0
Jun 29, 2026 09:20:35.574 [547808698592] DEBUG - Network change.
Jun 29, 2026 09:20:35.574 [547808698592] DEBUG - NetworkInterface: Notified of network changed (force=0)
Jun 29, 2026 09:20:35.575 [547808698592] DEBUG - Network change notification but nothing changed.
Jun 29, 2026 09:20:35.575 [547808698592] DEBUG - NetworkInterface: received Netlink message len=1500, type=RTM_NEWLINK, flags=0x0
Jun 29, 2026 09:20:35.575 [547808698592] DEBUG - NetworkInterface: Netlink information message family=0, type=1, index=1121, flags=0x1002, change=0xffffffff
Jun 29, 2026 09:20:35.575 [547808698592] DEBUG - Network change.
Jun 29, 2026 09:20:35.575 [547808698592] DEBUG - NetworkInterface: Notified of network changed (force=0)
Jun 29, 2026 09:20:35.576 [547808698592] DEBUG - Network change notification but nothing changed.
Jun 29, 2026 09:20:35.600 [547808698592] DEBUG - NetworkInterface: received Netlink message len=1500, type=RTM_NEWLINK, flags=0x0
Jun 29, 2026 09:20:35.600 [547808698592] DEBUG - NetworkInterface: Netlink information message family=0, type=1, index=1121, flags=0x11003, change=0x1
Jun 29, 2026 09:20:35.600 [547808698592] DEBUG - Network change.
Jun 29, 2026 09:20:35.600 [547808698592] DEBUG - NetworkInterface: Notified of network changed (force=0)
Jun 29, 2026 09:20:35.601 [547808698592] DEBUG - Network change notification but nothing changed.
Jun 29, 2026 09:20:35.601 [547808698592] DEBUG - NetworkInterface: received Netlink message len=1500, type=RTM_NEWLINK, flags=0x0
Jun 29, 2026 09:20:35.601 [547808698592] DEBUG - NetworkInterface: Netlink information message family=0, type=1, index=1121, flags=0x11043, change=0x0
Jun 29, 2026 09:20:35.601 [547808698592] DEBUG - Network change.
Jun 29, 2026 09:20:35.601 [547808698592] DEBUG - NetworkInterface: Notified of network changed (force=0)
Jun 29, 2026 09:20:35.602 [547808698592] DEBUG - Network change notification but nothing changed.
Jun 29, 2026 09:20:35.602 [547808698592] DEBUG - NetworkInterface: received Netlink message len=440, type=RTM_NEWLINK, flags=0x0
Jun 29, 2026 09:20:35.602 [547808698592] DEBUG - NetworkInterface: Netlink information message family=7, type=1, index=1122, flags=0x11043, change=0x0
Jun 29, 2026 09:20:35.602 [547808698592] DEBUG - Network change.
Jun 29, 2026 09:20:35.602 [547808698592] DEBUG - NetworkInterface: Notified of network changed (force=0)
Jun 29, 2026 09:20:35.602 [547808698592] DEBUG - Network change notification but nothing changed.
Jun 29, 2026 09:20:35.602 [547808698592] DEBUG - NetworkInterface: received Netlink message len=440, type=RTM_NEWLINK, flags=0x0
Jun 29, 2026 09:20:35.602 [547808698592] DEBUG - NetworkInterface: Netlink information message family=7, type=1, index=1122, flags=0x11043, change=0x0
Jun 29, 2026 09:20:35.602 [547808698592] DEBUG - Network change.
Jun 29, 2026 09:20:35.602 [547808698592] DEBUG - NetworkInterface: Notified of network changed (force=0)
Jun 29, 2026 09:20:35.603 [547808698592] DEBUG - Network change notification but nothing changed.
Jun 29, 2026 09:20:35.603 [547808698592] DEBUG - NetworkInterface: received Netlink message len=1856, type=RTM_NEWLINK, flags=0x0
Jun 29, 2026 09:20:35.603 [547808698592] DEBUG - NetworkInterface: Netlink information message family=0, type=1, index=1122, flags=0x11043, change=0x0
Jun 29, 2026 09:20:35.603 [547808698592] DEBUG - Network change.
Jun 29, 2026 09:20:35.603 [547808698592] DEBUG - NetworkInterface: Notified of network changed (force=0)
Jun 29, 2026 09:20:35.605 [547808698592] DEBUG - Network change notification but nothing changed.
Jun 29, 2026 09:20:35.661 [547808698592] DEBUG - NetworkInterface: received Netlink message len=1500, type=RTM_NEWLINK, flags=0x0
Jun 29, 2026 09:20:35.661 [547808698592] DEBUG - NetworkInterface: Netlink information message family=0, type=1, index=1121, flags=0x1002, change=0x41
Jun 29, 2026 09:20:35.661 [547808698592] DEBUG - Network change.
Jun 29, 2026 09:20:35.661 [547808698592] DEBUG - NetworkInterface: Notified of network changed (force=0)
Jun 29, 2026 09:20:35.668 [547808698592] DEBUG - Network change notification but nothing changed.
Jun 29, 2026 09:20:35.668 [547808698592] DEBUG - NetworkInterface: received Netlink message len=1856, type=RTM_NEWLINK, flags=0x0
Jun 29, 2026 09:20:35.668 [547808698592] DEBUG - NetworkInterface: Netlink information message family=0, type=1, index=1122, flags=0x1002, change=0x41
Jun 29, 2026 09:20:35.668 [547808698592] DEBUG - Network change.
Jun 29, 2026 09:20:35.668 [547808698592] DEBUG - NetworkInterface: Notified of network changed (force=0)
Jun 29, 2026 09:20:35.668 [547808698592] DEBUG - Network change notification but nothing changed.
Jun 29, 2026 09:20:35.668 [547808698592] DEBUG - NetworkInterface: received Netlink message len=440, type=RTM_NEWLINK, flags=0x0
Jun 29, 2026 09:20:35.668 [547808698592] DEBUG - NetworkInterface: Netlink information message family=7, type=1, index=1122, flags=0x1002, change=0x0
Jun 29, 2026 09:20:35.668 [547808698592] DEBUG - Network change.
Jun 29, 2026 09:20:35.668 [547808698592] DEBUG - NetworkInterface: Notified of network changed (force=0)
Jun 29, 2026 09:20:35.670 [547808698592] DEBUG - Network change notification but nothing changed.
Jun 29, 2026 09:20:35.670 [547808698592] DEBUG - NetworkInterface: received Netlink message len=688, type=RTM_DELLINK, flags=0x0
Jun 29, 2026 09:20:35.670 [547808698592] DEBUG - NetworkInterface: Netlink information message family=0, type=1, index=1121, flags=0x1002, change=0xffffffff
Jun 29, 2026 09:20:35.670 [547808698592] DEBUG - NetworkInterface: received Netlink message len=440, type=RTM_NEWLINK, flags=0x0
Jun 29, 2026 09:20:35.670 [547808698592] DEBUG - NetworkInterface: Netlink information message family=7, type=1, index=1122, flags=0x1002, change=0x0
Jun 29, 2026 09:20:35.670 [547808698592] DEBUG - Network change.
Jun 29, 2026 09:20:35.670 [547808698592] DEBUG - NetworkInterface: Notified of network changed (force=0)
Jun 29, 2026 09:20:35.671 [547808698592] DEBUG - Network change notification but nothing changed.
Jun 29, 2026 09:20:35.671 [547808698592] DEBUG - NetworkInterface: received Netlink message len=104, type=RTM_DELLINK, flags=0x0
Jun 29, 2026 09:20:35.671 [547808698592] DEBUG - NetworkInterface: Netlink information message family=7, type=1, index=1122, flags=0x1002, change=0x0
Jun 29, 2026 09:20:35.671 [547808698592] DEBUG - NetworkInterface: received Netlink message len=688, type=RTM_DELLINK, flags=0x0
Jun 29, 2026 09:20:35.671 [547808698592] DEBUG - NetworkInterface: Netlink information message family=0, type=1, index=1122, flags=0x1002, change=0xffffffff
Jun 29, 2026 09:20:48.145 [547808698592] DEBUG - NetworkInterface: received Netlink message len=1500, type=RTM_NEWLINK, flags=0x0
Jun 29, 2026 09:20:48.145 [547808698592] DEBUG - NetworkInterface: Netlink information message family=0, type=1, index=1123, flags=0x1002, change=0xffffffff
Jun 29, 2026 09:20:48.145 [547808698592] DEBUG - Network change.
Jun 29, 2026 09:20:48.145 [547808698592] DEBUG - NetworkInterface: Notified of network changed (force=0)
Jun 29, 2026 09:20:48.150 [547808698592] DEBUG - Network change notification but nothing changed.
Jun 29, 2026 09:20:48.150 [547808698592] DEBUG - NetworkInterface: received Netlink message len=1500, type=RTM_NEWLINK, flags=0x0
Jun 29, 2026 09:20:48.150 [547808698592] DEBUG - NetworkInterface: Netlink information message family=0, type=1, index=1124, flags=0x1002, change=0xffffffff
Jun 29, 2026 09:20:48.150 [547808698592] DEBUG - Network change.
Jun 29, 2026 09:20:48.150 [547808698592] DEBUG - NetworkInterface: Notified of network changed (force=0)
Jun 29, 2026 09:20:48.152 [547808698592] DEBUG - Network change notification but nothing changed.
Jun 29, 2026 09:20:48.152 [547808698592] DEBUG - NetworkInterface: received Netlink message len=1856, type=RTM_NEWLINK, flags=0x0
Jun 29, 2026 09:20:48.152 [547808698592] DEBUG - NetworkInterface: Netlink information message family=0, type=1, index=1124, flags=0x1002, change=0x0
Jun 29, 2026 09:20:48.153 [547808698592] DEBUG - Network change.
Jun 29, 2026 09:20:48.153 [547808698592] DEBUG - NetworkInterface: Notified of network changed (force=0)
Jun 29, 2026 09:20:48.153 [547808698592] DEBUG - Network change notification but nothing changed.
Jun 29, 2026 09:20:48.153 [547808698592] DEBUG - NetworkInterface: received Netlink message len=1856, type=RTM_NEWLINK, flags=0x0
Jun 29, 2026 09:20:48.153 [547808698592] DEBUG - NetworkInterface: Netlink information message family=0, type=1, index=1124, flags=0x1002, change=0x100
Jun 29, 2026 09:20:48.153 [547808698592] DEBUG - Network change.
Jun 29, 2026 09:20:48.153 [547808698592] DEBUG - NetworkInterface: Notified of network changed (force=0)
Jun 29, 2026 09:20:48.154 [547808698592] DEBUG - Network change notification but nothing changed.
Jun 29, 2026 09:20:48.154 [547808698592] DEBUG - NetworkInterface: received Netlink message len=440, type=RTM_NEWLINK, flags=0x0
Jun 29, 2026 09:20:48.154 [547808698592] DEBUG - NetworkInterface: Netlink information message family=7, type=1, index=1124, flags=0x1002, change=0x0
Jun 29, 2026 09:20:48.154 [547808698592] DEBUG - Network change.
Jun 29, 2026 09:20:48.154 [547808698592] DEBUG - NetworkInterface: Notified of network changed (force=0)
Jun 29, 2026 09:20:48.155 [547808698592] DEBUG - Network change notification but nothing changed.
Jun 29, 2026 09:20:48.155 [547808698592] DEBUG - NetworkInterface: received Netlink message len=1856, type=RTM_NEWLINK, flags=0x0
Jun 29, 2026 09:20:48.155 [547808698592] DEBUG - NetworkInterface: Netlink information message family=0, type=1, index=1124, flags=0x1003, change=0x1
Jun 29, 2026 09:20:48.155 [547808698592] DEBUG - Network change.
Jun 29, 2026 09:20:48.155 [547808698592] DEBUG - NetworkInterface: Notified of network changed (force=0)
Jun 29, 2026 09:20:48.156 [547808698592] DEBUG - Network change notification but nothing changed.
Jun 29, 2026 09:20:48.156 [547808698592] DEBUG - NetworkInterface: received Netlink message len=440, type=RTM_NEWLINK, flags=0x0
Jun 29, 2026 09:20:48.156 [547808698592] DEBUG - NetworkInterface: Netlink information message family=7, type=1, index=1124, flags=0x1003, change=0x0
Jun 29, 2026 09:20:48.156 [547808698592] DEBUG - Network change.
Jun 29, 2026 09:20:48.156 [547808698592] DEBUG - NetworkInterface: Notified of network changed (force=0)
Jun 29, 2026 09:20:48.158 [547808698592] DEBUG - Network change notification but nothing changed.
Jun 29, 2026 09:20:48.182 [547808698592] DEBUG - NetworkInterface: received Netlink message len=1500, type=RTM_NEWLINK, flags=0x0
Jun 29, 2026 09:20:48.182 [547808698592] DEBUG - NetworkInterface: Netlink information message family=0, type=1, index=1123, flags=0x11003, change=0x1
Jun 29, 2026 09:20:48.182 [547808698592] DEBUG - Network change.
Jun 29, 2026 09:20:48.182 [547808698592] DEBUG - NetworkInterface: Notified of network changed (force=0)
Jun 29, 2026 09:20:48.193 [547808698592] DEBUG - Network change notification but nothing changed.
Jun 29, 2026 09:20:48.193 [547808698592] DEBUG - NetworkInterface: received Netlink message len=1500, type=RTM_NEWLINK, flags=0x0
Jun 29, 2026 09:20:48.193 [547808698592] DEBUG - NetworkInterface: Netlink information message family=0, type=1, index=1123, flags=0x11043, change=0x0
Jun 29, 2026 09:20:48.193 [547808698592] DEBUG - Network change.
Jun 29, 2026 09:20:48.193 [547808698592] DEBUG - NetworkInterface: Notified of network changed (force=0)
Jun 29, 2026 09:20:48.194 [547808698592] DEBUG - Network change notification but nothing changed.
Jun 29, 2026 09:20:48.194 [547808698592] DEBUG - NetworkInterface: received Netlink message len=440, type=RTM_NEWLINK, flags=0x0
Jun 29, 2026 09:20:48.194 [547808698592] DEBUG - NetworkInterface: Netlink information message family=7, type=1, index=1124, flags=0x11043, change=0x0
Jun 29, 2026 09:20:48.194 [547808698592] DEBUG - Network change.
Jun 29, 2026 09:20:48.194 [547808698592] DEBUG - NetworkInterface: Notified of network changed (force=0)
Jun 29, 2026 09:20:48.194 [547808698592] DEBUG - Network change notification but nothing changed.
Jun 29, 2026 09:20:48.194 [547808698592] DEBUG - NetworkInterface: received Netlink message len=440, type=RTM_NEWLINK, flags=0x0
Jun 29, 2026 09:20:48.194 [547808698592] DEBUG - NetworkInterface: Netlink information message family=7, type=1, index=1124, flags=0x11043, change=0x0
Jun 29, 2026 09:20:48.194 [547808698592] DEBUG - Network change.
Jun 29, 2026 09:20:48.194 [547808698592] DEBUG - NetworkInterface: Notified of network changed (force=0)
Jun 29, 2026 09:20:48.195 [547808698592] DEBUG - Network change notification but nothing changed.
Jun 29, 2026 09:20:48.195 [547808698592] DEBUG - NetworkInterface: received Netlink message len=1856, type=RTM_NEWLINK, flags=0x0
Jun 29, 2026 09:20:48.195 [547808698592] DEBUG - NetworkInterface: Netlink information message family=0, type=1, index=1124, flags=0x11043, change=0x0
Jun 29, 2026 09:20:48.196 [547808698592] DEBUG - Network change.
Jun 29, 2026 09:20:48.196 [547808698592] DEBUG - NetworkInterface: Notified of network changed (force=0)
Jun 29, 2026 09:20:48.197 [547808698592] DEBUG - Network change notification but nothing changed.
Jun 29, 2026 09:20:49.275 [547808698592] DEBUG - NetworkInterface: received Netlink message len=1500, type=RTM_NEWLINK, flags=0x0
Jun 29, 2026 09:20:49.275 [547808698592] DEBUG - NetworkInterface: Netlink information message family=0, type=1, index=1123, flags=0x1002, change=0x41
Jun 29, 2026 09:20:49.275 [547808698592] DEBUG - Network change.
Jun 29, 2026 09:20:49.275 [547808698592] DEBUG - NetworkInterface: Notified of network changed (force=0)
Jun 29, 2026 09:20:49.311 [547808698592] DEBUG - Network change notification but nothing changed.
Jun 29, 2026 09:20:49.311 [547808698592] DEBUG - NetworkInterface: received Netlink message len=704, type=RTM_DELLINK, flags=0x0
Jun 29, 2026 09:20:49.311 [547808698592] DEBUG - NetworkInterface: Netlink information message family=0, type=1, index=1123, flags=0x1002, change=0xffffffff
Jun 29, 2026 09:20:49.311 [547808698592] DEBUG - NetworkInterface: received Netlink message len=440, type=RTM_NEWLINK, flags=0x0
Jun 29, 2026 09:20:49.311 [547808698592] DEBUG - NetworkInterface: Netlink information message family=7, type=1, index=1124, flags=0x1003, change=0x0
Jun 29, 2026 09:20:49.311 [547808698592] DEBUG - Network change.
Jun 29, 2026 09:20:49.311 [547808698592] DEBUG - NetworkInterface: Notified of network changed (force=0)
Jun 29, 2026 09:20:49.312 [547808698592] DEBUG - Network change notification but nothing changed.
Jun 29, 2026 09:20:49.312 [547808698592] DEBUG - NetworkInterface: received Netlink message len=1864, type=RTM_NEWLINK, flags=0x0
Jun 29, 2026 09:20:49.312 [547808698592] DEBUG - NetworkInterface: Netlink information message family=0, type=1, index=1124, flags=0x1003, change=0x0
Jun 29, 2026 09:20:49.312 [547808698592] DEBUG - Network change.
Jun 29, 2026 09:20:49.312 [547808698592] DEBUG - NetworkInterface: Notified of network changed (force=0)
Jun 29, 2026 09:20:49.313 [547808698592] DEBUG - Network change notification but nothing changed.
Jun 29, 2026 09:20:49.313 [547808698592] DEBUG - NetworkInterface: received Netlink message len=440, type=RTM_NEWLINK, flags=0x0
Jun 29, 2026 09:20:49.313 [547808698592] DEBUG - NetworkInterface: Netlink information message family=7, type=1, index=1124, flags=0x11043, change=0x0
Jun 29, 2026 09:20:49.313 [547808698592] DEBUG - Network change.
Jun 29, 2026 09:20:49.313 [547808698592] DEBUG - NetworkInterface: Notified of network changed (force=0)
Jun 29, 2026 09:20:49.314 [547808698592] DEBUG - Network change notification but nothing changed.
Jun 29, 2026 09:20:49.314 [547808698592] DEBUG - NetworkInterface: received Netlink message len=440, type=RTM_NEWLINK, flags=0x0
Jun 29, 2026 09:20:49.314 [547808698592] DEBUG - NetworkInterface: Netlink information message family=7, type=1, index=1124, flags=0x11043, change=0x0
Jun 29, 2026 09:20:49.314 [547808698592] DEBUG - Network change.
Jun 29, 2026 09:20:49.314 [547808698592] DEBUG - NetworkInterface: Notified of network changed (force=0)
Jun 29, 2026 09:20:49.315 [547808698592] DEBUG - Network change notification but nothing changed.
Jun 29, 2026 09:20:49.315 [547808698592] DEBUG - NetworkInterface: received Netlink message len=1864, type=RTM_NEWLINK, flags=0x0
Jun 29, 2026 09:20:49.315 [547808698592] DEBUG - NetworkInterface: Netlink information message family=0, type=1, index=1124, flags=0x11043, change=0x0
Jun 29, 2026 09:20:49.315 [547808698592] DEBUG - Network change.
Jun 29, 2026 09:20:49.315 [547808698592] DEBUG - NetworkInterface: Notified of network changed (force=0)
Jun 29, 2026 09:20:49.316 [547808698592] DEBUG - Network change notification but nothing changed.
Jun 29, 2026 09:20:52.729 [547808698592] DEBUG - NetworkInterface: received Netlink message len=440, type=RTM_NEWLINK, flags=0x0
Jun 29, 2026 09:20:52.729 [547808698592] DEBUG - NetworkInterface: Netlink information message family=7, type=1, index=1124, flags=0x1003, change=0x0
Jun 29, 2026 09:20:52.729 [547808698592] DEBUG - Network change.
Jun 29, 2026 09:20:52.729 [547808698592] DEBUG - NetworkInterface: Notified of network changed (force=0)
Jun 29, 2026 09:20:52.754 [547808698592] DEBUG - Network change notification but nothing changed.
Jun 29, 2026 09:20:52.755 [547808698592] DEBUG - NetworkInterface: received Netlink message len=1864, type=RTM_NEWLINK, flags=0x0
Jun 29, 2026 09:20:52.755 [547808698592] DEBUG - NetworkInterface: Netlink information message family=0, type=1, index=1124, flags=0x1003, change=0x0
Jun 29, 2026 09:20:52.755 [547808698592] DEBUG - Network change.
Jun 29, 2026 09:20:52.755 [547808698592] DEBUG - NetworkInterface: Notified of network changed (force=0)
Jun 29, 2026 09:20:52.755 [547808698592] DEBUG - Network change notification but nothing changed.
Jun 29, 2026 09:20:52.755 [547808698592] DEBUG - NetworkInterface: received Netlink message len=1500, type=RTM_NEWLINK, flags=0x0
Jun 29, 2026 09:20:52.755 [547808698592] DEBUG - NetworkInterface: Netlink information message family=0, type=1, index=1123, flags=0x1002, change=0xffffffff
Jun 29, 2026 09:20:52.755 [547808698592] DEBUG - Network change.
Jun 29, 2026 09:20:52.755 [547808698592] DEBUG - NetworkInterface: Notified of network changed (force=0)
Jun 29, 2026 09:20:52.756 [547808698592] DEBUG - Network change notification but nothing changed.
Jun 29, 2026 09:20:52.780 [547808698592] DEBUG - NetworkInterface: received Netlink message len=1500, type=RTM_NEWLINK, flags=0x0
Jun 29, 2026 09:20:52.780 [547808698592] DEBUG - NetworkInterface: Netlink information message family=0, type=1, index=1123, flags=0x11003, change=0x1
Jun 29, 2026 09:20:52.780 [547808698592] DEBUG - Network change.
Jun 29, 2026 09:20:52.780 [547808698592] DEBUG - NetworkInterface: Notified of network changed (force=0)
Jun 29, 2026 09:20:52.781 [547808698592] DEBUG - Network change notification but nothing changed.
Jun 29, 2026 09:20:52.781 [547808698592] DEBUG - NetworkInterface: received Netlink message len=1500, type=RTM_NEWLINK, flags=0x0
Jun 29, 2026 09:20:52.781 [547808698592] DEBUG - NetworkInterface: Netlink information message family=0, type=1, index=1123, flags=0x11043, change=0x0
Jun 29, 2026 09:20:52.781 [547808698592] DEBUG - Network change.
Jun 29, 2026 09:20:52.781 [547808698592] DEBUG - NetworkInterface: Notified of network changed (force=0)
Jun 29, 2026 09:20:52.782 [547808698592] DEBUG - Network change notification but nothing changed.
Jun 29, 2026 09:20:52.782 [547808698592] DEBUG - NetworkInterface: received Netlink message len=440, type=RTM_NEWLINK, flags=0x0
Jun 29, 2026 09:20:52.782 [547808698592] DEBUG - NetworkInterface: Netlink information message family=7, type=1, index=1124, flags=0x11043, change=0x0
Jun 29, 2026 09:20:52.782 [547808698592] DEBUG - Network change.
Jun 29, 2026 09:20:52.782 [547808698592] DEBUG - NetworkInterface: Notified of network changed (force=0)
Jun 29, 2026 09:20:52.782 [547808698592] DEBUG - Network change notification but nothing changed.
Jun 29, 2026 09:20:52.782 [547808698592] DEBUG - NetworkInterface: received Netlink message len=440, type=RTM_NEWLINK, flags=0x0
Jun 29, 2026 09:20:52.782 [547808698592] DEBUG - NetworkInterface: Netlink information message family=7, type=1, index=1124, flags=0x11043, change=0x0
Jun 29, 2026 09:20:52.782 [547808698592] DEBUG - Network change.
Jun 29, 2026 09:20:52.782 [547808698592] DEBUG - NetworkInterface: Notified of network changed (force=0)
Jun 29, 2026 09:20:52.783 [547808698592] DEBUG - Network change notification but nothing changed.
Jun 29, 2026 09:20:52.783 [547808698592] DEBUG - NetworkInterface: received Netlink message len=1856, type=RTM_NEWLINK, flags=0x0
Jun 29, 2026 09:20:52.783 [547808698592] DEBUG - NetworkInterface: Netlink information message family=0, type=1, index=1124, flags=0x11043, change=0x0
Jun 29, 2026 09:20:52.783 [547808698592] DEBUG - Network change.
Jun 29, 2026 09:20:52.783 [547808698592] DEBUG - NetworkInterface: Notified of network changed (force=0)
Jun 29, 2026 09:20:52.785 [547808698592] DEBUG - Network change notification but nothing changed.
Jun 29, 2026 09:20:52.839 [547808698592] DEBUG - NetworkInterface: received Netlink message len=1500, type=RTM_NEWLINK, flags=0x0
Jun 29, 2026 09:20:52.839 [547808698592] DEBUG - NetworkInterface: Netlink information message family=0, type=1, index=1123, flags=0x1002, change=0x41
Jun 29, 2026 09:20:52.839 [547808698592] DEBUG - Network change.
Jun 29, 2026 09:20:52.839 [547808698592] DEBUG - NetworkInterface: Notified of network changed (force=0)
Jun 29, 2026 09:20:52.847 [547808698592] DEBUG - Network change notification but nothing changed.
Jun 29, 2026 09:20:52.847 [547808698592] DEBUG - NetworkInterface: received Netlink message len=1856, type=RTM_NEWLINK, flags=0x0
Jun 29, 2026 09:20:52.847 [547808698592] DEBUG - NetworkInterface: Netlink information message family=0, type=1, index=1124, flags=0x1002, change=0x41
Jun 29, 2026 09:20:52.847 [547808698592] DEBUG - Network change.
Jun 29, 2026 09:20:52.847 [547808698592] DEBUG - NetworkInterface: Notified of network changed (force=0)
Jun 29, 2026 09:20:52.848 [547808698592] DEBUG - Network change notification but nothing changed.
Jun 29, 2026 09:20:52.848 [547808698592] DEBUG - NetworkInterface: received Netlink message len=440, type=RTM_NEWLINK, flags=0x0
Jun 29, 2026 09:20:52.848 [547808698592] DEBUG - NetworkInterface: Netlink information message family=7, type=1, index=1124, flags=0x1002, change=0x0
Jun 29, 2026 09:20:52.848 [547808698592] DEBUG - Network change.
Jun 29, 2026 09:20:52.848 [547808698592] DEBUG - NetworkInterface: Notified of network changed (force=0)
Jun 29, 2026 09:20:52.849 [547808698592] DEBUG - Network change notification but nothing changed.
Jun 29, 2026 09:20:52.849 [547808698592] DEBUG - NetworkInterface: received Netlink message len=688, type=RTM_DELLINK, flags=0x0
Jun 29, 2026 09:20:52.849 [547808698592] DEBUG - NetworkInterface: Netlink information message family=0, type=1, index=1123, flags=0x1002, change=0xffffffff
Jun 29, 2026 09:20:52.849 [547808698592] DEBUG - NetworkInterface: received Netlink message len=440, type=RTM_NEWLINK, flags=0x0
Jun 29, 2026 09:20:52.849 [547808698592] DEBUG - NetworkInterface: Netlink information message family=7, type=1, index=1124, flags=0x1002, change=0x0
Jun 29, 2026 09:20:52.849 [547808698592] DEBUG - Network change.
Jun 29, 2026 09:20:52.849 [547808698592] DEBUG - NetworkInterface: Notified of network changed (force=0)
Jun 29, 2026 09:20:52.852 [547808698592] DEBUG - Network change notification but nothing changed.
Jun 29, 2026 09:20:52.852 [547808698592] DEBUG - NetworkInterface: received Netlink message len=104, type=RTM_DELLINK, flags=0x0
Jun 29, 2026 09:20:52.852 [547808698592] DEBUG - NetworkInterface: Netlink information message family=7, type=1, index=1124, flags=0x1002, change=0x0
Jun 29, 2026 09:20:52.852 [547808698592] DEBUG - NetworkInterface: received Netlink message len=688, type=RTM_DELLINK, flags=0x0
Jun 29, 2026 09:20:52.852 [547808698592] DEBUG - NetworkInterface: Netlink information message family=0, type=1, index=1124, flags=0x1002, change=0xffffffff
Jun 29, 2026 09:21:04.707 [547812917472] DEBUG - [NSB/SSDP] Parsing SSDP schema for http://192.168.1.1:49152/wps_device.xml
Jun 29, 2026 09:21:18.154 [547808698592] DEBUG - NetworkInterface: received Netlink message len=1500, type=RTM_NEWLINK, flags=0x0
Jun 29, 2026 09:21:18.154 [547808698592] DEBUG - NetworkInterface: Netlink information message family=0, type=1, index=1125, flags=0x1002, change=0xffffffff
Jun 29, 2026 09:21:18.154 [547808698592] DEBUG - Network change.
Jun 29, 2026 09:21:18.154 [547808698592] DEBUG - NetworkInterface: Notified of network changed (force=0)
Jun 29, 2026 09:21:18.160 [547808698592] DEBUG - Network change notification but nothing changed.
Jun 29, 2026 09:21:18.161 [547808698592] DEBUG - NetworkInterface: received Netlink message len=1500, type=RTM_NEWLINK, flags=0x0
Jun 29, 2026 09:21:18.161 [547808698592] DEBUG - NetworkInterface: Netlink information message family=0, type=1, index=1126, flags=0x1002, change=0xffffffff
Jun 29, 2026 09:21:18.161 [547808698592] DEBUG - Network change.
Jun 29, 2026 09:21:18.161 [547808698592] DEBUG - NetworkInterface: Notified of network changed (force=0)
Jun 29, 2026 09:21:18.163 [547808698592] DEBUG - Network change notification but nothing changed.
Jun 29, 2026 09:21:18.163 [547808698592] DEBUG - NetworkInterface: received Netlink message len=1856, type=RTM_NEWLINK, flags=0x0
Jun 29, 2026 09:21:18.163 [547808698592] DEBUG - NetworkInterface: Netlink information message family=0, type=1, index=1126, flags=0x1002, change=0x0
Jun 29, 2026 09:21:18.163 [547808698592] DEBUG - Network change.
Jun 29, 2026 09:21:18.163 [547808698592] DEBUG - NetworkInterface: Notified of network changed (force=0)
Jun 29, 2026 09:21:18.164 [547808698592] DEBUG - Network change notification but nothing changed.
Jun 29, 2026 09:21:18.164 [547808698592] DEBUG - NetworkInterface: received Netlink message len=1856, type=RTM_NEWLINK, flags=0x0
Jun 29, 2026 09:21:18.164 [547808698592] DEBUG - NetworkInterface: Netlink information message family=0, type=1, index=1126, flags=0x1002, change=0x100
Jun 29, 2026 09:21:18.164 [547808698592] DEBUG - Network change.
Jun 29, 2026 09:21:18.164 [547808698592] DEBUG - NetworkInterface: Notified of network changed (force=0)
Jun 29, 2026 09:21:18.165 [547808698592] DEBUG - Network change notification but nothing changed.
Jun 29, 2026 09:21:18.165 [547808698592] DEBUG - NetworkInterface: received Netlink message len=440, type=RTM_NEWLINK, flags=0x0
Jun 29, 2026 09:21:18.165 [547808698592] DEBUG - NetworkInterface: Netlink information message family=7, type=1, index=1126, flags=0x1002, change=0x0
Jun 29, 2026 09:21:18.165 [547808698592] DEBUG - Network change.
Jun 29, 2026 09:21:18.165 [547808698592] DEBUG - NetworkInterface: Notified of network changed (force=0)
Jun 29, 2026 09:21:18.166 [547808698592] DEBUG - Network change notification but nothing changed.
Jun 29, 2026 09:21:18.166 [547808698592] DEBUG - NetworkInterface: received Netlink message len=1856, type=RTM_NEWLINK, flags=0x0
Jun 29, 2026 09:21:18.166 [547808698592] DEBUG - NetworkInterface: Netlink information message family=0, type=1, index=1126, flags=0x1003, change=0x1
Jun 29, 2026 09:21:18.166 [547808698592] DEBUG - Network change.
Jun 29, 2026 09:21:18.166 [547808698592] DEBUG - NetworkInterface: Notified of network changed (force=0)
Jun 29, 2026 09:21:18.166 [547808698592] DEBUG - Network change notification but nothing changed.
Jun 29, 2026 09:21:18.167 [547808698592] DEBUG - NetworkInterface: received Netlink message len=440, type=RTM_NEWLINK, flags=0x0
Jun 29, 2026 09:21:18.167 [547808698592] DEBUG - NetworkInterface: Netlink information message family=7, type=1, index=1126, flags=0x1003, change=0x0
Jun 29, 2026 09:21:18.167 [547808698592] DEBUG - Network change.
Jun 29, 2026 09:21:18.167 [547808698592] DEBUG - NetworkInterface: Notified of network changed (force=0)
Jun 29, 2026 09:21:18.168 [547808698592] DEBUG - Network change notification but nothing changed.
Jun 29, 2026 09:21:18.195 [547808698592] DEBUG - NetworkInterface: received Netlink message len=1500, type=RTM_NEWLINK, flags=0x0
Jun 29, 2026 09:21:18.195 [547808698592] DEBUG - NetworkInterface: Netlink information message family=0, type=1, index=1125, flags=0x11003, change=0x1
Jun 29, 2026 09:21:18.195 [547808698592] DEBUG - Network change.
Jun 29, 2026 09:21:18.195 [547808698592] DEBUG - NetworkInterface: Notified of network changed (force=0)
Jun 29, 2026 09:21:18.200 [547808698592] DEBUG - Network change notification but nothing changed.
Jun 29, 2026 09:21:18.200 [547808698592] DEBUG - NetworkInterface: received Netlink message len=1500, type=RTM_NEWLINK, flags=0x0
Jun 29, 2026 09:21:18.200 [547808698592] DEBUG - NetworkInterface: Netlink information message family=0, type=1, index=1125, flags=0x11043, change=0x0
Jun 29, 2026 09:21:18.200 [547808698592] DEBUG - Network change.
Jun 29, 2026 09:21:18.200 [547808698592] DEBUG - NetworkInterface: Notified of network changed (force=0)
Jun 29, 2026 09:21:18.201 [547808698592] DEBUG - Network change notification but nothing changed.
Jun 29, 2026 09:21:18.201 [547808698592] DEBUG - NetworkInterface: received Netlink message len=440, type=RTM_NEWLINK, flags=0x0
Jun 29, 2026 09:21:18.201 [547808698592] DEBUG - NetworkInterface: Netlink information message family=7, type=1, index=1126, flags=0x11043, change=0x0
Jun 29, 2026 09:21:18.201 [547808698592] DEBUG - Network change.
Jun 29, 2026 09:21:18.201 [547808698592] DEBUG - NetworkInterface: Notified of network changed (force=0)
Jun 29, 2026 09:21:18.202 [547808698592] DEBUG - Network change notification but nothing changed.
Jun 29, 2026 09:21:18.202 [547808698592] DEBUG - NetworkInterface: received Netlink message len=440, type=RTM_NEWLINK, flags=0x0
Jun 29, 2026 09:21:18.202 [547808698592] DEBUG - NetworkInterface: Netlink information message family=7, type=1, index=1126, flags=0x11043, change=0x0
Jun 29, 2026 09:21:18.202 [547808698592] DEBUG - Network change.
Jun 29, 2026 09:21:18.202 [547808698592] DEBUG - NetworkInterface: Notified of network changed (force=0)
Jun 29, 2026 09:21:18.202 [547808698592] DEBUG - Network change notification but nothing changed.
Jun 29, 2026 09:21:18.203 [547808698592] DEBUG - NetworkInterface: received Netlink message len=1856, type=RTM_NEWLINK, flags=0x0
Jun 29, 2026 09:21:18.203 [547808698592] DEBUG - NetworkInterface: Netlink information message family=0, type=1, index=1126, flags=0x11043, change=0x0
Jun 29, 2026 09:21:18.203 [547808698592] DEBUG - Network change.
Jun 29, 2026 09:21:18.203 [547808698592] DEBUG - NetworkInterface: Notified of network changed (force=0)
Jun 29, 2026 09:21:18.203 [547808698592] DEBUG - Network change notification but nothing changed.
Jun 29, 2026 09:21:19.231 [547808698592] DEBUG - NetworkInterface: received Netlink message len=1500, type=RTM_NEWLINK, flags=0x0
Jun 29, 2026 09:21:19.231 [547808698592] DEBUG - NetworkInterface: Netlink information message family=0, type=1, index=1125, flags=0x1002, change=0x41
Jun 29, 2026 09:21:19.231 [547808698592] DEBUG - Network change.
Jun 29, 2026 09:21:19.231 [547808698592] DEBUG - NetworkInterface: Notified of network changed (force=0)
Jun 29, 2026 09:21:19.256 [547808698592] DEBUG - Network change notification but nothing changed.
Jun 29, 2026 09:21:19.261 [547808698592] DEBUG - NetworkInterface: received Netlink message len=704, type=RTM_DELLINK, flags=0x0
Jun 29, 2026 09:21:19.261 [547808698592] DEBUG - NetworkInterface: Netlink information message family=0, type=1, index=1125, flags=0x1002, change=0xffffffff
Jun 29, 2026 09:21:19.261 [547808698592] DEBUG - NetworkInterface: received Netlink message len=440, type=RTM_NEWLINK, flags=0x0
Jun 29, 2026 09:21:19.261 [547808698592] DEBUG - NetworkInterface: Netlink information message family=7, type=1, index=1126, flags=0x1003, change=0x0
Jun 29, 2026 09:21:19.261 [547808698592] DEBUG - Network change.
Jun 29, 2026 09:21:19.261 [547808698592] DEBUG - NetworkInterface: Notified of network changed (force=0)
Jun 29, 2026 09:21:19.262 [547808698592] DEBUG - Network change notification but nothing changed.
Jun 29, 2026 09:21:19.263 [547808698592] DEBUG - NetworkInterface: received Netlink message len=1864, type=RTM_NEWLINK, flags=0x0
Jun 29, 2026 09:21:19.263 [547808698592] DEBUG - NetworkInterface: Netlink information message family=0, type=1, index=1126, flags=0x1003, change=0x0
Jun 29, 2026 09:21:19.263 [547808698592] DEBUG - Network change.
Jun 29, 2026 09:21:19.263 [547808698592] DEBUG - NetworkInterface: Notified of network changed (force=0)
Jun 29, 2026 09:21:19.264 [547808698592] DEBUG - Network change notification but nothing changed.
Jun 29, 2026 09:21:19.273 [547808698592] DEBUG - NetworkInterface: received Netlink message len=440, type=RTM_NEWLINK, flags=0x0
Jun 29, 2026 09:21:19.273 [547808698592] DEBUG - NetworkInterface: Netlink information message family=7, type=1, index=1126, flags=0x11043, change=0x0
Jun 29, 2026 09:21:19.273 [547808698592] DEBUG - Network change.
Jun 29, 2026 09:21:19.273 [547808698592] DEBUG - NetworkInterface: Notified of network changed (force=0)
Jun 29, 2026 09:21:19.274 [547808698592] DEBUG - Network change notification but nothing changed.
Jun 29, 2026 09:21:19.274 [547808698592] DEBUG - NetworkInterface: received Netlink message len=440, type=RTM_NEWLINK, flags=0x0
Jun 29, 2026 09:21:19.274 [547808698592] DEBUG - NetworkInterface: Netlink information message family=7, type=1, index=1126, flags=0x11043, change=0x0
Jun 29, 2026 09:21:19.274 [547808698592] DEBUG - Network change.
Jun 29, 2026 09:21:19.274 [547808698592] DEBUG - NetworkInterface: Notified of network changed (force=0)
Jun 29, 2026 09:21:19.274 [547808698592] DEBUG - Network change notification but nothing changed.
Jun 29, 2026 09:21:19.274 [547808698592] DEBUG - NetworkInterface: received Netlink message len=1864, type=RTM_NEWLINK, flags=0x0
Jun 29, 2026 09:21:19.274 [547808698592] DEBUG - NetworkInterface: Netlink information message family=0, type=1, index=1126, flags=0x11043, change=0x0
Jun 29, 2026 09:21:19.274 [547808698592] DEBUG - Network change.
Jun 29, 2026 09:21:19.274 [547808698592] DEBUG - NetworkInterface: Notified of network changed (force=0)
Jun 29, 2026 09:21:19.275 [547808698592] DEBUG - Network change notification but nothing changed.
Jun 29, 2026 09:21:19.723 [547857510624] DEBUG - [HttpClient/HCl#3b] HTTP simulating 408 after curl timeout
Jun 29, 2026 09:21:22.741 [547808698592] DEBUG - NetworkInterface: received Netlink message len=440, type=RTM_NEWLINK, flags=0x0
Jun 29, 2026 09:21:22.741 [547808698592] DEBUG - NetworkInterface: Netlink information message family=7, type=1, index=1126, flags=0x1003, change=0x0
Jun 29, 2026 09:21:22.741 [547808698592] DEBUG - Network change.
Jun 29, 2026 09:21:22.741 [547808698592] DEBUG - NetworkInterface: Notified of network changed (force=0)
Jun 29, 2026 09:21:22.767 [547808698592] DEBUG - Network change notification but nothing changed.
Jun 29, 2026 09:21:22.767 [547808698592] DEBUG - NetworkInterface: received Netlink message len=1864, type=RTM_NEWLINK, flags=0x0
Jun 29, 2026 09:21:22.767 [547808698592] DEBUG - NetworkInterface: Netlink information message family=0, type=1, index=1126, flags=0x1003, change=0x0
Jun 29, 2026 09:21:22.767 [547808698592] DEBUG - Network change.
Jun 29, 2026 09:21:22.767 [547808698592] DEBUG - NetworkInterface: Notified of network changed (force=0)
Jun 29, 2026 09:21:22.767 [547808698592] DEBUG - Network change notification but nothing changed.
Jun 29, 2026 09:21:22.767 [547808698592] DEBUG - NetworkInterface: received Netlink message len=1500, type=RTM_NEWLINK, flags=0x0
Jun 29, 2026 09:21:22.767 [547808698592] DEBUG - NetworkInterface: Netlink information message family=0, type=1, index=1125, flags=0x1002, change=0xffffffff
Jun 29, 2026 09:21:22.767 [547808698592] DEBUG - Network change.
Jun 29, 2026 09:21:22.767 [547808698592] DEBUG - NetworkInterface: Notified of network changed (force=0)
Jun 29, 2026 09:21:22.768 [547808698592] DEBUG - Network change notification but nothing changed.
Jun 29, 2026 09:21:22.800 [547808698592] DEBUG - NetworkInterface: received Netlink message len=1500, type=RTM_NEWLINK, flags=0x0
Jun 29, 2026 09:21:22.800 [547808698592] DEBUG - NetworkInterface: Netlink information message family=0, type=1, index=1125, flags=0x11003, change=0x1
Jun 29, 2026 09:21:22.800 [547808698592] DEBUG - Network change.
Jun 29, 2026 09:21:22.800 [547808698592] DEBUG - NetworkInterface: Notified of network changed (force=0)
Jun 29, 2026 09:21:22.802 [547808698592] DEBUG - Network change notification but nothing changed.
Jun 29, 2026 09:21:22.802 [547808698592] DEBUG - NetworkInterface: received Netlink message len=1500, type=RTM_NEWLINK, flags=0x0
Jun 29, 2026 09:21:22.802 [547808698592] DEBUG - NetworkInterface: Netlink information message family=0, type=1, index=1125, flags=0x11043, change=0x0
Jun 29, 2026 09:21:22.802 [547808698592] DEBUG - Network change.
Jun 29, 2026 09:21:22.802 [547808698592] DEBUG - NetworkInterface: Notified of network changed (force=0)
Jun 29, 2026 09:21:22.803 [547808698592] DEBUG - Network change notification but nothing changed.
Jun 29, 2026 09:21:22.803 [547808698592] DEBUG - NetworkInterface: received Netlink message len=440, type=RTM_NEWLINK, flags=0x0
Jun 29, 2026 09:21:22.803 [547808698592] DEBUG - NetworkInterface: Netlink information message family=7, type=1, index=1126, flags=0x11043, change=0x0
Jun 29, 2026 09:21:22.803 [547808698592] DEBUG - Network change.
Jun 29, 2026 09:21:22.803 [547808698592] DEBUG - NetworkInterface: Notified of network changed (force=0)
Jun 29, 2026 09:21:22.804 [547808698592] DEBUG - Network change notification but nothing changed.
Jun 29, 2026 09:21:22.804 [547808698592] DEBUG - NetworkInterface: received Netlink message len=440, type=RTM_NEWLINK, flags=0x0
Jun 29, 2026 09:21:22.804 [547808698592] DEBUG - NetworkInterface: Netlink information message family=7, type=1, index=1126, flags=0x11043, change=0x0
Jun 29, 2026 09:21:22.804 [547808698592] DEBUG - Network change.
Jun 29, 2026 09:21:22.804 [547808698592] DEBUG - NetworkInterface: Notified of network changed (force=0)
Jun 29, 2026 09:21:22.805 [547808698592] DEBUG - Network change notification but nothing changed.
Jun 29, 2026 09:21:22.805 [547808698592] DEBUG - NetworkInterface: received Netlink message len=1856, type=RTM_NEWLINK, flags=0x0
Jun 29, 2026 09:21:22.805 [547808698592] DEBUG - NetworkInterface: Netlink information message family=0, type=1, index=1126, flags=0x11043, change=0x0
Jun 29, 2026 09:21:22.805 [547808698592] DEBUG - Network change.
Jun 29, 2026 09:21:22.805 [547808698592] DEBUG - NetworkInterface: Notified of network changed (force=0)
Jun 29, 2026 09:21:22.806 [547808698592] DEBUG - Network change notification but nothing changed.
Jun 29, 2026 09:21:22.863 [547808698592] DEBUG - NetworkInterface: received Netlink message len=1500, type=RTM_NEWLINK, flags=0x0
Jun 29, 2026 09:21:22.863 [547808698592] DEBUG - NetworkInterface: Netlink information message family=0, type=1, index=1125, flags=0x1002, change=0x41
Jun 29, 2026 09:21:22.863 [547808698592] DEBUG - Network change.
Jun 29, 2026 09:21:22.863 [547808698592] DEBUG - NetworkInterface: Notified of network changed (force=0)
Jun 29, 2026 09:21:22.872 [547808698592] DEBUG - Network change notification but nothing changed.
Jun 29, 2026 09:21:22.873 [547808698592] DEBUG - NetworkInterface: received Netlink message len=1856, type=RTM_NEWLINK, flags=0x0
Jun 29, 2026 09:21:22.873 [547808698592] DEBUG - NetworkInterface: Netlink information message family=0, type=1, index=1126, flags=0x1002, change=0x41
Jun 29, 2026 09:21:22.873 [547808698592] DEBUG - Network change.
Jun 29, 2026 09:21:22.873 [547808698592] DEBUG - NetworkInterface: Notified of network changed (force=0)
Jun 29, 2026 09:21:22.876 [547808698592] DEBUG - Network change notification but nothing changed.
Jun 29, 2026 09:21:22.876 [547808698592] DEBUG - NetworkInterface: received Netlink message len=440, type=RTM_NEWLINK, flags=0x0
Jun 29, 2026 09:21:22.876 [547808698592] DEBUG - NetworkInterface: Netlink information message family=7, type=1, index=1126, flags=0x1002, change=0x0
Jun 29, 2026 09:21:22.876 [547808698592] DEBUG - Network change.
Jun 29, 2026 09:21:22.876 [547808698592] DEBUG - NetworkInterface: Notified of network changed (force=0)
Jun 29, 2026 09:21:22.878 [547808698592] DEBUG - Network change notification but nothing changed.
Jun 29, 2026 09:21:22.878 [547808698592] DEBUG - NetworkInterface: received Netlink message len=688, type=RTM_DELLINK, flags=0x0
Jun 29, 2026 09:21:22.878 [547808698592] DEBUG - NetworkInterface: Netlink information message family=0, type=1, index=1125, flags=0x1002, change=0xffffffff
Jun 29, 2026 09:21:22.878 [547808698592] DEBUG - NetworkInterface: received Netlink message len=440, type=RTM_NEWLINK, flags=0x0
Jun 29, 2026 09:21:22.878 [547808698592] DEBUG - NetworkInterface: Netlink information message family=7, type=1, index=1126, flags=0x1002, change=0x0
Jun 29, 2026 09:21:22.878 [547808698592] DEBUG - Network change.
Jun 29, 2026 09:21:22.878 [547808698592] DEBUG - NetworkInterface: Notified of network changed (force=0)
Jun 29, 2026 09:21:22.879 [547808698592] DEBUG - Network change notification but nothing changed.
Jun 29, 2026 09:21:22.879 [547808698592] DEBUG - NetworkInterface: received Netlink message len=104, type=RTM_DELLINK, flags=0x0
Jun 29, 2026 09:21:22.879 [547808698592] DEBUG - NetworkInterface: Netlink information message family=7, type=1, index=1126, flags=0x1002, change=0x0
Jun 29, 2026 09:21:22.879 [547808698592] DEBUG - NetworkInterface: received Netlink message len=688, type=RTM_DELLINK, flags=0x0
Jun 29, 2026 09:21:22.879 [547808698592] DEBUG - NetworkInterface: Netlink information message family=0, type=1, index=1126, flags=0x1002, change=0xffffffff
Jun 29, 2026 09:21:33.511 [547808698592] DEBUG - NetworkInterface: received Netlink message len=1500, type=RTM_NEWLINK, flags=0x0
Jun 29, 2026 09:21:33.511 [547808698592] DEBUG - NetworkInterface: Netlink information message family=0, type=1, index=1127, flags=0x1002, change=0xffffffff
Jun 29, 2026 09:21:33.511 [547808698592] DEBUG - Network change.
Jun 29, 2026 09:21:33.511 [547808698592] DEBUG - NetworkInterface: Notified of network changed (force=0)
Jun 29, 2026 09:21:33.519 [547808698592] DEBUG - Network change notification but nothing changed.
Jun 29, 2026 09:21:33.520 [547808698592] DEBUG - NetworkInterface: received Netlink message len=1500, type=RTM_NEWLINK, flags=0x0
Jun 29, 2026 09:21:33.520 [547808698592] DEBUG - NetworkInterface: Netlink information message family=0, type=1, index=1128, flags=0x1002, change=0xffffffff
Jun 29, 2026 09:21:33.520 [547808698592] DEBUG - Network change.
Jun 29, 2026 09:21:33.520 [547808698592] DEBUG - NetworkInterface: Notified of network changed (force=0)
Jun 29, 2026 09:21:33.522 [547808698592] DEBUG - Network change notification but nothing changed.
Jun 29, 2026 09:21:33.522 [547808698592] DEBUG - NetworkInterface: received Netlink message len=1856, type=RTM_NEWLINK, flags=0x0
Jun 29, 2026 09:21:33.522 [547808698592] DEBUG - NetworkInterface: Netlink information message family=0, type=1, index=1128, flags=0x1002, change=0x0
Jun 29, 2026 09:21:33.522 [547808698592] DEBUG - Network change.
Jun 29, 2026 09:21:33.522 [547808698592] DEBUG - NetworkInterface: Notified of network changed (force=0)
Jun 29, 2026 09:21:33.529 [547808698592] DEBUG - Network change notification but nothing changed.
Jun 29, 2026 09:21:33.529 [547808698592] DEBUG - NetworkInterface: received Netlink message len=1856, type=RTM_NEWLINK, flags=0x0
Jun 29, 2026 09:21:33.529 [547808698592] DEBUG - NetworkInterface: Netlink information message family=0, type=1, index=1128, flags=0x1002, change=0x100
Jun 29, 2026 09:21:33.529 [547808698592] DEBUG - Network change.
Jun 29, 2026 09:21:33.529 [547808698592] DEBUG - NetworkInterface: Notified of network changed (force=0)
Jun 29, 2026 09:21:33.531 [547808698592] DEBUG - Network change notification but nothing changed.
Jun 29, 2026 09:21:33.531 [547808698592] DEBUG - NetworkInterface: received Netlink message len=1924, type=RTM_NEWLINK, flags=0x0
Jun 29, 2026 09:21:33.531 [547808698592] DEBUG - NetworkInterface: Netlink information message family=0, type=1, index=4, flags=0x1003, change=0x0
Jun 29, 2026 09:21:33.531 [547808698592] DEBUG - Network change.
Jun 29, 2026 09:21:33.531 [547808698592] DEBUG - NetworkInterface: Notified of network changed (force=0)
Jun 29, 2026 09:21:33.532 [547808698592] DEBUG - Network change notification but nothing changed.
Jun 29, 2026 09:21:33.532 [547808698592] DEBUG - NetworkInterface: received Netlink message len=440, type=RTM_NEWLINK, flags=0x0
Jun 29, 2026 09:21:33.532 [547808698592] DEBUG - NetworkInterface: Netlink information message family=7, type=1, index=1128, flags=0x1002, change=0x0
Jun 29, 2026 09:21:33.532 [547808698592] DEBUG - Network change.
Jun 29, 2026 09:21:33.532 [547808698592] DEBUG - NetworkInterface: Notified of network changed (force=0)
Jun 29, 2026 09:21:33.534 [547808698592] DEBUG - Network change notification but nothing changed.
Jun 29, 2026 09:21:33.534 [547808698592] DEBUG - NetworkInterface: received Netlink message len=1856, type=RTM_NEWLINK, flags=0x0
Jun 29, 2026 09:21:33.534 [547808698592] DEBUG - NetworkInterface: Netlink information message family=0, type=1, index=1128, flags=0x1003, change=0x1
Jun 29, 2026 09:21:33.534 [547808698592] DEBUG - Network change.
Jun 29, 2026 09:21:33.534 [547808698592] DEBUG - NetworkInterface: Notified of network changed (force=0)
Jun 29, 2026 09:21:33.535 [547808698592] DEBUG - Network change notification but nothing changed.
Jun 29, 2026 09:21:33.535 [547808698592] DEBUG - NetworkInterface: received Netlink message len=440, type=RTM_NEWLINK, flags=0x0
Jun 29, 2026 09:21:33.535 [547808698592] DEBUG - NetworkInterface: Netlink information message family=7, type=1, index=1128, flags=0x1003, change=0x0
Jun 29, 2026 09:21:33.535 [547808698592] DEBUG - Network change.
Jun 29, 2026 09:21:33.535 [547808698592] DEBUG - NetworkInterface: Notified of network changed (force=0)
Jun 29, 2026 09:21:33.537 [547808698592] DEBUG - Network change notification but nothing changed.
Jun 29, 2026 09:21:33.569 [547808698592] DEBUG - NetworkInterface: received Netlink message len=1500, type=RTM_NEWLINK, flags=0x0
Jun 29, 2026 09:21:33.569 [547808698592] DEBUG - NetworkInterface: Netlink information message family=0, type=1, index=1127, flags=0x11003, change=0x1
Jun 29, 2026 09:21:33.569 [547808698592] DEBUG - Network change.
Jun 29, 2026 09:21:33.569 [547808698592] DEBUG - NetworkInterface: Notified of network changed (force=0)
Jun 29, 2026 09:21:33.578 [547808698592] DEBUG - Network change notification but nothing changed.
Jun 29, 2026 09:21:33.578 [547808698592] DEBUG - NetworkInterface: received Netlink message len=1500, type=RTM_NEWLINK, flags=0x0
Jun 29, 2026 09:21:33.578 [547808698592] DEBUG - NetworkInterface: Netlink information message family=0, type=1, index=1127, flags=0x11043, change=0x0
Jun 29, 2026 09:21:33.578 [547808698592] DEBUG - Network change.
Jun 29, 2026 09:21:33.578 [547808698592] DEBUG - NetworkInterface: Notified of network changed (force=0)
Jun 29, 2026 09:21:33.579 [547808698592] DEBUG - Network change notification but nothing changed.
Jun 29, 2026 09:21:33.579 [547808698592] DEBUG - NetworkInterface: received Netlink message len=440, type=RTM_NEWLINK, flags=0x0
Jun 29, 2026 09:21:33.579 [547808698592] DEBUG - NetworkInterface: Netlink information message family=7, type=1, index=1128, flags=0x11043, change=0x0
Jun 29, 2026 09:21:33.579 [547808698592] DEBUG - Network change.
Jun 29, 2026 09:21:33.579 [547808698592] DEBUG - NetworkInterface: Notified of network changed (force=0)
Jun 29, 2026 09:21:33.580 [547808698592] DEBUG - Network change notification but nothing changed.
Jun 29, 2026 09:21:33.580 [547808698592] DEBUG - NetworkInterface: received Netlink message len=440, type=RTM_NEWLINK, flags=0x0
Jun 29, 2026 09:21:33.580 [547808698592] DEBUG - NetworkInterface: Netlink information message family=7, type=1, index=1128, flags=0x11043, change=0x0
Jun 29, 2026 09:21:33.580 [547808698592] DEBUG - Network change.
Jun 29, 2026 09:21:33.580 [547808698592] DEBUG - NetworkInterface: Notified of network changed (force=0)
Jun 29, 2026 09:21:33.581 [547808698592] DEBUG - Network change notification but nothing changed.
Jun 29, 2026 09:21:33.581 [547808698592] DEBUG - NetworkInterface: received Netlink message len=1856, type=RTM_NEWLINK, flags=0x0
Jun 29, 2026 09:21:33.581 [547808698592] DEBUG - NetworkInterface: Netlink information message family=0, type=1, index=1128, flags=0x11043, change=0x0
Jun 29, 2026 09:21:33.581 [547808698592] DEBUG - Network change.
Jun 29, 2026 09:21:33.581 [547808698592] DEBUG - NetworkInterface: Notified of network changed (force=0)
Jun 29, 2026 09:21:33.582 [547808698592] DEBUG - Network change notification but nothing changed.
Jun 29, 2026 09:21:33.582 [547808698592] DEBUG - NetworkInterface: received Netlink message len=1916, type=RTM_NEWLINK, flags=0x0
Jun 29, 2026 09:21:33.582 [547808698592] DEBUG - NetworkInterface: Netlink information message family=0, type=1, index=4, flags=0x11043, change=0x0
Jun 29, 2026 09:21:33.582 [547808698592] DEBUG - Network change.
Jun 29, 2026 09:21:33.582 [547808698592] DEBUG - NetworkInterface: Notified of network changed (force=0)
Jun 29, 2026 09:21:33.583 [547808698592] DEBUG - Network change notification but nothing changed.
Jun 29, 2026 09:21:34.234 [547808698592] DEBUG - NetworkInterface: received Netlink message len=1500, type=RTM_NEWLINK, flags=0x0
Jun 29, 2026 09:21:34.234 [547808698592] DEBUG - NetworkInterface: Netlink information message family=0, type=1, index=1127, flags=0x1002, change=0x41
Jun 29, 2026 09:21:34.234 [547808698592] DEBUG - Network change.
Jun 29, 2026 09:21:34.234 [547808698592] DEBUG - NetworkInterface: Notified of network changed (force=0)
Jun 29, 2026 09:21:34.267 [547808698592] DEBUG - Network change notification but nothing changed.
Jun 29, 2026 09:21:34.267 [547808698592] DEBUG - NetworkInterface: received Netlink message len=704, type=RTM_DELLINK, flags=0x0
Jun 29, 2026 09:21:34.267 [547808698592] DEBUG - NetworkInterface: Netlink information message family=0, type=1, index=1127, flags=0x1002, change=0xffffffff
Jun 29, 2026 09:21:34.267 [547808698592] DEBUG - NetworkInterface: received Netlink message len=440, type=RTM_NEWLINK, flags=0x0
Jun 29, 2026 09:21:34.267 [547808698592] DEBUG - NetworkInterface: Netlink information message family=7, type=1, index=1128, flags=0x1003, change=0x0
Jun 29, 2026 09:21:34.267 [547808698592] DEBUG - Network change.
Jun 29, 2026 09:21:34.267 [547808698592] DEBUG - NetworkInterface: Notified of network changed (force=0)
Jun 29, 2026 09:21:34.270 [547808698592] DEBUG - Network change notification but nothing changed.
Jun 29, 2026 09:21:34.270 [547808698592] DEBUG - NetworkInterface: received Netlink message len=1864, type=RTM_NEWLINK, flags=0x0
Jun 29, 2026 09:21:34.270 [547808698592] DEBUG - NetworkInterface: Netlink information message family=0, type=1, index=1128, flags=0x1003, change=0x0
Jun 29, 2026 09:21:34.270 [547808698592] DEBUG - Network change.
Jun 29, 2026 09:21:34.270 [547808698592] DEBUG - NetworkInterface: Notified of network changed (force=0)
Jun 29, 2026 09:21:34.271 [547808698592] DEBUG - Network change notification but nothing changed.
Jun 29, 2026 09:21:34.271 [547808698592] DEBUG - NetworkInterface: received Netlink message len=440, type=RTM_NEWLINK, flags=0x0
Jun 29, 2026 09:21:34.271 [547808698592] DEBUG - NetworkInterface: Netlink information message family=7, type=1, index=1128, flags=0x11043, change=0x0
Jun 29, 2026 09:21:34.271 [547808698592] DEBUG - Network change.
Jun 29, 2026 09:21:34.271 [547808698592] DEBUG - NetworkInterface: Notified of network changed (force=0)
Jun 29, 2026 09:21:34.272 [547808698592] DEBUG - Network change notification but nothing changed.
Jun 29, 2026 09:21:34.272 [547808698592] DEBUG - NetworkInterface: received Netlink message len=440, type=RTM_NEWLINK, flags=0x0
Jun 29, 2026 09:21:34.272 [547808698592] DEBUG - NetworkInterface: Netlink information message family=7, type=1, index=1128, flags=0x11043, change=0x0
Jun 29, 2026 09:21:34.272 [547808698592] DEBUG - Network change.
Jun 29, 2026 09:21:34.272 [547808698592] DEBUG - NetworkInterface: Notified of network changed (force=0)
Jun 29, 2026 09:21:34.273 [547808698592] DEBUG - Network change notification but nothing changed.
Jun 29, 2026 09:21:34.273 [547808698592] DEBUG - NetworkInterface: received Netlink message len=1864, type=RTM_NEWLINK, flags=0x0
Jun 29, 2026 09:21:34.273 [547808698592] DEBUG - NetworkInterface: Netlink information message family=0, type=1, index=1128, flags=0x11043, change=0x0
Jun 29, 2026 09:21:34.273 [547808698592] DEBUG - Network change.
Jun 29, 2026 09:21:34.273 [547808698592] DEBUG - NetworkInterface: Notified of network changed (force=0)
Jun 29, 2026 09:21:34.274 [547808698592] DEBUG - Network change notification but nothing changed.
Jun 29, 2026 09:21:34.274 [547808698592] DEBUG - NetworkInterface: received Netlink message len=1916, type=RTM_NEWLINK, flags=0x0
Jun 29, 2026 09:21:34.274 [547808698592] DEBUG - NetworkInterface: Netlink information message family=0, type=1, index=4, flags=0x11043, change=0x0
Jun 29, 2026 09:21:34.274 [547808698592] DEBUG - Network change.
Jun 29, 2026 09:21:34.274 [547808698592] DEBUG - NetworkInterface: Notified of network changed (force=0)
Jun 29, 2026 09:21:34.274 [547808698592] DEBUG - Network change notification but nothing changed.
Jun 29, 2026 09:21:34.642 [547808698592] DEBUG - NetworkInterface: received Netlink message len=440, type=RTM_NEWLINK, flags=0x0
Jun 29, 2026 09:21:34.642 [547808698592] DEBUG - NetworkInterface: Netlink information message family=7, type=1, index=1128, flags=0x1003, change=0x0
Jun 29, 2026 09:21:34.642 [547808698592] DEBUG - Network change.
Jun 29, 2026 09:21:34.642 [547808698592] DEBUG - NetworkInterface: Notified of network changed (force=0)
Jun 29, 2026 09:21:34.667 [547808698592] DEBUG - Network change notification but nothing changed.
Jun 29, 2026 09:21:34.667 [547808698592] DEBUG - NetworkInterface: received Netlink message len=1864, type=RTM_NEWLINK, flags=0x0
Jun 29, 2026 09:21:34.667 [547808698592] DEBUG - NetworkInterface: Netlink information message family=0, type=1, index=1128, flags=0x1003, change=0x0
Jun 29, 2026 09:21:34.667 [547808698592] DEBUG - Network change.
Jun 29, 2026 09:21:34.667 [547808698592] DEBUG - NetworkInterface: Notified of network changed (force=0)
Jun 29, 2026 09:21:34.668 [547808698592] DEBUG - Network change notification but nothing changed.
Jun 29, 2026 09:21:34.668 [547808698592] DEBUG - NetworkInterface: received Netlink message len=1500, type=RTM_NEWLINK, flags=0x0
Jun 29, 2026 09:21:34.668 [547808698592] DEBUG - NetworkInterface: Netlink information message family=0, type=1, index=1127, flags=0x1002, change=0xffffffff
Jun 29, 2026 09:21:34.668 [547808698592] DEBUG - Network change.
Jun 29, 2026 09:21:34.668 [547808698592] DEBUG - NetworkInterface: Notified of network changed (force=0)
Jun 29, 2026 09:21:34.669 [547808698592] DEBUG - Network change notification but nothing changed.
Jun 29, 2026 09:21:34.669 [547808698592] DEBUG - NetworkInterface: received Netlink message len=1916, type=RTM_NEWLINK, flags=0x0
Jun 29, 2026 09:21:34.669 [547808698592] DEBUG - NetworkInterface: Netlink information message family=0, type=1, index=4, flags=0x1003, change=0x0
Jun 29, 2026 09:21:34.669 [547808698592] DEBUG - Network change.
Jun 29, 2026 09:21:34.669 [547808698592] DEBUG - NetworkInterface: Notified of network changed (force=0)
Jun 29, 2026 09:21:34.670 [547808698592] DEBUG - Network change notification but nothing changed.
Jun 29, 2026 09:21:34.688 [547808698592] DEBUG - NetworkInterface: received Netlink message len=1500, type=RTM_NEWLINK, flags=0x0
Jun 29, 2026 09:21:34.688 [547808698592] DEBUG - NetworkInterface: Netlink information message family=0, type=1, index=1127, flags=0x11003, change=0x1
Jun 29, 2026 09:21:34.688 [547808698592] DEBUG - Network change.
Jun 29, 2026 09:21:34.688 [547808698592] DEBUG - NetworkInterface: Notified of network changed (force=0)
Jun 29, 2026 09:21:34.689 [547808698592] DEBUG - Network change notification but nothing changed.
Jun 29, 2026 09:21:34.689 [547808698592] DEBUG - NetworkInterface: received Netlink message len=1500, type=RTM_NEWLINK, flags=0x0
Jun 29, 2026 09:21:34.689 [547808698592] DEBUG - NetworkInterface: Netlink information message family=0, type=1, index=1127, flags=0x11043, change=0x0
Jun 29, 2026 09:21:34.689 [547808698592] DEBUG - Network change.
Jun 29, 2026 09:21:34.689 [547808698592] DEBUG - NetworkInterface: Notified of network changed (force=0)
Jun 29, 2026 09:21:34.690 [547808698592] DEBUG - Network change notification but nothing changed.
Jun 29, 2026 09:21:34.690 [547808698592] DEBUG - NetworkInterface: received Netlink message len=440, type=RTM_NEWLINK, flags=0x0
Jun 29, 2026 09:21:34.690 [547808698592] DEBUG - NetworkInterface: Netlink information message family=7, type=1, index=1128, flags=0x11043, change=0x0
Jun 29, 2026 09:21:34.690 [547808698592] DEBUG - Network change.
Jun 29, 2026 09:21:34.690 [547808698592] DEBUG - NetworkInterface: Notified of network changed (force=0)
Jun 29, 2026 09:21:34.691 [547808698592] DEBUG - Network change notification but nothing changed.
Jun 29, 2026 09:21:34.691 [547808698592] DEBUG - NetworkInterface: received Netlink message len=440, type=RTM_NEWLINK, flags=0x0
Jun 29, 2026 09:21:34.691 [547808698592] DEBUG - NetworkInterface: Netlink information message family=7, type=1, index=1128, flags=0x11043, change=0x0
Jun 29, 2026 09:21:34.691 [547808698592] DEBUG - Network change.
Jun 29, 2026 09:21:34.691 [547808698592] DEBUG - NetworkInterface: Notified of network changed (force=0)
Jun 29, 2026 09:21:34.692 [547808698592] DEBUG - Network change notification but nothing changed.
Jun 29, 2026 09:21:34.692 [547808698592] DEBUG - NetworkInterface: received Netlink message len=1856, type=RTM_NEWLINK, flags=0x0
Jun 29, 2026 09:21:34.692 [547808698592] DEBUG - NetworkInterface: Netlink information message family=0, type=1, index=1128, flags=0x11043, change=0x0
Jun 29, 2026 09:21:34.692 [547808698592] DEBUG - Network change.
Jun 29, 2026 09:21:34.692 [547808698592] DEBUG - NetworkInterface: Notified of network changed (force=0)
Jun 29, 2026 09:21:34.692 [547808698592] DEBUG - Network change notification but nothing changed.
Jun 29, 2026 09:21:34.692 [547808698592] DEBUG - NetworkInterface: received Netlink message len=1916, type=RTM_NEWLINK, flags=0x0
Jun 29, 2026 09:21:34.692 [547808698592] DEBUG - NetworkInterface: Netlink information message family=0, type=1, index=4, flags=0x11043, change=0x0
Jun 29, 2026 09:21:34.692 [547808698592] DEBUG - Network change.
Jun 29, 2026 09:21:34.692 [547808698592] DEBUG - NetworkInterface: Notified of network changed (force=0)
Jun 29, 2026 09:21:34.693 [547808698592] DEBUG - Network change notification but nothing changed.
Jun 29, 2026 09:21:34.741 [547808698592] DEBUG - NetworkInterface: received Netlink message len=1500, type=RTM_NEWLINK, flags=0x0
Jun 29, 2026 09:21:34.742 [547808698592] DEBUG - NetworkInterface: Netlink information message family=0, type=1, index=1127, flags=0x1002, change=0x41
Jun 29, 2026 09:21:34.742 [547808698592] DEBUG - Network change.
Jun 29, 2026 09:21:34.742 [547808698592] DEBUG - NetworkInterface: Notified of network changed (force=0)
Jun 29, 2026 09:21:34.749 [547808698592] DEBUG - Network change notification but nothing changed.
Jun 29, 2026 09:21:34.751 [547808698592] DEBUG - NetworkInterface: received Netlink message len=1856, type=RTM_NEWLINK, flags=0x0
Jun 29, 2026 09:21:34.751 [547808698592] DEBUG - NetworkInterface: Netlink information message family=0, type=1, index=1128, flags=0x1002, change=0x41
Jun 29, 2026 09:21:34.751 [547808698592] DEBUG - Network change.
Jun 29, 2026 09:21:34.751 [547808698592] DEBUG - NetworkInterface: Notified of network changed (force=0)
Jun 29, 2026 09:21:34.751 [547808698592] DEBUG - Network change notification but nothing changed.
Jun 29, 2026 09:21:34.751 [547808698592] DEBUG - NetworkInterface: received Netlink message len=440, type=RTM_NEWLINK, flags=0x0
Jun 29, 2026 09:21:34.751 [547808698592] DEBUG - NetworkInterface: Netlink information message family=7, type=1, index=1128, flags=0x1002, change=0x0
Jun 29, 2026 09:21:34.751 [547808698592] DEBUG - Network change.
Jun 29, 2026 09:21:34.751 [547808698592] DEBUG - NetworkInterface: Notified of network changed (force=0)
Jun 29, 2026 09:21:34.752 [547808698592] DEBUG - Network change notification but nothing changed.
Jun 29, 2026 09:21:34.752 [547808698592] DEBUG - NetworkInterface: received Netlink message len=688, type=RTM_DELLINK, flags=0x0
Jun 29, 2026 09:21:34.752 [547808698592] DEBUG - NetworkInterface: Netlink information message family=0, type=1, index=1127, flags=0x1002, change=0xffffffff
Jun 29, 2026 09:21:34.752 [547808698592] DEBUG - NetworkInterface: received Netlink message len=440, type=RTM_NEWLINK, flags=0x0
Jun 29, 2026 09:21:34.752 [547808698592] DEBUG - NetworkInterface: Netlink information message family=7, type=1, index=1128, flags=0x1002, change=0x0
Jun 29, 2026 09:21:34.752 [547808698592] DEBUG - Network change.
Jun 29, 2026 09:21:34.752 [547808698592] DEBUG - NetworkInterface: Notified of network changed (force=0)
Jun 29, 2026 09:21:34.753 [547808698592] DEBUG - Network change notification but nothing changed.
Jun 29, 2026 09:21:34.753 [547808698592] DEBUG - NetworkInterface: received Netlink message len=104, type=RTM_DELLINK, flags=0x0
Jun 29, 2026 09:21:34.753 [547808698592] DEBUG - NetworkInterface: Netlink information message family=7, type=1, index=1128, flags=0x1002, change=0x0
Jun 29, 2026 09:21:34.753 [547808698592] DEBUG - NetworkInterface: received Netlink message len=1924, type=RTM_NEWLINK, flags=0x0
Jun 29, 2026 09:21:34.753 [547808698592] DEBUG - NetworkInterface: Netlink information message family=0, type=1, index=4, flags=0x1043, change=0x0
Jun 29, 2026 09:21:34.753 [547808698592] DEBUG - Network change.
Jun 29, 2026 09:21:34.753 [547808698592] DEBUG - NetworkInterface: Notified of network changed (force=0)
Jun 29, 2026 09:21:34.753 [547808698592] DEBUG - Network change notification but nothing changed.
Jun 29, 2026 09:21:34.753 [547808698592] DEBUG - NetworkInterface: received Netlink message len=688, type=RTM_DELLINK, flags=0x0
Jun 29, 2026 09:21:34.753 [547808698592] DEBUG - NetworkInterface: Netlink information message family=0, type=1, index=1128, flags=0x1002, change=0xffffffff
Jun 29, 2026 09:21:34.754 [547808698592] DEBUG - NetworkInterface: received Netlink message len=1916, type=RTM_NEWLINK, flags=0x0
Jun 29, 2026 09:21:34.754 [547808698592] DEBUG - NetworkInterface: Netlink information message family=0, type=1, index=4, flags=0x1003, change=0x0
Jun 29, 2026 09:21:34.754 [547808698592] DEBUG - Network change.
Jun 29, 2026 09:21:34.754 [547808698592] DEBUG - NetworkInterface: Notified of network changed (force=0)
Jun 29, 2026 09:21:34.755 [547808698592] DEBUG - Network change notification but nothing changed.
Jun 29, 2026 09:22:03.716 [547812917472] DEBUG - [NSB/SSDP] Parsing SSDP schema for http://192.168.1.1:49152/wps_device.xml
Jun 29, 2026 09:22:13.684 [547808698592] DEBUG - NetworkInterface: received Netlink message len=1500, type=RTM_NEWLINK, flags=0x0
Jun 29, 2026 09:22:13.684 [547808698592] DEBUG - NetworkInterface: Netlink information message family=0, type=1, index=1129, flags=0x1002, change=0xffffffff
Jun 29, 2026 09:22:13.684 [547808698592] DEBUG - Network change.
Jun 29, 2026 09:22:13.684 [547808698592] DEBUG - NetworkInterface: Notified of network changed (force=0)
Jun 29, 2026 09:22:13.690 [547808698592] DEBUG - Network change notification but nothing changed.
Jun 29, 2026 09:22:13.690 [547808698592] DEBUG - NetworkInterface: received Netlink message len=1500, type=RTM_NEWLINK, flags=0x0
Jun 29, 2026 09:22:13.690 [547808698592] DEBUG - NetworkInterface: Netlink information message family=0, type=1, index=1130, flags=0x1002, change=0xffffffff
Jun 29, 2026 09:22:13.690 [547808698592] DEBUG - Network change.
Jun 29, 2026 09:22:13.690 [547808698592] DEBUG - NetworkInterface: Notified of network changed (force=0)
Jun 29, 2026 09:22:13.693 [547808698592] DEBUG - Network change notification but nothing changed.
Jun 29, 2026 09:22:13.696 [547808698592] DEBUG - NetworkInterface: received Netlink message len=1856, type=RTM_NEWLINK, flags=0x0
Jun 29, 2026 09:22:13.696 [547808698592] DEBUG - NetworkInterface: Netlink information message family=0, type=1, index=1130, flags=0x1002, change=0x0
Jun 29, 2026 09:22:13.696 [547808698592] DEBUG - Network change.
Jun 29, 2026 09:22:13.696 [547808698592] DEBUG - NetworkInterface: Notified of network changed (force=0)
Jun 29, 2026 09:22:13.702 [547808698592] DEBUG - Network change notification but nothing changed.
Jun 29, 2026 09:22:13.703 [547808698592] DEBUG - NetworkInterface: received Netlink message len=1856, type=RTM_NEWLINK, flags=0x0
Jun 29, 2026 09:22:13.703 [547808698592] DEBUG - NetworkInterface: Netlink information message family=0, type=1, index=1130, flags=0x1002, change=0x100
Jun 29, 2026 09:22:13.704 [547808698592] DEBUG - Network change.
Jun 29, 2026 09:22:13.704 [547808698592] DEBUG - NetworkInterface: Notified of network changed (force=0)
Jun 29, 2026 09:22:13.706 [547808698592] DEBUG - Network change notification but nothing changed.
Jun 29, 2026 09:22:13.706 [547808698592] DEBUG - NetworkInterface: received Netlink message len=440, type=RTM_NEWLINK, flags=0x0
Jun 29, 2026 09:22:13.707 [547808698592] DEBUG - NetworkInterface: Netlink information message family=7, type=1, index=1130, flags=0x1002, change=0x0
Jun 29, 2026 09:22:13.707 [547808698592] DEBUG - Network change.
Jun 29, 2026 09:22:13.707 [547808698592] DEBUG - NetworkInterface: Notified of network changed (force=0)
Jun 29, 2026 09:22:13.708 [547808698592] DEBUG - Network change notification but nothing changed.
Jun 29, 2026 09:22:13.708 [547808698592] DEBUG - NetworkInterface: received Netlink message len=1856, type=RTM_NEWLINK, flags=0x0
Jun 29, 2026 09:22:13.708 [547808698592] DEBUG - NetworkInterface: Netlink information message family=0, type=1, index=1130, flags=0x1003, change=0x1
Jun 29, 2026 09:22:13.708 [547808698592] DEBUG - Network change.
Jun 29, 2026 09:22:13.708 [547808698592] DEBUG - NetworkInterface: Notified of network changed (force=0)
Jun 29, 2026 09:22:13.711 [547808698592] DEBUG - Network change notification but nothing changed.
Jun 29, 2026 09:22:13.711 [547808698592] DEBUG - NetworkInterface: received Netlink message len=440, type=RTM_NEWLINK, flags=0x0
Jun 29, 2026 09:22:13.711 [547808698592] DEBUG - NetworkInterface: Netlink information message family=7, type=1, index=1130, flags=0x1003, change=0x0
Jun 29, 2026 09:22:13.712 [547808698592] DEBUG - Network change.
Jun 29, 2026 09:22:13.712 [547808698592] DEBUG - NetworkInterface: Notified of network changed (force=0)
Jun 29, 2026 09:22:13.714 [547808698592] DEBUG - Network change notification but nothing changed.
Jun 29, 2026 09:22:13.752 [547808698592] DEBUG - NetworkInterface: received Netlink message len=1500, type=RTM_NEWLINK, flags=0x0
Jun 29, 2026 09:22:13.752 [547808698592] DEBUG - NetworkInterface: Netlink information message family=0, type=1, index=1129, flags=0x11003, change=0x1
Jun 29, 2026 09:22:13.752 [547808698592] DEBUG - Network change.
Jun 29, 2026 09:22:13.752 [547808698592] DEBUG - NetworkInterface: Notified of network changed (force=0)
Jun 29, 2026 09:22:13.761 [547808698592] DEBUG - Network change notification but nothing changed.
Jun 29, 2026 09:22:13.761 [547808698592] DEBUG - NetworkInterface: received Netlink message len=1500, type=RTM_NEWLINK, flags=0x0
Jun 29, 2026 09:22:13.761 [547808698592] DEBUG - NetworkInterface: Netlink information message family=0, type=1, index=1129, flags=0x11043, change=0x0
Jun 29, 2026 09:22:13.761 [547808698592] DEBUG - Network change.
Jun 29, 2026 09:22:13.761 [547808698592] DEBUG - NetworkInterface: Notified of network changed (force=0)
Jun 29, 2026 09:22:13.762 [547808698592] DEBUG - Network change notification but nothing changed.
Jun 29, 2026 09:22:13.762 [547808698592] DEBUG - NetworkInterface: received Netlink message len=440, type=RTM_NEWLINK, flags=0x0
Jun 29, 2026 09:22:13.762 [547808698592] DEBUG - NetworkInterface: Netlink information message family=7, type=1, index=1130, flags=0x11043, change=0x0
Jun 29, 2026 09:22:13.762 [547808698592] DEBUG - Network change.
Jun 29, 2026 09:22:13.762 [547808698592] DEBUG - NetworkInterface: Notified of network changed (force=0)
Jun 29, 2026 09:22:13.763 [547808698592] DEBUG - Network change notification but nothing changed.
Jun 29, 2026 09:22:13.763 [547808698592] DEBUG - NetworkInterface: received Netlink message len=440, type=RTM_NEWLINK, flags=0x0
Jun 29, 2026 09:22:13.763 [547808698592] DEBUG - NetworkInterface: Netlink information message family=7, type=1, index=1130, flags=0x11043, change=0x0
Jun 29, 2026 09:22:13.763 [547808698592] DEBUG - Network change.
Jun 29, 2026 09:22:13.763 [547808698592] DEBUG - NetworkInterface: Notified of network changed (force=0)
Jun 29, 2026 09:22:13.763 [547808698592] DEBUG - Network change notification but nothing changed.
Jun 29, 2026 09:22:13.764 [547808698592] DEBUG - NetworkInterface: received Netlink message len=1856, type=RTM_NEWLINK, flags=0x0
Jun 29, 2026 09:22:13.764 [547808698592] DEBUG - NetworkInterface: Netlink information message family=0, type=1, index=1130, flags=0x11043, change=0x0
Jun 29, 2026 09:22:13.764 [547808698592] DEBUG - Network change.
Jun 29, 2026 09:22:13.764 [547808698592] DEBUG - NetworkInterface: Notified of network changed (force=0)
Jun 29, 2026 09:22:13.764 [547808698592] DEBUG - Network change notification but nothing changed.
Jun 29, 2026 09:22:14.778 [547808698592] DEBUG - NetworkInterface: received Netlink message len=1500, type=RTM_NEWLINK, flags=0x0
Jun 29, 2026 09:22:14.778 [547808698592] DEBUG - NetworkInterface: Netlink information message family=0, type=1, index=1129, flags=0x1002, change=0x41
Jun 29, 2026 09:22:14.778 [547808698592] DEBUG - Network change.
Jun 29, 2026 09:22:14.778 [547808698592] DEBUG - NetworkInterface: Notified of network changed (force=0)
Jun 29, 2026 09:22:14.814 [547808698592] DEBUG - Network change notification but nothing changed.
Jun 29, 2026 09:22:14.814 [547808698592] DEBUG - NetworkInterface: received Netlink message len=704, type=RTM_DELLINK, flags=0x0
Jun 29, 2026 09:22:14.814 [547808698592] DEBUG - NetworkInterface: Netlink information message family=0, type=1, index=1129, flags=0x1002, change=0xffffffff
Jun 29, 2026 09:22:14.814 [547808698592] DEBUG - NetworkInterface: received Netlink message len=440, type=RTM_NEWLINK, flags=0x0
Jun 29, 2026 09:22:14.814 [547808698592] DEBUG - NetworkInterface: Netlink information message family=7, type=1, index=1130, flags=0x1003, change=0x0
Jun 29, 2026 09:22:14.814 [547808698592] DEBUG - Network change.
Jun 29, 2026 09:22:14.814 [547808698592] DEBUG - NetworkInterface: Notified of network changed (force=0)
Jun 29, 2026 09:22:14.815 [547808698592] DEBUG - Network change notification but nothing changed.
Jun 29, 2026 09:22:14.816 [547808698592] DEBUG - NetworkInterface: received Netlink message len=1864, type=RTM_NEWLINK, flags=0x0
Jun 29, 2026 09:22:14.816 [547808698592] DEBUG - NetworkInterface: Netlink information message family=0, type=1, index=1130, flags=0x1003, change=0x0
Jun 29, 2026 09:22:14.816 [547808698592] DEBUG - Network change.
Jun 29, 2026 09:22:14.816 [547808698592] DEBUG - NetworkInterface: Notified of network changed (force=0)
Jun 29, 2026 09:22:14.817 [547808698592] DEBUG - Network change notification but nothing changed.
Jun 29, 2026 09:22:14.818 [547808698592] DEBUG - NetworkInterface: received Netlink message len=440, type=RTM_NEWLINK, flags=0x0
Jun 29, 2026 09:22:14.818 [547808698592] DEBUG - NetworkInterface: Netlink information message family=7, type=1, index=1130, flags=0x11043, change=0x0
Jun 29, 2026 09:22:14.818 [547808698592] DEBUG - Network change.
Jun 29, 2026 09:22:14.818 [547808698592] DEBUG - NetworkInterface: Notified of network changed (force=0)
Jun 29, 2026 09:22:14.818 [547808698592] DEBUG - Network change notification but nothing changed.
Jun 29, 2026 09:22:14.818 [547808698592] DEBUG - NetworkInterface: received Netlink message len=440, type=RTM_NEWLINK, flags=0x0
Jun 29, 2026 09:22:14.818 [547808698592] DEBUG - NetworkInterface: Netlink information message family=7, type=1, index=1130, flags=0x11043, change=0x0
Jun 29, 2026 09:22:14.818 [547808698592] DEBUG - Network change.
Jun 29, 2026 09:22:14.818 [547808698592] DEBUG - NetworkInterface: Notified of network changed (force=0)
Jun 29, 2026 09:22:14.819 [547808698592] DEBUG - Network change notification but nothing changed.
Jun 29, 2026 09:22:14.819 [547808698592] DEBUG - NetworkInterface: received Netlink message len=1864, type=RTM_NEWLINK, flags=0x0
Jun 29, 2026 09:22:14.819 [547808698592] DEBUG - NetworkInterface: Netlink information message family=0, type=1, index=1130, flags=0x11043, change=0x0
Jun 29, 2026 09:22:14.819 [547808698592] DEBUG - Network change.
Jun 29, 2026 09:22:14.819 [547808698592] DEBUG - NetworkInterface: Notified of network changed (force=0)
Jun 29, 2026 09:22:14.820 [547808698592] DEBUG - Network change notification but nothing changed.
Jun 29, 2026 09:22:18.202 [547808698592] DEBUG - NetworkInterface: received Netlink message len=440, type=RTM_NEWLINK, flags=0x0
Jun 29, 2026 09:22:18.202 [547808698592] DEBUG - NetworkInterface: Netlink information message family=7, type=1, index=1130, flags=0x1003, change=0x0
Jun 29, 2026 09:22:18.202 [547808698592] DEBUG - Network change.
Jun 29, 2026 09:22:18.202 [547808698592] DEBUG - NetworkInterface: Notified of network changed (force=0)
Jun 29, 2026 09:22:18.203 [547808698592] DEBUG - Network change notification but nothing changed.
Jun 29, 2026 09:22:18.203 [547808698592] DEBUG - NetworkInterface: received Netlink message len=1864, type=RTM_NEWLINK, flags=0x0
Jun 29, 2026 09:22:18.203 [547808698592] DEBUG - NetworkInterface: Netlink information message family=0, type=1, index=1130, flags=0x1003, change=0x0
Jun 29, 2026 09:22:18.203 [547808698592] DEBUG - Network change.
Jun 29, 2026 09:22:18.203 [547808698592] DEBUG - NetworkInterface: Notified of network changed (force=0)
Jun 29, 2026 09:22:18.203 [547808698592] DEBUG - Network change notification but nothing changed.
Jun 29, 2026 09:22:18.237 [547808698592] DEBUG - NetworkInterface: received Netlink message len=1500, type=RTM_NEWLINK, flags=0x0
Jun 29, 2026 09:22:18.237 [547808698592] DEBUG - NetworkInterface: Netlink information message family=0, type=1, index=1129, flags=0x1002, change=0xffffffff
Jun 29, 2026 09:22:18.237 [547808698592] DEBUG - Network change.
Jun 29, 2026 09:22:18.237 [547808698592] DEBUG - NetworkInterface: Notified of network changed (force=0)
Jun 29, 2026 09:22:18.241 [547808698592] DEBUG - Network change notification but nothing changed.
Jun 29, 2026 09:22:18.266 [547808698592] DEBUG - NetworkInterface: received Netlink message len=1500, type=RTM_NEWLINK, flags=0x0
Jun 29, 2026 09:22:18.266 [547808698592] DEBUG - NetworkInterface: Netlink information message family=0, type=1, index=1129, flags=0x11003, change=0x1
Jun 29, 2026 09:22:18.266 [547808698592] DEBUG - Network change.
Jun 29, 2026 09:22:18.266 [547808698592] DEBUG - NetworkInterface: Notified of network changed (force=0)
Jun 29, 2026 09:22:18.267 [547808698592] DEBUG - Network change notification but nothing changed.
Jun 29, 2026 09:22:18.267 [547808698592] DEBUG - NetworkInterface: received Netlink message len=1500, type=RTM_NEWLINK, flags=0x0
Jun 29, 2026 09:22:18.267 [547808698592] DEBUG - NetworkInterface: Netlink information message family=0, type=1, index=1129, flags=0x11043, change=0x0
Jun 29, 2026 09:22:18.267 [547808698592] DEBUG - Network change.
Jun 29, 2026 09:22:18.267 [547808698592] DEBUG - NetworkInterface: Notified of network changed (force=0)
Jun 29, 2026 09:22:18.268 [547808698592] DEBUG - Network change notification but nothing changed.
Jun 29, 2026 09:22:18.268 [547808698592] DEBUG - NetworkInterface: received Netlink message len=440, type=RTM_NEWLINK, flags=0x0
Jun 29, 2026 09:22:18.268 [547808698592] DEBUG - NetworkInterface: Netlink information message family=7, type=1, index=1130, flags=0x11043, change=0x0
Jun 29, 2026 09:22:18.268 [547808698592] DEBUG - Network change.
Jun 29, 2026 09:22:18.268 [547808698592] DEBUG - NetworkInterface: Notified of network changed (force=0)
Jun 29, 2026 09:22:18.268 [547808698592] DEBUG - Network change notification but nothing changed.
Jun 29, 2026 09:22:18.268 [547808698592] DEBUG - NetworkInterface: received Netlink message len=440, type=RTM_NEWLINK, flags=0x0
Jun 29, 2026 09:22:18.268 [547808698592] DEBUG - NetworkInterface: Netlink information message family=7, type=1, index=1130, flags=0x11043, change=0x0
Jun 29, 2026 09:22:18.268 [547808698592] DEBUG - Network change.
Jun 29, 2026 09:22:18.268 [547808698592] DEBUG - NetworkInterface: Notified of network changed (force=0)
Jun 29, 2026 09:22:18.269 [547808698592] DEBUG - Network change notification but nothing changed.
Jun 29, 2026 09:22:18.269 [547808698592] DEBUG - NetworkInterface: received Netlink message len=1856, type=RTM_NEWLINK, flags=0x0
Jun 29, 2026 09:22:18.269 [547808698592] DEBUG - NetworkInterface: Netlink information message family=0, type=1, index=1130, flags=0x11043, change=0x0
Jun 29, 2026 09:22:18.269 [547808698592] DEBUG - Network change.
Jun 29, 2026 09:22:18.269 [547808698592] DEBUG - NetworkInterface: Notified of network changed (force=0)
Jun 29, 2026 09:22:18.270 [547808698592] DEBUG - Network change notification but nothing changed.
Jun 29, 2026 09:22:18.322 [547808698592] DEBUG - NetworkInterface: received Netlink message len=1500, type=RTM_NEWLINK, flags=0x0
Jun 29, 2026 09:22:18.322 [547808698592] DEBUG - NetworkInterface: Netlink information message family=0, type=1, index=1129, flags=0x1002, change=0x41
Jun 29, 2026 09:22:18.322 [547808698592] DEBUG - Network change.
Jun 29, 2026 09:22:18.322 [547808698592] DEBUG - NetworkInterface: Notified of network changed (force=0)
Jun 29, 2026 09:22:18.328 [547808698592] DEBUG - Network change notification but nothing changed.
Jun 29, 2026 09:22:18.328 [547808698592] DEBUG - NetworkInterface: received Netlink message len=1856, type=RTM_NEWLINK, flags=0x0
Jun 29, 2026 09:22:18.328 [547808698592] DEBUG - NetworkInterface: Netlink information message family=0, type=1, index=1130, flags=0x1002, change=0x41
Jun 29, 2026 09:22:18.328 [547808698592] DEBUG - Network change.
Jun 29, 2026 09:22:18.328 [547808698592] DEBUG - NetworkInterface: Notified of network changed (force=0)
Jun 29, 2026 09:22:18.329 [547808698592] DEBUG - Network change notification but nothing changed.
Jun 29, 2026 09:22:18.330 [547808698592] DEBUG - NetworkInterface: received Netlink message len=440, type=RTM_NEWLINK, flags=0x0
Jun 29, 2026 09:22:18.330 [547808698592] DEBUG - NetworkInterface: Netlink information message family=7, type=1, index=1130, flags=0x1002, change=0x0
Jun 29, 2026 09:22:18.330 [547808698592] DEBUG - Network change.
Jun 29, 2026 09:22:18.330 [547808698592] DEBUG - NetworkInterface: Notified of network changed (force=0)
Jun 29, 2026 09:22:18.330 [547808698592] DEBUG - Network change notification but nothing changed.
Jun 29, 2026 09:22:18.330 [547808698592] DEBUG - NetworkInterface: received Netlink message len=688, type=RTM_DELLINK, flags=0x0
Jun 29, 2026 09:22:18.330 [547808698592] DEBUG - NetworkInterface: Netlink information message family=0, type=1, index=1129, flags=0x1002, change=0xffffffff
Jun 29, 2026 09:22:18.330 [547808698592] DEBUG - NetworkInterface: received Netlink message len=440, type=RTM_NEWLINK, flags=0x0
Jun 29, 2026 09:22:18.330 [547808698592] DEBUG - NetworkInterface: Netlink information message family=7, type=1, index=1130, flags=0x1002, change=0x0
Jun 29, 2026 09:22:18.330 [547808698592] DEBUG - Network change.
Jun 29, 2026 09:22:18.330 [547808698592] DEBUG - NetworkInterface: Notified of network changed (force=0)
Jun 29, 2026 09:22:18.331 [547808698592] DEBUG - Network change notification but nothing changed.
Jun 29, 2026 09:22:18.331 [547808698592] DEBUG - NetworkInterface: received Netlink message len=104, type=RTM_DELLINK, flags=0x0
Jun 29, 2026 09:22:18.331 [547808698592] DEBUG - NetworkInterface: Netlink information message family=7, type=1, index=1130, flags=0x1002, change=0x0
Jun 29, 2026 09:22:18.331 [547808698592] DEBUG - NetworkInterface: received Netlink message len=688, type=RTM_DELLINK, flags=0x0
Jun 29, 2026 09:22:18.331 [547808698592] DEBUG - NetworkInterface: Netlink information message family=0, type=1, index=1130, flags=0x1002, change=0xffffffff
Jun 29, 2026 09:22:18.729 [547857510624] DEBUG - [HttpClient/HCl#3c] HTTP simulating 408 after curl timeout
Jun 29, 2026 09:23:01.713 [547812917472] DEBUG - [NSB/SSDP] Parsing SSDP schema for http://192.168.1.1:49152/wps_device.xml
Jun 29, 2026 09:23:16.729 [547857510624] DEBUG - [HttpClient/HCl#3d] HTTP simulating 408 after curl timeout
Jun 29, 2026 09:23:18.025 [547808698592] DEBUG - NetworkInterface: received Netlink message len=1500, type=RTM_NEWLINK, flags=0x0
Jun 29, 2026 09:23:18.025 [547808698592] DEBUG - NetworkInterface: Netlink information message family=0, type=1, index=1131, flags=0x1002, change=0xffffffff
Jun 29, 2026 09:23:18.025 [547808698592] DEBUG - Network change.
Jun 29, 2026 09:23:18.025 [547808698592] DEBUG - NetworkInterface: Notified of network changed (force=0)
Jun 29, 2026 09:23:18.035 [547808698592] DEBUG - Network change notification but nothing changed.
Jun 29, 2026 09:23:18.035 [547808698592] DEBUG - NetworkInterface: received Netlink message len=1500, type=RTM_NEWLINK, flags=0x0
Jun 29, 2026 09:23:18.035 [547808698592] DEBUG - NetworkInterface: Netlink information message family=0, type=1, index=1132, flags=0x1002, change=0xffffffff
Jun 29, 2026 09:23:18.035 [547808698592] DEBUG - Network change.
Jun 29, 2026 09:23:18.035 [547808698592] DEBUG - NetworkInterface: Notified of network changed (force=0)
Jun 29, 2026 09:23:18.046 [547808698592] DEBUG - Network change notification but nothing changed.
Jun 29, 2026 09:23:18.046 [547808698592] DEBUG - NetworkInterface: received Netlink message len=1856, type=RTM_NEWLINK, flags=0x0
Jun 29, 2026 09:23:18.046 [547808698592] DEBUG - NetworkInterface: Netlink information message family=0, type=1, index=1132, flags=0x1002, change=0x0
Jun 29, 2026 09:23:18.046 [547808698592] DEBUG - Network change.
Jun 29, 2026 09:23:18.046 [547808698592] DEBUG - NetworkInterface: Notified of network changed (force=0)
Jun 29, 2026 09:23:18.047 [547808698592] DEBUG - Network change notification but nothing changed.
Jun 29, 2026 09:23:18.047 [547808698592] DEBUG - NetworkInterface: received Netlink message len=1856, type=RTM_NEWLINK, flags=0x0
Jun 29, 2026 09:23:18.047 [547808698592] DEBUG - NetworkInterface: Netlink information message family=0, type=1, index=1132, flags=0x1002, change=0x100
Jun 29, 2026 09:23:18.047 [547808698592] DEBUG - Network change.
Jun 29, 2026 09:23:18.047 [547808698592] DEBUG - NetworkInterface: Notified of network changed (force=0)
Jun 29, 2026 09:23:18.051 [547808698592] DEBUG - Network change notification but nothing changed.
Jun 29, 2026 09:23:18.051 [547808698592] DEBUG - NetworkInterface: received Netlink message len=440, type=RTM_NEWLINK, flags=0x0
Jun 29, 2026 09:23:18.052 [547808698592] DEBUG - NetworkInterface: Netlink information message family=7, type=1, index=1132, flags=0x1002, change=0x0
Jun 29, 2026 09:23:18.052 [547808698592] DEBUG - Network change.
Jun 29, 2026 09:23:18.052 [547808698592] DEBUG - NetworkInterface: Notified of network changed (force=0)
Jun 29, 2026 09:23:18.054 [547808698592] DEBUG - Network change notification but nothing changed.
Jun 29, 2026 09:23:18.054 [547808698592] DEBUG - NetworkInterface: received Netlink message len=1856, type=RTM_NEWLINK, flags=0x0
Jun 29, 2026 09:23:18.055 [547808698592] DEBUG - NetworkInterface: Netlink information message family=0, type=1, index=1132, flags=0x1003, change=0x1
Jun 29, 2026 09:23:18.055 [547808698592] DEBUG - Network change.
Jun 29, 2026 09:23:18.055 [547808698592] DEBUG - NetworkInterface: Notified of network changed (force=0)
Jun 29, 2026 09:23:18.056 [547808698592] DEBUG - Network change notification but nothing changed.
Jun 29, 2026 09:23:18.056 [547808698592] DEBUG - NetworkInterface: received Netlink message len=440, type=RTM_NEWLINK, flags=0x0
Jun 29, 2026 09:23:18.056 [547808698592] DEBUG - NetworkInterface: Netlink information message family=7, type=1, index=1132, flags=0x1003, change=0x0
Jun 29, 2026 09:23:18.056 [547808698592] DEBUG - Network change.
Jun 29, 2026 09:23:18.056 [547808698592] DEBUG - NetworkInterface: Notified of network changed (force=0)
Jun 29, 2026 09:23:18.059 [547808698592] DEBUG - Network change notification but nothing changed.
Jun 29, 2026 09:23:18.091 [547808698592] DEBUG - NetworkInterface: received Netlink message len=1500, type=RTM_NEWLINK, flags=0x0
Jun 29, 2026 09:23:18.091 [547808698592] DEBUG - NetworkInterface: Netlink information message family=0, type=1, index=1131, flags=0x11003, change=0x1
Jun 29, 2026 09:23:18.091 [547808698592] DEBUG - Network change.
Jun 29, 2026 09:23:18.091 [547808698592] DEBUG - NetworkInterface: Notified of network changed (force=0)
Jun 29, 2026 09:23:18.095 [547808698592] DEBUG - Network change notification but nothing changed.
Jun 29, 2026 09:23:18.096 [547808698592] DEBUG - NetworkInterface: received Netlink message len=1500, type=RTM_NEWLINK, flags=0x0
Jun 29, 2026 09:23:18.096 [547808698592] DEBUG - NetworkInterface: Netlink information message family=0, type=1, index=1131, flags=0x11043, change=0x0
Jun 29, 2026 09:23:18.096 [547808698592] DEBUG - Network change.
Jun 29, 2026 09:23:18.096 [547808698592] DEBUG - NetworkInterface: Notified of network changed (force=0)
Jun 29, 2026 09:23:18.096 [547808698592] DEBUG - Network change notification but nothing changed.
Jun 29, 2026 09:23:18.096 [547808698592] DEBUG - NetworkInterface: received Netlink message len=440, type=RTM_NEWLINK, flags=0x0
Jun 29, 2026 09:23:18.096 [547808698592] DEBUG - NetworkInterface: Netlink information message family=7, type=1, index=1132, flags=0x11043, change=0x0
Jun 29, 2026 09:23:18.096 [547808698592] DEBUG - Network change.
Jun 29, 2026 09:23:18.096 [547808698592] DEBUG - NetworkInterface: Notified of network changed (force=0)
Jun 29, 2026 09:23:18.101 [547808698592] DEBUG - Network change notification but nothing changed.
Jun 29, 2026 09:23:18.101 [547808698592] DEBUG - NetworkInterface: received Netlink message len=440, type=RTM_NEWLINK, flags=0x0
Jun 29, 2026 09:23:18.101 [547808698592] DEBUG - NetworkInterface: Netlink information message family=7, type=1, index=1132, flags=0x11043, change=0x0
Jun 29, 2026 09:23:18.101 [547808698592] DEBUG - Network change.
Jun 29, 2026 09:23:18.101 [547808698592] DEBUG - NetworkInterface: Notified of network changed (force=0)
Jun 29, 2026 09:23:18.102 [547808698592] DEBUG - Network change notification but nothing changed.
Jun 29, 2026 09:23:18.102 [547808698592] DEBUG - NetworkInterface: received Netlink message len=1856, type=RTM_NEWLINK, flags=0x0
Jun 29, 2026 09:23:18.102 [547808698592] DEBUG - NetworkInterface: Netlink information message family=0, type=1, index=1132, flags=0x11043, change=0x0
Jun 29, 2026 09:23:18.102 [547808698592] DEBUG - Network change.
Jun 29, 2026 09:23:18.102 [547808698592] DEBUG - NetworkInterface: Notified of network changed (force=0)
Jun 29, 2026 09:23:18.103 [547808698592] DEBUG - Network change notification but nothing changed.
Jun 29, 2026 09:23:19.145 [547808698592] DEBUG - NetworkInterface: received Netlink message len=1500, type=RTM_NEWLINK, flags=0x0
Jun 29, 2026 09:23:19.145 [547808698592] DEBUG - NetworkInterface: Netlink information message family=0, type=1, index=1131, flags=0x1002, change=0x41
Jun 29, 2026 09:23:19.145 [547808698592] DEBUG - Network change.
Jun 29, 2026 09:23:19.145 [547808698592] DEBUG - NetworkInterface: Notified of network changed (force=0)
Jun 29, 2026 09:23:19.186 [547808698592] DEBUG - Network change notification but nothing changed.
Jun 29, 2026 09:23:19.186 [547808698592] DEBUG - NetworkInterface: received Netlink message len=704, type=RTM_DELLINK, flags=0x0
Jun 29, 2026 09:23:19.186 [547808698592] DEBUG - NetworkInterface: Netlink information message family=0, type=1, index=1131, flags=0x1002, change=0xffffffff
Jun 29, 2026 09:23:19.186 [547808698592] DEBUG - NetworkInterface: received Netlink message len=440, type=RTM_NEWLINK, flags=0x0
Jun 29, 2026 09:23:19.186 [547808698592] DEBUG - NetworkInterface: Netlink information message family=7, type=1, index=1132, flags=0x1003, change=0x0
Jun 29, 2026 09:23:19.186 [547808698592] DEBUG - Network change.
Jun 29, 2026 09:23:19.186 [547808698592] DEBUG - NetworkInterface: Notified of network changed (force=0)
Jun 29, 2026 09:23:19.187 [547808698592] DEBUG - Network change notification but nothing changed.
Jun 29, 2026 09:23:19.187 [547808698592] DEBUG - NetworkInterface: received Netlink message len=1864, type=RTM_NEWLINK, flags=0x0
Jun 29, 2026 09:23:19.187 [547808698592] DEBUG - NetworkInterface: Netlink information message family=0, type=1, index=1132, flags=0x1003, change=0x0
Jun 29, 2026 09:23:19.187 [547808698592] DEBUG - Network change.
Jun 29, 2026 09:23:19.187 [547808698592] DEBUG - NetworkInterface: Notified of network changed (force=0)
Jun 29, 2026 09:23:19.188 [547808698592] DEBUG - Network change notification but nothing changed.
Jun 29, 2026 09:23:19.189 [547808698592] DEBUG - NetworkInterface: received Netlink message len=440, type=RTM_NEWLINK, flags=0x0
Jun 29, 2026 09:23:19.189 [547808698592] DEBUG - NetworkInterface: Netlink information message family=7, type=1, index=1132, flags=0x11043, change=0x0
Jun 29, 2026 09:23:19.189 [547808698592] DEBUG - Network change.
Jun 29, 2026 09:23:19.189 [547808698592] DEBUG - NetworkInterface: Notified of network changed (force=0)
Jun 29, 2026 09:23:19.191 [547808698592] DEBUG - Network change notification but nothing changed.
Jun 29, 2026 09:23:19.191 [547808698592] DEBUG - NetworkInterface: received Netlink message len=440, type=RTM_NEWLINK, flags=0x0
Jun 29, 2026 09:23:19.191 [547808698592] DEBUG - NetworkInterface: Netlink information message family=7, type=1, index=1132, flags=0x11043, change=0x0
Jun 29, 2026 09:23:19.191 [547808698592] DEBUG - Network change.
Jun 29, 2026 09:23:19.191 [547808698592] DEBUG - NetworkInterface: Notified of network changed (force=0)
Jun 29, 2026 09:23:19.192 [547808698592] DEBUG - Network change notification but nothing changed.
Jun 29, 2026 09:23:19.192 [547808698592] DEBUG - NetworkInterface: received Netlink message len=1864, type=RTM_NEWLINK, flags=0x0
Jun 29, 2026 09:23:19.192 [547808698592] DEBUG - NetworkInterface: Netlink information message family=0, type=1, index=1132, flags=0x11043, change=0x0
Jun 29, 2026 09:23:19.192 [547808698592] DEBUG - Network change.
Jun 29, 2026 09:23:19.192 [547808698592] DEBUG - NetworkInterface: Notified of network changed (force=0)
Jun 29, 2026 09:23:19.192 [547808698592] DEBUG - Network change notification but nothing changed.
Jun 29, 2026 09:23:22.580 [547808698592] DEBUG - NetworkInterface: received Netlink message len=440, type=RTM_NEWLINK, flags=0x0
Jun 29, 2026 09:23:22.580 [547808698592] DEBUG - NetworkInterface: Netlink information message family=7, type=1, index=1132, flags=0x1003, change=0x0
Jun 29, 2026 09:23:22.580 [547808698592] DEBUG - Network change.
Jun 29, 2026 09:23:22.580 [547808698592] DEBUG - NetworkInterface: Notified of network changed (force=0)
Jun 29, 2026 09:23:22.607 [547808698592] DEBUG - Network change notification but nothing changed.
Jun 29, 2026 09:23:22.607 [547808698592] DEBUG - NetworkInterface: received Netlink message len=1864, type=RTM_NEWLINK, flags=0x0
Jun 29, 2026 09:23:22.607 [547808698592] DEBUG - NetworkInterface: Netlink information message family=0, type=1, index=1132, flags=0x1003, change=0x0
Jun 29, 2026 09:23:22.607 [547808698592] DEBUG - Network change.
Jun 29, 2026 09:23:22.607 [547808698592] DEBUG - NetworkInterface: Notified of network changed (force=0)
Jun 29, 2026 09:23:22.607 [547808698592] DEBUG - Network change notification but nothing changed.
Jun 29, 2026 09:23:22.607 [547808698592] DEBUG - NetworkInterface: received Netlink message len=1500, type=RTM_NEWLINK, flags=0x0
Jun 29, 2026 09:23:22.607 [547808698592] DEBUG - NetworkInterface: Netlink information message family=0, type=1, index=1131, flags=0x1002, change=0xffffffff
Jun 29, 2026 09:23:22.607 [547808698592] DEBUG - Network change.
Jun 29, 2026 09:23:22.607 [547808698592] DEBUG - NetworkInterface: Notified of network changed (force=0)
Jun 29, 2026 09:23:22.608 [547808698592] DEBUG - Network change notification but nothing changed.
Jun 29, 2026 09:23:22.632 [547808698592] DEBUG - NetworkInterface: received Netlink message len=1500, type=RTM_NEWLINK, flags=0x0
Jun 29, 2026 09:23:22.632 [547808698592] DEBUG - NetworkInterface: Netlink information message family=0, type=1, index=1131, flags=0x11003, change=0x1
Jun 29, 2026 09:23:22.632 [547808698592] DEBUG - Network change.
Jun 29, 2026 09:23:22.632 [547808698592] DEBUG - NetworkInterface: Notified of network changed (force=0)
Jun 29, 2026 09:23:22.634 [547808698592] DEBUG - Network change notification but nothing changed.
Jun 29, 2026 09:23:22.634 [547808698592] DEBUG - NetworkInterface: received Netlink message len=1500, type=RTM_NEWLINK, flags=0x0
Jun 29, 2026 09:23:22.634 [547808698592] DEBUG - NetworkInterface: Netlink information message family=0, type=1, index=1131, flags=0x11043, change=0x0
Jun 29, 2026 09:23:22.634 [547808698592] DEBUG - Network change.
Jun 29, 2026 09:23:22.634 [547808698592] DEBUG - NetworkInterface: Notified of network changed (force=0)
Jun 29, 2026 09:23:22.635 [547808698592] DEBUG - Network change notification but nothing changed.
Jun 29, 2026 09:23:22.635 [547808698592] DEBUG - NetworkInterface: received Netlink message len=440, type=RTM_NEWLINK, flags=0x0
Jun 29, 2026 09:23:22.635 [547808698592] DEBUG - NetworkInterface: Netlink information message family=7, type=1, index=1132, flags=0x11043, change=0x0
Jun 29, 2026 09:23:22.635 [547808698592] DEBUG - Network change.
Jun 29, 2026 09:23:22.635 [547808698592] DEBUG - NetworkInterface: Notified of network changed (force=0)
Jun 29, 2026 09:23:22.635 [547808698592] DEBUG - Network change notification but nothing changed.
Jun 29, 2026 09:23:22.635 [547808698592] DEBUG - NetworkInterface: received Netlink message len=440, type=RTM_NEWLINK, flags=0x0
Jun 29, 2026 09:23:22.635 [547808698592] DEBUG - NetworkInterface: Netlink information message family=7, type=1, index=1132, flags=0x11043, change=0x0
Jun 29, 2026 09:23:22.635 [547808698592] DEBUG - Network change.
Jun 29, 2026 09:23:22.635 [547808698592] DEBUG - NetworkInterface: Notified of network changed (force=0)
Jun 29, 2026 09:23:22.636 [547808698592] DEBUG - Network change notification but nothing changed.
Jun 29, 2026 09:23:22.636 [547808698592] DEBUG - NetworkInterface: received Netlink message len=1856, type=RTM_NEWLINK, flags=0x0
Jun 29, 2026 09:23:22.636 [547808698592] DEBUG - NetworkInterface: Netlink information message family=0, type=1, index=1132, flags=0x11043, change=0x0
Jun 29, 2026 09:23:22.636 [547808698592] DEBUG - Network change.
Jun 29, 2026 09:23:22.636 [547808698592] DEBUG - NetworkInterface: Notified of network changed (force=0)
Jun 29, 2026 09:23:22.637 [547808698592] DEBUG - Network change notification but nothing changed.
Jun 29, 2026 09:23:22.703 [547808698592] DEBUG - NetworkInterface: received Netlink message len=1500, type=RTM_NEWLINK, flags=0x0
Jun 29, 2026 09:23:22.703 [547808698592] DEBUG - NetworkInterface: Netlink information message family=0, type=1, index=1131, flags=0x1002, change=0x41
Jun 29, 2026 09:23:22.704 [547808698592] DEBUG - Network change.
Jun 29, 2026 09:23:22.704 [547808698592] DEBUG - NetworkInterface: Notified of network changed (force=0)
Jun 29, 2026 09:23:22.712 [547808698592] DEBUG - Network change notification but nothing changed.
Jun 29, 2026 09:23:22.712 [547808698592] DEBUG - NetworkInterface: received Netlink message len=1856, type=RTM_NEWLINK, flags=0x0
Jun 29, 2026 09:23:22.712 [547808698592] DEBUG - NetworkInterface: Netlink information message family=0, type=1, index=1132, flags=0x1002, change=0x41
Jun 29, 2026 09:23:22.712 [547808698592] DEBUG - Network change.
Jun 29, 2026 09:23:22.712 [547808698592] DEBUG - NetworkInterface: Notified of network changed (force=0)
Jun 29, 2026 09:23:22.713 [547808698592] DEBUG - Network change notification but nothing changed.
Jun 29, 2026 09:23:22.714 [547808698592] DEBUG - NetworkInterface: received Netlink message len=440, type=RTM_NEWLINK, flags=0x0
Jun 29, 2026 09:23:22.714 [547808698592] DEBUG - NetworkInterface: Netlink information message family=7, type=1, index=1132, flags=0x1002, change=0x0
Jun 29, 2026 09:23:22.714 [547808698592] DEBUG - Network change.
Jun 29, 2026 09:23:22.714 [547808698592] DEBUG - NetworkInterface: Notified of network changed (force=0)
Jun 29, 2026 09:23:22.715 [547808698592] DEBUG - Network change notification but nothing changed.
Jun 29, 2026 09:23:22.715 [547808698592] DEBUG - NetworkInterface: received Netlink message len=688, type=RTM_DELLINK, flags=0x0
Jun 29, 2026 09:23:22.715 [547808698592] DEBUG - NetworkInterface: Netlink information message family=0, type=1, index=1131, flags=0x1002, change=0xffffffff
Jun 29, 2026 09:23:22.715 [547808698592] DEBUG - NetworkInterface: received Netlink message len=440, type=RTM_NEWLINK, flags=0x0
Jun 29, 2026 09:23:22.715 [547808698592] DEBUG - NetworkInterface: Netlink information message family=7, type=1, index=1132, flags=0x1002, change=0x0
Jun 29, 2026 09:23:22.715 [547808698592] DEBUG - Network change.
Jun 29, 2026 09:23:22.715 [547808698592] DEBUG - NetworkInterface: Notified of network changed (force=0)
Jun 29, 2026 09:23:22.716 [547808698592] DEBUG - Network change notification but nothing changed.
Jun 29, 2026 09:23:22.716 [547808698592] DEBUG - NetworkInterface: received Netlink message len=104, type=RTM_DELLINK, flags=0x0
Jun 29, 2026 09:23:22.716 [547808698592] DEBUG - NetworkInterface: Netlink information message family=7, type=1, index=1132, flags=0x1002, change=0x0
Jun 29, 2026 09:23:22.716 [547808698592] DEBUG - NetworkInterface: received Netlink message len=688, type=RTM_DELLINK, flags=0x0
Jun 29, 2026 09:23:22.716 [547808698592] DEBUG - NetworkInterface: Netlink information message family=0, type=1, index=1132, flags=0x1002, change=0xffffffff
Jun 29, 2026 09:24:02.715 [547812917472] DEBUG - [NSB/SSDP] Parsing SSDP schema for http://192.168.1.1:49152/wps_device.xml
Jun 29, 2026 09:24:17.729 [547857510624] DEBUG - [HttpClient/HCl#3e] HTTP simulating 408 after curl timeout
Jun 29, 2026 09:24:22.385 [547808698592] DEBUG - NetworkInterface: received Netlink message len=1500, type=RTM_NEWLINK, flags=0x0
Jun 29, 2026 09:24:22.385 [547808698592] DEBUG - NetworkInterface: Netlink information message family=0, type=1, index=1133, flags=0x1002, change=0xffffffff
Jun 29, 2026 09:24:22.385 [547808698592] DEBUG - Network change.
Jun 29, 2026 09:24:22.385 [547808698592] DEBUG - NetworkInterface: Notified of network changed (force=0)
Jun 29, 2026 09:24:22.390 [547808698592] DEBUG - Network change notification but nothing changed.
Jun 29, 2026 09:24:22.391 [547808698592] DEBUG - NetworkInterface: received Netlink message len=1500, type=RTM_NEWLINK, flags=0x0
Jun 29, 2026 09:24:22.391 [547808698592] DEBUG - NetworkInterface: Netlink information message family=0, type=1, index=1134, flags=0x1002, change=0xffffffff
Jun 29, 2026 09:24:22.391 [547808698592] DEBUG - Network change.
Jun 29, 2026 09:24:22.391 [547808698592] DEBUG - NetworkInterface: Notified of network changed (force=0)
Jun 29, 2026 09:24:22.394 [547808698592] DEBUG - Network change notification but nothing changed.
Jun 29, 2026 09:24:22.394 [547808698592] DEBUG - NetworkInterface: received Netlink message len=1856, type=RTM_NEWLINK, flags=0x0
Jun 29, 2026 09:24:22.394 [547808698592] DEBUG - NetworkInterface: Netlink information message family=0, type=1, index=1134, flags=0x1002, change=0x0
Jun 29, 2026 09:24:22.394 [547808698592] DEBUG - Network change.
Jun 29, 2026 09:24:22.394 [547808698592] DEBUG - NetworkInterface: Notified of network changed (force=0)
Jun 29, 2026 09:24:22.396 [547808698592] DEBUG - Network change notification but nothing changed.
Jun 29, 2026 09:24:22.396 [547808698592] DEBUG - NetworkInterface: received Netlink message len=1856, type=RTM_NEWLINK, flags=0x0
Jun 29, 2026 09:24:22.396 [547808698592] DEBUG - NetworkInterface: Netlink information message family=0, type=1, index=1134, flags=0x1002, change=0x100
Jun 29, 2026 09:24:22.396 [547808698592] DEBUG - Network change.
Jun 29, 2026 09:24:22.396 [547808698592] DEBUG - NetworkInterface: Notified of network changed (force=0)
Jun 29, 2026 09:24:22.396 [547808698592] DEBUG - Network change notification but nothing changed.
Jun 29, 2026 09:24:22.396 [547808698592] DEBUG - NetworkInterface: received Netlink message len=440, type=RTM_NEWLINK, flags=0x0
Jun 29, 2026 09:24:22.396 [547808698592] DEBUG - NetworkInterface: Netlink information message family=7, type=1, index=1134, flags=0x1002, change=0x0
Jun 29, 2026 09:24:22.396 [547808698592] DEBUG - Network change.
Jun 29, 2026 09:24:22.396 [547808698592] DEBUG - NetworkInterface: Notified of network changed (force=0)
Jun 29, 2026 09:24:22.398 [547808698592] DEBUG - Network change notification but nothing changed.
Jun 29, 2026 09:24:22.398 [547808698592] DEBUG - NetworkInterface: received Netlink message len=1856, type=RTM_NEWLINK, flags=0x0
Jun 29, 2026 09:24:22.398 [547808698592] DEBUG - NetworkInterface: Netlink information message family=0, type=1, index=1134, flags=0x1003, change=0x1
Jun 29, 2026 09:24:22.398 [547808698592] DEBUG - Network change.
Jun 29, 2026 09:24:22.399 [547808698592] DEBUG - NetworkInterface: Notified of network changed (force=0)
Jun 29, 2026 09:24:22.401 [547808698592] DEBUG - Network change notification but nothing changed.
Jun 29, 2026 09:24:22.401 [547808698592] DEBUG - NetworkInterface: received Netlink message len=440, type=RTM_NEWLINK, flags=0x0
Jun 29, 2026 09:24:22.401 [547808698592] DEBUG - NetworkInterface: Netlink information message family=7, type=1, index=1134, flags=0x1003, change=0x0
Jun 29, 2026 09:24:22.401 [547808698592] DEBUG - Network change.
Jun 29, 2026 09:24:22.401 [547808698592] DEBUG - NetworkInterface: Notified of network changed (force=0)
Jun 29, 2026 09:24:22.402 [547808698592] DEBUG - Network change notification but nothing changed.
Jun 29, 2026 09:24:22.430 [547808698592] DEBUG - NetworkInterface: received Netlink message len=1500, type=RTM_NEWLINK, flags=0x0
Jun 29, 2026 09:24:22.431 [547808698592] DEBUG - NetworkInterface: Netlink information message family=0, type=1, index=1133, flags=0x11003, change=0x1
Jun 29, 2026 09:24:22.431 [547808698592] DEBUG - Network change.
Jun 29, 2026 09:24:22.431 [547808698592] DEBUG - NetworkInterface: Notified of network changed (force=0)
Jun 29, 2026 09:24:22.435 [547808698592] DEBUG - Network change notification but nothing changed.
Jun 29, 2026 09:24:22.435 [547808698592] DEBUG - NetworkInterface: received Netlink message len=1500, type=RTM_NEWLINK, flags=0x0
Jun 29, 2026 09:24:22.435 [547808698592] DEBUG - NetworkInterface: Netlink information message family=0, type=1, index=1133, flags=0x11043, change=0x0
Jun 29, 2026 09:24:22.435 [547808698592] DEBUG - Network change.
Jun 29, 2026 09:24:22.435 [547808698592] DEBUG - NetworkInterface: Notified of network changed (force=0)
Jun 29, 2026 09:24:22.436 [547808698592] DEBUG - Network change notification but nothing changed.
Jun 29, 2026 09:24:22.436 [547808698592] DEBUG - NetworkInterface: received Netlink message len=440, type=RTM_NEWLINK, flags=0x0
Jun 29, 2026 09:24:22.436 [547808698592] DEBUG - NetworkInterface: Netlink information message family=7, type=1, index=1134, flags=0x11043, change=0x0
Jun 29, 2026 09:24:22.436 [547808698592] DEBUG - Network change.
Jun 29, 2026 09:24:22.436 [547808698592] DEBUG - NetworkInterface: Notified of network changed (force=0)
Jun 29, 2026 09:24:22.440 [547808698592] DEBUG - Network change notification but nothing changed.
Jun 29, 2026 09:24:22.441 [547808698592] DEBUG - NetworkInterface: received Netlink message len=440, type=RTM_NEWLINK, flags=0x0
Jun 29, 2026 09:24:22.441 [547808698592] DEBUG - NetworkInterface: Netlink information message family=7, type=1, index=1134, flags=0x11043, change=0x0
Jun 29, 2026 09:24:22.441 [547808698592] DEBUG - Network change.
Jun 29, 2026 09:24:22.441 [547808698592] DEBUG - NetworkInterface: Notified of network changed (force=0)
Jun 29, 2026 09:24:22.442 [547808698592] DEBUG - Network change notification but nothing changed.
Jun 29, 2026 09:24:22.442 [547808698592] DEBUG - NetworkInterface: received Netlink message len=1856, type=RTM_NEWLINK, flags=0x0
Jun 29, 2026 09:24:22.442 [547808698592] DEBUG - NetworkInterface: Netlink information message family=0, type=1, index=1134, flags=0x11043, change=0x0
Jun 29, 2026 09:24:22.442 [547808698592] DEBUG - Network change.
Jun 29, 2026 09:24:22.442 [547808698592] DEBUG - NetworkInterface: Notified of network changed (force=0)
Jun 29, 2026 09:24:22.443 [547808698592] DEBUG - Network change notification but nothing changed.
Jun 29, 2026 09:24:23.436 [547808698592] DEBUG - NetworkInterface: received Netlink message len=64, type=RTM_NEWLINK, flags=0x0
Jun 29, 2026 09:24:23.436 [547808698592] DEBUG - NetworkInterface: Netlink information message family=0, type=1, index=3, flags=0x11043, change=0x0
Jun 29, 2026 09:24:23.436 [547808698592] DEBUG - Network change.
Jun 29, 2026 09:24:23.436 [547808698592] DEBUG - NetworkInterface: Notified of network changed (force=0)
Jun 29, 2026 09:24:23.437 [547808698592] DEBUG - Network change notification but nothing changed.
Jun 29, 2026 09:24:23.672 [547808698592] DEBUG - NetworkInterface: received Netlink message len=1500, type=RTM_NEWLINK, flags=0x0
Jun 29, 2026 09:24:23.674 [547808698592] DEBUG - NetworkInterface: Netlink information message family=0, type=1, index=1133, flags=0x1002, change=0x41
Jun 29, 2026 09:24:23.674 [547808698592] DEBUG - Network change.
Jun 29, 2026 09:24:23.674 [547808698592] DEBUG - NetworkInterface: Notified of network changed (force=0)
Jun 29, 2026 09:24:23.705 [547808698592] DEBUG - Network change notification but nothing changed.
Jun 29, 2026 09:24:23.706 [547808698592] DEBUG - NetworkInterface: received Netlink message len=704, type=RTM_DELLINK, flags=0x0
Jun 29, 2026 09:24:23.706 [547808698592] DEBUG - NetworkInterface: Netlink information message family=0, type=1, index=1133, flags=0x1002, change=0xffffffff
Jun 29, 2026 09:24:23.706 [547808698592] DEBUG - NetworkInterface: received Netlink message len=440, type=RTM_NEWLINK, flags=0x0
Jun 29, 2026 09:24:23.706 [547808698592] DEBUG - NetworkInterface: Netlink information message family=7, type=1, index=1134, flags=0x1003, change=0x0
Jun 29, 2026 09:24:23.706 [547808698592] DEBUG - Network change.
Jun 29, 2026 09:24:23.706 [547808698592] DEBUG - NetworkInterface: Notified of network changed (force=0)
Jun 29, 2026 09:24:23.706 [547808698592] DEBUG - Network change notification but nothing changed.
Jun 29, 2026 09:24:23.706 [547808698592] DEBUG - NetworkInterface: received Netlink message len=1864, type=RTM_NEWLINK, flags=0x0
Jun 29, 2026 09:24:23.706 [547808698592] DEBUG - NetworkInterface: Netlink information message family=0, type=1, index=1134, flags=0x1003, change=0x0
Jun 29, 2026 09:24:23.706 [547808698592] DEBUG - Network change.
Jun 29, 2026 09:24:23.706 [547808698592] DEBUG - NetworkInterface: Notified of network changed (force=0)
Jun 29, 2026 09:24:23.707 [547808698592] DEBUG - Network change notification but nothing changed.
Jun 29, 2026 09:24:23.707 [547808698592] DEBUG - NetworkInterface: received Netlink message len=440, type=RTM_NEWLINK, flags=0x0
Jun 29, 2026 09:24:23.707 [547808698592] DEBUG - NetworkInterface: Netlink information message family=7, type=1, index=1134, flags=0x11043, change=0x0
Jun 29, 2026 09:24:23.707 [547808698592] DEBUG - Network change.
Jun 29, 2026 09:24:23.707 [547808698592] DEBUG - NetworkInterface: Notified of network changed (force=0)
Jun 29, 2026 09:24:23.707 [547808698592] DEBUG - Network change notification but nothing changed.
Jun 29, 2026 09:24:23.707 [547808698592] DEBUG - NetworkInterface: received Netlink message len=440, type=RTM_NEWLINK, flags=0x0
Jun 29, 2026 09:24:23.707 [547808698592] DEBUG - NetworkInterface: Netlink information message family=7, type=1, index=1134, flags=0x11043, change=0x0
Jun 29, 2026 09:24:23.707 [547808698592] DEBUG - Network change.
Jun 29, 2026 09:24:23.707 [547808698592] DEBUG - NetworkInterface: Notified of network changed (force=0)
Jun 29, 2026 09:24:23.708 [547808698592] DEBUG - Network change notification but nothing changed.
Jun 29, 2026 09:24:23.708 [547808698592] DEBUG - NetworkInterface: received Netlink message len=1864, type=RTM_NEWLINK, flags=0x0
Jun 29, 2026 09:24:23.708 [547808698592] DEBUG - NetworkInterface: Netlink information message family=0, type=1, index=1134, flags=0x11043, change=0x0
Jun 29, 2026 09:24:23.708 [547808698592] DEBUG - Network change.
Jun 29, 2026 09:24:23.708 [547808698592] DEBUG - NetworkInterface: Notified of network changed (force=0)
Jun 29, 2026 09:24:23.708 [547808698592] DEBUG - Network change notification but nothing changed.
Jun 29, 2026 09:24:27.417 [547808698592] DEBUG - NetworkInterface: received Netlink message len=440, type=RTM_NEWLINK, flags=0x0
Jun 29, 2026 09:24:27.418 [547808698592] DEBUG - NetworkInterface: Netlink information message family=7, type=1, index=1134, flags=0x1003, change=0x0
Jun 29, 2026 09:24:27.418 [547808698592] DEBUG - Network change.
Jun 29, 2026 09:24:27.418 [547808698592] DEBUG - NetworkInterface: Notified of network changed (force=0)
Jun 29, 2026 09:24:27.446 [547808698592] DEBUG - Network change notification but nothing changed.
Jun 29, 2026 09:24:27.446 [547808698592] DEBUG - NetworkInterface: received Netlink message len=1864, type=RTM_NEWLINK, flags=0x0
Jun 29, 2026 09:24:27.446 [547808698592] DEBUG - NetworkInterface: Netlink information message family=0, type=1, index=1134, flags=0x1003, change=0x0
Jun 29, 2026 09:24:27.446 [547808698592] DEBUG - Network change.
Jun 29, 2026 09:24:27.446 [547808698592] DEBUG - NetworkInterface: Notified of network changed (force=0)
Jun 29, 2026 09:24:27.447 [547808698592] DEBUG - Network change notification but nothing changed.
Jun 29, 2026 09:24:27.447 [547808698592] DEBUG - NetworkInterface: received Netlink message len=1500, type=RTM_NEWLINK, flags=0x0
Jun 29, 2026 09:24:27.447 [547808698592] DEBUG - NetworkInterface: Netlink information message family=0, type=1, index=1133, flags=0x1002, change=0xffffffff
Jun 29, 2026 09:24:27.447 [547808698592] DEBUG - Network change.
Jun 29, 2026 09:24:27.447 [547808698592] DEBUG - NetworkInterface: Notified of network changed (force=0)
Jun 29, 2026 09:24:27.447 [547808698592] DEBUG - Network change notification but nothing changed.
Jun 29, 2026 09:24:27.470 [547808698592] DEBUG - NetworkInterface: received Netlink message len=1500, type=RTM_NEWLINK, flags=0x0
Jun 29, 2026 09:24:27.470 [547808698592] DEBUG - NetworkInterface: Netlink information message family=0, type=1, index=1133, flags=0x11003, change=0x1
Jun 29, 2026 09:24:27.470 [547808698592] DEBUG - Network change.
Jun 29, 2026 09:24:27.470 [547808698592] DEBUG - NetworkInterface: Notified of network changed (force=0)
Jun 29, 2026 09:24:27.471 [547808698592] DEBUG - Network change notification but nothing changed.
Jun 29, 2026 09:24:27.471 [547808698592] DEBUG - NetworkInterface: received Netlink message len=1500, type=RTM_NEWLINK, flags=0x0
Jun 29, 2026 09:24:27.471 [547808698592] DEBUG - NetworkInterface: Netlink information message family=0, type=1, index=1133, flags=0x11043, change=0x0
Jun 29, 2026 09:24:27.471 [547808698592] DEBUG - Network change.
Jun 29, 2026 09:24:27.471 [547808698592] DEBUG - NetworkInterface: Notified of network changed (force=0)
Jun 29, 2026 09:24:27.472 [547808698592] DEBUG - Network change notification but nothing changed.
Jun 29, 2026 09:24:27.472 [547808698592] DEBUG - NetworkInterface: received Netlink message len=440, type=RTM_NEWLINK, flags=0x0
Jun 29, 2026 09:24:27.472 [547808698592] DEBUG - NetworkInterface: Netlink information message family=7, type=1, index=1134, flags=0x11043, change=0x0
Jun 29, 2026 09:24:27.472 [547808698592] DEBUG - Network change.
Jun 29, 2026 09:24:27.472 [547808698592] DEBUG - NetworkInterface: Notified of network changed (force=0)
Jun 29, 2026 09:24:27.472 [547808698592] DEBUG - Network change notification but nothing changed.
Jun 29, 2026 09:24:27.473 [547808698592] DEBUG - NetworkInterface: received Netlink message len=440, type=RTM_NEWLINK, flags=0x0
Jun 29, 2026 09:24:27.473 [547808698592] DEBUG - NetworkInterface: Netlink information message family=7, type=1, index=1134, flags=0x11043, change=0x0
Jun 29, 2026 09:24:27.473 [547808698592] DEBUG - Network change.
Jun 29, 2026 09:24:27.473 [547808698592] DEBUG - NetworkInterface: Notified of network changed (force=0)
Jun 29, 2026 09:24:27.473 [547808698592] DEBUG - Network change notification but nothing changed.
Jun 29, 2026 09:24:27.473 [547808698592] DEBUG - NetworkInterface: received Netlink message len=1856, type=RTM_NEWLINK, flags=0x0
Jun 29, 2026 09:24:27.473 [547808698592] DEBUG - NetworkInterface: Netlink information message family=0, type=1, index=1134, flags=0x11043, change=0x0
Jun 29, 2026 09:24:27.473 [547808698592] DEBUG - Network change.
Jun 29, 2026 09:24:27.473 [547808698592] DEBUG - NetworkInterface: Notified of network changed (force=0)
Jun 29, 2026 09:24:27.474 [547808698592] DEBUG - Network change notification but nothing changed.
Jun 29, 2026 09:24:27.528 [547808698592] DEBUG - NetworkInterface: received Netlink message len=1500, type=RTM_NEWLINK, flags=0x0
Jun 29, 2026 09:24:27.528 [547808698592] DEBUG - NetworkInterface: Netlink information message family=0, type=1, index=1133, flags=0x1002, change=0x41
Jun 29, 2026 09:24:27.528 [547808698592] DEBUG - Network change.
Jun 29, 2026 09:24:27.528 [547808698592] DEBUG - NetworkInterface: Notified of network changed (force=0)
Jun 29, 2026 09:24:27.538 [547808698592] DEBUG - Network change notification but nothing changed.
Jun 29, 2026 09:24:27.538 [547808698592] DEBUG - NetworkInterface: received Netlink message len=1856, type=RTM_NEWLINK, flags=0x0
Jun 29, 2026 09:24:27.538 [547808698592] DEBUG - NetworkInterface: Netlink information message family=0, type=1, index=1134, flags=0x1002, change=0x41
Jun 29, 2026 09:24:27.538 [547808698592] DEBUG - Network change.
Jun 29, 2026 09:24:27.538 [547808698592] DEBUG - NetworkInterface: Notified of network changed (force=0)
Jun 29, 2026 09:24:27.541 [547808698592] DEBUG - Network change notification but nothing changed.
Jun 29, 2026 09:24:27.541 [547808698592] DEBUG - NetworkInterface: received Netlink message len=440, type=RTM_NEWLINK, flags=0x0
Jun 29, 2026 09:24:27.541 [547808698592] DEBUG - NetworkInterface: Netlink information message family=7, type=1, index=1134, flags=0x1002, change=0x0
Jun 29, 2026 09:24:27.541 [547808698592] DEBUG - Network change.
Jun 29, 2026 09:24:27.541 [547808698592] DEBUG - NetworkInterface: Notified of network changed (force=0)
Jun 29, 2026 09:24:27.544 [547808698592] DEBUG - Network change notification but nothing changed.
Jun 29, 2026 09:24:27.544 [547808698592] DEBUG - NetworkInterface: received Netlink message len=688, type=RTM_DELLINK, flags=0x0
Jun 29, 2026 09:24:27.544 [547808698592] DEBUG - NetworkInterface: Netlink information message family=0, type=1, index=1133, flags=0x1002, change=0xffffffff
Jun 29, 2026 09:24:27.544 [547808698592] DEBUG - NetworkInterface: received Netlink message len=440, type=RTM_NEWLINK, flags=0x0
Jun 29, 2026 09:24:27.544 [547808698592] DEBUG - NetworkInterface: Netlink information message family=7, type=1, index=1134, flags=0x1002, change=0x0
Jun 29, 2026 09:24:27.544 [547808698592] DEBUG - Network change.
Jun 29, 2026 09:24:27.544 [547808698592] DEBUG - NetworkInterface: Notified of network changed (force=0)
Jun 29, 2026 09:24:27.544 [547808698592] DEBUG - Network change notification but nothing changed.
Jun 29, 2026 09:24:27.544 [547808698592] DEBUG - NetworkInterface: received Netlink message len=104, type=RTM_DELLINK, flags=0x0
Jun 29, 2026 09:24:27.544 [547808698592] DEBUG - NetworkInterface: Netlink information message family=7, type=1, index=1134, flags=0x1002, change=0x0
Jun 29, 2026 09:24:27.544 [547808698592] DEBUG - NetworkInterface: received Netlink message len=688, type=RTM_DELLINK, flags=0x0
Jun 29, 2026 09:24:27.544 [547808698592] DEBUG - NetworkInterface: Netlink information message family=0, type=1, index=1134, flags=0x1002, change=0xffffffff
Jun 29, 2026 09:24:56.345 [547808698592] DEBUG - NetworkInterface: received Netlink message len=1500, type=RTM_NEWLINK, flags=0x0
Jun 29, 2026 09:24:56.345 [547808698592] DEBUG - NetworkInterface: Netlink information message family=0, type=1, index=1135, flags=0x1002, change=0xffffffff
Jun 29, 2026 09:24:56.345 [547808698592] DEBUG - Network change.
Jun 29, 2026 09:24:56.345 [547808698592] DEBUG - NetworkInterface: Notified of network changed (force=0)
Jun 29, 2026 09:24:56.347 [547808698592] DEBUG - Network change notification but nothing changed.
Jun 29, 2026 09:24:56.347 [547808698592] DEBUG - NetworkInterface: received Netlink message len=1500, type=RTM_NEWLINK, flags=0x0
Jun 29, 2026 09:24:56.347 [547808698592] DEBUG - NetworkInterface: Netlink information message family=0, type=1, index=1136, flags=0x1002, change=0xffffffff
Jun 29, 2026 09:24:56.347 [547808698592] DEBUG - Network change.
Jun 29, 2026 09:24:56.347 [547808698592] DEBUG - NetworkInterface: Notified of network changed (force=0)
Jun 29, 2026 09:24:56.348 [547808698592] DEBUG - Network change notification but nothing changed.
Jun 29, 2026 09:24:56.349 [547808698592] DEBUG - NetworkInterface: received Netlink message len=1856, type=RTM_NEWLINK, flags=0x0
Jun 29, 2026 09:24:56.349 [547808698592] DEBUG - NetworkInterface: Netlink information message family=0, type=1, index=1136, flags=0x1002, change=0x0
Jun 29, 2026 09:24:56.349 [547808698592] DEBUG - Network change.
Jun 29, 2026 09:24:56.349 [547808698592] DEBUG - NetworkInterface: Notified of network changed (force=0)
Jun 29, 2026 09:24:56.349 [547808698592] DEBUG - Network change notification but nothing changed.
Jun 29, 2026 09:24:56.349 [547808698592] DEBUG - NetworkInterface: received Netlink message len=1856, type=RTM_NEWLINK, flags=0x0
Jun 29, 2026 09:24:56.349 [547808698592] DEBUG - NetworkInterface: Netlink information message family=0, type=1, index=1136, flags=0x1002, change=0x100
Jun 29, 2026 09:24:56.349 [547808698592] DEBUG - Network change.
Jun 29, 2026 09:24:56.349 [547808698592] DEBUG - NetworkInterface: Notified of network changed (force=0)
Jun 29, 2026 09:24:56.350 [547808698592] DEBUG - Network change notification but nothing changed.
Jun 29, 2026 09:24:56.350 [547808698592] DEBUG - NetworkInterface: received Netlink message len=440, type=RTM_NEWLINK, flags=0x0
Jun 29, 2026 09:24:56.350 [547808698592] DEBUG - NetworkInterface: Netlink information message family=7, type=1, index=1136, flags=0x1002, change=0x0
Jun 29, 2026 09:24:56.350 [547808698592] DEBUG - Network change.
Jun 29, 2026 09:24:56.350 [547808698592] DEBUG - NetworkInterface: Notified of network changed (force=0)
Jun 29, 2026 09:24:56.351 [547808698592] DEBUG - Network change notification but nothing changed.
Jun 29, 2026 09:24:56.351 [547808698592] DEBUG - NetworkInterface: received Netlink message len=1856, type=RTM_NEWLINK, flags=0x0
Jun 29, 2026 09:24:56.351 [547808698592] DEBUG - NetworkInterface: Netlink information message family=0, type=1, index=1136, flags=0x1003, change=0x1
Jun 29, 2026 09:24:56.351 [547808698592] DEBUG - Network change.
Jun 29, 2026 09:24:56.351 [547808698592] DEBUG - NetworkInterface: Notified of network changed (force=0)
Jun 29, 2026 09:24:56.351 [547808698592] DEBUG - Network change notification but nothing changed.
Jun 29, 2026 09:24:56.351 [547808698592] DEBUG - NetworkInterface: received Netlink message len=440, type=RTM_NEWLINK, flags=0x0
Jun 29, 2026 09:24:56.351 [547808698592] DEBUG - NetworkInterface: Netlink information message family=7, type=1, index=1136, flags=0x1003, change=0x0
Jun 29, 2026 09:24:56.351 [547808698592] DEBUG - Network change.
Jun 29, 2026 09:24:56.351 [547808698592] DEBUG - NetworkInterface: Notified of network changed (force=0)
Jun 29, 2026 09:24:56.352 [547808698592] DEBUG - Network change notification but nothing changed.
Jun 29, 2026 09:24:56.384 [547808698592] DEBUG - NetworkInterface: received Netlink message len=1500, type=RTM_NEWLINK, flags=0x0
Jun 29, 2026 09:24:56.384 [547808698592] DEBUG - NetworkInterface: Netlink information message family=0, type=1, index=1135, flags=0x11003, change=0x1
Jun 29, 2026 09:24:56.384 [547808698592] DEBUG - Network change.
Jun 29, 2026 09:24:56.384 [547808698592] DEBUG - NetworkInterface: Notified of network changed (force=0)
Jun 29, 2026 09:24:56.389 [547808698592] DEBUG - Network change notification but nothing changed.
Jun 29, 2026 09:24:56.389 [547808698592] DEBUG - NetworkInterface: received Netlink message len=1500, type=RTM_NEWLINK, flags=0x0
Jun 29, 2026 09:24:56.389 [547808698592] DEBUG - NetworkInterface: Netlink information message family=0, type=1, index=1135, flags=0x11043, change=0x0
Jun 29, 2026 09:24:56.389 [547808698592] DEBUG - Network change.
Jun 29, 2026 09:24:56.389 [547808698592] DEBUG - NetworkInterface: Notified of network changed (force=0)
Jun 29, 2026 09:24:56.390 [547808698592] DEBUG - Network change notification but nothing changed.
Jun 29, 2026 09:24:56.390 [547808698592] DEBUG - NetworkInterface: received Netlink message len=440, type=RTM_NEWLINK, flags=0x0
Jun 29, 2026 09:24:56.390 [547808698592] DEBUG - NetworkInterface: Netlink information message family=7, type=1, index=1136, flags=0x11043, change=0x0
Jun 29, 2026 09:24:56.390 [547808698592] DEBUG - Network change.
Jun 29, 2026 09:24:56.390 [547808698592] DEBUG - NetworkInterface: Notified of network changed (force=0)
Jun 29, 2026 09:24:56.390 [547808698592] DEBUG - Network change notification but nothing changed.
Jun 29, 2026 09:24:56.390 [547808698592] DEBUG - NetworkInterface: received Netlink message len=440, type=RTM_NEWLINK, flags=0x0
Jun 29, 2026 09:24:56.390 [547808698592] DEBUG - NetworkInterface: Netlink information message family=7, type=1, index=1136, flags=0x11043, change=0x0
Jun 29, 2026 09:24:56.390 [547808698592] DEBUG - Network change.
Jun 29, 2026 09:24:56.390 [547808698592] DEBUG - NetworkInterface: Notified of network changed (force=0)
Jun 29, 2026 09:24:56.391 [547808698592] DEBUG - Network change notification but nothing changed.
Jun 29, 2026 09:24:56.391 [547808698592] DEBUG - NetworkInterface: received Netlink message len=1856, type=RTM_NEWLINK, flags=0x0
Jun 29, 2026 09:24:56.391 [547808698592] DEBUG - NetworkInterface: Netlink information message family=0, type=1, index=1136, flags=0x11043, change=0x0
Jun 29, 2026 09:24:56.391 [547808698592] DEBUG - Network change.
Jun 29, 2026 09:24:56.391 [547808698592] DEBUG - NetworkInterface: Notified of network changed (force=0)
Jun 29, 2026 09:24:56.392 [547808698592] DEBUG - Network change notification but nothing changed.
Jun 29, 2026 09:24:57.140 [547808698592] DEBUG - NetworkInterface: received Netlink message len=1500, type=RTM_NEWLINK, flags=0x0
Jun 29, 2026 09:24:57.140 [547808698592] DEBUG - NetworkInterface: Netlink information message family=0, type=1, index=1135, flags=0x1002, change=0x41
Jun 29, 2026 09:24:57.140 [547808698592] DEBUG - Network change.
Jun 29, 2026 09:24:57.140 [547808698592] DEBUG - NetworkInterface: Notified of network changed (force=0)
Jun 29, 2026 09:24:57.175 [547808698592] DEBUG - Network change notification but nothing changed.
Jun 29, 2026 09:24:57.175 [547808698592] DEBUG - NetworkInterface: received Netlink message len=704, type=RTM_DELLINK, flags=0x0
Jun 29, 2026 09:24:57.175 [547808698592] DEBUG - NetworkInterface: Netlink information message family=0, type=1, index=1135, flags=0x1002, change=0xffffffff
Jun 29, 2026 09:24:57.175 [547808698592] DEBUG - NetworkInterface: received Netlink message len=440, type=RTM_NEWLINK, flags=0x0
Jun 29, 2026 09:24:57.175 [547808698592] DEBUG - NetworkInterface: Netlink information message family=7, type=1, index=1136, flags=0x1003, change=0x0
Jun 29, 2026 09:24:57.175 [547808698592] DEBUG - Network change.
Jun 29, 2026 09:24:57.175 [547808698592] DEBUG - NetworkInterface: Notified of network changed (force=0)
Jun 29, 2026 09:24:57.176 [547808698592] DEBUG - Network change notification but nothing changed.
Jun 29, 2026 09:24:57.176 [547808698592] DEBUG - NetworkInterface: received Netlink message len=1864, type=RTM_NEWLINK, flags=0x0
Jun 29, 2026 09:24:57.176 [547808698592] DEBUG - NetworkInterface: Netlink information message family=0, type=1, index=1136, flags=0x1003, change=0x0
Jun 29, 2026 09:24:57.176 [547808698592] DEBUG - Network change.
Jun 29, 2026 09:24:57.176 [547808698592] DEBUG - NetworkInterface: Notified of network changed (force=0)
Jun 29, 2026 09:24:57.179 [547808698592] DEBUG - Network change notification but nothing changed.
Jun 29, 2026 09:24:57.179 [547808698592] DEBUG - NetworkInterface: received Netlink message len=440, type=RTM_NEWLINK, flags=0x0
Jun 29, 2026 09:24:57.179 [547808698592] DEBUG - NetworkInterface: Netlink information message family=7, type=1, index=1136, flags=0x11043, change=0x0
Jun 29, 2026 09:24:57.179 [547808698592] DEBUG - Network change.
Jun 29, 2026 09:24:57.179 [547808698592] DEBUG - NetworkInterface: Notified of network changed (force=0)
Jun 29, 2026 09:24:57.180 [547808698592] DEBUG - Network change notification but nothing changed.
Jun 29, 2026 09:24:57.180 [547808698592] DEBUG - NetworkInterface: received Netlink message len=440, type=RTM_NEWLINK, flags=0x0
Jun 29, 2026 09:24:57.180 [547808698592] DEBUG - NetworkInterface: Netlink information message family=7, type=1, index=1136, flags=0x11043, change=0x0
Jun 29, 2026 09:24:57.180 [547808698592] DEBUG - Network change.
Jun 29, 2026 09:24:57.180 [547808698592] DEBUG - NetworkInterface: Notified of network changed (force=0)
Jun 29, 2026 09:24:57.181 [547808698592] DEBUG - Network change notification but nothing changed.
Jun 29, 2026 09:24:57.181 [547808698592] DEBUG - NetworkInterface: received Netlink message len=1864, type=RTM_NEWLINK, flags=0x0
Jun 29, 2026 09:24:57.181 [547808698592] DEBUG - NetworkInterface: Netlink information message family=0, type=1, index=1136, flags=0x11043, change=0x0
Jun 29, 2026 09:24:57.181 [547808698592] DEBUG - Network change.
Jun 29, 2026 09:24:57.181 [547808698592] DEBUG - NetworkInterface: Notified of network changed (force=0)
Jun 29, 2026 09:24:57.182 [547808698592] DEBUG - Network change notification but nothing changed.
Jun 29, 2026 09:25:00.030 [547808698592] DEBUG - NetworkInterface: received Netlink message len=440, type=RTM_NEWLINK, flags=0x0
Jun 29, 2026 09:25:00.030 [547808698592] DEBUG - NetworkInterface: Netlink information message family=7, type=1, index=1136, flags=0x1003, change=0x0
Jun 29, 2026 09:25:00.030 [547808698592] DEBUG - Network change.
Jun 29, 2026 09:25:00.030 [547808698592] DEBUG - NetworkInterface: Notified of network changed (force=0)
Jun 29, 2026 09:25:00.050 [547808698592] DEBUG - Network change notification but nothing changed.
Jun 29, 2026 09:25:00.050 [547808698592] DEBUG - NetworkInterface: received Netlink message len=1864, type=RTM_NEWLINK, flags=0x0
Jun 29, 2026 09:25:00.050 [547808698592] DEBUG - NetworkInterface: Netlink information message family=0, type=1, index=1136, flags=0x1003, change=0x0
Jun 29, 2026 09:25:00.050 [547808698592] DEBUG - Network change.
Jun 29, 2026 09:25:00.050 [547808698592] DEBUG - NetworkInterface: Notified of network changed (force=0)
Jun 29, 2026 09:25:00.051 [547808698592] DEBUG - Network change notification but nothing changed.
Jun 29, 2026 09:25:00.051 [547808698592] DEBUG - NetworkInterface: received Netlink message len=1500, type=RTM_NEWLINK, flags=0x0
Jun 29, 2026 09:25:00.051 [547808698592] DEBUG - NetworkInterface: Netlink information message family=0, type=1, index=1135, flags=0x1002, change=0xffffffff
Jun 29, 2026 09:25:00.051 [547808698592] DEBUG - Network change.
Jun 29, 2026 09:25:00.051 [547808698592] DEBUG - NetworkInterface: Notified of network changed (force=0)
Jun 29, 2026 09:25:00.052 [547808698592] DEBUG - Network change notification but nothing changed.
Jun 29, 2026 09:25:00.074 [547808698592] DEBUG - NetworkInterface: received Netlink message len=1500, type=RTM_NEWLINK, flags=0x0
Jun 29, 2026 09:25:00.074 [547808698592] DEBUG - NetworkInterface: Netlink information message family=0, type=1, index=1135, flags=0x11003, change=0x1
Jun 29, 2026 09:25:00.074 [547808698592] DEBUG - Network change.
Jun 29, 2026 09:25:00.074 [547808698592] DEBUG - NetworkInterface: Notified of network changed (force=0)
Jun 29, 2026 09:25:00.075 [547808698592] DEBUG - Network change notification but nothing changed.
Jun 29, 2026 09:25:00.075 [547808698592] DEBUG - NetworkInterface: received Netlink message len=1500, type=RTM_NEWLINK, flags=0x0
Jun 29, 2026 09:25:00.075 [547808698592] DEBUG - NetworkInterface: Netlink information message family=0, type=1, index=1135, flags=0x11043, change=0x0
Jun 29, 2026 09:25:00.075 [547808698592] DEBUG - Network change.
Jun 29, 2026 09:25:00.075 [547808698592] DEBUG - NetworkInterface: Notified of network changed (force=0)
Jun 29, 2026 09:25:00.076 [547808698592] DEBUG - Network change notification but nothing changed.
Jun 29, 2026 09:25:00.076 [547808698592] DEBUG - NetworkInterface: received Netlink message len=440, type=RTM_NEWLINK, flags=0x0
Jun 29, 2026 09:25:00.076 [547808698592] DEBUG - NetworkInterface: Netlink information message family=7, type=1, index=1136, flags=0x11043, change=0x0
Jun 29, 2026 09:25:00.076 [547808698592] DEBUG - Network change.
Jun 29, 2026 09:25:00.076 [547808698592] DEBUG - NetworkInterface: Notified of network changed (force=0)
Jun 29, 2026 09:25:00.076 [547808698592] DEBUG - Network change notification but nothing changed.
Jun 29, 2026 09:25:00.076 [547808698592] DEBUG - NetworkInterface: received Netlink message len=440, type=RTM_NEWLINK, flags=0x0
Jun 29, 2026 09:25:00.076 [547808698592] DEBUG - NetworkInterface: Netlink information message family=7, type=1, index=1136, flags=0x11043, change=0x0
Jun 29, 2026 09:25:00.076 [547808698592] DEBUG - Network change.
Jun 29, 2026 09:25:00.076 [547808698592] DEBUG - NetworkInterface: Notified of network changed (force=0)
Jun 29, 2026 09:25:00.077 [547808698592] DEBUG - Network change notification but nothing changed.
Jun 29, 2026 09:25:00.077 [547808698592] DEBUG - NetworkInterface: received Netlink message len=1856, type=RTM_NEWLINK, flags=0x0
Jun 29, 2026 09:25:00.077 [547808698592] DEBUG - NetworkInterface: Netlink information message family=0, type=1, index=1136, flags=0x11043, change=0x0
Jun 29, 2026 09:25:00.077 [547808698592] DEBUG - Network change.
Jun 29, 2026 09:25:00.077 [547808698592] DEBUG - NetworkInterface: Notified of network changed (force=0)
Jun 29, 2026 09:25:00.078 [547808698592] DEBUG - Network change notification but nothing changed.
Jun 29, 2026 09:25:00.141 [547808698592] DEBUG - NetworkInterface: received Netlink message len=1500, type=RTM_NEWLINK, flags=0x0
Jun 29, 2026 09:25:00.141 [547808698592] DEBUG - NetworkInterface: Netlink information message family=0, type=1, index=1135, flags=0x1002, change=0x41
Jun 29, 2026 09:25:00.141 [547808698592] DEBUG - Network change.
Jun 29, 2026 09:25:00.141 [547808698592] DEBUG - NetworkInterface: Notified of network changed (force=0)
Jun 29, 2026 09:25:00.149 [547808698592] DEBUG - Network change notification but nothing changed.
Jun 29, 2026 09:25:00.149 [547808698592] DEBUG - NetworkInterface: received Netlink message len=1856, type=RTM_NEWLINK, flags=0x0
Jun 29, 2026 09:25:00.149 [547808698592] DEBUG - NetworkInterface: Netlink information message family=0, type=1, index=1136, flags=0x1002, change=0x41
Jun 29, 2026 09:25:00.149 [547808698592] DEBUG - Network change.
Jun 29, 2026 09:25:00.149 [547808698592] DEBUG - NetworkInterface: Notified of network changed (force=0)
Jun 29, 2026 09:25:00.149 [547808698592] DEBUG - Network change notification but nothing changed.
Jun 29, 2026 09:25:00.149 [547808698592] DEBUG - NetworkInterface: received Netlink message len=440, type=RTM_NEWLINK, flags=0x0
Jun 29, 2026 09:25:00.149 [547808698592] DEBUG - NetworkInterface: Netlink information message family=7, type=1, index=1136, flags=0x1002, change=0x0
Jun 29, 2026 09:25:00.149 [547808698592] DEBUG - Network change.
Jun 29, 2026 09:25:00.149 [547808698592] DEBUG - NetworkInterface: Notified of network changed (force=0)
Jun 29, 2026 09:25:00.150 [547808698592] DEBUG - Network change notification but nothing changed.
Jun 29, 2026 09:25:00.150 [547808698592] DEBUG - NetworkInterface: received Netlink message len=688, type=RTM_DELLINK, flags=0x0
Jun 29, 2026 09:25:00.150 [547808698592] DEBUG - NetworkInterface: Netlink information message family=0, type=1, index=1135, flags=0x1002, change=0xffffffff
Jun 29, 2026 09:25:00.150 [547808698592] DEBUG - NetworkInterface: received Netlink message len=440, type=RTM_NEWLINK, flags=0x0
Jun 29, 2026 09:25:00.150 [547808698592] DEBUG - NetworkInterface: Netlink information message family=7, type=1, index=1136, flags=0x1002, change=0x0
Jun 29, 2026 09:25:00.150 [547808698592] DEBUG - Network change.
Jun 29, 2026 09:25:00.150 [547808698592] DEBUG - NetworkInterface: Notified of network changed (force=0)
Jun 29, 2026 09:25:00.151 [547808698592] DEBUG - Network change notification but nothing changed.
Jun 29, 2026 09:25:00.151 [547808698592] DEBUG - NetworkInterface: received Netlink message len=104, type=RTM_DELLINK, flags=0x0
Jun 29, 2026 09:25:00.151 [547808698592] DEBUG - NetworkInterface: Netlink information message family=7, type=1, index=1136, flags=0x1002, change=0x0
Jun 29, 2026 09:25:00.151 [547808698592] DEBUG - NetworkInterface: received Netlink message len=688, type=RTM_DELLINK, flags=0x0
Jun 29, 2026 09:25:00.151 [547808698592] DEBUG - NetworkInterface: Netlink information message family=0, type=1, index=1136, flags=0x1002, change=0xffffffff
Jun 29, 2026 09:25:00.759 [547808698592] DEBUG - NetworkInterface: received Netlink message len=1500, type=RTM_NEWLINK, flags=0x0
Jun 29, 2026 09:25:00.759 [547808698592] DEBUG - NetworkInterface: Netlink information message family=0, type=1, index=1137, flags=0x1002, change=0xffffffff
Jun 29, 2026 09:25:00.759 [547808698592] DEBUG - Network change.
Jun 29, 2026 09:25:00.759 [547808698592] DEBUG - NetworkInterface: Notified of network changed (force=0)
Jun 29, 2026 09:25:00.764 [547808698592] DEBUG - Network change notification but nothing changed.
Jun 29, 2026 09:25:00.764 [547808698592] DEBUG - NetworkInterface: received Netlink message len=1500, type=RTM_NEWLINK, flags=0x0
Jun 29, 2026 09:25:00.764 [547808698592] DEBUG - NetworkInterface: Netlink information message family=0, type=1, index=1138, flags=0x1002, change=0xffffffff
Jun 29, 2026 09:25:00.764 [547808698592] DEBUG - Network change.
Jun 29, 2026 09:25:00.764 [547808698592] DEBUG - NetworkInterface: Notified of network changed (force=0)
Jun 29, 2026 09:25:00.765 [547808698592] DEBUG - Network change notification but nothing changed.
Jun 29, 2026 09:25:00.767 [547808698592] DEBUG - NetworkInterface: received Netlink message len=1856, type=RTM_NEWLINK, flags=0x0
Jun 29, 2026 09:25:00.767 [547808698592] DEBUG - NetworkInterface: Netlink information message family=0, type=1, index=1138, flags=0x1002, change=0x0
Jun 29, 2026 09:25:00.767 [547808698592] DEBUG - Network change.
Jun 29, 2026 09:25:00.767 [547808698592] DEBUG - NetworkInterface: Notified of network changed (force=0)
Jun 29, 2026 09:25:00.772 [547808698592] DEBUG - Network change notification but nothing changed.
Jun 29, 2026 09:25:00.772 [547808698592] DEBUG - NetworkInterface: received Netlink message len=1856, type=RTM_NEWLINK, flags=0x0
Jun 29, 2026 09:25:00.772 [547808698592] DEBUG - NetworkInterface: Netlink information message family=0, type=1, index=1138, flags=0x1002, change=0x100
Jun 29, 2026 09:25:00.772 [547808698592] DEBUG - Network change.
Jun 29, 2026 09:25:00.772 [547808698592] DEBUG - NetworkInterface: Notified of network changed (force=0)
Jun 29, 2026 09:25:00.772 [547808698592] DEBUG - Network change notification but nothing changed.
Jun 29, 2026 09:25:00.772 [547808698592] DEBUG - NetworkInterface: received Netlink message len=440, type=RTM_NEWLINK, flags=0x0
Jun 29, 2026 09:25:00.772 [547808698592] DEBUG - NetworkInterface: Netlink information message family=7, type=1, index=1138, flags=0x1002, change=0x0
Jun 29, 2026 09:25:00.772 [547808698592] DEBUG - Network change.
Jun 29, 2026 09:25:00.772 [547808698592] DEBUG - NetworkInterface: Notified of network changed (force=0)
Jun 29, 2026 09:25:00.773 [547808698592] DEBUG - Network change notification but nothing changed.
Jun 29, 2026 09:25:00.773 [547808698592] DEBUG - NetworkInterface: received Netlink message len=1856, type=RTM_NEWLINK, flags=0x0
Jun 29, 2026 09:25:00.773 [547808698592] DEBUG - NetworkInterface: Netlink information message family=0, type=1, index=1138, flags=0x1003, change=0x1
Jun 29, 2026 09:25:00.773 [547808698592] DEBUG - Network change.
Jun 29, 2026 09:25:00.773 [547808698592] DEBUG - NetworkInterface: Notified of network changed (force=0)
Jun 29, 2026 09:25:00.774 [547808698592] DEBUG - Network change notification but nothing changed.
Jun 29, 2026 09:25:00.774 [547808698592] DEBUG - NetworkInterface: received Netlink message len=440, type=RTM_NEWLINK, flags=0x0
Jun 29, 2026 09:25:00.774 [547808698592] DEBUG - NetworkInterface: Netlink information message family=7, type=1, index=1138, flags=0x1003, change=0x0
Jun 29, 2026 09:25:00.774 [547808698592] DEBUG - Network change.
Jun 29, 2026 09:25:00.774 [547808698592] DEBUG - NetworkInterface: Notified of network changed (force=0)
Jun 29, 2026 09:25:00.775 [547808698592] DEBUG - Network change notification but nothing changed.
Jun 29, 2026 09:25:00.792 [547808698592] DEBUG - NetworkInterface: received Netlink message len=1500, type=RTM_NEWLINK, flags=0x0
Jun 29, 2026 09:25:00.792 [547808698592] DEBUG - NetworkInterface: Netlink information message family=0, type=1, index=1137, flags=0x11003, change=0x1
Jun 29, 2026 09:25:00.792 [547808698592] DEBUG - Network change.
Jun 29, 2026 09:25:00.792 [547808698592] DEBUG - NetworkInterface: Notified of network changed (force=0)
Jun 29, 2026 09:25:00.795 [547808698592] DEBUG - Network change notification but nothing changed.
Jun 29, 2026 09:25:00.795 [547808698592] DEBUG - NetworkInterface: received Netlink message len=1500, type=RTM_NEWLINK, flags=0x0
Jun 29, 2026 09:25:00.795 [547808698592] DEBUG - NetworkInterface: Netlink information message family=0, type=1, index=1137, flags=0x11043, change=0x0
Jun 29, 2026 09:25:00.795 [547808698592] DEBUG - Network change.
Jun 29, 2026 09:25:00.795 [547808698592] DEBUG - NetworkInterface: Notified of network changed (force=0)
Jun 29, 2026 09:25:00.798 [547808698592] DEBUG - Network change notification but nothing changed.
Jun 29, 2026 09:25:00.798 [547808698592] DEBUG - NetworkInterface: received Netlink message len=440, type=RTM_NEWLINK, flags=0x0
Jun 29, 2026 09:25:00.798 [547808698592] DEBUG - NetworkInterface: Netlink information message family=7, type=1, index=1138, flags=0x11043, change=0x0
Jun 29, 2026 09:25:00.798 [547808698592] DEBUG - Network change.
Jun 29, 2026 09:25:00.798 [547808698592] DEBUG - NetworkInterface: Notified of network changed (force=0)
Jun 29, 2026 09:25:00.799 [547808698592] DEBUG - Network change notification but nothing changed.
Jun 29, 2026 09:25:00.799 [547808698592] DEBUG - NetworkInterface: received Netlink message len=440, type=RTM_NEWLINK, flags=0x0
Jun 29, 2026 09:25:00.799 [547808698592] DEBUG - NetworkInterface: Netlink information message family=7, type=1, index=1138, flags=0x11043, change=0x0
Jun 29, 2026 09:25:00.799 [547808698592] DEBUG - Network change.
Jun 29, 2026 09:25:00.799 [547808698592] DEBUG - NetworkInterface: Notified of network changed (force=0)
Jun 29, 2026 09:25:00.799 [547808698592] DEBUG - Network change notification but nothing changed.
Jun 29, 2026 09:25:00.799 [547808698592] DEBUG - NetworkInterface: received Netlink message len=1856, type=RTM_NEWLINK, flags=0x0
Jun 29, 2026 09:25:00.799 [547808698592] DEBUG - NetworkInterface: Netlink information message family=0, type=1, index=1138, flags=0x11043, change=0x0
Jun 29, 2026 09:25:00.799 [547808698592] DEBUG - Network change.
Jun 29, 2026 09:25:00.799 [547808698592] DEBUG - NetworkInterface: Notified of network changed (force=0)
Jun 29, 2026 09:25:00.800 [547808698592] DEBUG - Network change notification but nothing changed.
Jun 29, 2026 09:25:01.591 [547808698592] DEBUG - NetworkInterface: received Netlink message len=1500, type=RTM_NEWLINK, flags=0x0
Jun 29, 2026 09:25:01.591 [547808698592] DEBUG - NetworkInterface: Netlink information message family=0, type=1, index=1137, flags=0x1002, change=0x41
Jun 29, 2026 09:25:01.591 [547808698592] DEBUG - Network change.
Jun 29, 2026 09:25:01.591 [547808698592] DEBUG - NetworkInterface: Notified of network changed (force=0)
Jun 29, 2026 09:25:01.620 [547808698592] DEBUG - Network change notification but nothing changed.
Jun 29, 2026 09:25:01.620 [547808698592] DEBUG - NetworkInterface: received Netlink message len=704, type=RTM_DELLINK, flags=0x0
Jun 29, 2026 09:25:01.620 [547808698592] DEBUG - NetworkInterface: Netlink information message family=0, type=1, index=1137, flags=0x1002, change=0xffffffff
Jun 29, 2026 09:25:01.620 [547808698592] DEBUG - NetworkInterface: received Netlink message len=440, type=RTM_NEWLINK, flags=0x0
Jun 29, 2026 09:25:01.620 [547808698592] DEBUG - NetworkInterface: Netlink information message family=7, type=1, index=1138, flags=0x1003, change=0x0
Jun 29, 2026 09:25:01.620 [547808698592] DEBUG - Network change.
Jun 29, 2026 09:25:01.620 [547808698592] DEBUG - NetworkInterface: Notified of network changed (force=0)
Jun 29, 2026 09:25:01.622 [547808698592] DEBUG - Network change notification but nothing changed.
Jun 29, 2026 09:25:01.622 [547808698592] DEBUG - NetworkInterface: received Netlink message len=1864, type=RTM_NEWLINK, flags=0x0
Jun 29, 2026 09:25:01.622 [547808698592] DEBUG - NetworkInterface: Netlink information message family=0, type=1, index=1138, flags=0x1003, change=0x0
Jun 29, 2026 09:25:01.622 [547808698592] DEBUG - Network change.
Jun 29, 2026 09:25:01.622 [547808698592] DEBUG - NetworkInterface: Notified of network changed (force=0)
Jun 29, 2026 09:25:01.623 [547808698592] DEBUG - Network change notification but nothing changed.
Jun 29, 2026 09:25:01.623 [547808698592] DEBUG - NetworkInterface: received Netlink message len=440, type=RTM_NEWLINK, flags=0x0
Jun 29, 2026 09:25:01.623 [547808698592] DEBUG - NetworkInterface: Netlink information message family=7, type=1, index=1138, flags=0x11043, change=0x0
Jun 29, 2026 09:25:01.623 [547808698592] DEBUG - Network change.
Jun 29, 2026 09:25:01.623 [547808698592] DEBUG - NetworkInterface: Notified of network changed (force=0)
Jun 29, 2026 09:25:01.624 [547808698592] DEBUG - Network change notification but nothing changed.
Jun 29, 2026 09:25:01.624 [547808698592] DEBUG - NetworkInterface: received Netlink message len=440, type=RTM_NEWLINK, flags=0x0
Jun 29, 2026 09:25:01.624 [547808698592] DEBUG - NetworkInterface: Netlink information message family=7, type=1, index=1138, flags=0x11043, change=0x0
Jun 29, 2026 09:25:01.624 [547808698592] DEBUG - Network change.
Jun 29, 2026 09:25:01.624 [547808698592] DEBUG - NetworkInterface: Notified of network changed (force=0)
Jun 29, 2026 09:25:01.625 [547808698592] DEBUG - Network change notification but nothing changed.
Jun 29, 2026 09:25:01.625 [547808698592] DEBUG - NetworkInterface: received Netlink message len=1864, type=RTM_NEWLINK, flags=0x0
Jun 29, 2026 09:25:01.625 [547808698592] DEBUG - NetworkInterface: Netlink information message family=0, type=1, index=1138, flags=0x11043, change=0x0
Jun 29, 2026 09:25:01.625 [547808698592] DEBUG - Network change.
Jun 29, 2026 09:25:01.625 [547808698592] DEBUG - NetworkInterface: Notified of network changed (force=0)
Jun 29, 2026 09:25:01.625 [547808698592] DEBUG - Network change notification but nothing changed.
Jun 29, 2026 09:25:02.722 [547812917472] DEBUG - [NSB/SSDP] Parsing SSDP schema for http://192.168.1.1:49152/wps_device.xml
Jun 29, 2026 09:25:04.308 [547808698592] DEBUG - NetworkInterface: received Netlink message len=440, type=RTM_NEWLINK, flags=0x0
Jun 29, 2026 09:25:04.308 [547808698592] DEBUG - NetworkInterface: Netlink information message family=7, type=1, index=1138, flags=0x1003, change=0x0
Jun 29, 2026 09:25:04.308 [547808698592] DEBUG - Network change.
Jun 29, 2026 09:25:04.308 [547808698592] DEBUG - NetworkInterface: Notified of network changed (force=0)
Jun 29, 2026 09:25:04.338 [547808698592] DEBUG - Network change notification but nothing changed.
Jun 29, 2026 09:25:04.338 [547808698592] DEBUG - NetworkInterface: received Netlink message len=1864, type=RTM_NEWLINK, flags=0x0
Jun 29, 2026 09:25:04.338 [547808698592] DEBUG - NetworkInterface: Netlink information message family=0, type=1, index=1138, flags=0x1003, change=0x0
Jun 29, 2026 09:25:04.338 [547808698592] DEBUG - Network change.
Jun 29, 2026 09:25:04.338 [547808698592] DEBUG - NetworkInterface: Notified of network changed (force=0)
Jun 29, 2026 09:25:04.340 [547808698592] DEBUG - Network change notification but nothing changed.
Jun 29, 2026 09:25:04.340 [547808698592] DEBUG - NetworkInterface: received Netlink message len=1500, type=RTM_NEWLINK, flags=0x0
Jun 29, 2026 09:25:04.340 [547808698592] DEBUG - NetworkInterface: Netlink information message family=0, type=1, index=1137, flags=0x1002, change=0xffffffff
Jun 29, 2026 09:25:04.340 [547808698592] DEBUG - Network change.
Jun 29, 2026 09:25:04.340 [547808698592] DEBUG - NetworkInterface: Notified of network changed (force=0)
Jun 29, 2026 09:25:04.341 [547808698592] DEBUG - Network change notification but nothing changed.
Jun 29, 2026 09:25:04.377 [547808698592] DEBUG - NetworkInterface: received Netlink message len=1500, type=RTM_NEWLINK, flags=0x0
Jun 29, 2026 09:25:04.377 [547808698592] DEBUG - NetworkInterface: Netlink information message family=0, type=1, index=1137, flags=0x11003, change=0x1
Jun 29, 2026 09:25:04.377 [547808698592] DEBUG - Network change.
Jun 29, 2026 09:25:04.377 [547808698592] DEBUG - NetworkInterface: Notified of network changed (force=0)
Jun 29, 2026 09:25:04.378 [547808698592] DEBUG - Network change notification but nothing changed.
Jun 29, 2026 09:25:04.378 [547808698592] DEBUG - NetworkInterface: received Netlink message len=1500, type=RTM_NEWLINK, flags=0x0
Jun 29, 2026 09:25:04.378 [547808698592] DEBUG - NetworkInterface: Netlink information message family=0, type=1, index=1137, flags=0x11043, change=0x0
Jun 29, 2026 09:25:04.378 [547808698592] DEBUG - Network change.
Jun 29, 2026 09:25:04.378 [547808698592] DEBUG - NetworkInterface: Notified of network changed (force=0)
Jun 29, 2026 09:25:04.379 [547808698592] DEBUG - Network change notification but nothing changed.
Jun 29, 2026 09:25:04.379 [547808698592] DEBUG - NetworkInterface: received Netlink message len=440, type=RTM_NEWLINK, flags=0x0
Jun 29, 2026 09:25:04.379 [547808698592] DEBUG - NetworkInterface: Netlink information message family=7, type=1, index=1138, flags=0x11043, change=0x0
Jun 29, 2026 09:25:04.379 [547808698592] DEBUG - Network change.
Jun 29, 2026 09:25:04.379 [547808698592] DEBUG - NetworkInterface: Notified of network changed (force=0)
Jun 29, 2026 09:25:04.380 [547808698592] DEBUG - Network change notification but nothing changed.
Jun 29, 2026 09:25:04.380 [547808698592] DEBUG - NetworkInterface: received Netlink message len=440, type=RTM_NEWLINK, flags=0x0
Jun 29, 2026 09:25:04.380 [547808698592] DEBUG - NetworkInterface: Netlink information message family=7, type=1, index=1138, flags=0x11043, change=0x0
Jun 29, 2026 09:25:04.380 [547808698592] DEBUG - Network change.
Jun 29, 2026 09:25:04.380 [547808698592] DEBUG - NetworkInterface: Notified of network changed (force=0)
Jun 29, 2026 09:25:04.381 [547808698592] DEBUG - Network change notification but nothing changed.
Jun 29, 2026 09:25:04.381 [547808698592] DEBUG - NetworkInterface: received Netlink message len=1856, type=RTM_NEWLINK, flags=0x0
Jun 29, 2026 09:25:04.381 [547808698592] DEBUG - NetworkInterface: Netlink information message family=0, type=1, index=1138, flags=0x11043, change=0x0
Jun 29, 2026 09:25:04.381 [547808698592] DEBUG - Network change.
Jun 29, 2026 09:25:04.381 [547808698592] DEBUG - NetworkInterface: Notified of network changed (force=0)
Jun 29, 2026 09:25:04.382 [547808698592] DEBUG - Network change notification but nothing changed.
Jun 29, 2026 09:25:04.408 [547808698592] DEBUG - NetworkInterface: received Netlink message len=1500, type=RTM_NEWLINK, flags=0x0
Jun 29, 2026 09:25:04.408 [547808698592] DEBUG - NetworkInterface: Netlink information message family=0, type=1, index=1137, flags=0x1002, change=0x41
Jun 29, 2026 09:25:04.408 [547808698592] DEBUG - Network change.
Jun 29, 2026 09:25:04.408 [547808698592] DEBUG - NetworkInterface: Notified of network changed (force=0)
Jun 29, 2026 09:25:04.418 [547808698592] DEBUG - Network change notification but nothing changed.
Jun 29, 2026 09:25:04.418 [547808698592] DEBUG - NetworkInterface: received Netlink message len=1856, type=RTM_NEWLINK, flags=0x0
Jun 29, 2026 09:25:04.418 [547808698592] DEBUG - NetworkInterface: Netlink information message family=0, type=1, index=1138, flags=0x1002, change=0x41
Jun 29, 2026 09:25:04.418 [547808698592] DEBUG - Network change.
Jun 29, 2026 09:25:04.418 [547808698592] DEBUG - NetworkInterface: Notified of network changed (force=0)
Jun 29, 2026 09:25:04.425 [547808698592] DEBUG - Network change notification but nothing changed.
Jun 29, 2026 09:25:04.425 [547808698592] DEBUG - NetworkInterface: received Netlink message len=440, type=RTM_NEWLINK, flags=0x0
Jun 29, 2026 09:25:04.425 [547808698592] DEBUG - NetworkInterface: Netlink information message family=7, type=1, index=1138, flags=0x1002, change=0x0
Jun 29, 2026 09:25:04.425 [547808698592] DEBUG - Network change.
Jun 29, 2026 09:25:04.425 [547808698592] DEBUG - NetworkInterface: Notified of network changed (force=0)
Jun 29, 2026 09:25:04.426 [547808698592] DEBUG - Network change notification but nothing changed.
Jun 29, 2026 09:25:04.426 [547808698592] DEBUG - NetworkInterface: received Netlink message len=688, type=RTM_DELLINK, flags=0x0
Jun 29, 2026 09:25:04.426 [547808698592] DEBUG - NetworkInterface: Netlink information message family=0, type=1, index=1137, flags=0x1002, change=0xffffffff
Jun 29, 2026 09:25:04.426 [547808698592] DEBUG - NetworkInterface: received Netlink message len=440, type=RTM_NEWLINK, flags=0x0
Jun 29, 2026 09:25:04.426 [547808698592] DEBUG - NetworkInterface: Netlink information message family=7, type=1, index=1138, flags=0x1002, change=0x0
Jun 29, 2026 09:25:04.426 [547808698592] DEBUG - Network change.
Jun 29, 2026 09:25:04.426 [547808698592] DEBUG - NetworkInterface: Notified of network changed (force=0)
Jun 29, 2026 09:25:04.427 [547808698592] DEBUG - Network change notification but nothing changed.
Jun 29, 2026 09:25:04.427 [547808698592] DEBUG - NetworkInterface: received Netlink message len=104, type=RTM_DELLINK, flags=0x0
Jun 29, 2026 09:25:04.427 [547808698592] DEBUG - NetworkInterface: Netlink information message family=7, type=1, index=1138, flags=0x1002, change=0x0
Jun 29, 2026 09:25:04.427 [547808698592] DEBUG - NetworkInterface: received Netlink message len=688, type=RTM_DELLINK, flags=0x0
Jun 29, 2026 09:25:04.427 [547808698592] DEBUG - NetworkInterface: Netlink information message family=0, type=1, index=1138, flags=0x1002, change=0xffffffff
Jun 29, 2026 09:25:05.003 [547808698592] DEBUG - NetworkInterface: received Netlink message len=1500, type=RTM_NEWLINK, flags=0x0
Jun 29, 2026 09:25:05.003 [547808698592] DEBUG - NetworkInterface: Netlink information message family=0, type=1, index=1139, flags=0x1002, change=0xffffffff
Jun 29, 2026 09:25:05.003 [547808698592] DEBUG - Network change.
Jun 29, 2026 09:25:05.003 [547808698592] DEBUG - NetworkInterface: Notified of network changed (force=0)
Jun 29, 2026 09:25:05.010 [547808698592] DEBUG - Network change notification but nothing changed.
Jun 29, 2026 09:25:05.010 [547808698592] DEBUG - NetworkInterface: received Netlink message len=1500, type=RTM_NEWLINK, flags=0x0
Jun 29, 2026 09:25:05.010 [547808698592] DEBUG - NetworkInterface: Netlink information message family=0, type=1, index=1140, flags=0x1002, change=0xffffffff
Jun 29, 2026 09:25:05.010 [547808698592] DEBUG - Network change.
Jun 29, 2026 09:25:05.010 [547808698592] DEBUG - NetworkInterface: Notified of network changed (force=0)
Jun 29, 2026 09:25:05.011 [547808698592] DEBUG - Network change notification but nothing changed.
Jun 29, 2026 09:25:05.011 [547808698592] DEBUG - NetworkInterface: received Netlink message len=1856, type=RTM_NEWLINK, flags=0x0
Jun 29, 2026 09:25:05.011 [547808698592] DEBUG - NetworkInterface: Netlink information message family=0, type=1, index=1140, flags=0x1002, change=0x0
Jun 29, 2026 09:25:05.011 [547808698592] DEBUG - Network change.
Jun 29, 2026 09:25:05.011 [547808698592] DEBUG - NetworkInterface: Notified of network changed (force=0)
Jun 29, 2026 09:25:05.012 [547808698592] DEBUG - Network change notification but nothing changed.
Jun 29, 2026 09:25:05.012 [547808698592] DEBUG - NetworkInterface: received Netlink message len=1856, type=RTM_NEWLINK, flags=0x0
Jun 29, 2026 09:25:05.012 [547808698592] DEBUG - NetworkInterface: Netlink information message family=0, type=1, index=1140, flags=0x1002, change=0x100
Jun 29, 2026 09:25:05.012 [547808698592] DEBUG - Network change.
Jun 29, 2026 09:25:05.012 [547808698592] DEBUG - NetworkInterface: Notified of network changed (force=0)
Jun 29, 2026 09:25:05.015 [547808698592] DEBUG - Network change notification but nothing changed.
Jun 29, 2026 09:25:05.015 [547808698592] DEBUG - NetworkInterface: received Netlink message len=440, type=RTM_NEWLINK, flags=0x0
Jun 29, 2026 09:25:05.015 [547808698592] DEBUG - NetworkInterface: Netlink information message family=7, type=1, index=1140, flags=0x1002, change=0x0
Jun 29, 2026 09:25:05.015 [547808698592] DEBUG - Network change.
Jun 29, 2026 09:25:05.015 [547808698592] DEBUG - NetworkInterface: Notified of network changed (force=0)
Jun 29, 2026 09:25:05.016 [547808698592] DEBUG - Network change notification but nothing changed.
Jun 29, 2026 09:25:05.016 [547808698592] DEBUG - NetworkInterface: received Netlink message len=1856, type=RTM_NEWLINK, flags=0x0
Jun 29, 2026 09:25:05.016 [547808698592] DEBUG - NetworkInterface: Netlink information message family=0, type=1, index=1140, flags=0x1003, change=0x1
Jun 29, 2026 09:25:05.016 [547808698592] DEBUG - Network change.
Jun 29, 2026 09:25:05.016 [547808698592] DEBUG - NetworkInterface: Notified of network changed (force=0)
Jun 29, 2026 09:25:05.018 [547808698592] DEBUG - Network change notification but nothing changed.
Jun 29, 2026 09:25:05.018 [547808698592] DEBUG - NetworkInterface: received Netlink message len=440, type=RTM_NEWLINK, flags=0x0
Jun 29, 2026 09:25:05.018 [547808698592] DEBUG - NetworkInterface: Netlink information message family=7, type=1, index=1140, flags=0x1003, change=0x0
Jun 29, 2026 09:25:05.018 [547808698592] DEBUG - Network change.
Jun 29, 2026 09:25:05.018 [547808698592] DEBUG - NetworkInterface: Notified of network changed (force=0)
Jun 29, 2026 09:25:05.018 [547808698592] DEBUG - Network change notification but nothing changed.
Jun 29, 2026 09:25:05.047 [547808698592] DEBUG - NetworkInterface: received Netlink message len=1500, type=RTM_NEWLINK, flags=0x0
Jun 29, 2026 09:25:05.047 [547808698592] DEBUG - NetworkInterface: Netlink information message family=0, type=1, index=1139, flags=0x11003, change=0x1
Jun 29, 2026 09:25:05.047 [547808698592] DEBUG - Network change.
Jun 29, 2026 09:25:05.047 [547808698592] DEBUG - NetworkInterface: Notified of network changed (force=0)
Jun 29, 2026 09:25:05.048 [547808698592] DEBUG - Network change notification but nothing changed.
Jun 29, 2026 09:25:05.048 [547808698592] DEBUG - NetworkInterface: received Netlink message len=1500, type=RTM_NEWLINK, flags=0x0
Jun 29, 2026 09:25:05.048 [547808698592] DEBUG - NetworkInterface: Netlink information message family=0, type=1, index=1139, flags=0x11043, change=0x0
Jun 29, 2026 09:25:05.048 [547808698592] DEBUG - Network change.
Jun 29, 2026 09:25:05.048 [547808698592] DEBUG - NetworkInterface: Notified of network changed (force=0)
Jun 29, 2026 09:25:05.049 [547808698592] DEBUG - Network change notification but nothing changed.
Jun 29, 2026 09:25:05.049 [547808698592] DEBUG - NetworkInterface: received Netlink message len=440, type=RTM_NEWLINK, flags=0x0
Jun 29, 2026 09:25:05.054 [547808698592] DEBUG - NetworkInterface: Netlink information message family=7, type=1, index=1140, flags=0x11043, change=0x0
Jun 29, 2026 09:25:05.054 [547808698592] DEBUG - Network change.
Jun 29, 2026 09:25:05.054 [547808698592] DEBUG - NetworkInterface: Notified of network changed (force=0)
Jun 29, 2026 09:25:05.055 [547808698592] DEBUG - Network change notification but nothing changed.
Jun 29, 2026 09:25:05.055 [547808698592] DEBUG - NetworkInterface: received Netlink message len=440, type=RTM_NEWLINK, flags=0x0
Jun 29, 2026 09:25:05.055 [547808698592] DEBUG - NetworkInterface: Netlink information message family=7, type=1, index=1140, flags=0x11043, change=0x0
Jun 29, 2026 09:25:05.055 [547808698592] DEBUG - Network change.
Jun 29, 2026 09:25:05.055 [547808698592] DEBUG - NetworkInterface: Notified of network changed (force=0)
Jun 29, 2026 09:25:05.056 [547808698592] DEBUG - Network change notification but nothing changed.
Jun 29, 2026 09:25:05.056 [547808698592] DEBUG - NetworkInterface: received Netlink message len=1856, type=RTM_NEWLINK, flags=0x0
Jun 29, 2026 09:25:05.056 [547808698592] DEBUG - NetworkInterface: Netlink information message family=0, type=1, index=1140, flags=0x11043, change=0x0
Jun 29, 2026 09:25:05.056 [547808698592] DEBUG - Network change.
Jun 29, 2026 09:25:05.056 [547808698592] DEBUG - NetworkInterface: Notified of network changed (force=0)
Jun 29, 2026 09:25:05.056 [547808698592] DEBUG - Network change notification but nothing changed.
Jun 29, 2026 09:25:05.788 [547808698592] DEBUG - NetworkInterface: received Netlink message len=1500, type=RTM_NEWLINK, flags=0x0
Jun 29, 2026 09:25:05.788 [547808698592] DEBUG - NetworkInterface: Netlink information message family=0, type=1, index=1139, flags=0x1002, change=0x41
Jun 29, 2026 09:25:05.788 [547808698592] DEBUG - Network change.
Jun 29, 2026 09:25:05.788 [547808698592] DEBUG - NetworkInterface: Notified of network changed (force=0)
Jun 29, 2026 09:25:05.818 [547808698592] DEBUG - Network change notification but nothing changed.
Jun 29, 2026 09:25:05.818 [547808698592] DEBUG - NetworkInterface: received Netlink message len=704, type=RTM_DELLINK, flags=0x0
Jun 29, 2026 09:25:05.818 [547808698592] DEBUG - NetworkInterface: Netlink information message family=0, type=1, index=1139, flags=0x1002, change=0xffffffff
Jun 29, 2026 09:25:05.818 [547808698592] DEBUG - NetworkInterface: received Netlink message len=440, type=RTM_NEWLINK, flags=0x0
Jun 29, 2026 09:25:05.818 [547808698592] DEBUG - NetworkInterface: Netlink information message family=7, type=1, index=1140, flags=0x1003, change=0x0
Jun 29, 2026 09:25:05.818 [547808698592] DEBUG - Network change.
Jun 29, 2026 09:25:05.818 [547808698592] DEBUG - NetworkInterface: Notified of network changed (force=0)
Jun 29, 2026 09:25:05.819 [547808698592] DEBUG - Network change notification but nothing changed.
Jun 29, 2026 09:25:05.819 [547808698592] DEBUG - NetworkInterface: received Netlink message len=1864, type=RTM_NEWLINK, flags=0x0
Jun 29, 2026 09:25:05.819 [547808698592] DEBUG - NetworkInterface: Netlink information message family=0, type=1, index=1140, flags=0x1003, change=0x0
Jun 29, 2026 09:25:05.819 [547808698592] DEBUG - Network change.
Jun 29, 2026 09:25:05.819 [547808698592] DEBUG - NetworkInterface: Notified of network changed (force=0)
Jun 29, 2026 09:25:05.820 [547808698592] DEBUG - Network change notification but nothing changed.
Jun 29, 2026 09:25:05.822 [547808698592] DEBUG - NetworkInterface: received Netlink message len=440, type=RTM_NEWLINK, flags=0x0
Jun 29, 2026 09:25:05.823 [547808698592] DEBUG - NetworkInterface: Netlink information message family=7, type=1, index=1140, flags=0x11043, change=0x0
Jun 29, 2026 09:25:05.823 [547808698592] DEBUG - Network change.
Jun 29, 2026 09:25:05.823 [547808698592] DEBUG - NetworkInterface: Notified of network changed (force=0)
Jun 29, 2026 09:25:05.823 [547808698592] DEBUG - Network change notification but nothing changed.
Jun 29, 2026 09:25:05.824 [547808698592] DEBUG - NetworkInterface: received Netlink message len=440, type=RTM_NEWLINK, flags=0x0
Jun 29, 2026 09:25:05.824 [547808698592] DEBUG - NetworkInterface: Netlink information message family=7, type=1, index=1140, flags=0x11043, change=0x0
Jun 29, 2026 09:25:05.824 [547808698592] DEBUG - Network change.
Jun 29, 2026 09:25:05.824 [547808698592] DEBUG - NetworkInterface: Notified of network changed (force=0)
Jun 29, 2026 09:25:05.824 [547808698592] DEBUG - Network change notification but nothing changed.
Jun 29, 2026 09:25:05.824 [547808698592] DEBUG - NetworkInterface: received Netlink message len=1864, type=RTM_NEWLINK, flags=0x0
Jun 29, 2026 09:25:05.824 [547808698592] DEBUG - NetworkInterface: Netlink information message family=0, type=1, index=1140, flags=0x11043, change=0x0
Jun 29, 2026 09:25:05.824 [547808698592] DEBUG - Network change.
Jun 29, 2026 09:25:05.824 [547808698592] DEBUG - NetworkInterface: Notified of network changed (force=0)
Jun 29, 2026 09:25:05.825 [547808698592] DEBUG - Network change notification but nothing changed.
Jun 29, 2026 09:25:08.208 [547808698592] DEBUG - NetworkInterface: received Netlink message len=440, type=RTM_NEWLINK, flags=0x0
Jun 29, 2026 09:25:08.208 [547808698592] DEBUG - NetworkInterface: Netlink information message family=7, type=1, index=1140, flags=0x1003, change=0x0
Jun 29, 2026 09:25:08.208 [547808698592] DEBUG - Network change.
Jun 29, 2026 09:25:08.208 [547808698592] DEBUG - NetworkInterface: Notified of network changed (force=0)
Jun 29, 2026 09:25:08.234 [547808698592] DEBUG - Network change notification but nothing changed.
Jun 29, 2026 09:25:08.234 [547808698592] DEBUG - NetworkInterface: received Netlink message len=1864, type=RTM_NEWLINK, flags=0x0
Jun 29, 2026 09:25:08.234 [547808698592] DEBUG - NetworkInterface: Netlink information message family=0, type=1, index=1140, flags=0x1003, change=0x0
Jun 29, 2026 09:25:08.234 [547808698592] DEBUG - Network change.
Jun 29, 2026 09:25:08.234 [547808698592] DEBUG - NetworkInterface: Notified of network changed (force=0)
Jun 29, 2026 09:25:08.236 [547808698592] DEBUG - Network change notification but nothing changed.
Jun 29, 2026 09:25:08.236 [547808698592] DEBUG - NetworkInterface: received Netlink message len=1500, type=RTM_NEWLINK, flags=0x0
Jun 29, 2026 09:25:08.236 [547808698592] DEBUG - NetworkInterface: Netlink information message family=0, type=1, index=1139, flags=0x1002, change=0xffffffff
Jun 29, 2026 09:25:08.236 [547808698592] DEBUG - Network change.
Jun 29, 2026 09:25:08.236 [547808698592] DEBUG - NetworkInterface: Notified of network changed (force=0)
Jun 29, 2026 09:25:08.237 [547808698592] DEBUG - Network change notification but nothing changed.
Jun 29, 2026 09:25:08.259 [547808698592] DEBUG - NetworkInterface: received Netlink message len=1500, type=RTM_NEWLINK, flags=0x0
Jun 29, 2026 09:25:08.259 [547808698592] DEBUG - NetworkInterface: Netlink information message family=0, type=1, index=1139, flags=0x11003, change=0x1
Jun 29, 2026 09:25:08.259 [547808698592] DEBUG - Network change.
Jun 29, 2026 09:25:08.259 [547808698592] DEBUG - NetworkInterface: Notified of network changed (force=0)
Jun 29, 2026 09:25:08.260 [547808698592] DEBUG - Network change notification but nothing changed.
Jun 29, 2026 09:25:08.260 [547808698592] DEBUG - NetworkInterface: received Netlink message len=1500, type=RTM_NEWLINK, flags=0x0
Jun 29, 2026 09:25:08.260 [547808698592] DEBUG - NetworkInterface: Netlink information message family=0, type=1, index=1139, flags=0x11043, change=0x0
Jun 29, 2026 09:25:08.260 [547808698592] DEBUG - Network change.
Jun 29, 2026 09:25:08.260 [547808698592] DEBUG - NetworkInterface: Notified of network changed (force=0)
Jun 29, 2026 09:25:08.261 [547808698592] DEBUG - Network change notification but nothing changed.
Jun 29, 2026 09:25:08.261 [547808698592] DEBUG - NetworkInterface: received Netlink message len=440, type=RTM_NEWLINK, flags=0x0
Jun 29, 2026 09:25:08.261 [547808698592] DEBUG - NetworkInterface: Netlink information message family=7, type=1, index=1140, flags=0x11043, change=0x0
Jun 29, 2026 09:25:08.261 [547808698592] DEBUG - Network change.
Jun 29, 2026 09:25:08.261 [547808698592] DEBUG - NetworkInterface: Notified of network changed (force=0)
Jun 29, 2026 09:25:08.262 [547808698592] DEBUG - Network change notification but nothing changed.
Jun 29, 2026 09:25:08.262 [547808698592] DEBUG - NetworkInterface: received Netlink message len=440, type=RTM_NEWLINK, flags=0x0
Jun 29, 2026 09:25:08.262 [547808698592] DEBUG - NetworkInterface: Netlink information message family=7, type=1, index=1140, flags=0x11043, change=0x0
Jun 29, 2026 09:25:08.262 [547808698592] DEBUG - Network change.
Jun 29, 2026 09:25:08.262 [547808698592] DEBUG - NetworkInterface: Notified of network changed (force=0)
Jun 29, 2026 09:25:08.262 [547808698592] DEBUG - Network change notification but nothing changed.
Jun 29, 2026 09:25:08.262 [547808698592] DEBUG - NetworkInterface: received Netlink message len=1856, type=RTM_NEWLINK, flags=0x0
Jun 29, 2026 09:25:08.262 [547808698592] DEBUG - NetworkInterface: Netlink information message family=0, type=1, index=1140, flags=0x11043, change=0x0
Jun 29, 2026 09:25:08.262 [547808698592] DEBUG - Network change.
Jun 29, 2026 09:25:08.262 [547808698592] DEBUG - NetworkInterface: Notified of network changed (force=0)
Jun 29, 2026 09:25:08.263 [547808698592] DEBUG - Network change notification but nothing changed.
Jun 29, 2026 09:25:08.319 [547808698592] DEBUG - NetworkInterface: received Netlink message len=1500, type=RTM_NEWLINK, flags=0x0
Jun 29, 2026 09:25:08.319 [547808698592] DEBUG - NetworkInterface: Netlink information message family=0, type=1, index=1139, flags=0x1002, change=0x41
Jun 29, 2026 09:25:08.319 [547808698592] DEBUG - Network change.
Jun 29, 2026 09:25:08.319 [547808698592] DEBUG - NetworkInterface: Notified of network changed (force=0)
Jun 29, 2026 09:25:08.327 [547808698592] DEBUG - Network change notification but nothing changed.
Jun 29, 2026 09:25:08.327 [547808698592] DEBUG - NetworkInterface: received Netlink message len=1856, type=RTM_NEWLINK, flags=0x0
Jun 29, 2026 09:25:08.327 [547808698592] DEBUG - NetworkInterface: Netlink information message family=0, type=1, index=1140, flags=0x1002, change=0x41
Jun 29, 2026 09:25:08.327 [547808698592] DEBUG - Network change.
Jun 29, 2026 09:25:08.327 [547808698592] DEBUG - NetworkInterface: Notified of network changed (force=0)
Jun 29, 2026 09:25:08.328 [547808698592] DEBUG - Network change notification but nothing changed.
Jun 29, 2026 09:25:08.328 [547808698592] DEBUG - NetworkInterface: received Netlink message len=440, type=RTM_NEWLINK, flags=0x0
Jun 29, 2026 09:25:08.328 [547808698592] DEBUG - NetworkInterface: Netlink information message family=7, type=1, index=1140, flags=0x1002, change=0x0
Jun 29, 2026 09:25:08.328 [547808698592] DEBUG - Network change.
Jun 29, 2026 09:25:08.328 [547808698592] DEBUG - NetworkInterface: Notified of network changed (force=0)
Jun 29, 2026 09:25:08.330 [547808698592] DEBUG - Network change notification but nothing changed.
Jun 29, 2026 09:25:08.330 [547808698592] DEBUG - NetworkInterface: received Netlink message len=688, type=RTM_DELLINK, flags=0x0
Jun 29, 2026 09:25:08.330 [547808698592] DEBUG - NetworkInterface: Netlink information message family=0, type=1, index=1139, flags=0x1002, change=0xffffffff
Jun 29, 2026 09:25:08.330 [547808698592] DEBUG - NetworkInterface: received Netlink message len=440, type=RTM_NEWLINK, flags=0x0
Jun 29, 2026 09:25:08.330 [547808698592] DEBUG - NetworkInterface: Netlink information message family=7, type=1, index=1140, flags=0x1002, change=0x0
Jun 29, 2026 09:25:08.330 [547808698592] DEBUG - Network change.
Jun 29, 2026 09:25:08.330 [547808698592] DEBUG - NetworkInterface: Notified of network changed (force=0)
Jun 29, 2026 09:25:08.330 [547808698592] DEBUG - Network change notification but nothing changed.
Jun 29, 2026 09:25:08.330 [547808698592] DEBUG - NetworkInterface: received Netlink message len=104, type=RTM_DELLINK, flags=0x0
Jun 29, 2026 09:25:08.330 [547808698592] DEBUG - NetworkInterface: Netlink information message family=7, type=1, index=1140, flags=0x1002, change=0x0
Jun 29, 2026 09:25:08.330 [547808698592] DEBUG - NetworkInterface: received Netlink message len=688, type=RTM_DELLINK, flags=0x0
Jun 29, 2026 09:25:08.330 [547808698592] DEBUG - NetworkInterface: Netlink information message family=0, type=1, index=1140, flags=0x1002, change=0xffffffff
Jun 29, 2026 09:25:08.890 [547808698592] DEBUG - NetworkInterface: received Netlink message len=1500, type=RTM_NEWLINK, flags=0x0
Jun 29, 2026 09:25:08.892 [547808698592] DEBUG - NetworkInterface: Netlink information message family=0, type=1, index=1141, flags=0x1002, change=0xffffffff
Jun 29, 2026 09:25:08.892 [547808698592] DEBUG - Network change.
Jun 29, 2026 09:25:08.893 [547808698592] DEBUG - NetworkInterface: Notified of network changed (force=0)
Jun 29, 2026 09:25:08.896 [547808698592] DEBUG - Network change notification but nothing changed.
Jun 29, 2026 09:25:08.896 [547808698592] DEBUG - NetworkInterface: received Netlink message len=1500, type=RTM_NEWLINK, flags=0x0
Jun 29, 2026 09:25:08.896 [547808698592] DEBUG - NetworkInterface: Netlink information message family=0, type=1, index=1142, flags=0x1002, change=0xffffffff
Jun 29, 2026 09:25:08.896 [547808698592] DEBUG - Network change.
Jun 29, 2026 09:25:08.896 [547808698592] DEBUG - NetworkInterface: Notified of network changed (force=0)
Jun 29, 2026 09:25:08.903 [547808698592] DEBUG - Network change notification but nothing changed.
Jun 29, 2026 09:25:08.903 [547808698592] DEBUG - NetworkInterface: received Netlink message len=1856, type=RTM_NEWLINK, flags=0x0
Jun 29, 2026 09:25:08.903 [547808698592] DEBUG - NetworkInterface: Netlink information message family=0, type=1, index=1142, flags=0x1002, change=0x0
Jun 29, 2026 09:25:08.903 [547808698592] DEBUG - Network change.
Jun 29, 2026 09:25:08.903 [547808698592] DEBUG - NetworkInterface: Notified of network changed (force=0)
Jun 29, 2026 09:25:08.904 [547808698592] DEBUG - Network change notification but nothing changed.
Jun 29, 2026 09:25:08.905 [547808698592] DEBUG - NetworkInterface: received Netlink message len=1856, type=RTM_NEWLINK, flags=0x0
Jun 29, 2026 09:25:08.905 [547808698592] DEBUG - NetworkInterface: Netlink information message family=0, type=1, index=1142, flags=0x1002, change=0x100
Jun 29, 2026 09:25:08.905 [547808698592] DEBUG - Network change.
Jun 29, 2026 09:25:08.905 [547808698592] DEBUG - NetworkInterface: Notified of network changed (force=0)
Jun 29, 2026 09:25:08.906 [547808698592] DEBUG - Network change notification but nothing changed.
Jun 29, 2026 09:25:08.906 [547808698592] DEBUG - NetworkInterface: received Netlink message len=440, type=RTM_NEWLINK, flags=0x0
Jun 29, 2026 09:25:08.906 [547808698592] DEBUG - NetworkInterface: Netlink information message family=7, type=1, index=1142, flags=0x1002, change=0x0
Jun 29, 2026 09:25:08.906 [547808698592] DEBUG - Network change.
Jun 29, 2026 09:25:08.906 [547808698592] DEBUG - NetworkInterface: Notified of network changed (force=0)
Jun 29, 2026 09:25:08.906 [547808698592] DEBUG - Network change notification but nothing changed.
Jun 29, 2026 09:25:08.906 [547808698592] DEBUG - NetworkInterface: received Netlink message len=1856, type=RTM_NEWLINK, flags=0x0
Jun 29, 2026 09:25:08.906 [547808698592] DEBUG - NetworkInterface: Netlink information message family=0, type=1, index=1142, flags=0x1003, change=0x1
Jun 29, 2026 09:25:08.906 [547808698592] DEBUG - Network change.
Jun 29, 2026 09:25:08.906 [547808698592] DEBUG - NetworkInterface: Notified of network changed (force=0)
Jun 29, 2026 09:25:08.907 [547808698592] DEBUG - Network change notification but nothing changed.
Jun 29, 2026 09:25:08.907 [547808698592] DEBUG - NetworkInterface: received Netlink message len=440, type=RTM_NEWLINK, flags=0x0
Jun 29, 2026 09:25:08.907 [547808698592] DEBUG - NetworkInterface: Netlink information message family=7, type=1, index=1142, flags=0x1003, change=0x0
Jun 29, 2026 09:25:08.907 [547808698592] DEBUG - Network change.
Jun 29, 2026 09:25:08.907 [547808698592] DEBUG - NetworkInterface: Notified of network changed (force=0)
Jun 29, 2026 09:25:08.908 [547808698592] DEBUG - Network change notification but nothing changed.
Jun 29, 2026 09:25:08.936 [547808698592] DEBUG - NetworkInterface: received Netlink message len=1500, type=RTM_NEWLINK, flags=0x0
Jun 29, 2026 09:25:08.937 [547808698592] DEBUG - NetworkInterface: Netlink information message family=0, type=1, index=1141, flags=0x11003, change=0x1
Jun 29, 2026 09:25:08.937 [547808698592] DEBUG - Network change.
Jun 29, 2026 09:25:08.937 [547808698592] DEBUG - NetworkInterface: Notified of network changed (force=0)
Jun 29, 2026 09:25:08.938 [547808698592] DEBUG - Network change notification but nothing changed.
Jun 29, 2026 09:25:08.938 [547808698592] DEBUG - NetworkInterface: received Netlink message len=1500, type=RTM_NEWLINK, flags=0x0
Jun 29, 2026 09:25:08.938 [547808698592] DEBUG - NetworkInterface: Netlink information message family=0, type=1, index=1141, flags=0x11043, change=0x0
Jun 29, 2026 09:25:08.938 [547808698592] DEBUG - Network change.
Jun 29, 2026 09:25:08.938 [547808698592] DEBUG - NetworkInterface: Notified of network changed (force=0)
Jun 29, 2026 09:25:08.939 [547808698592] DEBUG - Network change notification but nothing changed.
Jun 29, 2026 09:25:08.953 [547808698592] DEBUG - NetworkInterface: received Netlink message len=440, type=RTM_NEWLINK, flags=0x0
Jun 29, 2026 09:25:08.953 [547808698592] DEBUG - NetworkInterface: Netlink information message family=7, type=1, index=1142, flags=0x11043, change=0x0
Jun 29, 2026 09:25:08.953 [547808698592] DEBUG - Network change.
Jun 29, 2026 09:25:08.954 [547808698592] DEBUG - NetworkInterface: Notified of network changed (force=0)
Jun 29, 2026 09:25:08.954 [547808698592] DEBUG - Network change notification but nothing changed.
Jun 29, 2026 09:25:08.955 [547808698592] DEBUG - NetworkInterface: received Netlink message len=440, type=RTM_NEWLINK, flags=0x0
Jun 29, 2026 09:25:08.955 [547808698592] DEBUG - NetworkInterface: Netlink information message family=7, type=1, index=1142, flags=0x11043, change=0x0
Jun 29, 2026 09:25:08.955 [547808698592] DEBUG - Network change.
Jun 29, 2026 09:25:08.955 [547808698592] DEBUG - NetworkInterface: Notified of network changed (force=0)
Jun 29, 2026 09:25:08.956 [547808698592] DEBUG - Network change notification but nothing changed.
Jun 29, 2026 09:25:08.956 [547808698592] DEBUG - NetworkInterface: received Netlink message len=1856, type=RTM_NEWLINK, flags=0x0
Jun 29, 2026 09:25:08.956 [547808698592] DEBUG - NetworkInterface: Netlink information message family=0, type=1, index=1142, flags=0x11043, change=0x0
Jun 29, 2026 09:25:08.956 [547808698592] DEBUG - Network change.
Jun 29, 2026 09:25:08.956 [547808698592] DEBUG - NetworkInterface: Notified of network changed (force=0)
Jun 29, 2026 09:25:08.957 [547808698592] DEBUG - Network change notification but nothing changed.
Jun 29, 2026 09:25:09.724 [547808698592] DEBUG - NetworkInterface: received Netlink message len=1500, type=RTM_NEWLINK, flags=0x0
Jun 29, 2026 09:25:09.725 [547808698592] DEBUG - NetworkInterface: Netlink information message family=0, type=1, index=1141, flags=0x1002, change=0x41
Jun 29, 2026 09:25:09.725 [547808698592] DEBUG - Network change.
Jun 29, 2026 09:25:09.725 [547808698592] DEBUG - NetworkInterface: Notified of network changed (force=0)
Jun 29, 2026 09:25:09.764 [547808698592] DEBUG - Network change notification but nothing changed.
Jun 29, 2026 09:25:09.764 [547808698592] DEBUG - NetworkInterface: received Netlink message len=704, type=RTM_DELLINK, flags=0x0
Jun 29, 2026 09:25:09.764 [547808698592] DEBUG - NetworkInterface: Netlink information message family=0, type=1, index=1141, flags=0x1002, change=0xffffffff
Jun 29, 2026 09:25:09.764 [547808698592] DEBUG - NetworkInterface: received Netlink message len=440, type=RTM_NEWLINK, flags=0x0
Jun 29, 2026 09:25:09.764 [547808698592] DEBUG - NetworkInterface: Netlink information message family=7, type=1, index=1142, flags=0x1003, change=0x0
Jun 29, 2026 09:25:09.764 [547808698592] DEBUG - Network change.
Jun 29, 2026 09:25:09.764 [547808698592] DEBUG - NetworkInterface: Notified of network changed (force=0)
Jun 29, 2026 09:25:09.767 [547808698592] DEBUG - Network change notification but nothing changed.
Jun 29, 2026 09:25:09.767 [547808698592] DEBUG - NetworkInterface: received Netlink message len=1864, type=RTM_NEWLINK, flags=0x0
Jun 29, 2026 09:25:09.767 [547808698592] DEBUG - NetworkInterface: Netlink information message family=0, type=1, index=1142, flags=0x1003, change=0x0
Jun 29, 2026 09:25:09.767 [547808698592] DEBUG - Network change.
Jun 29, 2026 09:25:09.767 [547808698592] DEBUG - NetworkInterface: Notified of network changed (force=0)
Jun 29, 2026 09:25:09.768 [547808698592] DEBUG - Network change notification but nothing changed.
Jun 29, 2026 09:25:09.768 [547808698592] DEBUG - NetworkInterface: received Netlink message len=440, type=RTM_NEWLINK, flags=0x0
Jun 29, 2026 09:25:09.768 [547808698592] DEBUG - NetworkInterface: Netlink information message family=7, type=1, index=1142, flags=0x11043, change=0x0
Jun 29, 2026 09:25:09.768 [547808698592] DEBUG - Network change.
Jun 29, 2026 09:25:09.768 [547808698592] DEBUG - NetworkInterface: Notified of network changed (force=0)
Jun 29, 2026 09:25:09.768 [547808698592] DEBUG - Network change notification but nothing changed.
Jun 29, 2026 09:25:09.768 [547808698592] DEBUG - NetworkInterface: received Netlink message len=440, type=RTM_NEWLINK, flags=0x0
Jun 29, 2026 09:25:09.768 [547808698592] DEBUG - NetworkInterface: Netlink information message family=7, type=1, index=1142, flags=0x11043, change=0x0
Jun 29, 2026 09:25:09.768 [547808698592] DEBUG - Network change.
Jun 29, 2026 09:25:09.768 [547808698592] DEBUG - NetworkInterface: Notified of network changed (force=0)
Jun 29, 2026 09:25:09.769 [547808698592] DEBUG - Network change notification but nothing changed.
Jun 29, 2026 09:25:09.769 [547808698592] DEBUG - NetworkInterface: received Netlink message len=1864, type=RTM_NEWLINK, flags=0x0
Jun 29, 2026 09:25:09.769 [547808698592] DEBUG - NetworkInterface: Netlink information message family=0, type=1, index=1142, flags=0x11043, change=0x0
Jun 29, 2026 09:25:09.769 [547808698592] DEBUG - Network change.
Jun 29, 2026 09:25:09.769 [547808698592] DEBUG - NetworkInterface: Notified of network changed (force=0)
Jun 29, 2026 09:25:09.770 [547808698592] DEBUG - Network change notification but nothing changed.
Jun 29, 2026 09:25:12.142 [547808698592] DEBUG - NetworkInterface: received Netlink message len=440, type=RTM_NEWLINK, flags=0x0
Jun 29, 2026 09:25:12.142 [547808698592] DEBUG - NetworkInterface: Netlink information message family=7, type=1, index=1142, flags=0x1003, change=0x0
Jun 29, 2026 09:25:12.142 [547808698592] DEBUG - Network change.
Jun 29, 2026 09:25:12.142 [547808698592] DEBUG - NetworkInterface: Notified of network changed (force=0)
Jun 29, 2026 09:25:12.163 [547808698592] DEBUG - Network change notification but nothing changed.
Jun 29, 2026 09:25:12.163 [547808698592] DEBUG - NetworkInterface: received Netlink message len=1864, type=RTM_NEWLINK, flags=0x0
Jun 29, 2026 09:25:12.163 [547808698592] DEBUG - NetworkInterface: Netlink information message family=0, type=1, index=1142, flags=0x1003, change=0x0
Jun 29, 2026 09:25:12.163 [547808698592] DEBUG - Network change.
Jun 29, 2026 09:25:12.163 [547808698592] DEBUG - NetworkInterface: Notified of network changed (force=0)
Jun 29, 2026 09:25:12.163 [547808698592] DEBUG - Network change notification but nothing changed.
Jun 29, 2026 09:25:12.163 [547808698592] DEBUG - NetworkInterface: received Netlink message len=1500, type=RTM_NEWLINK, flags=0x0
Jun 29, 2026 09:25:12.163 [547808698592] DEBUG - NetworkInterface: Netlink information message family=0, type=1, index=1141, flags=0x1002, change=0xffffffff
Jun 29, 2026 09:25:12.163 [547808698592] DEBUG - Network change.
Jun 29, 2026 09:25:12.163 [547808698592] DEBUG - NetworkInterface: Notified of network changed (force=0)
Jun 29, 2026 09:25:12.164 [547808698592] DEBUG - Network change notification but nothing changed.
Jun 29, 2026 09:25:12.186 [547808698592] DEBUG - NetworkInterface: received Netlink message len=1500, type=RTM_NEWLINK, flags=0x0
Jun 29, 2026 09:25:12.186 [547808698592] DEBUG - NetworkInterface: Netlink information message family=0, type=1, index=1141, flags=0x11003, change=0x1
Jun 29, 2026 09:25:12.186 [547808698592] DEBUG - Network change.
Jun 29, 2026 09:25:12.186 [547808698592] DEBUG - NetworkInterface: Notified of network changed (force=0)
Jun 29, 2026 09:25:12.187 [547808698592] DEBUG - Network change notification but nothing changed.
Jun 29, 2026 09:25:12.187 [547808698592] DEBUG - NetworkInterface: received Netlink message len=1500, type=RTM_NEWLINK, flags=0x0
Jun 29, 2026 09:25:12.187 [547808698592] DEBUG - NetworkInterface: Netlink information message family=0, type=1, index=1141, flags=0x11043, change=0x0
Jun 29, 2026 09:25:12.187 [547808698592] DEBUG - Network change.
Jun 29, 2026 09:25:12.187 [547808698592] DEBUG - NetworkInterface: Notified of network changed (force=0)
Jun 29, 2026 09:25:12.187 [547808698592] DEBUG - Network change notification but nothing changed.
Jun 29, 2026 09:25:12.188 [547808698592] DEBUG - NetworkInterface: received Netlink message len=440, type=RTM_NEWLINK, flags=0x0
Jun 29, 2026 09:25:12.188 [547808698592] DEBUG - NetworkInterface: Netlink information message family=7, type=1, index=1142, flags=0x11043, change=0x0
Jun 29, 2026 09:25:12.188 [547808698592] DEBUG - Network change.
Jun 29, 2026 09:25:12.188 [547808698592] DEBUG - NetworkInterface: Notified of network changed (force=0)
Jun 29, 2026 09:25:12.188 [547808698592] DEBUG - Network change notification but nothing changed.
Jun 29, 2026 09:25:12.188 [547808698592] DEBUG - NetworkInterface: received Netlink message len=440, type=RTM_NEWLINK, flags=0x0
Jun 29, 2026 09:25:12.188 [547808698592] DEBUG - NetworkInterface: Netlink information message family=7, type=1, index=1142, flags=0x11043, change=0x0
Jun 29, 2026 09:25:12.188 [547808698592] DEBUG - Network change.
Jun 29, 2026 09:25:12.188 [547808698592] DEBUG - NetworkInterface: Notified of network changed (force=0)
Jun 29, 2026 09:25:12.189 [547808698592] DEBUG - Network change notification but nothing changed.
Jun 29, 2026 09:25:12.189 [547808698592] DEBUG - NetworkInterface: received Netlink message len=1856, type=RTM_NEWLINK, flags=0x0
Jun 29, 2026 09:25:12.189 [547808698592] DEBUG - NetworkInterface: Netlink information message family=0, type=1, index=1142, flags=0x11043, change=0x0
Jun 29, 2026 09:25:12.189 [547808698592] DEBUG - Network change.
Jun 29, 2026 09:25:12.189 [547808698592] DEBUG - NetworkInterface: Notified of network changed (force=0)
Jun 29, 2026 09:25:12.190 [547808698592] DEBUG - Network change notification but nothing changed.
Jun 29, 2026 09:25:12.242 [547808698592] DEBUG - NetworkInterface: received Netlink message len=1500, type=RTM_NEWLINK, flags=0x0
Jun 29, 2026 09:25:12.242 [547808698592] DEBUG - NetworkInterface: Netlink information message family=0, type=1, index=1141, flags=0x1002, change=0x41
Jun 29, 2026 09:25:12.242 [547808698592] DEBUG - Network change.
Jun 29, 2026 09:25:12.242 [547808698592] DEBUG - NetworkInterface: Notified of network changed (force=0)
Jun 29, 2026 09:25:12.249 [547808698592] DEBUG - Network change notification but nothing changed.
Jun 29, 2026 09:25:12.249 [547808698592] DEBUG - NetworkInterface: received Netlink message len=1856, type=RTM_NEWLINK, flags=0x0
Jun 29, 2026 09:25:12.249 [547808698592] DEBUG - NetworkInterface: Netlink information message family=0, type=1, index=1142, flags=0x1002, change=0x41
Jun 29, 2026 09:25:12.249 [547808698592] DEBUG - Network change.
Jun 29, 2026 09:25:12.249 [547808698592] DEBUG - NetworkInterface: Notified of network changed (force=0)
Jun 29, 2026 09:25:12.253 [547808698592] DEBUG - Network change notification but nothing changed.
Jun 29, 2026 09:25:12.253 [547808698592] DEBUG - NetworkInterface: received Netlink message len=440, type=RTM_NEWLINK, flags=0x0
Jun 29, 2026 09:25:12.253 [547808698592] DEBUG - NetworkInterface: Netlink information message family=7, type=1, index=1142, flags=0x1002, change=0x0
Jun 29, 2026 09:25:12.253 [547808698592] DEBUG - Network change.
Jun 29, 2026 09:25:12.253 [547808698592] DEBUG - NetworkInterface: Notified of network changed (force=0)
Jun 29, 2026 09:25:12.254 [547808698592] DEBUG - Network change notification but nothing changed.
Jun 29, 2026 09:25:12.254 [547808698592] DEBUG - NetworkInterface: received Netlink message len=688, type=RTM_DELLINK, flags=0x0
Jun 29, 2026 09:25:12.254 [547808698592] DEBUG - NetworkInterface: Netlink information message family=0, type=1, index=1141, flags=0x1002, change=0xffffffff
Jun 29, 2026 09:25:12.254 [547808698592] DEBUG - NetworkInterface: received Netlink message len=440, type=RTM_NEWLINK, flags=0x0
Jun 29, 2026 09:25:12.254 [547808698592] DEBUG - NetworkInterface: Netlink information message family=7, type=1, index=1142, flags=0x1002, change=0x0
Jun 29, 2026 09:25:12.254 [547808698592] DEBUG - Network change.
Jun 29, 2026 09:25:12.254 [547808698592] DEBUG - NetworkInterface: Notified of network changed (force=0)
Jun 29, 2026 09:25:12.254 [547808698592] DEBUG - Network change notification but nothing changed.
Jun 29, 2026 09:25:12.254 [547808698592] DEBUG - NetworkInterface: received Netlink message len=104, type=RTM_DELLINK, flags=0x0
Jun 29, 2026 09:25:12.254 [547808698592] DEBUG - NetworkInterface: Netlink information message family=7, type=1, index=1142, flags=0x1002, change=0x0
Jun 29, 2026 09:25:12.254 [547808698592] DEBUG - NetworkInterface: received Netlink message len=688, type=RTM_DELLINK, flags=0x0
Jun 29, 2026 09:25:12.254 [547808698592] DEBUG - NetworkInterface: Netlink information message family=0, type=1, index=1142, flags=0x1002, change=0xffffffff
Jun 29, 2026 09:25:12.799 [547808698592] DEBUG - NetworkInterface: received Netlink message len=1500, type=RTM_NEWLINK, flags=0x0
Jun 29, 2026 09:25:12.799 [547808698592] DEBUG - NetworkInterface: Netlink information message family=0, type=1, index=1143, flags=0x1002, change=0xffffffff
Jun 29, 2026 09:25:12.799 [547808698592] DEBUG - Network change.
Jun 29, 2026 09:25:12.799 [547808698592] DEBUG - NetworkInterface: Notified of network changed (force=0)
Jun 29, 2026 09:25:12.806 [547808698592] DEBUG - Network change notification but nothing changed.
Jun 29, 2026 09:25:12.806 [547808698592] DEBUG - NetworkInterface: received Netlink message len=1500, type=RTM_NEWLINK, flags=0x0
Jun 29, 2026 09:25:12.806 [547808698592] DEBUG - NetworkInterface: Netlink information message family=0, type=1, index=1144, flags=0x1002, change=0xffffffff
Jun 29, 2026 09:25:12.806 [547808698592] DEBUG - Network change.
Jun 29, 2026 09:25:12.806 [547808698592] DEBUG - NetworkInterface: Notified of network changed (force=0)
Jun 29, 2026 09:25:12.807 [547808698592] DEBUG - Network change notification but nothing changed.
Jun 29, 2026 09:25:12.807 [547808698592] DEBUG - NetworkInterface: received Netlink message len=1856, type=RTM_NEWLINK, flags=0x0
Jun 29, 2026 09:25:12.807 [547808698592] DEBUG - NetworkInterface: Netlink information message family=0, type=1, index=1144, flags=0x1002, change=0x0
Jun 29, 2026 09:25:12.807 [547808698592] DEBUG - Network change.
Jun 29, 2026 09:25:12.807 [547808698592] DEBUG - NetworkInterface: Notified of network changed (force=0)
Jun 29, 2026 09:25:12.808 [547808698592] DEBUG - Network change notification but nothing changed.
Jun 29, 2026 09:25:12.808 [547808698592] DEBUG - NetworkInterface: received Netlink message len=1856, type=RTM_NEWLINK, flags=0x0
Jun 29, 2026 09:25:12.808 [547808698592] DEBUG - NetworkInterface: Netlink information message family=0, type=1, index=1144, flags=0x1002, change=0x100
Jun 29, 2026 09:25:12.808 [547808698592] DEBUG - Network change.
Jun 29, 2026 09:25:12.808 [547808698592] DEBUG - NetworkInterface: Notified of network changed (force=0)
Jun 29, 2026 09:25:12.812 [547808698592] DEBUG - Network change notification but nothing changed.
Jun 29, 2026 09:25:12.812 [547808698592] DEBUG - NetworkInterface: received Netlink message len=440, type=RTM_NEWLINK, flags=0x0
Jun 29, 2026 09:25:12.812 [547808698592] DEBUG - NetworkInterface: Netlink information message family=7, type=1, index=1144, flags=0x1002, change=0x0
Jun 29, 2026 09:25:12.812 [547808698592] DEBUG - Network change.
Jun 29, 2026 09:25:12.812 [547808698592] DEBUG - NetworkInterface: Notified of network changed (force=0)
Jun 29, 2026 09:25:12.813 [547808698592] DEBUG - Network change notification but nothing changed.
Jun 29, 2026 09:25:12.813 [547808698592] DEBUG - NetworkInterface: received Netlink message len=1856, type=RTM_NEWLINK, flags=0x0
Jun 29, 2026 09:25:12.813 [547808698592] DEBUG - NetworkInterface: Netlink information message family=0, type=1, index=1144, flags=0x1003, change=0x1
Jun 29, 2026 09:25:12.813 [547808698592] DEBUG - Network change.
Jun 29, 2026 09:25:12.813 [547808698592] DEBUG - NetworkInterface: Notified of network changed (force=0)
Jun 29, 2026 09:25:12.814 [547808698592] DEBUG - Network change notification but nothing changed.
Jun 29, 2026 09:25:12.814 [547808698592] DEBUG - NetworkInterface: received Netlink message len=440, type=RTM_NEWLINK, flags=0x0
Jun 29, 2026 09:25:12.814 [547808698592] DEBUG - NetworkInterface: Netlink information message family=7, type=1, index=1144, flags=0x1003, change=0x0
Jun 29, 2026 09:25:12.814 [547808698592] DEBUG - Network change.
Jun 29, 2026 09:25:12.814 [547808698592] DEBUG - NetworkInterface: Notified of network changed (force=0)
Jun 29, 2026 09:25:12.814 [547808698592] DEBUG - Network change notification but nothing changed.
Jun 29, 2026 09:25:12.840 [547808698592] DEBUG - NetworkInterface: received Netlink message len=1500, type=RTM_NEWLINK, flags=0x0
Jun 29, 2026 09:25:12.840 [547808698592] DEBUG - NetworkInterface: Netlink information message family=0, type=1, index=1143, flags=0x11003, change=0x1
Jun 29, 2026 09:25:12.840 [547808698592] DEBUG - Network change.
Jun 29, 2026 09:25:12.840 [547808698592] DEBUG - NetworkInterface: Notified of network changed (force=0)
Jun 29, 2026 09:25:12.846 [547808698592] DEBUG - Network change notification but nothing changed.
Jun 29, 2026 09:25:12.846 [547808698592] DEBUG - NetworkInterface: received Netlink message len=1500, type=RTM_NEWLINK, flags=0x0
Jun 29, 2026 09:25:12.846 [547808698592] DEBUG - NetworkInterface: Netlink information message family=0, type=1, index=1143, flags=0x11043, change=0x0
Jun 29, 2026 09:25:12.846 [547808698592] DEBUG - Network change.
Jun 29, 2026 09:25:12.846 [547808698592] DEBUG - NetworkInterface: Notified of network changed (force=0)
Jun 29, 2026 09:25:12.847 [547808698592] DEBUG - Network change notification but nothing changed.
Jun 29, 2026 09:25:12.847 [547808698592] DEBUG - NetworkInterface: received Netlink message len=440, type=RTM_NEWLINK, flags=0x0
Jun 29, 2026 09:25:12.847 [547808698592] DEBUG - NetworkInterface: Netlink information message family=7, type=1, index=1144, flags=0x11043, change=0x0
Jun 29, 2026 09:25:12.847 [547808698592] DEBUG - Network change.
Jun 29, 2026 09:25:12.847 [547808698592] DEBUG - NetworkInterface: Notified of network changed (force=0)
Jun 29, 2026 09:25:12.848 [547808698592] DEBUG - Network change notification but nothing changed.
Jun 29, 2026 09:25:12.848 [547808698592] DEBUG - NetworkInterface: received Netlink message len=440, type=RTM_NEWLINK, flags=0x0
Jun 29, 2026 09:25:12.848 [547808698592] DEBUG - NetworkInterface: Netlink information message family=7, type=1, index=1144, flags=0x11043, change=0x0
Jun 29, 2026 09:25:12.848 [547808698592] DEBUG - Network change.
Jun 29, 2026 09:25:12.848 [547808698592] DEBUG - NetworkInterface: Notified of network changed (force=0)
Jun 29, 2026 09:25:12.848 [547808698592] DEBUG - Network change notification but nothing changed.
Jun 29, 2026 09:25:12.848 [547808698592] DEBUG - NetworkInterface: received Netlink message len=1856, type=RTM_NEWLINK, flags=0x0
Jun 29, 2026 09:25:12.848 [547808698592] DEBUG - NetworkInterface: Netlink information message family=0, type=1, index=1144, flags=0x11043, change=0x0
Jun 29, 2026 09:25:12.848 [547808698592] DEBUG - Network change.
Jun 29, 2026 09:25:12.848 [547808698592] DEBUG - NetworkInterface: Notified of network changed (force=0)
Jun 29, 2026 09:25:12.852 [547808698592] DEBUG - Network change notification but nothing changed.
Jun 29, 2026 09:25:13.597 [547808698592] DEBUG - NetworkInterface: received Netlink message len=1500, type=RTM_NEWLINK, flags=0x0
Jun 29, 2026 09:25:13.597 [547808698592] DEBUG - NetworkInterface: Netlink information message family=0, type=1, index=1143, flags=0x1002, change=0x41
Jun 29, 2026 09:25:13.597 [547808698592] DEBUG - Network change.
Jun 29, 2026 09:25:13.597 [547808698592] DEBUG - NetworkInterface: Notified of network changed (force=0)
Jun 29, 2026 09:25:13.626 [547808698592] DEBUG - Network change notification but nothing changed.
Jun 29, 2026 09:25:13.626 [547808698592] DEBUG - NetworkInterface: received Netlink message len=704, type=RTM_DELLINK, flags=0x0
Jun 29, 2026 09:25:13.626 [547808698592] DEBUG - NetworkInterface: Netlink information message family=0, type=1, index=1143, flags=0x1002, change=0xffffffff
Jun 29, 2026 09:25:13.626 [547808698592] DEBUG - NetworkInterface: received Netlink message len=440, type=RTM_NEWLINK, flags=0x0
Jun 29, 2026 09:25:13.626 [547808698592] DEBUG - NetworkInterface: Netlink information message family=7, type=1, index=1144, flags=0x1003, change=0x0
Jun 29, 2026 09:25:13.626 [547808698592] DEBUG - Network change.
Jun 29, 2026 09:25:13.626 [547808698592] DEBUG - NetworkInterface: Notified of network changed (force=0)
Jun 29, 2026 09:25:13.627 [547808698592] DEBUG - Network change notification but nothing changed.
Jun 29, 2026 09:25:13.627 [547808698592] DEBUG - NetworkInterface: received Netlink message len=1864, type=RTM_NEWLINK, flags=0x0
Jun 29, 2026 09:25:13.627 [547808698592] DEBUG - NetworkInterface: Netlink information message family=0, type=1, index=1144, flags=0x1003, change=0x0
Jun 29, 2026 09:25:13.627 [547808698592] DEBUG - Network change.
Jun 29, 2026 09:25:13.627 [547808698592] DEBUG - NetworkInterface: Notified of network changed (force=0)
Jun 29, 2026 09:25:13.630 [547808698592] DEBUG - Network change notification but nothing changed.
Jun 29, 2026 09:25:13.631 [547808698592] DEBUG - NetworkInterface: received Netlink message len=440, type=RTM_NEWLINK, flags=0x0
Jun 29, 2026 09:25:13.631 [547808698592] DEBUG - NetworkInterface: Netlink information message family=7, type=1, index=1144, flags=0x11043, change=0x0
Jun 29, 2026 09:25:13.631 [547808698592] DEBUG - Network change.
Jun 29, 2026 09:25:13.631 [547808698592] DEBUG - NetworkInterface: Notified of network changed (force=0)
Jun 29, 2026 09:25:13.632 [547808698592] DEBUG - Network change notification but nothing changed.
Jun 29, 2026 09:25:13.632 [547808698592] DEBUG - NetworkInterface: received Netlink message len=440, type=RTM_NEWLINK, flags=0x0
Jun 29, 2026 09:25:13.632 [547808698592] DEBUG - NetworkInterface: Netlink information message family=7, type=1, index=1144, flags=0x11043, change=0x0
Jun 29, 2026 09:25:13.632 [547808698592] DEBUG - Network change.
Jun 29, 2026 09:25:13.632 [547808698592] DEBUG - NetworkInterface: Notified of network changed (force=0)
Jun 29, 2026 09:25:13.634 [547808698592] DEBUG - Network change notification but nothing changed.
Jun 29, 2026 09:25:13.634 [547808698592] DEBUG - NetworkInterface: received Netlink message len=1864, type=RTM_NEWLINK, flags=0x0
Jun 29, 2026 09:25:13.634 [547808698592] DEBUG - NetworkInterface: Netlink information message family=0, type=1, index=1144, flags=0x11043, change=0x0
Jun 29, 2026 09:25:13.634 [547808698592] DEBUG - Network change.
Jun 29, 2026 09:25:13.634 [547808698592] DEBUG - NetworkInterface: Notified of network changed (force=0)
Jun 29, 2026 09:25:13.635 [547808698592] DEBUG - Network change notification but nothing changed.
Jun 29, 2026 09:25:16.075 [547808698592] DEBUG - NetworkInterface: received Netlink message len=440, type=RTM_NEWLINK, flags=0x0
Jun 29, 2026 09:25:16.075 [547808698592] DEBUG - NetworkInterface: Netlink information message family=7, type=1, index=1144, flags=0x1003, change=0x0
Jun 29, 2026 09:25:16.075 [547808698592] DEBUG - Network change.
Jun 29, 2026 09:25:16.075 [547808698592] DEBUG - NetworkInterface: Notified of network changed (force=0)
Jun 29, 2026 09:25:16.098 [547808698592] DEBUG - Network change notification but nothing changed.
Jun 29, 2026 09:25:16.098 [547808698592] DEBUG - NetworkInterface: received Netlink message len=1864, type=RTM_NEWLINK, flags=0x0
Jun 29, 2026 09:25:16.098 [547808698592] DEBUG - NetworkInterface: Netlink information message family=0, type=1, index=1144, flags=0x1003, change=0x0
Jun 29, 2026 09:25:16.098 [547808698592] DEBUG - Network change.
Jun 29, 2026 09:25:16.098 [547808698592] DEBUG - NetworkInterface: Notified of network changed (force=0)
Jun 29, 2026 09:25:16.099 [547808698592] DEBUG - Network change notification but nothing changed.
Jun 29, 2026 09:25:16.099 [547808698592] DEBUG - NetworkInterface: received Netlink message len=1500, type=RTM_NEWLINK, flags=0x0
Jun 29, 2026 09:25:16.099 [547808698592] DEBUG - NetworkInterface: Netlink information message family=0, type=1, index=1143, flags=0x1002, change=0xffffffff
Jun 29, 2026 09:25:16.099 [547808698592] DEBUG - Network change.
Jun 29, 2026 09:25:16.099 [547808698592] DEBUG - NetworkInterface: Notified of network changed (force=0)
Jun 29, 2026 09:25:16.100 [547808698592] DEBUG - Network change notification but nothing changed.
Jun 29, 2026 09:25:16.122 [547808698592] DEBUG - NetworkInterface: received Netlink message len=1500, type=RTM_NEWLINK, flags=0x0
Jun 29, 2026 09:25:16.122 [547808698592] DEBUG - NetworkInterface: Netlink information message family=0, type=1, index=1143, flags=0x11003, change=0x1
Jun 29, 2026 09:25:16.122 [547808698592] DEBUG - Network change.
Jun 29, 2026 09:25:16.122 [547808698592] DEBUG - NetworkInterface: Notified of network changed (force=0)
Jun 29, 2026 09:25:16.124 [547808698592] DEBUG - Network change notification but nothing changed.
Jun 29, 2026 09:25:16.124 [547808698592] DEBUG - NetworkInterface: received Netlink message len=1500, type=RTM_NEWLINK, flags=0x0
Jun 29, 2026 09:25:16.124 [547808698592] DEBUG - NetworkInterface: Netlink information message family=0, type=1, index=1143, flags=0x11043, change=0x0
Jun 29, 2026 09:25:16.124 [547808698592] DEBUG - Network change.
Jun 29, 2026 09:25:16.124 [547808698592] DEBUG - NetworkInterface: Notified of network changed (force=0)
Jun 29, 2026 09:25:16.125 [547808698592] DEBUG - Network change notification but nothing changed.
Jun 29, 2026 09:25:16.125 [547808698592] DEBUG - NetworkInterface: received Netlink message len=440, type=RTM_NEWLINK, flags=0x0
Jun 29, 2026 09:25:16.125 [547808698592] DEBUG - NetworkInterface: Netlink information message family=7, type=1, index=1144, flags=0x11043, change=0x0
Jun 29, 2026 09:25:16.125 [547808698592] DEBUG - Network change.
Jun 29, 2026 09:25:16.125 [547808698592] DEBUG - NetworkInterface: Notified of network changed (force=0)
Jun 29, 2026 09:25:16.125 [547808698592] DEBUG - Network change notification but nothing changed.
Jun 29, 2026 09:25:16.125 [547808698592] DEBUG - NetworkInterface: received Netlink message len=440, type=RTM_NEWLINK, flags=0x0
Jun 29, 2026 09:25:16.125 [547808698592] DEBUG - NetworkInterface: Netlink information message family=7, type=1, index=1144, flags=0x11043, change=0x0
Jun 29, 2026 09:25:16.125 [547808698592] DEBUG - Network change.
Jun 29, 2026 09:25:16.125 [547808698592] DEBUG - NetworkInterface: Notified of network changed (force=0)
Jun 29, 2026 09:25:16.126 [547808698592] DEBUG - Network change notification but nothing changed.
Jun 29, 2026 09:25:16.126 [547808698592] DEBUG - NetworkInterface: received Netlink message len=1856, type=RTM_NEWLINK, flags=0x0
Jun 29, 2026 09:25:16.126 [547808698592] DEBUG - NetworkInterface: Netlink information message family=0, type=1, index=1144, flags=0x11043, change=0x0
Jun 29, 2026 09:25:16.126 [547808698592] DEBUG - Network change.
Jun 29, 2026 09:25:16.126 [547808698592] DEBUG - NetworkInterface: Notified of network changed (force=0)
Jun 29, 2026 09:25:16.127 [547808698592] DEBUG - Network change notification but nothing changed.
Jun 29, 2026 09:25:16.186 [547808698592] DEBUG - NetworkInterface: received Netlink message len=1500, type=RTM_NEWLINK, flags=0x0
Jun 29, 2026 09:25:16.186 [547808698592] DEBUG - NetworkInterface: Netlink information message family=0, type=1, index=1143, flags=0x1002, change=0x41
Jun 29, 2026 09:25:16.186 [547808698592] DEBUG - Network change.
Jun 29, 2026 09:25:16.186 [547808698592] DEBUG - NetworkInterface: Notified of network changed (force=0)
Jun 29, 2026 09:25:16.195 [547808698592] DEBUG - Network change notification but nothing changed.
Jun 29, 2026 09:25:16.195 [547808698592] DEBUG - NetworkInterface: received Netlink message len=1856, type=RTM_NEWLINK, flags=0x0
Jun 29, 2026 09:25:16.195 [547808698592] DEBUG - NetworkInterface: Netlink information message family=0, type=1, index=1144, flags=0x1002, change=0x41
Jun 29, 2026 09:25:16.195 [547808698592] DEBUG - Network change.
Jun 29, 2026 09:25:16.195 [547808698592] DEBUG - NetworkInterface: Notified of network changed (force=0)
Jun 29, 2026 09:25:16.195 [547808698592] DEBUG - Network change notification but nothing changed.
Jun 29, 2026 09:25:16.196 [547808698592] DEBUG - NetworkInterface: received Netlink message len=440, type=RTM_NEWLINK, flags=0x0
Jun 29, 2026 09:25:16.196 [547808698592] DEBUG - NetworkInterface: Netlink information message family=7, type=1, index=1144, flags=0x1002, change=0x0
Jun 29, 2026 09:25:16.196 [547808698592] DEBUG - Network change.
Jun 29, 2026 09:25:16.196 [547808698592] DEBUG - NetworkInterface: Notified of network changed (force=0)
Jun 29, 2026 09:25:16.196 [547808698592] DEBUG - Network change notification but nothing changed.
Jun 29, 2026 09:25:16.196 [547808698592] DEBUG - NetworkInterface: received Netlink message len=688, type=RTM_DELLINK, flags=0x0
Jun 29, 2026 09:25:16.196 [547808698592] DEBUG - NetworkInterface: Netlink information message family=0, type=1, index=1143, flags=0x1002, change=0xffffffff
Jun 29, 2026 09:25:16.196 [547808698592] DEBUG - NetworkInterface: received Netlink message len=440, type=RTM_NEWLINK, flags=0x0
Jun 29, 2026 09:25:16.196 [547808698592] DEBUG - NetworkInterface: Netlink information message family=7, type=1, index=1144, flags=0x1002, change=0x0
Jun 29, 2026 09:25:16.196 [547808698592] DEBUG - Network change.
Jun 29, 2026 09:25:16.196 [547808698592] DEBUG - NetworkInterface: Notified of network changed (force=0)
Jun 29, 2026 09:25:16.198 [547808698592] DEBUG - Network change notification but nothing changed.
Jun 29, 2026 09:25:16.198 [547808698592] DEBUG - NetworkInterface: received Netlink message len=104, type=RTM_DELLINK, flags=0x0
Jun 29, 2026 09:25:16.198 [547808698592] DEBUG - NetworkInterface: Netlink information message family=7, type=1, index=1144, flags=0x1002, change=0x0
Jun 29, 2026 09:25:16.198 [547808698592] DEBUG - NetworkInterface: received Netlink message len=688, type=RTM_DELLINK, flags=0x0
Jun 29, 2026 09:25:16.198 [547808698592] DEBUG - NetworkInterface: Netlink information message family=0, type=1, index=1144, flags=0x1002, change=0xffffffff
Jun 29, 2026 09:25:17.483 [547808698592] DEBUG - NetworkInterface: received Netlink message len=1500, type=RTM_NEWLINK, flags=0x0
Jun 29, 2026 09:25:17.483 [547808698592] DEBUG - NetworkInterface: Netlink information message family=0, type=1, index=1145, flags=0x1002, change=0xffffffff
Jun 29, 2026 09:25:17.483 [547808698592] DEBUG - Network change.
Jun 29, 2026 09:25:17.483 [547808698592] DEBUG - NetworkInterface: Notified of network changed (force=0)
Jun 29, 2026 09:25:17.491 [547808698592] DEBUG - Network change notification but nothing changed.
Jun 29, 2026 09:25:17.491 [547808698592] DEBUG - NetworkInterface: received Netlink message len=1500, type=RTM_NEWLINK, flags=0x0
Jun 29, 2026 09:25:17.491 [547808698592] DEBUG - NetworkInterface: Netlink information message family=0, type=1, index=1146, flags=0x1002, change=0xffffffff
Jun 29, 2026 09:25:17.491 [547808698592] DEBUG - Network change.
Jun 29, 2026 09:25:17.491 [547808698592] DEBUG - NetworkInterface: Notified of network changed (force=0)
Jun 29, 2026 09:25:17.494 [547808698592] DEBUG - Network change notification but nothing changed.
Jun 29, 2026 09:25:17.495 [547808698592] DEBUG - NetworkInterface: received Netlink message len=1856, type=RTM_NEWLINK, flags=0x0
Jun 29, 2026 09:25:17.495 [547808698592] DEBUG - NetworkInterface: Netlink information message family=0, type=1, index=1146, flags=0x1002, change=0x0
Jun 29, 2026 09:25:17.495 [547808698592] DEBUG - Network change.
Jun 29, 2026 09:25:17.495 [547808698592] DEBUG - NetworkInterface: Notified of network changed (force=0)
Jun 29, 2026 09:25:17.495 [547808698592] DEBUG - Network change notification but nothing changed.
Jun 29, 2026 09:25:17.495 [547808698592] DEBUG - NetworkInterface: received Netlink message len=1856, type=RTM_NEWLINK, flags=0x0
Jun 29, 2026 09:25:17.495 [547808698592] DEBUG - NetworkInterface: Netlink information message family=0, type=1, index=1146, flags=0x1002, change=0x100
Jun 29, 2026 09:25:17.495 [547808698592] DEBUG - Network change.
Jun 29, 2026 09:25:17.495 [547808698592] DEBUG - NetworkInterface: Notified of network changed (force=0)
Jun 29, 2026 09:25:17.496 [547808698592] DEBUG - Network change notification but nothing changed.
Jun 29, 2026 09:25:17.496 [547808698592] DEBUG - NetworkInterface: received Netlink message len=440, type=RTM_NEWLINK, flags=0x0
Jun 29, 2026 09:25:17.496 [547808698592] DEBUG - NetworkInterface: Netlink information message family=7, type=1, index=1146, flags=0x1002, change=0x0
Jun 29, 2026 09:25:17.496 [547808698592] DEBUG - Network change.
Jun 29, 2026 09:25:17.496 [547808698592] DEBUG - NetworkInterface: Notified of network changed (force=0)
Jun 29, 2026 09:25:17.497 [547808698592] DEBUG - Network change notification but nothing changed.
Jun 29, 2026 09:25:17.497 [547808698592] DEBUG - NetworkInterface: received Netlink message len=1856, type=RTM_NEWLINK, flags=0x0
Jun 29, 2026 09:25:17.497 [547808698592] DEBUG - NetworkInterface: Netlink information message family=0, type=1, index=1146, flags=0x1003, change=0x1
Jun 29, 2026 09:25:17.497 [547808698592] DEBUG - Network change.
Jun 29, 2026 09:25:17.497 [547808698592] DEBUG - NetworkInterface: Notified of network changed (force=0)
Jun 29, 2026 09:25:17.498 [547808698592] DEBUG - Network change notification but nothing changed.
Jun 29, 2026 09:25:17.499 [547808698592] DEBUG - NetworkInterface: received Netlink message len=440, type=RTM_NEWLINK, flags=0x0
Jun 29, 2026 09:25:17.499 [547808698592] DEBUG - NetworkInterface: Netlink information message family=7, type=1, index=1146, flags=0x1003, change=0x0
Jun 29, 2026 09:25:17.499 [547808698592] DEBUG - Network change.
Jun 29, 2026 09:25:17.499 [547808698592] DEBUG - NetworkInterface: Notified of network changed (force=0)
Jun 29, 2026 09:25:17.499 [547808698592] DEBUG - Network change notification but nothing changed.
Jun 29, 2026 09:25:17.518 [547808698592] DEBUG - NetworkInterface: received Netlink message len=1500, type=RTM_NEWLINK, flags=0x0
Jun 29, 2026 09:25:17.518 [547808698592] DEBUG - NetworkInterface: Netlink information message family=0, type=1, index=1145, flags=0x11003, change=0x1
Jun 29, 2026 09:25:17.518 [547808698592] DEBUG - Network change.
Jun 29, 2026 09:25:17.518 [547808698592] DEBUG - NetworkInterface: Notified of network changed (force=0)
Jun 29, 2026 09:25:17.521 [547808698592] DEBUG - Network change notification but nothing changed.
Jun 29, 2026 09:25:17.524 [547808698592] DEBUG - NetworkInterface: received Netlink message len=1500, type=RTM_NEWLINK, flags=0x0
Jun 29, 2026 09:25:17.524 [547808698592] DEBUG - NetworkInterface: Netlink information message family=0, type=1, index=1145, flags=0x11043, change=0x0
Jun 29, 2026 09:25:17.524 [547808698592] DEBUG - Network change.
Jun 29, 2026 09:25:17.524 [547808698592] DEBUG - NetworkInterface: Notified of network changed (force=0)
Jun 29, 2026 09:25:17.525 [547808698592] DEBUG - Network change notification but nothing changed.
Jun 29, 2026 09:25:17.525 [547808698592] DEBUG - NetworkInterface: received Netlink message len=440, type=RTM_NEWLINK, flags=0x0
Jun 29, 2026 09:25:17.525 [547808698592] DEBUG - NetworkInterface: Netlink information message family=7, type=1, index=1146, flags=0x11043, change=0x0
Jun 29, 2026 09:25:17.525 [547808698592] DEBUG - Network change.
Jun 29, 2026 09:25:17.525 [547808698592] DEBUG - NetworkInterface: Notified of network changed (force=0)
Jun 29, 2026 09:25:17.526 [547808698592] DEBUG - Network change notification but nothing changed.
Jun 29, 2026 09:25:17.526 [547808698592] DEBUG - NetworkInterface: received Netlink message len=440, type=RTM_NEWLINK, flags=0x0
Jun 29, 2026 09:25:17.526 [547808698592] DEBUG - NetworkInterface: Netlink information message family=7, type=1, index=1146, flags=0x11043, change=0x0
Jun 29, 2026 09:25:17.526 [547808698592] DEBUG - Network change.
Jun 29, 2026 09:25:17.526 [547808698592] DEBUG - NetworkInterface: Notified of network changed (force=0)
Jun 29, 2026 09:25:17.527 [547808698592] DEBUG - Network change notification but nothing changed.
Jun 29, 2026 09:25:17.527 [547808698592] DEBUG - NetworkInterface: received Netlink message len=1856, type=RTM_NEWLINK, flags=0x0
Jun 29, 2026 09:25:17.527 [547808698592] DEBUG - NetworkInterface: Netlink information message family=0, type=1, index=1146, flags=0x11043, change=0x0
Jun 29, 2026 09:25:17.527 [547808698592] DEBUG - Network change.
Jun 29, 2026 09:25:17.527 [547808698592] DEBUG - NetworkInterface: Notified of network changed (force=0)
Jun 29, 2026 09:25:17.527 [547808698592] DEBUG - Network change notification but nothing changed.
Jun 29, 2026 09:25:17.737 [547857510624] DEBUG - [HttpClient/HCl#3f] HTTP simulating 408 after curl timeout
Jun 29, 2026 09:25:18.367 [547808698592] DEBUG - NetworkInterface: received Netlink message len=1500, type=RTM_NEWLINK, flags=0x0
Jun 29, 2026 09:25:18.367 [547808698592] DEBUG - NetworkInterface: Netlink information message family=0, type=1, index=1145, flags=0x1002, change=0x41
Jun 29, 2026 09:25:18.367 [547808698592] DEBUG - Network change.
Jun 29, 2026 09:25:18.367 [547808698592] DEBUG - NetworkInterface: Notified of network changed (force=0)
Jun 29, 2026 09:25:18.395 [547808698592] DEBUG - Network change notification but nothing changed.
Jun 29, 2026 09:25:18.395 [547808698592] DEBUG - NetworkInterface: received Netlink message len=704, type=RTM_DELLINK, flags=0x0
Jun 29, 2026 09:25:18.395 [547808698592] DEBUG - NetworkInterface: Netlink information message family=0, type=1, index=1145, flags=0x1002, change=0xffffffff
Jun 29, 2026 09:25:18.395 [547808698592] DEBUG - NetworkInterface: received Netlink message len=440, type=RTM_NEWLINK, flags=0x0
Jun 29, 2026 09:25:18.395 [547808698592] DEBUG - NetworkInterface: Netlink information message family=7, type=1, index=1146, flags=0x1003, change=0x0
Jun 29, 2026 09:25:18.395 [547808698592] DEBUG - Network change.
Jun 29, 2026 09:25:18.395 [547808698592] DEBUG - NetworkInterface: Notified of network changed (force=0)
Jun 29, 2026 09:25:18.397 [547808698592] DEBUG - Network change notification but nothing changed.
Jun 29, 2026 09:25:18.397 [547808698592] DEBUG - NetworkInterface: received Netlink message len=1864, type=RTM_NEWLINK, flags=0x0
Jun 29, 2026 09:25:18.397 [547808698592] DEBUG - NetworkInterface: Netlink information message family=0, type=1, index=1146, flags=0x1003, change=0x0
Jun 29, 2026 09:25:18.397 [547808698592] DEBUG - Network change.
Jun 29, 2026 09:25:18.397 [547808698592] DEBUG - NetworkInterface: Notified of network changed (force=0)
Jun 29, 2026 09:25:18.398 [547808698592] DEBUG - Network change notification but nothing changed.
Jun 29, 2026 09:25:18.398 [547808698592] DEBUG - NetworkInterface: received Netlink message len=440, type=RTM_NEWLINK, flags=0x0
Jun 29, 2026 09:25:18.398 [547808698592] DEBUG - NetworkInterface: Netlink information message family=7, type=1, index=1146, flags=0x11043, change=0x0
Jun 29, 2026 09:25:18.398 [547808698592] DEBUG - Network change.
Jun 29, 2026 09:25:18.398 [547808698592] DEBUG - NetworkInterface: Notified of network changed (force=0)
Jun 29, 2026 09:25:18.399 [547808698592] DEBUG - Network change notification but nothing changed.
Jun 29, 2026 09:25:18.399 [547808698592] DEBUG - NetworkInterface: received Netlink message len=440, type=RTM_NEWLINK, flags=0x0
Jun 29, 2026 09:25:18.399 [547808698592] DEBUG - NetworkInterface: Netlink information message family=7, type=1, index=1146, flags=0x11043, change=0x0
Jun 29, 2026 09:25:18.399 [547808698592] DEBUG - Network change.
Jun 29, 2026 09:25:18.399 [547808698592] DEBUG - NetworkInterface: Notified of network changed (force=0)
Jun 29, 2026 09:25:18.400 [547808698592] DEBUG - Network change notification but nothing changed.
Jun 29, 2026 09:25:18.400 [547808698592] DEBUG - NetworkInterface: received Netlink message len=1864, type=RTM_NEWLINK, flags=0x0
Jun 29, 2026 09:25:18.400 [547808698592] DEBUG - NetworkInterface: Netlink information message family=0, type=1, index=1146, flags=0x11043, change=0x0
Jun 29, 2026 09:25:18.400 [547808698592] DEBUG - Network change.
Jun 29, 2026 09:25:18.400 [547808698592] DEBUG - NetworkInterface: Notified of network changed (force=0)
Jun 29, 2026 09:25:18.401 [547808698592] DEBUG - Network change notification but nothing changed.
Jun 29, 2026 09:25:20.798 [547808698592] DEBUG - NetworkInterface: received Netlink message len=440, type=RTM_NEWLINK, flags=0x0
Jun 29, 2026 09:25:20.798 [547808698592] DEBUG - NetworkInterface: Netlink information message family=7, type=1, index=1146, flags=0x1003, change=0x0
Jun 29, 2026 09:25:20.798 [547808698592] DEBUG - Network change.
Jun 29, 2026 09:25:20.798 [547808698592] DEBUG - NetworkInterface: Notified of network changed (force=0)
Jun 29, 2026 09:25:20.822 [547808698592] DEBUG - Network change notification but nothing changed.
Jun 29, 2026 09:25:20.822 [547808698592] DEBUG - NetworkInterface: received Netlink message len=1864, type=RTM_NEWLINK, flags=0x0
Jun 29, 2026 09:25:20.822 [547808698592] DEBUG - NetworkInterface: Netlink information message family=0, type=1, index=1146, flags=0x1003, change=0x0
Jun 29, 2026 09:25:20.822 [547808698592] DEBUG - Network change.
Jun 29, 2026 09:25:20.822 [547808698592] DEBUG - NetworkInterface: Notified of network changed (force=0)
Jun 29, 2026 09:25:20.822 [547808698592] DEBUG - Network change notification but nothing changed.
Jun 29, 2026 09:25:20.822 [547808698592] DEBUG - NetworkInterface: received Netlink message len=1500, type=RTM_NEWLINK, flags=0x0
Jun 29, 2026 09:25:20.822 [547808698592] DEBUG - NetworkInterface: Netlink information message family=0, type=1, index=1145, flags=0x1002, change=0xffffffff
Jun 29, 2026 09:25:20.822 [547808698592] DEBUG - Network change.
Jun 29, 2026 09:25:20.822 [547808698592] DEBUG - NetworkInterface: Notified of network changed (force=0)
Jun 29, 2026 09:25:20.823 [547808698592] DEBUG - Network change notification but nothing changed.
Jun 29, 2026 09:25:20.846 [547808698592] DEBUG - NetworkInterface: received Netlink message len=1500, type=RTM_NEWLINK, flags=0x0
Jun 29, 2026 09:25:20.846 [547808698592] DEBUG - NetworkInterface: Netlink information message family=0, type=1, index=1145, flags=0x11003, change=0x1
Jun 29, 2026 09:25:20.846 [547808698592] DEBUG - Network change.
Jun 29, 2026 09:25:20.846 [547808698592] DEBUG - NetworkInterface: Notified of network changed (force=0)
Jun 29, 2026 09:25:20.847 [547808698592] DEBUG - Network change notification but nothing changed.
Jun 29, 2026 09:25:20.847 [547808698592] DEBUG - NetworkInterface: received Netlink message len=1500, type=RTM_NEWLINK, flags=0x0
Jun 29, 2026 09:25:20.847 [547808698592] DEBUG - NetworkInterface: Netlink information message family=0, type=1, index=1145, flags=0x11043, change=0x0
Jun 29, 2026 09:25:20.847 [547808698592] DEBUG - Network change.
Jun 29, 2026 09:25:20.847 [547808698592] DEBUG - NetworkInterface: Notified of network changed (force=0)
Jun 29, 2026 09:25:20.848 [547808698592] DEBUG - Network change notification but nothing changed.
Jun 29, 2026 09:25:20.848 [547808698592] DEBUG - NetworkInterface: received Netlink message len=440, type=RTM_NEWLINK, flags=0x0
Jun 29, 2026 09:25:20.848 [547808698592] DEBUG - NetworkInterface: Netlink information message family=7, type=1, index=1146, flags=0x11043, change=0x0
Jun 29, 2026 09:25:20.848 [547808698592] DEBUG - Network change.
Jun 29, 2026 09:25:20.848 [547808698592] DEBUG - NetworkInterface: Notified of network changed (force=0)
Jun 29, 2026 09:25:20.849 [547808698592] DEBUG - Network change notification but nothing changed.
Jun 29, 2026 09:25:20.849 [547808698592] DEBUG - NetworkInterface: received Netlink message len=440, type=RTM_NEWLINK, flags=0x0
Jun 29, 2026 09:25:20.849 [547808698592] DEBUG - NetworkInterface: Netlink information message family=7, type=1, index=1146, flags=0x11043, change=0x0
Jun 29, 2026 09:25:20.849 [547808698592] DEBUG - Network change.
Jun 29, 2026 09:25:20.849 [547808698592] DEBUG - NetworkInterface: Notified of network changed (force=0)
Jun 29, 2026 09:25:20.849 [547808698592] DEBUG - Network change notification but nothing changed.
Jun 29, 2026 09:25:20.849 [547808698592] DEBUG - NetworkInterface: received Netlink message len=1856, type=RTM_NEWLINK, flags=0x0
Jun 29, 2026 09:25:20.849 [547808698592] DEBUG - NetworkInterface: Netlink information message family=0, type=1, index=1146, flags=0x11043, change=0x0
Jun 29, 2026 09:25:20.849 [547808698592] DEBUG - Network change.
Jun 29, 2026 09:25:20.849 [547808698592] DEBUG - NetworkInterface: Notified of network changed (force=0)
Jun 29, 2026 09:25:20.851 [547808698592] DEBUG - Network change notification but nothing changed.
Jun 29, 2026 09:25:20.898 [547808698592] DEBUG - NetworkInterface: received Netlink message len=1500, type=RTM_NEWLINK, flags=0x0
Jun 29, 2026 09:25:20.898 [547808698592] DEBUG - NetworkInterface: Netlink information message family=0, type=1, index=1145, flags=0x1002, change=0x41
Jun 29, 2026 09:25:20.898 [547808698592] DEBUG - Network change.
Jun 29, 2026 09:25:20.898 [547808698592] DEBUG - NetworkInterface: Notified of network changed (force=0)
Jun 29, 2026 09:25:20.910 [547808698592] DEBUG - Network change notification but nothing changed.
Jun 29, 2026 09:25:20.910 [547808698592] DEBUG - NetworkInterface: received Netlink message len=1856, type=RTM_NEWLINK, flags=0x0
Jun 29, 2026 09:25:20.910 [547808698592] DEBUG - NetworkInterface: Netlink information message family=0, type=1, index=1146, flags=0x1002, change=0x41
Jun 29, 2026 09:25:20.910 [547808698592] DEBUG - Network change.
Jun 29, 2026 09:25:20.910 [547808698592] DEBUG - NetworkInterface: Notified of network changed (force=0)
Jun 29, 2026 09:25:20.911 [547808698592] DEBUG - Network change notification but nothing changed.
Jun 29, 2026 09:25:20.911 [547808698592] DEBUG - NetworkInterface: received Netlink message len=440, type=RTM_NEWLINK, flags=0x0
Jun 29, 2026 09:25:20.911 [547808698592] DEBUG - NetworkInterface: Netlink information message family=7, type=1, index=1146, flags=0x1002, change=0x0
Jun 29, 2026 09:25:20.911 [547808698592] DEBUG - Network change.
Jun 29, 2026 09:25:20.911 [547808698592] DEBUG - NetworkInterface: Notified of network changed (force=0)
Jun 29, 2026 09:25:20.912 [547808698592] DEBUG - Network change notification but nothing changed.
Jun 29, 2026 09:25:20.912 [547808698592] DEBUG - NetworkInterface: received Netlink message len=688, type=RTM_DELLINK, flags=0x0
Jun 29, 2026 09:25:20.912 [547808698592] DEBUG - NetworkInterface: Netlink information message family=0, type=1, index=1145, flags=0x1002, change=0xffffffff
Jun 29, 2026 09:25:20.912 [547808698592] DEBUG - NetworkInterface: received Netlink message len=440, type=RTM_NEWLINK, flags=0x0
Jun 29, 2026 09:25:20.912 [547808698592] DEBUG - NetworkInterface: Netlink information message family=7, type=1, index=1146, flags=0x1002, change=0x0
Jun 29, 2026 09:25:20.912 [547808698592] DEBUG - Network change.
Jun 29, 2026 09:25:20.912 [547808698592] DEBUG - NetworkInterface: Notified of network changed (force=0)
Jun 29, 2026 09:25:20.916 [547808698592] DEBUG - Network change notification but nothing changed.
Jun 29, 2026 09:25:20.916 [547808698592] DEBUG - NetworkInterface: received Netlink message len=104, type=RTM_DELLINK, flags=0x0
Jun 29, 2026 09:25:20.916 [547808698592] DEBUG - NetworkInterface: Netlink information message family=7, type=1, index=1146, flags=0x1002, change=0x0
Jun 29, 2026 09:25:20.916 [547808698592] DEBUG - NetworkInterface: received Netlink message len=688, type=RTM_DELLINK, flags=0x0
Jun 29, 2026 09:25:20.916 [547808698592] DEBUG - NetworkInterface: Netlink information message family=0, type=1, index=1146, flags=0x1002, change=0xffffffff
Jun 29, 2026 09:25:23.824 [547808698592] DEBUG - NetworkInterface: received Netlink message len=1500, type=RTM_NEWLINK, flags=0x0
Jun 29, 2026 09:25:23.824 [547808698592] DEBUG - NetworkInterface: Netlink information message family=0, type=1, index=1147, flags=0x1002, change=0xffffffff
Jun 29, 2026 09:25:23.824 [547808698592] DEBUG - Network change.
Jun 29, 2026 09:25:23.824 [547808698592] DEBUG - NetworkInterface: Notified of network changed (force=0)
Jun 29, 2026 09:25:23.833 [547808698592] DEBUG - Network change notification but nothing changed.
Jun 29, 2026 09:25:23.833 [547808698592] DEBUG - NetworkInterface: received Netlink message len=1500, type=RTM_NEWLINK, flags=0x0
Jun 29, 2026 09:25:23.833 [547808698592] DEBUG - NetworkInterface: Netlink information message family=0, type=1, index=1148, flags=0x1002, change=0xffffffff
Jun 29, 2026 09:25:23.833 [547808698592] DEBUG - Network change.
Jun 29, 2026 09:25:23.833 [547808698592] DEBUG - NetworkInterface: Notified of network changed (force=0)
Jun 29, 2026 09:25:23.834 [547808698592] DEBUG - Network change notification but nothing changed.
Jun 29, 2026 09:25:23.834 [547808698592] DEBUG - NetworkInterface: received Netlink message len=1856, type=RTM_NEWLINK, flags=0x0
Jun 29, 2026 09:25:23.834 [547808698592] DEBUG - NetworkInterface: Netlink information message family=0, type=1, index=1148, flags=0x1002, change=0x0
Jun 29, 2026 09:25:23.834 [547808698592] DEBUG - Network change.
Jun 29, 2026 09:25:23.834 [547808698592] DEBUG - NetworkInterface: Notified of network changed (force=0)
Jun 29, 2026 09:25:23.835 [547808698592] DEBUG - Network change notification but nothing changed.
Jun 29, 2026 09:25:23.835 [547808698592] DEBUG - NetworkInterface: received Netlink message len=1856, type=RTM_NEWLINK, flags=0x0
Jun 29, 2026 09:25:23.835 [547808698592] DEBUG - NetworkInterface: Netlink information message family=0, type=1, index=1148, flags=0x1002, change=0x100
Jun 29, 2026 09:25:23.835 [547808698592] DEBUG - Network change.
Jun 29, 2026 09:25:23.835 [547808698592] DEBUG - NetworkInterface: Notified of network changed (force=0)
Jun 29, 2026 09:25:23.838 [547808698592] DEBUG - Network change notification but nothing changed.
Jun 29, 2026 09:25:23.841 [547808698592] DEBUG - NetworkInterface: received Netlink message len=440, type=RTM_NEWLINK, flags=0x0
Jun 29, 2026 09:25:23.842 [547808698592] DEBUG - NetworkInterface: Netlink information message family=7, type=1, index=1148, flags=0x1002, change=0x0
Jun 29, 2026 09:25:23.843 [547808698592] DEBUG - Network change.
Jun 29, 2026 09:25:23.844 [547808698592] DEBUG - NetworkInterface: Notified of network changed (force=0)
Jun 29, 2026 09:25:23.846 [547808698592] DEBUG - Network change notification but nothing changed.
Jun 29, 2026 09:25:23.847 [547808698592] DEBUG - NetworkInterface: received Netlink message len=1856, type=RTM_NEWLINK, flags=0x0
Jun 29, 2026 09:25:23.847 [547808698592] DEBUG - NetworkInterface: Netlink information message family=0, type=1, index=1148, flags=0x1003, change=0x1
Jun 29, 2026 09:25:23.847 [547808698592] DEBUG - Network change.
Jun 29, 2026 09:25:23.847 [547808698592] DEBUG - NetworkInterface: Notified of network changed (force=0)
Jun 29, 2026 09:25:23.847 [547808698592] DEBUG - Network change notification but nothing changed.
Jun 29, 2026 09:25:23.847 [547808698592] DEBUG - NetworkInterface: received Netlink message len=440, type=RTM_NEWLINK, flags=0x0
Jun 29, 2026 09:25:23.847 [547808698592] DEBUG - NetworkInterface: Netlink information message family=7, type=1, index=1148, flags=0x1003, change=0x0
Jun 29, 2026 09:25:23.848 [547808698592] DEBUG - Network change.
Jun 29, 2026 09:25:23.848 [547808698592] DEBUG - NetworkInterface: Notified of network changed (force=0)
Jun 29, 2026 09:25:23.848 [547808698592] DEBUG - Network change notification but nothing changed.
Jun 29, 2026 09:25:23.874 [547808698592] DEBUG - NetworkInterface: received Netlink message len=1500, type=RTM_NEWLINK, flags=0x0
Jun 29, 2026 09:25:23.877 [547808698592] DEBUG - NetworkInterface: Netlink information message family=0, type=1, index=1147, flags=0x11003, change=0x1
Jun 29, 2026 09:25:23.877 [547808698592] DEBUG - Network change.
Jun 29, 2026 09:25:23.877 [547808698592] DEBUG - NetworkInterface: Notified of network changed (force=0)
Jun 29, 2026 09:25:23.878 [547808698592] DEBUG - Network change notification but nothing changed.
Jun 29, 2026 09:25:23.878 [547808698592] DEBUG - NetworkInterface: received Netlink message len=1500, type=RTM_NEWLINK, flags=0x0
Jun 29, 2026 09:25:23.878 [547808698592] DEBUG - NetworkInterface: Netlink information message family=0, type=1, index=1147, flags=0x11043, change=0x0
Jun 29, 2026 09:25:23.878 [547808698592] DEBUG - Network change.
Jun 29, 2026 09:25:23.878 [547808698592] DEBUG - NetworkInterface: Notified of network changed (force=0)
Jun 29, 2026 09:25:23.879 [547808698592] DEBUG - Network change notification but nothing changed.
Jun 29, 2026 09:25:23.879 [547808698592] DEBUG - NetworkInterface: received Netlink message len=440, type=RTM_NEWLINK, flags=0x0
Jun 29, 2026 09:25:23.879 [547808698592] DEBUG - NetworkInterface: Netlink information message family=7, type=1, index=1148, flags=0x11043, change=0x0
Jun 29, 2026 09:25:23.879 [547808698592] DEBUG - Network change.
Jun 29, 2026 09:25:23.879 [547808698592] DEBUG - NetworkInterface: Notified of network changed (force=0)
Jun 29, 2026 09:25:23.879 [547808698592] DEBUG - Network change notification but nothing changed.
Jun 29, 2026 09:25:23.879 [547808698592] DEBUG - NetworkInterface: received Netlink message len=440, type=RTM_NEWLINK, flags=0x0
Jun 29, 2026 09:25:23.879 [547808698592] DEBUG - NetworkInterface: Netlink information message family=7, type=1, index=1148, flags=0x11043, change=0x0
Jun 29, 2026 09:25:23.879 [547808698592] DEBUG - Network change.
Jun 29, 2026 09:25:23.879 [547808698592] DEBUG - NetworkInterface: Notified of network changed (force=0)
Jun 29, 2026 09:25:23.880 [547808698592] DEBUG - Network change notification but nothing changed.
Jun 29, 2026 09:25:23.880 [547808698592] DEBUG - NetworkInterface: received Netlink message len=1856, type=RTM_NEWLINK, flags=0x0
Jun 29, 2026 09:25:23.880 [547808698592] DEBUG - NetworkInterface: Netlink information message family=0, type=1, index=1148, flags=0x11043, change=0x0
Jun 29, 2026 09:25:23.880 [547808698592] DEBUG - Network change.
Jun 29, 2026 09:25:23.880 [547808698592] DEBUG - NetworkInterface: Notified of network changed (force=0)
Jun 29, 2026 09:25:23.881 [547808698592] DEBUG - Network change notification but nothing changed.
Jun 29, 2026 09:25:24.743 [547808698592] DEBUG - NetworkInterface: received Netlink message len=1500, type=RTM_NEWLINK, flags=0x0
Jun 29, 2026 09:25:24.743 [547808698592] DEBUG - NetworkInterface: Netlink information message family=0, type=1, index=1147, flags=0x1002, change=0x41
Jun 29, 2026 09:25:24.743 [547808698592] DEBUG - Network change.
Jun 29, 2026 09:25:24.743 [547808698592] DEBUG - NetworkInterface: Notified of network changed (force=0)
Jun 29, 2026 09:25:24.780 [547808698592] DEBUG - Network change notification but nothing changed.
Jun 29, 2026 09:25:24.780 [547808698592] DEBUG - NetworkInterface: received Netlink message len=704, type=RTM_DELLINK, flags=0x0
Jun 29, 2026 09:25:24.780 [547808698592] DEBUG - NetworkInterface: Netlink information message family=0, type=1, index=1147, flags=0x1002, change=0xffffffff
Jun 29, 2026 09:25:24.780 [547808698592] DEBUG - NetworkInterface: received Netlink message len=440, type=RTM_NEWLINK, flags=0x0
Jun 29, 2026 09:25:24.780 [547808698592] DEBUG - NetworkInterface: Netlink information message family=7, type=1, index=1148, flags=0x1003, change=0x0
Jun 29, 2026 09:25:24.780 [547808698592] DEBUG - Network change.
Jun 29, 2026 09:25:24.780 [547808698592] DEBUG - NetworkInterface: Notified of network changed (force=0)
Jun 29, 2026 09:25:24.782 [547808698592] DEBUG - Network change notification but nothing changed.
Jun 29, 2026 09:25:24.782 [547808698592] DEBUG - NetworkInterface: received Netlink message len=1864, type=RTM_NEWLINK, flags=0x0
Jun 29, 2026 09:25:24.782 [547808698592] DEBUG - NetworkInterface: Netlink information message family=0, type=1, index=1148, flags=0x1003, change=0x0
Jun 29, 2026 09:25:24.782 [547808698592] DEBUG - Network change.
Jun 29, 2026 09:25:24.782 [547808698592] DEBUG - NetworkInterface: Notified of network changed (force=0)
Jun 29, 2026 09:25:24.782 [547808698592] DEBUG - Network change notification but nothing changed.
Jun 29, 2026 09:25:24.782 [547808698592] DEBUG - NetworkInterface: received Netlink message len=440, type=RTM_NEWLINK, flags=0x0
Jun 29, 2026 09:25:24.782 [547808698592] DEBUG - NetworkInterface: Netlink information message family=7, type=1, index=1148, flags=0x11043, change=0x0
Jun 29, 2026 09:25:24.782 [547808698592] DEBUG - Network change.
Jun 29, 2026 09:25:24.782 [547808698592] DEBUG - NetworkInterface: Notified of network changed (force=0)
Jun 29, 2026 09:25:24.783 [547808698592] DEBUG - Network change notification but nothing changed.
Jun 29, 2026 09:25:24.783 [547808698592] DEBUG - NetworkInterface: received Netlink message len=440, type=RTM_NEWLINK, flags=0x0
Jun 29, 2026 09:25:24.783 [547808698592] DEBUG - NetworkInterface: Netlink information message family=7, type=1, index=1148, flags=0x11043, change=0x0
Jun 29, 2026 09:25:24.783 [547808698592] DEBUG - Network change.
Jun 29, 2026 09:25:24.783 [547808698592] DEBUG - NetworkInterface: Notified of network changed (force=0)
Jun 29, 2026 09:25:24.784 [547808698592] DEBUG - Network change notification but nothing changed.
Jun 29, 2026 09:25:24.784 [547808698592] DEBUG - NetworkInterface: received Netlink message len=1864, type=RTM_NEWLINK, flags=0x0
Jun 29, 2026 09:25:24.784 [547808698592] DEBUG - NetworkInterface: Netlink information message family=0, type=1, index=1148, flags=0x11043, change=0x0
Jun 29, 2026 09:25:24.784 [547808698592] DEBUG - Network change.
Jun 29, 2026 09:25:24.784 [547808698592] DEBUG - NetworkInterface: Notified of network changed (force=0)
Jun 29, 2026 09:25:24.784 [547808698592] DEBUG - Network change notification but nothing changed.
Jun 29, 2026 09:25:27.654 [547808698592] DEBUG - NetworkInterface: received Netlink message len=440, type=RTM_NEWLINK, flags=0x0
Jun 29, 2026 09:25:27.654 [547808698592] DEBUG - NetworkInterface: Netlink information message family=7, type=1, index=1148, flags=0x1003, change=0x0
Jun 29, 2026 09:25:27.654 [547808698592] DEBUG - Network change.
Jun 29, 2026 09:25:27.654 [547808698592] DEBUG - NetworkInterface: Notified of network changed (force=0)
Jun 29, 2026 09:25:27.675 [547808698592] DEBUG - Network change notification but nothing changed.
Jun 29, 2026 09:25:27.675 [547808698592] DEBUG - NetworkInterface: received Netlink message len=1864, type=RTM_NEWLINK, flags=0x0
Jun 29, 2026 09:25:27.675 [547808698592] DEBUG - NetworkInterface: Netlink information message family=0, type=1, index=1148, flags=0x1003, change=0x0
Jun 29, 2026 09:25:27.675 [547808698592] DEBUG - Network change.
Jun 29, 2026 09:25:27.675 [547808698592] DEBUG - NetworkInterface: Notified of network changed (force=0)
Jun 29, 2026 09:25:27.676 [547808698592] DEBUG - Network change notification but nothing changed.
Jun 29, 2026 09:25:27.676 [547808698592] DEBUG - NetworkInterface: received Netlink message len=1500, type=RTM_NEWLINK, flags=0x0
Jun 29, 2026 09:25:27.676 [547808698592] DEBUG - NetworkInterface: Netlink information message family=0, type=1, index=1147, flags=0x1002, change=0xffffffff
Jun 29, 2026 09:25:27.676 [547808698592] DEBUG - Network change.
Jun 29, 2026 09:25:27.676 [547808698592] DEBUG - NetworkInterface: Notified of network changed (force=0)
Jun 29, 2026 09:25:27.676 [547808698592] DEBUG - Network change notification but nothing changed.
Jun 29, 2026 09:25:27.698 [547808698592] DEBUG - NetworkInterface: received Netlink message len=1500, type=RTM_NEWLINK, flags=0x0
Jun 29, 2026 09:25:27.698 [547808698592] DEBUG - NetworkInterface: Netlink information message family=0, type=1, index=1147, flags=0x11003, change=0x1
Jun 29, 2026 09:25:27.698 [547808698592] DEBUG - Network change.
Jun 29, 2026 09:25:27.698 [547808698592] DEBUG - NetworkInterface: Notified of network changed (force=0)
Jun 29, 2026 09:25:27.700 [547808698592] DEBUG - Network change notification but nothing changed.
Jun 29, 2026 09:25:27.700 [547808698592] DEBUG - NetworkInterface: received Netlink message len=1500, type=RTM_NEWLINK, flags=0x0
Jun 29, 2026 09:25:27.700 [547808698592] DEBUG - NetworkInterface: Netlink information message family=0, type=1, index=1147, flags=0x11043, change=0x0
Jun 29, 2026 09:25:27.700 [547808698592] DEBUG - Network change.
Jun 29, 2026 09:25:27.700 [547808698592] DEBUG - NetworkInterface: Notified of network changed (force=0)
Jun 29, 2026 09:25:27.700 [547808698592] DEBUG - Network change notification but nothing changed.
Jun 29, 2026 09:25:27.700 [547808698592] DEBUG - NetworkInterface: received Netlink message len=440, type=RTM_NEWLINK, flags=0x0
Jun 29, 2026 09:25:27.700 [547808698592] DEBUG - NetworkInterface: Netlink information message family=7, type=1, index=1148, flags=0x11043, change=0x0
Jun 29, 2026 09:25:27.700 [547808698592] DEBUG - Network change.
Jun 29, 2026 09:25:27.700 [547808698592] DEBUG - NetworkInterface: Notified of network changed (force=0)
Jun 29, 2026 09:25:27.702 [547808698592] DEBUG - Network change notification but nothing changed.
Jun 29, 2026 09:25:27.702 [547808698592] DEBUG - NetworkInterface: received Netlink message len=440, type=RTM_NEWLINK, flags=0x0
Jun 29, 2026 09:25:27.702 [547808698592] DEBUG - NetworkInterface: Netlink information message family=7, type=1, index=1148, flags=0x11043, change=0x0
Jun 29, 2026 09:25:27.702 [547808698592] DEBUG - Network change.
Jun 29, 2026 09:25:27.702 [547808698592] DEBUG - NetworkInterface: Notified of network changed (force=0)
Jun 29, 2026 09:25:27.703 [547808698592] DEBUG - Network change notification but nothing changed.
Jun 29, 2026 09:25:27.703 [547808698592] DEBUG - NetworkInterface: received Netlink message len=1856, type=RTM_NEWLINK, flags=0x0
Jun 29, 2026 09:25:27.703 [547808698592] DEBUG - NetworkInterface: Netlink information message family=0, type=1, index=1148, flags=0x11043, change=0x0
Jun 29, 2026 09:25:27.703 [547808698592] DEBUG - Network change.
Jun 29, 2026 09:25:27.703 [547808698592] DEBUG - NetworkInterface: Notified of network changed (force=0)
Jun 29, 2026 09:25:27.704 [547808698592] DEBUG - Network change notification but nothing changed.
Jun 29, 2026 09:25:27.765 [547808698592] DEBUG - NetworkInterface: received Netlink message len=1500, type=RTM_NEWLINK, flags=0x0
Jun 29, 2026 09:25:27.765 [547808698592] DEBUG - NetworkInterface: Netlink information message family=0, type=1, index=1147, flags=0x1002, change=0x41
Jun 29, 2026 09:25:27.766 [547808698592] DEBUG - Network change.
Jun 29, 2026 09:25:27.766 [547808698592] DEBUG - NetworkInterface: Notified of network changed (force=0)
Jun 29, 2026 09:25:27.773 [547808698592] DEBUG - Network change notification but nothing changed.
Jun 29, 2026 09:25:27.773 [547808698592] DEBUG - NetworkInterface: received Netlink message len=1856, type=RTM_NEWLINK, flags=0x0
Jun 29, 2026 09:25:27.773 [547808698592] DEBUG - NetworkInterface: Netlink information message family=0, type=1, index=1148, flags=0x1002, change=0x41
Jun 29, 2026 09:25:27.773 [547808698592] DEBUG - Network change.
Jun 29, 2026 09:25:27.773 [547808698592] DEBUG - NetworkInterface: Notified of network changed (force=0)
Jun 29, 2026 09:25:27.775 [547808698592] DEBUG - Network change notification but nothing changed.
Jun 29, 2026 09:25:27.775 [547808698592] DEBUG - NetworkInterface: received Netlink message len=440, type=RTM_NEWLINK, flags=0x0
Jun 29, 2026 09:25:27.775 [547808698592] DEBUG - NetworkInterface: Netlink information message family=7, type=1, index=1148, flags=0x1002, change=0x0
Jun 29, 2026 09:25:27.775 [547808698592] DEBUG - Network change.
Jun 29, 2026 09:25:27.775 [547808698592] DEBUG - NetworkInterface: Notified of network changed (force=0)
Jun 29, 2026 09:25:27.776 [547808698592] DEBUG - Network change notification but nothing changed.
Jun 29, 2026 09:25:27.776 [547808698592] DEBUG - NetworkInterface: received Netlink message len=688, type=RTM_DELLINK, flags=0x0
Jun 29, 2026 09:25:27.776 [547808698592] DEBUG - NetworkInterface: Netlink information message family=0, type=1, index=1147, flags=0x1002, change=0xffffffff
Jun 29, 2026 09:25:27.776 [547808698592] DEBUG - NetworkInterface: received Netlink message len=440, type=RTM_NEWLINK, flags=0x0
Jun 29, 2026 09:25:27.776 [547808698592] DEBUG - NetworkInterface: Netlink information message family=7, type=1, index=1148, flags=0x1002, change=0x0
Jun 29, 2026 09:25:27.776 [547808698592] DEBUG - Network change.
Jun 29, 2026 09:25:27.776 [547808698592] DEBUG - NetworkInterface: Notified of network changed (force=0)
Jun 29, 2026 09:25:27.776 [547808698592] DEBUG - Network change notification but nothing changed.
Jun 29, 2026 09:25:27.776 [547808698592] DEBUG - NetworkInterface: received Netlink message len=104, type=RTM_DELLINK, flags=0x0
Jun 29, 2026 09:25:27.776 [547808698592] DEBUG - NetworkInterface: Netlink information message family=7, type=1, index=1148, flags=0x1002, change=0x0
Jun 29, 2026 09:25:27.776 [547808698592] DEBUG - NetworkInterface: received Netlink message len=688, type=RTM_DELLINK, flags=0x0
Jun 29, 2026 09:25:27.776 [547808698592] DEBUG - NetworkInterface: Netlink information message family=0, type=1, index=1148, flags=0x1002, change=0xffffffff
Jun 29, 2026 09:25:33.437 [547808698592] DEBUG - NetworkInterface: received Netlink message len=1500, type=RTM_NEWLINK, flags=0x0
Jun 29, 2026 09:25:33.437 [547808698592] DEBUG - NetworkInterface: Netlink information message family=0, type=1, index=1149, flags=0x1002, change=0xffffffff
Jun 29, 2026 09:25:33.437 [547808698592] DEBUG - Network change.
Jun 29, 2026 09:25:33.437 [547808698592] DEBUG - NetworkInterface: Notified of network changed (force=0)
Jun 29, 2026 09:25:33.445 [547808698592] DEBUG - Network change notification but nothing changed.
Jun 29, 2026 09:25:33.445 [547808698592] DEBUG - NetworkInterface: received Netlink message len=1500, type=RTM_NEWLINK, flags=0x0
Jun 29, 2026 09:25:33.445 [547808698592] DEBUG - NetworkInterface: Netlink information message family=0, type=1, index=1150, flags=0x1002, change=0xffffffff
Jun 29, 2026 09:25:33.445 [547808698592] DEBUG - Network change.
Jun 29, 2026 09:25:33.445 [547808698592] DEBUG - NetworkInterface: Notified of network changed (force=0)
Jun 29, 2026 09:25:33.446 [547808698592] DEBUG - Network change notification but nothing changed.
Jun 29, 2026 09:25:33.452 [547808698592] DEBUG - NetworkInterface: received Netlink message len=1856, type=RTM_NEWLINK, flags=0x0
Jun 29, 2026 09:25:33.452 [547808698592] DEBUG - NetworkInterface: Netlink information message family=0, type=1, index=1150, flags=0x1002, change=0x0
Jun 29, 2026 09:25:33.452 [547808698592] DEBUG - Network change.
Jun 29, 2026 09:25:33.452 [547808698592] DEBUG - NetworkInterface: Notified of network changed (force=0)
Jun 29, 2026 09:25:33.455 [547808698592] DEBUG - Network change notification but nothing changed.
Jun 29, 2026 09:25:33.455 [547808698592] DEBUG - NetworkInterface: received Netlink message len=1856, type=RTM_NEWLINK, flags=0x0
Jun 29, 2026 09:25:33.455 [547808698592] DEBUG - NetworkInterface: Netlink information message family=0, type=1, index=1150, flags=0x1002, change=0x100
Jun 29, 2026 09:25:33.455 [547808698592] DEBUG - Network change.
Jun 29, 2026 09:25:33.455 [547808698592] DEBUG - NetworkInterface: Notified of network changed (force=0)
Jun 29, 2026 09:25:33.456 [547808698592] DEBUG - Network change notification but nothing changed.
Jun 29, 2026 09:25:33.456 [547808698592] DEBUG - NetworkInterface: received Netlink message len=440, type=RTM_NEWLINK, flags=0x0
Jun 29, 2026 09:25:33.456 [547808698592] DEBUG - NetworkInterface: Netlink information message family=7, type=1, index=1150, flags=0x1002, change=0x0
Jun 29, 2026 09:25:33.456 [547808698592] DEBUG - Network change.
Jun 29, 2026 09:25:33.456 [547808698592] DEBUG - NetworkInterface: Notified of network changed (force=0)
Jun 29, 2026 09:25:33.462 [547808698592] DEBUG - Network change notification but nothing changed.
Jun 29, 2026 09:25:33.462 [547808698592] DEBUG - NetworkInterface: received Netlink message len=1856, type=RTM_NEWLINK, flags=0x0
Jun 29, 2026 09:25:33.462 [547808698592] DEBUG - NetworkInterface: Netlink information message family=0, type=1, index=1150, flags=0x1003, change=0x1
Jun 29, 2026 09:25:33.462 [547808698592] DEBUG - Network change.
Jun 29, 2026 09:25:33.462 [547808698592] DEBUG - NetworkInterface: Notified of network changed (force=0)
Jun 29, 2026 09:25:33.463 [547808698592] DEBUG - Network change notification but nothing changed.
Jun 29, 2026 09:25:33.463 [547808698592] DEBUG - NetworkInterface: received Netlink message len=440, type=RTM_NEWLINK, flags=0x0
Jun 29, 2026 09:25:33.463 [547808698592] DEBUG - NetworkInterface: Netlink information message family=7, type=1, index=1150, flags=0x1003, change=0x0
Jun 29, 2026 09:25:33.463 [547808698592] DEBUG - Network change.
Jun 29, 2026 09:25:33.463 [547808698592] DEBUG - NetworkInterface: Notified of network changed (force=0)
Jun 29, 2026 09:25:33.467 [547808698592] DEBUG - Network change notification but nothing changed.
Jun 29, 2026 09:25:33.547 [547808698592] DEBUG - NetworkInterface: received Netlink message len=1500, type=RTM_NEWLINK, flags=0x0
Jun 29, 2026 09:25:33.547 [547808698592] DEBUG - NetworkInterface: Netlink information message family=0, type=1, index=1149, flags=0x11003, change=0x1
Jun 29, 2026 09:25:33.547 [547808698592] DEBUG - Network change.
Jun 29, 2026 09:25:33.547 [547808698592] DEBUG - NetworkInterface: Notified of network changed (force=0)
Jun 29, 2026 09:25:33.549 [547808698592] DEBUG - Network change notification but nothing changed.
Jun 29, 2026 09:25:33.549 [547808698592] DEBUG - NetworkInterface: received Netlink message len=1500, type=RTM_NEWLINK, flags=0x0
Jun 29, 2026 09:25:33.549 [547808698592] DEBUG - NetworkInterface: Netlink information message family=0, type=1, index=1149, flags=0x11043, change=0x0
Jun 29, 2026 09:25:33.549 [547808698592] DEBUG - Network change.
Jun 29, 2026 09:25:33.549 [547808698592] DEBUG - NetworkInterface: Notified of network changed (force=0)
Jun 29, 2026 09:25:33.550 [547808698592] DEBUG - Network change notification but nothing changed.
Jun 29, 2026 09:25:33.550 [547808698592] DEBUG - NetworkInterface: received Netlink message len=440, type=RTM_NEWLINK, flags=0x0
Jun 29, 2026 09:25:33.550 [547808698592] DEBUG - NetworkInterface: Netlink information message family=7, type=1, index=1150, flags=0x11043, change=0x0
Jun 29, 2026 09:25:33.550 [547808698592] DEBUG - Network change.
Jun 29, 2026 09:25:33.550 [547808698592] DEBUG - NetworkInterface: Notified of network changed (force=0)
Jun 29, 2026 09:25:33.550 [547808698592] DEBUG - Network change notification but nothing changed.
Jun 29, 2026 09:25:33.551 [547808698592] DEBUG - NetworkInterface: received Netlink message len=440, type=RTM_NEWLINK, flags=0x0
Jun 29, 2026 09:25:33.551 [547808698592] DEBUG - NetworkInterface: Netlink information message family=7, type=1, index=1150, flags=0x11043, change=0x0
Jun 29, 2026 09:25:33.551 [547808698592] DEBUG - Network change.
Jun 29, 2026 09:25:33.551 [547808698592] DEBUG - NetworkInterface: Notified of network changed (force=0)
Jun 29, 2026 09:25:33.551 [547808698592] DEBUG - Network change notification but nothing changed.
Jun 29, 2026 09:25:33.551 [547808698592] DEBUG - NetworkInterface: received Netlink message len=1856, type=RTM_NEWLINK, flags=0x0
Jun 29, 2026 09:25:33.551 [547808698592] DEBUG - NetworkInterface: Netlink information message family=0, type=1, index=1150, flags=0x11043, change=0x0
Jun 29, 2026 09:25:33.551 [547808698592] DEBUG - Network change.
Jun 29, 2026 09:25:33.551 [547808698592] DEBUG - NetworkInterface: Notified of network changed (force=0)
Jun 29, 2026 09:25:33.552 [547808698592] DEBUG - Network change notification but nothing changed.
Jun 29, 2026 09:25:34.484 [547808698592] DEBUG - NetworkInterface: received Netlink message len=1500, type=RTM_NEWLINK, flags=0x0
Jun 29, 2026 09:25:34.484 [547808698592] DEBUG - NetworkInterface: Netlink information message family=0, type=1, index=1149, flags=0x1002, change=0x41
Jun 29, 2026 09:25:34.484 [547808698592] DEBUG - Network change.
Jun 29, 2026 09:25:34.484 [547808698592] DEBUG - NetworkInterface: Notified of network changed (force=0)
Jun 29, 2026 09:25:34.518 [547808698592] DEBUG - Network change notification but nothing changed.
Jun 29, 2026 09:25:34.518 [547808698592] DEBUG - NetworkInterface: received Netlink message len=704, type=RTM_DELLINK, flags=0x0
Jun 29, 2026 09:25:34.518 [547808698592] DEBUG - NetworkInterface: Netlink information message family=0, type=1, index=1149, flags=0x1002, change=0xffffffff
Jun 29, 2026 09:25:34.518 [547808698592] DEBUG - NetworkInterface: received Netlink message len=440, type=RTM_NEWLINK, flags=0x0
Jun 29, 2026 09:25:34.518 [547808698592] DEBUG - NetworkInterface: Netlink information message family=7, type=1, index=1150, flags=0x1003, change=0x0
Jun 29, 2026 09:25:34.518 [547808698592] DEBUG - Network change.
Jun 29, 2026 09:25:34.518 [547808698592] DEBUG - NetworkInterface: Notified of network changed (force=0)
Jun 29, 2026 09:25:34.521 [547808698592] DEBUG - Network change notification but nothing changed.
Jun 29, 2026 09:25:34.521 [547808698592] DEBUG - NetworkInterface: received Netlink message len=1864, type=RTM_NEWLINK, flags=0x0
Jun 29, 2026 09:25:34.521 [547808698592] DEBUG - NetworkInterface: Netlink information message family=0, type=1, index=1150, flags=0x1003, change=0x0
Jun 29, 2026 09:25:34.521 [547808698592] DEBUG - Network change.
Jun 29, 2026 09:25:34.521 [547808698592] DEBUG - NetworkInterface: Notified of network changed (force=0)
Jun 29, 2026 09:25:34.522 [547808698592] DEBUG - Network change notification but nothing changed.
Jun 29, 2026 09:25:34.529 [547808698592] DEBUG - NetworkInterface: received Netlink message len=440, type=RTM_NEWLINK, flags=0x0
Jun 29, 2026 09:25:34.529 [547808698592] DEBUG - NetworkInterface: Netlink information message family=7, type=1, index=1150, flags=0x11043, change=0x0
Jun 29, 2026 09:25:34.529 [547808698592] DEBUG - Network change.
Jun 29, 2026 09:25:34.529 [547808698592] DEBUG - NetworkInterface: Notified of network changed (force=0)
Jun 29, 2026 09:25:34.530 [547808698592] DEBUG - Network change notification but nothing changed.
Jun 29, 2026 09:25:34.530 [547808698592] DEBUG - NetworkInterface: received Netlink message len=440, type=RTM_NEWLINK, flags=0x0
Jun 29, 2026 09:25:34.530 [547808698592] DEBUG - NetworkInterface: Netlink information message family=7, type=1, index=1150, flags=0x11043, change=0x0
Jun 29, 2026 09:25:34.530 [547808698592] DEBUG - Network change.
Jun 29, 2026 09:25:34.530 [547808698592] DEBUG - NetworkInterface: Notified of network changed (force=0)
Jun 29, 2026 09:25:34.537 [547808698592] DEBUG - Network change notification but nothing changed.
Jun 29, 2026 09:25:34.537 [547808698592] DEBUG - NetworkInterface: received Netlink message len=1864, type=RTM_NEWLINK, flags=0x0
Jun 29, 2026 09:25:34.537 [547808698592] DEBUG - NetworkInterface: Netlink information message family=0, type=1, index=1150, flags=0x11043, change=0x0
Jun 29, 2026 09:25:34.537 [547808698592] DEBUG - Network change.
Jun 29, 2026 09:25:34.537 [547808698592] DEBUG - NetworkInterface: Notified of network changed (force=0)
Jun 29, 2026 09:25:34.538 [547808698592] DEBUG - Network change notification but nothing changed.
Jun 29, 2026 09:25:37.188 [547808698592] DEBUG - NetworkInterface: received Netlink message len=440, type=RTM_NEWLINK, flags=0x0
Jun 29, 2026 09:25:37.188 [547808698592] DEBUG - NetworkInterface: Netlink information message family=7, type=1, index=1150, flags=0x1003, change=0x0
Jun 29, 2026 09:25:37.188 [547808698592] DEBUG - Network change.
Jun 29, 2026 09:25:37.188 [547808698592] DEBUG - NetworkInterface: Notified of network changed (force=0)
Jun 29, 2026 09:25:37.221 [547808698592] DEBUG - Network change notification but nothing changed.
Jun 29, 2026 09:25:37.221 [547808698592] DEBUG - NetworkInterface: received Netlink message len=1864, type=RTM_NEWLINK, flags=0x0
Jun 29, 2026 09:25:37.221 [547808698592] DEBUG - NetworkInterface: Netlink information message family=0, type=1, index=1150, flags=0x1003, change=0x0
Jun 29, 2026 09:25:37.221 [547808698592] DEBUG - Network change.
Jun 29, 2026 09:25:37.221 [547808698592] DEBUG - NetworkInterface: Notified of network changed (force=0)
Jun 29, 2026 09:25:37.222 [547808698592] DEBUG - Network change notification but nothing changed.
Jun 29, 2026 09:25:37.222 [547808698592] DEBUG - NetworkInterface: received Netlink message len=1500, type=RTM_NEWLINK, flags=0x0
Jun 29, 2026 09:25:37.222 [547808698592] DEBUG - NetworkInterface: Netlink information message family=0, type=1, index=1149, flags=0x1002, change=0xffffffff
Jun 29, 2026 09:25:37.222 [547808698592] DEBUG - Network change.
Jun 29, 2026 09:25:37.222 [547808698592] DEBUG - NetworkInterface: Notified of network changed (force=0)
Jun 29, 2026 09:25:37.223 [547808698592] DEBUG - Network change notification but nothing changed.
Jun 29, 2026 09:25:37.242 [547808698592] DEBUG - NetworkInterface: received Netlink message len=1500, type=RTM_NEWLINK, flags=0x0
Jun 29, 2026 09:25:37.242 [547808698592] DEBUG - NetworkInterface: Netlink information message family=0, type=1, index=1149, flags=0x11003, change=0x1
Jun 29, 2026 09:25:37.243 [547808698592] DEBUG - Network change.
Jun 29, 2026 09:25:37.243 [547808698592] DEBUG - NetworkInterface: Notified of network changed (force=0)
Jun 29, 2026 09:25:37.244 [547808698592] DEBUG - Network change notification but nothing changed.
Jun 29, 2026 09:25:37.244 [547808698592] DEBUG - NetworkInterface: received Netlink message len=1500, type=RTM_NEWLINK, flags=0x0
Jun 29, 2026 09:25:37.244 [547808698592] DEBUG - NetworkInterface: Netlink information message family=0, type=1, index=1149, flags=0x11043, change=0x0
Jun 29, 2026 09:25:37.244 [547808698592] DEBUG - Network change.
Jun 29, 2026 09:25:37.244 [547808698592] DEBUG - NetworkInterface: Notified of network changed (force=0)
Jun 29, 2026 09:25:37.245 [547808698592] DEBUG - Network change notification but nothing changed.
Jun 29, 2026 09:25:37.245 [547808698592] DEBUG - NetworkInterface: received Netlink message len=440, type=RTM_NEWLINK, flags=0x0
Jun 29, 2026 09:25:37.245 [547808698592] DEBUG - NetworkInterface: Netlink information message family=7, type=1, index=1150, flags=0x11043, change=0x0
Jun 29, 2026 09:25:37.245 [547808698592] DEBUG - Network change.
Jun 29, 2026 09:25:37.245 [547808698592] DEBUG - NetworkInterface: Notified of network changed (force=0)
Jun 29, 2026 09:25:37.246 [547808698592] DEBUG - Network change notification but nothing changed.
Jun 29, 2026 09:25:37.246 [547808698592] DEBUG - NetworkInterface: received Netlink message len=440, type=RTM_NEWLINK, flags=0x0
Jun 29, 2026 09:25:37.246 [547808698592] DEBUG - NetworkInterface: Netlink information message family=7, type=1, index=1150, flags=0x11043, change=0x0
Jun 29, 2026 09:25:37.246 [547808698592] DEBUG - Network change.
Jun 29, 2026 09:25:37.246 [547808698592] DEBUG - NetworkInterface: Notified of network changed (force=0)
Jun 29, 2026 09:25:37.247 [547808698592] DEBUG - Network change notification but nothing changed.
Jun 29, 2026 09:25:37.247 [547808698592] DEBUG - NetworkInterface: received Netlink message len=1856, type=RTM_NEWLINK, flags=0x0
Jun 29, 2026 09:25:37.247 [547808698592] DEBUG - NetworkInterface: Netlink information message family=0, type=1, index=1150, flags=0x11043, change=0x0
Jun 29, 2026 09:25:37.247 [547808698592] DEBUG - Network change.
Jun 29, 2026 09:25:37.247 [547808698592] DEBUG - NetworkInterface: Notified of network changed (force=0)
Jun 29, 2026 09:25:37.248 [547808698592] DEBUG - Network change notification but nothing changed.
Jun 29, 2026 09:25:37.287 [547808698592] DEBUG - NetworkInterface: received Netlink message len=1500, type=RTM_NEWLINK, flags=0x0
Jun 29, 2026 09:25:37.288 [547808698592] DEBUG - NetworkInterface: Netlink information message family=0, type=1, index=1149, flags=0x1002, change=0x41
Jun 29, 2026 09:25:37.288 [547808698592] DEBUG - Network change.
Jun 29, 2026 09:25:37.288 [547808698592] DEBUG - NetworkInterface: Notified of network changed (force=0)
Jun 29, 2026 09:25:37.295 [547808698592] DEBUG - Network change notification but nothing changed.
Jun 29, 2026 09:25:37.295 [547808698592] DEBUG - NetworkInterface: received Netlink message len=1856, type=RTM_NEWLINK, flags=0x0
Jun 29, 2026 09:25:37.296 [547808698592] DEBUG - NetworkInterface: Netlink information message family=0, type=1, index=1150, flags=0x1002, change=0x41
Jun 29, 2026 09:25:37.296 [547808698592] DEBUG - Network change.
Jun 29, 2026 09:25:37.296 [547808698592] DEBUG - NetworkInterface: Notified of network changed (force=0)
Jun 29, 2026 09:25:37.296 [547808698592] DEBUG - Network change notification but nothing changed.
Jun 29, 2026 09:25:37.296 [547808698592] DEBUG - NetworkInterface: received Netlink message len=440, type=RTM_NEWLINK, flags=0x0
Jun 29, 2026 09:25:37.296 [547808698592] DEBUG - NetworkInterface: Netlink information message family=7, type=1, index=1150, flags=0x1002, change=0x0
Jun 29, 2026 09:25:37.296 [547808698592] DEBUG - Network change.
Jun 29, 2026 09:25:37.296 [547808698592] DEBUG - NetworkInterface: Notified of network changed (force=0)
Jun 29, 2026 09:25:37.297 [547808698592] DEBUG - Network change notification but nothing changed.
Jun 29, 2026 09:25:37.297 [547808698592] DEBUG - NetworkInterface: received Netlink message len=688, type=RTM_DELLINK, flags=0x0
Jun 29, 2026 09:25:37.297 [547808698592] DEBUG - NetworkInterface: Netlink information message family=0, type=1, index=1149, flags=0x1002, change=0xffffffff
Jun 29, 2026 09:25:37.297 [547808698592] DEBUG - NetworkInterface: received Netlink message len=440, type=RTM_NEWLINK, flags=0x0
Jun 29, 2026 09:25:37.297 [547808698592] DEBUG - NetworkInterface: Netlink information message family=7, type=1, index=1150, flags=0x1002, change=0x0
Jun 29, 2026 09:25:37.297 [547808698592] DEBUG - Network change.
Jun 29, 2026 09:25:37.297 [547808698592] DEBUG - NetworkInterface: Notified of network changed (force=0)
Jun 29, 2026 09:25:37.298 [547808698592] DEBUG - Network change notification but nothing changed.
Jun 29, 2026 09:25:37.298 [547808698592] DEBUG - NetworkInterface: received Netlink message len=104, type=RTM_DELLINK, flags=0x0
Jun 29, 2026 09:25:37.298 [547808698592] DEBUG - NetworkInterface: Netlink information message family=7, type=1, index=1150, flags=0x1002, change=0x0
Jun 29, 2026 09:25:37.298 [547808698592] DEBUG - NetworkInterface: received Netlink message len=688, type=RTM_DELLINK, flags=0x0
Jun 29, 2026 09:25:37.298 [547808698592] DEBUG - NetworkInterface: Netlink information message family=0, type=1, index=1150, flags=0x1002, change=0xffffffff
Jun 29, 2026 09:25:49.541 [547808698592] DEBUG - NetworkInterface: received Netlink message len=1500, type=RTM_NEWLINK, flags=0x0
Jun 29, 2026 09:25:49.541 [547808698592] DEBUG - NetworkInterface: Netlink information message family=0, type=1, index=1151, flags=0x1002, change=0xffffffff
Jun 29, 2026 09:25:49.541 [547808698592] DEBUG - Network change.
Jun 29, 2026 09:25:49.541 [547808698592] DEBUG - NetworkInterface: Notified of network changed (force=0)
Jun 29, 2026 09:25:49.549 [547808698592] DEBUG - Network change notification but nothing changed.
Jun 29, 2026 09:25:49.549 [547808698592] DEBUG - NetworkInterface: received Netlink message len=1500, type=RTM_NEWLINK, flags=0x0
Jun 29, 2026 09:25:49.549 [547808698592] DEBUG - NetworkInterface: Netlink information message family=0, type=1, index=1152, flags=0x1002, change=0xffffffff
Jun 29, 2026 09:25:49.549 [547808698592] DEBUG - Network change.
Jun 29, 2026 09:25:49.549 [547808698592] DEBUG - NetworkInterface: Notified of network changed (force=0)
Jun 29, 2026 09:25:49.553 [547808698592] DEBUG - Network change notification but nothing changed.
Jun 29, 2026 09:25:49.557 [547808698592] DEBUG - NetworkInterface: received Netlink message len=1856, type=RTM_NEWLINK, flags=0x0
Jun 29, 2026 09:25:49.557 [547808698592] DEBUG - NetworkInterface: Netlink information message family=0, type=1, index=1152, flags=0x1002, change=0x0
Jun 29, 2026 09:25:49.557 [547808698592] DEBUG - Network change.
Jun 29, 2026 09:25:49.557 [547808698592] DEBUG - NetworkInterface: Notified of network changed (force=0)
Jun 29, 2026 09:25:49.559 [547808698592] DEBUG - Network change notification but nothing changed.
Jun 29, 2026 09:25:49.559 [547808698592] DEBUG - NetworkInterface: received Netlink message len=1856, type=RTM_NEWLINK, flags=0x0
Jun 29, 2026 09:25:49.559 [547808698592] DEBUG - NetworkInterface: Netlink information message family=0, type=1, index=1152, flags=0x1002, change=0x100
Jun 29, 2026 09:25:49.559 [547808698592] DEBUG - Network change.
Jun 29, 2026 09:25:49.559 [547808698592] DEBUG - NetworkInterface: Notified of network changed (force=0)
Jun 29, 2026 09:25:49.561 [547808698592] DEBUG - Network change notification but nothing changed.
Jun 29, 2026 09:25:49.561 [547808698592] DEBUG - NetworkInterface: received Netlink message len=440, type=RTM_NEWLINK, flags=0x0
Jun 29, 2026 09:25:49.561 [547808698592] DEBUG - NetworkInterface: Netlink information message family=7, type=1, index=1152, flags=0x1002, change=0x0
Jun 29, 2026 09:25:49.561 [547808698592] DEBUG - Network change.
Jun 29, 2026 09:25:49.561 [547808698592] DEBUG - NetworkInterface: Notified of network changed (force=0)
Jun 29, 2026 09:25:49.562 [547808698592] DEBUG - Network change notification but nothing changed.
Jun 29, 2026 09:25:49.562 [547808698592] DEBUG - NetworkInterface: received Netlink message len=1856, type=RTM_NEWLINK, flags=0x0
Jun 29, 2026 09:25:49.562 [547808698592] DEBUG - NetworkInterface: Netlink information message family=0, type=1, index=1152, flags=0x1003, change=0x1
Jun 29, 2026 09:25:49.562 [547808698592] DEBUG - Network change.
Jun 29, 2026 09:25:49.562 [547808698592] DEBUG - NetworkInterface: Notified of network changed (force=0)
Jun 29, 2026 09:25:49.563 [547808698592] DEBUG - Network change notification but nothing changed.
Jun 29, 2026 09:25:49.564 [547808698592] DEBUG - NetworkInterface: received Netlink message len=440, type=RTM_NEWLINK, flags=0x0
Jun 29, 2026 09:25:49.564 [547808698592] DEBUG - NetworkInterface: Netlink information message family=7, type=1, index=1152, flags=0x1003, change=0x0
Jun 29, 2026 09:25:49.564 [547808698592] DEBUG - Network change.
Jun 29, 2026 09:25:49.564 [547808698592] DEBUG - NetworkInterface: Notified of network changed (force=0)
Jun 29, 2026 09:25:49.574 [547808698592] DEBUG - Network change notification but nothing changed.
Jun 29, 2026 09:25:49.630 [547808698592] DEBUG - NetworkInterface: received Netlink message len=1500, type=RTM_NEWLINK, flags=0x0
Jun 29, 2026 09:25:49.630 [547808698592] DEBUG - NetworkInterface: Netlink information message family=0, type=1, index=1151, flags=0x11003, change=0x1
Jun 29, 2026 09:25:49.630 [547808698592] DEBUG - Network change.
Jun 29, 2026 09:25:49.630 [547808698592] DEBUG - NetworkInterface: Notified of network changed (force=0)
Jun 29, 2026 09:25:49.631 [547808698592] DEBUG - Network change notification but nothing changed.
Jun 29, 2026 09:25:49.632 [547808698592] DEBUG - NetworkInterface: received Netlink message len=1500, type=RTM_NEWLINK, flags=0x0
Jun 29, 2026 09:25:49.632 [547808698592] DEBUG - NetworkInterface: Netlink information message family=0, type=1, index=1151, flags=0x11043, change=0x0
Jun 29, 2026 09:25:49.632 [547808698592] DEBUG - Network change.
Jun 29, 2026 09:25:49.632 [547808698592] DEBUG - NetworkInterface: Notified of network changed (force=0)
Jun 29, 2026 09:25:49.636 [547808698592] DEBUG - Network change notification but nothing changed.
Jun 29, 2026 09:25:49.636 [547808698592] DEBUG - NetworkInterface: received Netlink message len=440, type=RTM_NEWLINK, flags=0x0
Jun 29, 2026 09:25:49.636 [547808698592] DEBUG - NetworkInterface: Netlink information message family=7, type=1, index=1152, flags=0x11043, change=0x0
Jun 29, 2026 09:25:49.636 [547808698592] DEBUG - Network change.
Jun 29, 2026 09:25:49.636 [547808698592] DEBUG - NetworkInterface: Notified of network changed (force=0)
Jun 29, 2026 09:25:49.640 [547808698592] DEBUG - Network change notification but nothing changed.
Jun 29, 2026 09:25:49.640 [547808698592] DEBUG - NetworkInterface: received Netlink message len=440, type=RTM_NEWLINK, flags=0x0
Jun 29, 2026 09:25:49.640 [547808698592] DEBUG - NetworkInterface: Netlink information message family=7, type=1, index=1152, flags=0x11043, change=0x0
Jun 29, 2026 09:25:49.640 [547808698592] DEBUG - Network change.
Jun 29, 2026 09:25:49.640 [547808698592] DEBUG - NetworkInterface: Notified of network changed (force=0)
Jun 29, 2026 09:25:49.646 [547808698592] DEBUG - Network change notification but nothing changed.
Jun 29, 2026 09:25:49.646 [547808698592] DEBUG - NetworkInterface: received Netlink message len=1856, type=RTM_NEWLINK, flags=0x0
Jun 29, 2026 09:25:49.646 [547808698592] DEBUG - NetworkInterface: Netlink information message family=0, type=1, index=1152, flags=0x11043, change=0x0
Jun 29, 2026 09:25:49.646 [547808698592] DEBUG - Network change.
Jun 29, 2026 09:25:49.646 [547808698592] DEBUG - NetworkInterface: Notified of network changed (force=0)
Jun 29, 2026 09:25:49.647 [547808698592] DEBUG - Network change notification but nothing changed.
Jun 29, 2026 09:25:50.343 [547808698592] DEBUG - NetworkInterface: received Netlink message len=1500, type=RTM_NEWLINK, flags=0x0
Jun 29, 2026 09:25:50.343 [547808698592] DEBUG - NetworkInterface: Netlink information message family=0, type=1, index=1151, flags=0x1002, change=0x41
Jun 29, 2026 09:25:50.343 [547808698592] DEBUG - Network change.
Jun 29, 2026 09:25:50.343 [547808698592] DEBUG - NetworkInterface: Notified of network changed (force=0)
Jun 29, 2026 09:25:50.378 [547808698592] DEBUG - Network change notification but nothing changed.
Jun 29, 2026 09:25:50.378 [547808698592] DEBUG - NetworkInterface: received Netlink message len=704, type=RTM_DELLINK, flags=0x0
Jun 29, 2026 09:25:50.378 [547808698592] DEBUG - NetworkInterface: Netlink information message family=0, type=1, index=1151, flags=0x1002, change=0xffffffff
Jun 29, 2026 09:25:50.378 [547808698592] DEBUG - NetworkInterface: received Netlink message len=440, type=RTM_NEWLINK, flags=0x0
Jun 29, 2026 09:25:50.378 [547808698592] DEBUG - NetworkInterface: Netlink information message family=7, type=1, index=1152, flags=0x1003, change=0x0
Jun 29, 2026 09:25:50.378 [547808698592] DEBUG - Network change.
Jun 29, 2026 09:25:50.378 [547808698592] DEBUG - NetworkInterface: Notified of network changed (force=0)
Jun 29, 2026 09:25:50.379 [547808698592] DEBUG - Network change notification but nothing changed.
Jun 29, 2026 09:25:50.379 [547808698592] DEBUG - NetworkInterface: received Netlink message len=1864, type=RTM_NEWLINK, flags=0x0
Jun 29, 2026 09:25:50.379 [547808698592] DEBUG - NetworkInterface: Netlink information message family=0, type=1, index=1152, flags=0x1003, change=0x0
Jun 29, 2026 09:25:50.379 [547808698592] DEBUG - Network change.
Jun 29, 2026 09:25:50.379 [547808698592] DEBUG - NetworkInterface: Notified of network changed (force=0)
Jun 29, 2026 09:25:50.380 [547808698592] DEBUG - Network change notification but nothing changed.
Jun 29, 2026 09:25:50.383 [547808698592] DEBUG - NetworkInterface: received Netlink message len=440, type=RTM_NEWLINK, flags=0x0
Jun 29, 2026 09:25:50.383 [547808698592] DEBUG - NetworkInterface: Netlink information message family=7, type=1, index=1152, flags=0x11043, change=0x0
Jun 29, 2026 09:25:50.383 [547808698592] DEBUG - Network change.
Jun 29, 2026 09:25:50.383 [547808698592] DEBUG - NetworkInterface: Notified of network changed (force=0)
Jun 29, 2026 09:25:50.385 [547808698592] DEBUG - Network change notification but nothing changed.
Jun 29, 2026 09:25:50.385 [547808698592] DEBUG - NetworkInterface: received Netlink message len=440, type=RTM_NEWLINK, flags=0x0
Jun 29, 2026 09:25:50.385 [547808698592] DEBUG - NetworkInterface: Netlink information message family=7, type=1, index=1152, flags=0x11043, change=0x0
Jun 29, 2026 09:25:50.385 [547808698592] DEBUG - Network change.
Jun 29, 2026 09:25:50.385 [547808698592] DEBUG - NetworkInterface: Notified of network changed (force=0)
Jun 29, 2026 09:25:50.386 [547808698592] DEBUG - Network change notification but nothing changed.
Jun 29, 2026 09:25:50.386 [547808698592] DEBUG - NetworkInterface: received Netlink message len=1864, type=RTM_NEWLINK, flags=0x0
Jun 29, 2026 09:25:50.386 [547808698592] DEBUG - NetworkInterface: Netlink information message family=0, type=1, index=1152, flags=0x11043, change=0x0
Jun 29, 2026 09:25:50.386 [547808698592] DEBUG - Network change.
Jun 29, 2026 09:25:50.386 [547808698592] DEBUG - NetworkInterface: Notified of network changed (force=0)
Jun 29, 2026 09:25:50.387 [547808698592] DEBUG - Network change notification but nothing changed.
Jun 29, 2026 09:25:52.788 [547808698592] DEBUG - NetworkInterface: received Netlink message len=440, type=RTM_NEWLINK, flags=0x0
Jun 29, 2026 09:25:52.788 [547808698592] DEBUG - NetworkInterface: Netlink information message family=7, type=1, index=1152, flags=0x1003, change=0x0
Jun 29, 2026 09:25:52.788 [547808698592] DEBUG - Network change.
Jun 29, 2026 09:25:52.788 [547808698592] DEBUG - NetworkInterface: Notified of network changed (force=0)
Jun 29, 2026 09:25:52.814 [547808698592] DEBUG - Network change notification but nothing changed.
Jun 29, 2026 09:25:52.814 [547808698592] DEBUG - NetworkInterface: received Netlink message len=1864, type=RTM_NEWLINK, flags=0x0
Jun 29, 2026 09:25:52.814 [547808698592] DEBUG - NetworkInterface: Netlink information message family=0, type=1, index=1152, flags=0x1003, change=0x0
Jun 29, 2026 09:25:52.814 [547808698592] DEBUG - Network change.
Jun 29, 2026 09:25:52.814 [547808698592] DEBUG - NetworkInterface: Notified of network changed (force=0)
Jun 29, 2026 09:25:52.815 [547808698592] DEBUG - Network change notification but nothing changed.
Jun 29, 2026 09:25:52.815 [547808698592] DEBUG - NetworkInterface: received Netlink message len=1500, type=RTM_NEWLINK, flags=0x0
Jun 29, 2026 09:25:52.815 [547808698592] DEBUG - NetworkInterface: Netlink information message family=0, type=1, index=1151, flags=0x1002, change=0xffffffff
Jun 29, 2026 09:25:52.815 [547808698592] DEBUG - Network change.
Jun 29, 2026 09:25:52.815 [547808698592] DEBUG - NetworkInterface: Notified of network changed (force=0)
Jun 29, 2026 09:25:52.815 [547808698592] DEBUG - Network change notification but nothing changed.
Jun 29, 2026 09:25:52.840 [547808698592] DEBUG - NetworkInterface: received Netlink message len=1500, type=RTM_NEWLINK, flags=0x0
Jun 29, 2026 09:25:52.840 [547808698592] DEBUG - NetworkInterface: Netlink information message family=0, type=1, index=1151, flags=0x11003, change=0x1
Jun 29, 2026 09:25:52.840 [547808698592] DEBUG - Network change.
Jun 29, 2026 09:25:52.840 [547808698592] DEBUG - NetworkInterface: Notified of network changed (force=0)
Jun 29, 2026 09:25:52.841 [547808698592] DEBUG - Network change notification but nothing changed.
Jun 29, 2026 09:25:52.842 [547808698592] DEBUG - NetworkInterface: received Netlink message len=1500, type=RTM_NEWLINK, flags=0x0
Jun 29, 2026 09:25:52.842 [547808698592] DEBUG - NetworkInterface: Netlink information message family=0, type=1, index=1151, flags=0x11043, change=0x0
Jun 29, 2026 09:25:52.842 [547808698592] DEBUG - Network change.
Jun 29, 2026 09:25:52.842 [547808698592] DEBUG - NetworkInterface: Notified of network changed (force=0)
Jun 29, 2026 09:25:52.842 [547808698592] DEBUG - Network change notification but nothing changed.
Jun 29, 2026 09:25:52.842 [547808698592] DEBUG - NetworkInterface: received Netlink message len=440, type=RTM_NEWLINK, flags=0x0
Jun 29, 2026 09:25:52.842 [547808698592] DEBUG - NetworkInterface: Netlink information message family=7, type=1, index=1152, flags=0x11043, change=0x0
Jun 29, 2026 09:25:52.842 [547808698592] DEBUG - Network change.
Jun 29, 2026 09:25:52.842 [547808698592] DEBUG - NetworkInterface: Notified of network changed (force=0)
Jun 29, 2026 09:25:52.843 [547808698592] DEBUG - Network change notification but nothing changed.
Jun 29, 2026 09:25:52.843 [547808698592] DEBUG - NetworkInterface: received Netlink message len=440, type=RTM_NEWLINK, flags=0x0
Jun 29, 2026 09:25:52.843 [547808698592] DEBUG - NetworkInterface: Netlink information message family=7, type=1, index=1152, flags=0x11043, change=0x0
Jun 29, 2026 09:25:52.843 [547808698592] DEBUG - Network change.
Jun 29, 2026 09:25:52.843 [547808698592] DEBUG - NetworkInterface: Notified of network changed (force=0)
Jun 29, 2026 09:25:52.844 [547808698592] DEBUG - Network change notification but nothing changed.
Jun 29, 2026 09:25:52.844 [547808698592] DEBUG - NetworkInterface: received Netlink message len=1856, type=RTM_NEWLINK, flags=0x0
Jun 29, 2026 09:25:52.844 [547808698592] DEBUG - NetworkInterface: Netlink information message family=0, type=1, index=1152, flags=0x11043, change=0x0
Jun 29, 2026 09:25:52.844 [547808698592] DEBUG - Network change.
Jun 29, 2026 09:25:52.844 [547808698592] DEBUG - NetworkInterface: Notified of network changed (force=0)
Jun 29, 2026 09:25:52.844 [547808698592] DEBUG - Network change notification but nothing changed.
Jun 29, 2026 09:25:52.899 [547808698592] DEBUG - NetworkInterface: received Netlink message len=1500, type=RTM_NEWLINK, flags=0x0
Jun 29, 2026 09:25:52.899 [547808698592] DEBUG - NetworkInterface: Netlink information message family=0, type=1, index=1151, flags=0x1002, change=0x41
Jun 29, 2026 09:25:52.899 [547808698592] DEBUG - Network change.
Jun 29, 2026 09:25:52.899 [547808698592] DEBUG - NetworkInterface: Notified of network changed (force=0)
Jun 29, 2026 09:25:52.908 [547808698592] DEBUG - Network change notification but nothing changed.
Jun 29, 2026 09:25:52.908 [547808698592] DEBUG - NetworkInterface: received Netlink message len=1856, type=RTM_NEWLINK, flags=0x0
Jun 29, 2026 09:25:52.908 [547808698592] DEBUG - NetworkInterface: Netlink information message family=0, type=1, index=1152, flags=0x1002, change=0x41
Jun 29, 2026 09:25:52.908 [547808698592] DEBUG - Network change.
Jun 29, 2026 09:25:52.908 [547808698592] DEBUG - NetworkInterface: Notified of network changed (force=0)
Jun 29, 2026 09:25:52.908 [547808698592] DEBUG - Network change notification but nothing changed.
Jun 29, 2026 09:25:52.908 [547808698592] DEBUG - NetworkInterface: received Netlink message len=440, type=RTM_NEWLINK, flags=0x0
Jun 29, 2026 09:25:52.908 [547808698592] DEBUG - NetworkInterface: Netlink information message family=7, type=1, index=1152, flags=0x1002, change=0x0
Jun 29, 2026 09:25:52.908 [547808698592] DEBUG - Network change.
Jun 29, 2026 09:25:52.908 [547808698592] DEBUG - NetworkInterface: Notified of network changed (force=0)
Jun 29, 2026 09:25:52.909 [547808698592] DEBUG - Network change notification but nothing changed.
Jun 29, 2026 09:25:52.909 [547808698592] DEBUG - NetworkInterface: received Netlink message len=688, type=RTM_DELLINK, flags=0x0
Jun 29, 2026 09:25:52.909 [547808698592] DEBUG - NetworkInterface: Netlink information message family=0, type=1, index=1151, flags=0x1002, change=0xffffffff
Jun 29, 2026 09:25:52.909 [547808698592] DEBUG - NetworkInterface: received Netlink message len=440, type=RTM_NEWLINK, flags=0x0
Jun 29, 2026 09:25:52.909 [547808698592] DEBUG - NetworkInterface: Netlink information message family=7, type=1, index=1152, flags=0x1002, change=0x0
Jun 29, 2026 09:25:52.909 [547808698592] DEBUG - Network change.
Jun 29, 2026 09:25:52.909 [547808698592] DEBUG - NetworkInterface: Notified of network changed (force=0)
Jun 29, 2026 09:25:52.910 [547808698592] DEBUG - Network change notification but nothing changed.
Jun 29, 2026 09:25:52.910 [547808698592] DEBUG - NetworkInterface: received Netlink message len=104, type=RTM_DELLINK, flags=0x0
Jun 29, 2026 09:25:52.910 [547808698592] DEBUG - NetworkInterface: Netlink information message family=7, type=1, index=1152, flags=0x1002, change=0x0
Jun 29, 2026 09:25:52.910 [547808698592] DEBUG - NetworkInterface: received Netlink message len=688, type=RTM_DELLINK, flags=0x0
Jun 29, 2026 09:25:52.910 [547808698592] DEBUG - NetworkInterface: Netlink information message family=0, type=1, index=1152, flags=0x1002, change=0xffffffff
Jun 29, 2026 09:26:02.713 [547812917472] DEBUG - [NSB/SSDP] Parsing SSDP schema for http://192.168.1.1:49152/wps_device.xml
Jun 29, 2026 09:26:17.729 [547857510624] DEBUG - [HttpClient/HCl#40] HTTP simulating 408 after curl timeout
Jun 29, 2026 09:26:18.189 [547808698592] DEBUG - NetworkInterface: received Netlink message len=1500, type=RTM_NEWLINK, flags=0x0
Jun 29, 2026 09:26:18.189 [547808698592] DEBUG - NetworkInterface: Netlink information message family=0, type=1, index=1153, flags=0x1002, change=0xffffffff
Jun 29, 2026 09:26:18.189 [547808698592] DEBUG - Network change.
Jun 29, 2026 09:26:18.189 [547808698592] DEBUG - NetworkInterface: Notified of network changed (force=0)
Jun 29, 2026 09:26:18.198 [547808698592] DEBUG - Network change notification but nothing changed.
Jun 29, 2026 09:26:18.200 [547808698592] DEBUG - NetworkInterface: received Netlink message len=1500, type=RTM_NEWLINK, flags=0x0
Jun 29, 2026 09:26:18.201 [547808698592] DEBUG - NetworkInterface: Netlink information message family=0, type=1, index=1154, flags=0x1002, change=0xffffffff
Jun 29, 2026 09:26:18.202 [547808698592] DEBUG - Network change.
Jun 29, 2026 09:26:18.202 [547808698592] DEBUG - NetworkInterface: Notified of network changed (force=0)
Jun 29, 2026 09:26:18.204 [547808698592] DEBUG - Network change notification but nothing changed.
Jun 29, 2026 09:26:18.204 [547808698592] DEBUG - NetworkInterface: received Netlink message len=1856, type=RTM_NEWLINK, flags=0x0
Jun 29, 2026 09:26:18.204 [547808698592] DEBUG - NetworkInterface: Netlink information message family=0, type=1, index=1154, flags=0x1002, change=0x0
Jun 29, 2026 09:26:18.204 [547808698592] DEBUG - Network change.
Jun 29, 2026 09:26:18.204 [547808698592] DEBUG - NetworkInterface: Notified of network changed (force=0)
Jun 29, 2026 09:26:18.206 [547808698592] DEBUG - Network change notification but nothing changed.
Jun 29, 2026 09:26:18.206 [547808698592] DEBUG - NetworkInterface: received Netlink message len=1856, type=RTM_NEWLINK, flags=0x0
Jun 29, 2026 09:26:18.206 [547808698592] DEBUG - NetworkInterface: Netlink information message family=0, type=1, index=1154, flags=0x1002, change=0x100
Jun 29, 2026 09:26:18.206 [547808698592] DEBUG - Network change.
Jun 29, 2026 09:26:18.206 [547808698592] DEBUG - NetworkInterface: Notified of network changed (force=0)
Jun 29, 2026 09:26:18.208 [547808698592] DEBUG - Network change notification but nothing changed.
Jun 29, 2026 09:26:18.208 [547808698592] DEBUG - NetworkInterface: received Netlink message len=440, type=RTM_NEWLINK, flags=0x0
Jun 29, 2026 09:26:18.208 [547808698592] DEBUG - NetworkInterface: Netlink information message family=7, type=1, index=1154, flags=0x1002, change=0x0
Jun 29, 2026 09:26:18.208 [547808698592] DEBUG - Network change.
Jun 29, 2026 09:26:18.208 [547808698592] DEBUG - NetworkInterface: Notified of network changed (force=0)
Jun 29, 2026 09:26:18.210 [547808698592] DEBUG - Network change notification but nothing changed.
Jun 29, 2026 09:26:18.210 [547808698592] DEBUG - NetworkInterface: received Netlink message len=1856, type=RTM_NEWLINK, flags=0x0
Jun 29, 2026 09:26:18.210 [547808698592] DEBUG - NetworkInterface: Netlink information message family=0, type=1, index=1154, flags=0x1003, change=0x1
Jun 29, 2026 09:26:18.210 [547808698592] DEBUG - Network change.
Jun 29, 2026 09:26:18.210 [547808698592] DEBUG - NetworkInterface: Notified of network changed (force=0)
Jun 29, 2026 09:26:18.211 [547808698592] DEBUG - Network change notification but nothing changed.
Jun 29, 2026 09:26:18.211 [547808698592] DEBUG - NetworkInterface: received Netlink message len=440, type=RTM_NEWLINK, flags=0x0
Jun 29, 2026 09:26:18.211 [547808698592] DEBUG - NetworkInterface: Netlink information message family=7, type=1, index=1154, flags=0x1003, change=0x0
Jun 29, 2026 09:26:18.211 [547808698592] DEBUG - Network change.
Jun 29, 2026 09:26:18.211 [547808698592] DEBUG - NetworkInterface: Notified of network changed (force=0)
Jun 29, 2026 09:26:18.212 [547808698592] DEBUG - Network change notification but nothing changed.
Jun 29, 2026 09:26:18.258 [547808698592] DEBUG - NetworkInterface: received Netlink message len=1500, type=RTM_NEWLINK, flags=0x0
Jun 29, 2026 09:26:18.258 [547808698592] DEBUG - NetworkInterface: Netlink information message family=0, type=1, index=1153, flags=0x11003, change=0x1
Jun 29, 2026 09:26:18.258 [547808698592] DEBUG - Network change.
Jun 29, 2026 09:26:18.258 [547808698592] DEBUG - NetworkInterface: Notified of network changed (force=0)
Jun 29, 2026 09:26:18.261 [547808698592] DEBUG - Network change notification but nothing changed.
Jun 29, 2026 09:26:18.261 [547808698592] DEBUG - NetworkInterface: received Netlink message len=1500, type=RTM_NEWLINK, flags=0x0
Jun 29, 2026 09:26:18.261 [547808698592] DEBUG - NetworkInterface: Netlink information message family=0, type=1, index=1153, flags=0x11043, change=0x0
Jun 29, 2026 09:26:18.261 [547808698592] DEBUG - Network change.
Jun 29, 2026 09:26:18.261 [547808698592] DEBUG - NetworkInterface: Notified of network changed (force=0)
Jun 29, 2026 09:26:18.262 [547808698592] DEBUG - Network change notification but nothing changed.
Jun 29, 2026 09:26:18.262 [547808698592] DEBUG - NetworkInterface: received Netlink message len=440, type=RTM_NEWLINK, flags=0x0
Jun 29, 2026 09:26:18.262 [547808698592] DEBUG - NetworkInterface: Netlink information message family=7, type=1, index=1154, flags=0x11043, change=0x0
Jun 29, 2026 09:26:18.262 [547808698592] DEBUG - Network change.
Jun 29, 2026 09:26:18.262 [547808698592] DEBUG - NetworkInterface: Notified of network changed (force=0)
Jun 29, 2026 09:26:18.263 [547808698592] DEBUG - Network change notification but nothing changed.
Jun 29, 2026 09:26:18.263 [547808698592] DEBUG - NetworkInterface: received Netlink message len=440, type=RTM_NEWLINK, flags=0x0
Jun 29, 2026 09:26:18.263 [547808698592] DEBUG - NetworkInterface: Netlink information message family=7, type=1, index=1154, flags=0x11043, change=0x0
Jun 29, 2026 09:26:18.263 [547808698592] DEBUG - Network change.
Jun 29, 2026 09:26:18.263 [547808698592] DEBUG - NetworkInterface: Notified of network changed (force=0)
Jun 29, 2026 09:26:18.264 [547808698592] DEBUG - Network change notification but nothing changed.
Jun 29, 2026 09:26:18.264 [547808698592] DEBUG - NetworkInterface: received Netlink message len=1856, type=RTM_NEWLINK, flags=0x0
Jun 29, 2026 09:26:18.264 [547808698592] DEBUG - NetworkInterface: Netlink information message family=0, type=1, index=1154, flags=0x11043, change=0x0
Jun 29, 2026 09:26:18.264 [547808698592] DEBUG - Network change.
Jun 29, 2026 09:26:18.264 [547808698592] DEBUG - NetworkInterface: Notified of network changed (force=0)
Jun 29, 2026 09:26:18.277 [547808698592] DEBUG - Network change notification but nothing changed.
Jun 29, 2026 09:26:19.005 [547808698592] DEBUG - NetworkInterface: received Netlink message len=1500, type=RTM_NEWLINK, flags=0x0
Jun 29, 2026 09:26:19.006 [547808698592] DEBUG - NetworkInterface: Netlink information message family=0, type=1, index=1153, flags=0x1002, change=0x41
Jun 29, 2026 09:26:19.006 [547808698592] DEBUG - Network change.
Jun 29, 2026 09:26:19.006 [547808698592] DEBUG - NetworkInterface: Notified of network changed (force=0)
Jun 29, 2026 09:26:19.042 [547808698592] DEBUG - Network change notification but nothing changed.
Jun 29, 2026 09:26:19.042 [547808698592] DEBUG - NetworkInterface: received Netlink message len=704, type=RTM_DELLINK, flags=0x0
Jun 29, 2026 09:26:19.042 [547808698592] DEBUG - NetworkInterface: Netlink information message family=0, type=1, index=1153, flags=0x1002, change=0xffffffff
Jun 29, 2026 09:26:19.042 [547808698592] DEBUG - NetworkInterface: received Netlink message len=440, type=RTM_NEWLINK, flags=0x0
Jun 29, 2026 09:26:19.042 [547808698592] DEBUG - NetworkInterface: Netlink information message family=7, type=1, index=1154, flags=0x1003, change=0x0
Jun 29, 2026 09:26:19.042 [547808698592] DEBUG - Network change.
Jun 29, 2026 09:26:19.042 [547808698592] DEBUG - NetworkInterface: Notified of network changed (force=0)
Jun 29, 2026 09:26:19.044 [547808698592] DEBUG - Network change notification but nothing changed.
Jun 29, 2026 09:26:19.044 [547808698592] DEBUG - NetworkInterface: received Netlink message len=1864, type=RTM_NEWLINK, flags=0x0
Jun 29, 2026 09:26:19.044 [547808698592] DEBUG - NetworkInterface: Netlink information message family=0, type=1, index=1154, flags=0x1003, change=0x0
Jun 29, 2026 09:26:19.044 [547808698592] DEBUG - Network change.
Jun 29, 2026 09:26:19.044 [547808698592] DEBUG - NetworkInterface: Notified of network changed (force=0)
Jun 29, 2026 09:26:19.047 [547808698592] DEBUG - Network change notification but nothing changed.
Jun 29, 2026 09:26:19.047 [547808698592] DEBUG - NetworkInterface: received Netlink message len=440, type=RTM_NEWLINK, flags=0x0
Jun 29, 2026 09:26:19.047 [547808698592] DEBUG - NetworkInterface: Netlink information message family=7, type=1, index=1154, flags=0x11043, change=0x0
Jun 29, 2026 09:26:19.047 [547808698592] DEBUG - Network change.
Jun 29, 2026 09:26:19.047 [547808698592] DEBUG - NetworkInterface: Notified of network changed (force=0)
Jun 29, 2026 09:26:19.047 [547808698592] DEBUG - Network change notification but nothing changed.
Jun 29, 2026 09:26:19.047 [547808698592] DEBUG - NetworkInterface: received Netlink message len=440, type=RTM_NEWLINK, flags=0x0
Jun 29, 2026 09:26:19.047 [547808698592] DEBUG - NetworkInterface: Netlink information message family=7, type=1, index=1154, flags=0x11043, change=0x0
Jun 29, 2026 09:26:19.047 [547808698592] DEBUG - Network change.
Jun 29, 2026 09:26:19.047 [547808698592] DEBUG - NetworkInterface: Notified of network changed (force=0)
Jun 29, 2026 09:26:19.048 [547808698592] DEBUG - Network change notification but nothing changed.
Jun 29, 2026 09:26:19.048 [547808698592] DEBUG - NetworkInterface: received Netlink message len=1864, type=RTM_NEWLINK, flags=0x0
Jun 29, 2026 09:26:19.048 [547808698592] DEBUG - NetworkInterface: Netlink information message family=0, type=1, index=1154, flags=0x11043, change=0x0
Jun 29, 2026 09:26:19.048 [547808698592] DEBUG - Network change.
Jun 29, 2026 09:26:19.048 [547808698592] DEBUG - NetworkInterface: Notified of network changed (force=0)
Jun 29, 2026 09:26:19.049 [547808698592] DEBUG - Network change notification but nothing changed.
Jun 29, 2026 09:26:21.434 [547808698592] DEBUG - NetworkInterface: received Netlink message len=440, type=RTM_NEWLINK, flags=0x0
Jun 29, 2026 09:26:21.434 [547808698592] DEBUG - NetworkInterface: Netlink information message family=7, type=1, index=1154, flags=0x1003, change=0x0
Jun 29, 2026 09:26:21.434 [547808698592] DEBUG - Network change.
Jun 29, 2026 09:26:21.434 [547808698592] DEBUG - NetworkInterface: Notified of network changed (force=0)
Jun 29, 2026 09:26:21.458 [547808698592] DEBUG - Network change notification but nothing changed.
Jun 29, 2026 09:26:21.458 [547808698592] DEBUG - NetworkInterface: received Netlink message len=1864, type=RTM_NEWLINK, flags=0x0
Jun 29, 2026 09:26:21.458 [547808698592] DEBUG - NetworkInterface: Netlink information message family=0, type=1, index=1154, flags=0x1003, change=0x0
Jun 29, 2026 09:26:21.458 [547808698592] DEBUG - Network change.
Jun 29, 2026 09:26:21.458 [547808698592] DEBUG - NetworkInterface: Notified of network changed (force=0)
Jun 29, 2026 09:26:21.459 [547808698592] DEBUG - Network change notification but nothing changed.
Jun 29, 2026 09:26:21.459 [547808698592] DEBUG - NetworkInterface: received Netlink message len=1500, type=RTM_NEWLINK, flags=0x0
Jun 29, 2026 09:26:21.459 [547808698592] DEBUG - NetworkInterface: Netlink information message family=0, type=1, index=1153, flags=0x1002, change=0xffffffff
Jun 29, 2026 09:26:21.459 [547808698592] DEBUG - Network change.
Jun 29, 2026 09:26:21.459 [547808698592] DEBUG - NetworkInterface: Notified of network changed (force=0)
Jun 29, 2026 09:26:21.460 [547808698592] DEBUG - Network change notification but nothing changed.
Jun 29, 2026 09:26:21.482 [547808698592] DEBUG - NetworkInterface: received Netlink message len=1500, type=RTM_NEWLINK, flags=0x0
Jun 29, 2026 09:26:21.482 [547808698592] DEBUG - NetworkInterface: Netlink information message family=0, type=1, index=1153, flags=0x11003, change=0x1
Jun 29, 2026 09:26:21.482 [547808698592] DEBUG - Network change.
Jun 29, 2026 09:26:21.482 [547808698592] DEBUG - NetworkInterface: Notified of network changed (force=0)
Jun 29, 2026 09:26:21.483 [547808698592] DEBUG - Network change notification but nothing changed.
Jun 29, 2026 09:26:21.483 [547808698592] DEBUG - NetworkInterface: received Netlink message len=1500, type=RTM_NEWLINK, flags=0x0
Jun 29, 2026 09:26:21.483 [547808698592] DEBUG - NetworkInterface: Netlink information message family=0, type=1, index=1153, flags=0x11043, change=0x0
Jun 29, 2026 09:26:21.483 [547808698592] DEBUG - Network change.
Jun 29, 2026 09:26:21.483 [547808698592] DEBUG - NetworkInterface: Notified of network changed (force=0)
Jun 29, 2026 09:26:21.484 [547808698592] DEBUG - Network change notification but nothing changed.
Jun 29, 2026 09:26:21.484 [547808698592] DEBUG - NetworkInterface: received Netlink message len=440, type=RTM_NEWLINK, flags=0x0
Jun 29, 2026 09:26:21.484 [547808698592] DEBUG - NetworkInterface: Netlink information message family=7, type=1, index=1154, flags=0x11043, change=0x0
Jun 29, 2026 09:26:21.484 [547808698592] DEBUG - Network change.
Jun 29, 2026 09:26:21.484 [547808698592] DEBUG - NetworkInterface: Notified of network changed (force=0)
Jun 29, 2026 09:26:21.485 [547808698592] DEBUG - Network change notification but nothing changed.
Jun 29, 2026 09:26:21.485 [547808698592] DEBUG - NetworkInterface: received Netlink message len=440, type=RTM_NEWLINK, flags=0x0
Jun 29, 2026 09:26:21.485 [547808698592] DEBUG - NetworkInterface: Netlink information message family=7, type=1, index=1154, flags=0x11043, change=0x0
Jun 29, 2026 09:26:21.485 [547808698592] DEBUG - Network change.
Jun 29, 2026 09:26:21.485 [547808698592] DEBUG - NetworkInterface: Notified of network changed (force=0)
Jun 29, 2026 09:26:21.485 [547808698592] DEBUG - Network change notification but nothing changed.
Jun 29, 2026 09:26:21.485 [547808698592] DEBUG - NetworkInterface: received Netlink message len=1856, type=RTM_NEWLINK, flags=0x0
Jun 29, 2026 09:26:21.485 [547808698592] DEBUG - NetworkInterface: Netlink information message family=0, type=1, index=1154, flags=0x11043, change=0x0
Jun 29, 2026 09:26:21.485 [547808698592] DEBUG - Network change.
Jun 29, 2026 09:26:21.485 [547808698592] DEBUG - NetworkInterface: Notified of network changed (force=0)
Jun 29, 2026 09:26:21.486 [547808698592] DEBUG - Network change notification but nothing changed.
Jun 29, 2026 09:26:21.534 [547808698592] DEBUG - NetworkInterface: received Netlink message len=1500, type=RTM_NEWLINK, flags=0x0
Jun 29, 2026 09:26:21.534 [547808698592] DEBUG - NetworkInterface: Netlink information message family=0, type=1, index=1153, flags=0x1002, change=0x41
Jun 29, 2026 09:26:21.534 [547808698592] DEBUG - Network change.
Jun 29, 2026 09:26:21.534 [547808698592] DEBUG - NetworkInterface: Notified of network changed (force=0)
Jun 29, 2026 09:26:21.543 [547808698592] DEBUG - Network change notification but nothing changed.
Jun 29, 2026 09:26:21.543 [547808698592] DEBUG - NetworkInterface: received Netlink message len=1856, type=RTM_NEWLINK, flags=0x0
Jun 29, 2026 09:26:21.543 [547808698592] DEBUG - NetworkInterface: Netlink information message family=0, type=1, index=1154, flags=0x1002, change=0x41
Jun 29, 2026 09:26:21.543 [547808698592] DEBUG - Network change.
Jun 29, 2026 09:26:21.543 [547808698592] DEBUG - NetworkInterface: Notified of network changed (force=0)
Jun 29, 2026 09:26:21.545 [547808698592] DEBUG - Network change notification but nothing changed.
Jun 29, 2026 09:26:21.545 [547808698592] DEBUG - NetworkInterface: received Netlink message len=440, type=RTM_NEWLINK, flags=0x0
Jun 29, 2026 09:26:21.545 [547808698592] DEBUG - NetworkInterface: Netlink information message family=7, type=1, index=1154, flags=0x1002, change=0x0
Jun 29, 2026 09:26:21.545 [547808698592] DEBUG - Network change.
Jun 29, 2026 09:26:21.545 [547808698592] DEBUG - NetworkInterface: Notified of network changed (force=0)
Jun 29, 2026 09:26:21.546 [547808698592] DEBUG - Network change notification but nothing changed.
Jun 29, 2026 09:26:21.546 [547808698592] DEBUG - NetworkInterface: received Netlink message len=688, type=RTM_DELLINK, flags=0x0
Jun 29, 2026 09:26:21.546 [547808698592] DEBUG - NetworkInterface: Netlink information message family=0, type=1, index=1153, flags=0x1002, change=0xffffffff
Jun 29, 2026 09:26:21.546 [547808698592] DEBUG - NetworkInterface: received Netlink message len=440, type=RTM_NEWLINK, flags=0x0
Jun 29, 2026 09:26:21.546 [547808698592] DEBUG - NetworkInterface: Netlink information message family=7, type=1, index=1154, flags=0x1002, change=0x0
Jun 29, 2026 09:26:21.546 [547808698592] DEBUG - Network change.
Jun 29, 2026 09:26:21.546 [547808698592] DEBUG - NetworkInterface: Notified of network changed (force=0)
Jun 29, 2026 09:26:21.547 [547808698592] DEBUG - Network change notification but nothing changed.
Jun 29, 2026 09:26:21.547 [547808698592] DEBUG - NetworkInterface: received Netlink message len=104, type=RTM_DELLINK, flags=0x0
Jun 29, 2026 09:26:21.547 [547808698592] DEBUG - NetworkInterface: Netlink information message family=7, type=1, index=1154, flags=0x1002, change=0x0
Jun 29, 2026 09:26:21.547 [547808698592] DEBUG - NetworkInterface: received Netlink message len=688, type=RTM_DELLINK, flags=0x0
Jun 29, 2026 09:26:21.547 [547808698592] DEBUG - NetworkInterface: Netlink information message family=0, type=1, index=1154, flags=0x1002, change=0xffffffff
Jun 29, 2026 09:27:01.711 [547812917472] DEBUG - [NSB/SSDP] Parsing SSDP schema for http://192.168.1.1:49152/wps_device.xml
Jun 29, 2026 09:27:12.445 [547808698592] DEBUG - NetworkInterface: received Netlink message len=1500, type=RTM_NEWLINK, flags=0x0
Jun 29, 2026 09:27:12.445 [547808698592] DEBUG - NetworkInterface: Netlink information message family=0, type=1, index=1155, flags=0x1002, change=0xffffffff
Jun 29, 2026 09:27:12.445 [547808698592] DEBUG - Network change.
Jun 29, 2026 09:27:12.445 [547808698592] DEBUG - NetworkInterface: Notified of network changed (force=0)
Jun 29, 2026 09:27:12.452 [547808698592] DEBUG - Network change notification but nothing changed.
Jun 29, 2026 09:27:12.452 [547808698592] DEBUG - NetworkInterface: received Netlink message len=1500, type=RTM_NEWLINK, flags=0x0
Jun 29, 2026 09:27:12.452 [547808698592] DEBUG - NetworkInterface: Netlink information message family=0, type=1, index=1156, flags=0x1002, change=0xffffffff
Jun 29, 2026 09:27:12.452 [547808698592] DEBUG - Network change.
Jun 29, 2026 09:27:12.452 [547808698592] DEBUG - NetworkInterface: Notified of network changed (force=0)
Jun 29, 2026 09:27:12.455 [547808698592] DEBUG - Network change notification but nothing changed.
Jun 29, 2026 09:27:12.455 [547808698592] DEBUG - NetworkInterface: received Netlink message len=1856, type=RTM_NEWLINK, flags=0x0
Jun 29, 2026 09:27:12.455 [547808698592] DEBUG - NetworkInterface: Netlink information message family=0, type=1, index=1156, flags=0x1002, change=0x0
Jun 29, 2026 09:27:12.455 [547808698592] DEBUG - Network change.
Jun 29, 2026 09:27:12.455 [547808698592] DEBUG - NetworkInterface: Notified of network changed (force=0)
Jun 29, 2026 09:27:12.456 [547808698592] DEBUG - Network change notification but nothing changed.
Jun 29, 2026 09:27:12.456 [547808698592] DEBUG - NetworkInterface: received Netlink message len=1856, type=RTM_NEWLINK, flags=0x0
Jun 29, 2026 09:27:12.456 [547808698592] DEBUG - NetworkInterface: Netlink information message family=0, type=1, index=1156, flags=0x1002, change=0x100
Jun 29, 2026 09:27:12.456 [547808698592] DEBUG - Network change.
Jun 29, 2026 09:27:12.456 [547808698592] DEBUG - NetworkInterface: Notified of network changed (force=0)
Jun 29, 2026 09:27:12.458 [547808698592] DEBUG - Network change notification but nothing changed.
Jun 29, 2026 09:27:12.459 [547808698592] DEBUG - NetworkInterface: received Netlink message len=440, type=RTM_NEWLINK, flags=0x0
Jun 29, 2026 09:27:12.459 [547808698592] DEBUG - NetworkInterface: Netlink information message family=7, type=1, index=1156, flags=0x1002, change=0x0
Jun 29, 2026 09:27:12.459 [547808698592] DEBUG - Network change.
Jun 29, 2026 09:27:12.459 [547808698592] DEBUG - NetworkInterface: Notified of network changed (force=0)
Jun 29, 2026 09:27:12.460 [547808698592] DEBUG - Network change notification but nothing changed.
Jun 29, 2026 09:27:12.460 [547808698592] DEBUG - NetworkInterface: received Netlink message len=1856, type=RTM_NEWLINK, flags=0x0
Jun 29, 2026 09:27:12.460 [547808698592] DEBUG - NetworkInterface: Netlink information message family=0, type=1, index=1156, flags=0x1003, change=0x1
Jun 29, 2026 09:27:12.460 [547808698592] DEBUG - Network change.
Jun 29, 2026 09:27:12.460 [547808698592] DEBUG - NetworkInterface: Notified of network changed (force=0)
Jun 29, 2026 09:27:12.460 [547808698592] DEBUG - Network change notification but nothing changed.
Jun 29, 2026 09:27:12.461 [547808698592] DEBUG - NetworkInterface: received Netlink message len=440, type=RTM_NEWLINK, flags=0x0
Jun 29, 2026 09:27:12.461 [547808698592] DEBUG - NetworkInterface: Netlink information message family=7, type=1, index=1156, flags=0x1003, change=0x0
Jun 29, 2026 09:27:12.461 [547808698592] DEBUG - Network change.
Jun 29, 2026 09:27:12.461 [547808698592] DEBUG - NetworkInterface: Notified of network changed (force=0)
Jun 29, 2026 09:27:12.465 [547808698592] DEBUG - Network change notification but nothing changed.
Jun 29, 2026 09:27:12.492 [547808698592] DEBUG - NetworkInterface: received Netlink message len=1500, type=RTM_NEWLINK, flags=0x0
Jun 29, 2026 09:27:12.492 [547808698592] DEBUG - NetworkInterface: Netlink information message family=0, type=1, index=1155, flags=0x11003, change=0x1
Jun 29, 2026 09:27:12.492 [547808698592] DEBUG - Network change.
Jun 29, 2026 09:27:12.492 [547808698592] DEBUG - NetworkInterface: Notified of network changed (force=0)
Jun 29, 2026 09:27:12.498 [547808698592] DEBUG - Network change notification but nothing changed.
Jun 29, 2026 09:27:12.498 [547808698592] DEBUG - NetworkInterface: received Netlink message len=1500, type=RTM_NEWLINK, flags=0x0
Jun 29, 2026 09:27:12.498 [547808698592] DEBUG - NetworkInterface: Netlink information message family=0, type=1, index=1155, flags=0x11043, change=0x0
Jun 29, 2026 09:27:12.498 [547808698592] DEBUG - Network change.
Jun 29, 2026 09:27:12.498 [547808698592] DEBUG - NetworkInterface: Notified of network changed (force=0)
Jun 29, 2026 09:27:12.502 [547808698592] DEBUG - Network change notification but nothing changed.
Jun 29, 2026 09:27:12.503 [547808698592] DEBUG - NetworkInterface: received Netlink message len=440, type=RTM_NEWLINK, flags=0x0
Jun 29, 2026 09:27:12.503 [547808698592] DEBUG - NetworkInterface: Netlink information message family=7, type=1, index=1156, flags=0x11043, change=0x0
Jun 29, 2026 09:27:12.503 [547808698592] DEBUG - Network change.
Jun 29, 2026 09:27:12.503 [547808698592] DEBUG - NetworkInterface: Notified of network changed (force=0)
Jun 29, 2026 09:27:12.508 [547808698592] DEBUG - Network change notification but nothing changed.
Jun 29, 2026 09:27:12.508 [547808698592] DEBUG - NetworkInterface: received Netlink message len=440, type=RTM_NEWLINK, flags=0x0
Jun 29, 2026 09:27:12.508 [547808698592] DEBUG - NetworkInterface: Netlink information message family=7, type=1, index=1156, flags=0x11043, change=0x0
Jun 29, 2026 09:27:12.508 [547808698592] DEBUG - Network change.
Jun 29, 2026 09:27:12.508 [547808698592] DEBUG - NetworkInterface: Notified of network changed (force=0)
Jun 29, 2026 09:27:12.514 [547808698592] DEBUG - Network change notification but nothing changed.
Jun 29, 2026 09:27:12.514 [547808698592] DEBUG - NetworkInterface: received Netlink message len=1856, type=RTM_NEWLINK, flags=0x0
Jun 29, 2026 09:27:12.514 [547808698592] DEBUG - NetworkInterface: Netlink information message family=0, type=1, index=1156, flags=0x11043, change=0x0
Jun 29, 2026 09:27:12.514 [547808698592] DEBUG - Network change.
Jun 29, 2026 09:27:12.514 [547808698592] DEBUG - NetworkInterface: Notified of network changed (force=0)
Jun 29, 2026 09:27:12.515 [547808698592] DEBUG - Network change notification but nothing changed.
Jun 29, 2026 09:27:13.540 [547808698592] DEBUG - NetworkInterface: received Netlink message len=1500, type=RTM_NEWLINK, flags=0x0
Jun 29, 2026 09:27:13.540 [547808698592] DEBUG - NetworkInterface: Netlink information message family=0, type=1, index=1155, flags=0x1002, change=0x41
Jun 29, 2026 09:27:13.540 [547808698592] DEBUG - Network change.
Jun 29, 2026 09:27:13.540 [547808698592] DEBUG - NetworkInterface: Notified of network changed (force=0)
Jun 29, 2026 09:27:13.580 [547808698592] DEBUG - Network change notification but nothing changed.
Jun 29, 2026 09:27:13.580 [547808698592] DEBUG - NetworkInterface: received Netlink message len=704, type=RTM_DELLINK, flags=0x0
Jun 29, 2026 09:27:13.580 [547808698592] DEBUG - NetworkInterface: Netlink information message family=0, type=1, index=1155, flags=0x1002, change=0xffffffff
Jun 29, 2026 09:27:13.580 [547808698592] DEBUG - NetworkInterface: received Netlink message len=440, type=RTM_NEWLINK, flags=0x0
Jun 29, 2026 09:27:13.580 [547808698592] DEBUG - NetworkInterface: Netlink information message family=7, type=1, index=1156, flags=0x1003, change=0x0
Jun 29, 2026 09:27:13.580 [547808698592] DEBUG - Network change.
Jun 29, 2026 09:27:13.580 [547808698592] DEBUG - NetworkInterface: Notified of network changed (force=0)
Jun 29, 2026 09:27:13.582 [547808698592] DEBUG - Network change notification but nothing changed.
Jun 29, 2026 09:27:13.582 [547808698592] DEBUG - NetworkInterface: received Netlink message len=1864, type=RTM_NEWLINK, flags=0x0
Jun 29, 2026 09:27:13.582 [547808698592] DEBUG - NetworkInterface: Netlink information message family=0, type=1, index=1156, flags=0x1003, change=0x0
Jun 29, 2026 09:27:13.582 [547808698592] DEBUG - Network change.
Jun 29, 2026 09:27:13.582 [547808698592] DEBUG - NetworkInterface: Notified of network changed (force=0)
Jun 29, 2026 09:27:13.582 [547808698592] DEBUG - Network change notification but nothing changed.
Jun 29, 2026 09:27:13.582 [547808698592] DEBUG - NetworkInterface: received Netlink message len=440, type=RTM_NEWLINK, flags=0x0
Jun 29, 2026 09:27:13.582 [547808698592] DEBUG - NetworkInterface: Netlink information message family=7, type=1, index=1156, flags=0x11043, change=0x0
Jun 29, 2026 09:27:13.583 [547808698592] DEBUG - Network change.
Jun 29, 2026 09:27:13.583 [547808698592] DEBUG - NetworkInterface: Notified of network changed (force=0)
Jun 29, 2026 09:27:13.583 [547808698592] DEBUG - Network change notification but nothing changed.
Jun 29, 2026 09:27:13.583 [547808698592] DEBUG - NetworkInterface: received Netlink message len=440, type=RTM_NEWLINK, flags=0x0
Jun 29, 2026 09:27:13.583 [547808698592] DEBUG - NetworkInterface: Netlink information message family=7, type=1, index=1156, flags=0x11043, change=0x0
Jun 29, 2026 09:27:13.583 [547808698592] DEBUG - Network change.
Jun 29, 2026 09:27:13.583 [547808698592] DEBUG - NetworkInterface: Notified of network changed (force=0)
Jun 29, 2026 09:27:13.584 [547808698592] DEBUG - Network change notification but nothing changed.
Jun 29, 2026 09:27:13.584 [547808698592] DEBUG - NetworkInterface: received Netlink message len=1864, type=RTM_NEWLINK, flags=0x0
Jun 29, 2026 09:27:13.584 [547808698592] DEBUG - NetworkInterface: Netlink information message family=0, type=1, index=1156, flags=0x11043, change=0x0
Jun 29, 2026 09:27:13.584 [547808698592] DEBUG - Network change.
Jun 29, 2026 09:27:13.584 [547808698592] DEBUG - NetworkInterface: Notified of network changed (force=0)
Jun 29, 2026 09:27:13.584 [547808698592] DEBUG - Network change notification but nothing changed.
Jun 29, 2026 09:27:15.982 [547808698592] DEBUG - NetworkInterface: received Netlink message len=440, type=RTM_NEWLINK, flags=0x0
Jun 29, 2026 09:27:15.982 [547808698592] DEBUG - NetworkInterface: Netlink information message family=7, type=1, index=1156, flags=0x1003, change=0x0
Jun 29, 2026 09:27:15.982 [547808698592] DEBUG - Network change.
Jun 29, 2026 09:27:15.982 [547808698592] DEBUG - NetworkInterface: Notified of network changed (force=0)
Jun 29, 2026 09:27:15.998 [547808698592] DEBUG - Network change notification but nothing changed.
Jun 29, 2026 09:27:15.998 [547808698592] DEBUG - NetworkInterface: received Netlink message len=1864, type=RTM_NEWLINK, flags=0x0
Jun 29, 2026 09:27:15.998 [547808698592] DEBUG - NetworkInterface: Netlink information message family=0, type=1, index=1156, flags=0x1003, change=0x0
Jun 29, 2026 09:27:15.998 [547808698592] DEBUG - Network change.
Jun 29, 2026 09:27:15.998 [547808698592] DEBUG - NetworkInterface: Notified of network changed (force=0)
Jun 29, 2026 09:27:15.999 [547808698592] DEBUG - Network change notification but nothing changed.
Jun 29, 2026 09:27:15.999 [547808698592] DEBUG - NetworkInterface: received Netlink message len=1500, type=RTM_NEWLINK, flags=0x0
Jun 29, 2026 09:27:15.999 [547808698592] DEBUG - NetworkInterface: Netlink information message family=0, type=1, index=1155, flags=0x1002, change=0xffffffff
Jun 29, 2026 09:27:15.999 [547808698592] DEBUG - Network change.
Jun 29, 2026 09:27:15.999 [547808698592] DEBUG - NetworkInterface: Notified of network changed (force=0)
Jun 29, 2026 09:27:16.000 [547808698592] DEBUG - Network change notification but nothing changed.
Jun 29, 2026 09:27:16.022 [547808698592] DEBUG - NetworkInterface: received Netlink message len=1500, type=RTM_NEWLINK, flags=0x0
Jun 29, 2026 09:27:16.022 [547808698592] DEBUG - NetworkInterface: Netlink information message family=0, type=1, index=1155, flags=0x11003, change=0x1
Jun 29, 2026 09:27:16.022 [547808698592] DEBUG - Network change.
Jun 29, 2026 09:27:16.022 [547808698592] DEBUG - NetworkInterface: Notified of network changed (force=0)
Jun 29, 2026 09:27:16.024 [547808698592] DEBUG - Network change notification but nothing changed.
Jun 29, 2026 09:27:16.024 [547808698592] DEBUG - NetworkInterface: received Netlink message len=1500, type=RTM_NEWLINK, flags=0x0
Jun 29, 2026 09:27:16.024 [547808698592] DEBUG - NetworkInterface: Netlink information message family=0, type=1, index=1155, flags=0x11043, change=0x0
Jun 29, 2026 09:27:16.024 [547808698592] DEBUG - Network change.
Jun 29, 2026 09:27:16.024 [547808698592] DEBUG - NetworkInterface: Notified of network changed (force=0)
Jun 29, 2026 09:27:16.024 [547808698592] DEBUG - Network change notification but nothing changed.
Jun 29, 2026 09:27:16.024 [547808698592] DEBUG - NetworkInterface: received Netlink message len=440, type=RTM_NEWLINK, flags=0x0
Jun 29, 2026 09:27:16.024 [547808698592] DEBUG - NetworkInterface: Netlink information message family=7, type=1, index=1156, flags=0x11043, change=0x0
Jun 29, 2026 09:27:16.024 [547808698592] DEBUG - Network change.
Jun 29, 2026 09:27:16.024 [547808698592] DEBUG - NetworkInterface: Notified of network changed (force=0)
Jun 29, 2026 09:27:16.025 [547808698592] DEBUG - Network change notification but nothing changed.
Jun 29, 2026 09:27:16.025 [547808698592] DEBUG - NetworkInterface: received Netlink message len=440, type=RTM_NEWLINK, flags=0x0
Jun 29, 2026 09:27:16.025 [547808698592] DEBUG - NetworkInterface: Netlink information message family=7, type=1, index=1156, flags=0x11043, change=0x0
Jun 29, 2026 09:27:16.025 [547808698592] DEBUG - Network change.
Jun 29, 2026 09:27:16.025 [547808698592] DEBUG - NetworkInterface: Notified of network changed (force=0)
Jun 29, 2026 09:27:16.026 [547808698592] DEBUG - Network change notification but nothing changed.
Jun 29, 2026 09:27:16.026 [547808698592] DEBUG - NetworkInterface: received Netlink message len=1856, type=RTM_NEWLINK, flags=0x0
Jun 29, 2026 09:27:16.026 [547808698592] DEBUG - NetworkInterface: Netlink information message family=0, type=1, index=1156, flags=0x11043, change=0x0
Jun 29, 2026 09:27:16.026 [547808698592] DEBUG - Network change.
Jun 29, 2026 09:27:16.026 [547808698592] DEBUG - NetworkInterface: Notified of network changed (force=0)
Jun 29, 2026 09:27:16.027 [547808698592] DEBUG - Network change notification but nothing changed.
Jun 29, 2026 09:27:16.081 [547808698592] DEBUG - NetworkInterface: received Netlink message len=1500, type=RTM_NEWLINK, flags=0x0
Jun 29, 2026 09:27:16.081 [547808698592] DEBUG - NetworkInterface: Netlink information message family=0, type=1, index=1155, flags=0x1002, change=0x41
Jun 29, 2026 09:27:16.081 [547808698592] DEBUG - Network change.
Jun 29, 2026 09:27:16.081 [547808698592] DEBUG - NetworkInterface: Notified of network changed (force=0)
Jun 29, 2026 09:27:16.092 [547808698592] DEBUG - Network change notification but nothing changed.
Jun 29, 2026 09:27:16.092 [547808698592] DEBUG - NetworkInterface: received Netlink message len=1856, type=RTM_NEWLINK, flags=0x0
Jun 29, 2026 09:27:16.092 [547808698592] DEBUG - NetworkInterface: Netlink information message family=0, type=1, index=1156, flags=0x1002, change=0x41
Jun 29, 2026 09:27:16.092 [547808698592] DEBUG - Network change.
Jun 29, 2026 09:27:16.092 [547808698592] DEBUG - NetworkInterface: Notified of network changed (force=0)
Jun 29, 2026 09:27:16.092 [547808698592] DEBUG - Network change notification but nothing changed.
Jun 29, 2026 09:27:16.092 [547808698592] DEBUG - NetworkInterface: received Netlink message len=440, type=RTM_NEWLINK, flags=0x0
Jun 29, 2026 09:27:16.092 [547808698592] DEBUG - NetworkInterface: Netlink information message family=7, type=1, index=1156, flags=0x1002, change=0x0
Jun 29, 2026 09:27:16.092 [547808698592] DEBUG - Network change.
Jun 29, 2026 09:27:16.092 [547808698592] DEBUG - NetworkInterface: Notified of network changed (force=0)
Jun 29, 2026 09:27:16.093 [547808698592] DEBUG - Network change notification but nothing changed.
Jun 29, 2026 09:27:16.093 [547808698592] DEBUG - NetworkInterface: received Netlink message len=688, type=RTM_DELLINK, flags=0x0
Jun 29, 2026 09:27:16.093 [547808698592] DEBUG - NetworkInterface: Netlink information message family=0, type=1, index=1155, flags=0x1002, change=0xffffffff
Jun 29, 2026 09:27:16.093 [547808698592] DEBUG - NetworkInterface: received Netlink message len=440, type=RTM_NEWLINK, flags=0x0
Jun 29, 2026 09:27:16.093 [547808698592] DEBUG - NetworkInterface: Netlink information message family=7, type=1, index=1156, flags=0x1002, change=0x0
Jun 29, 2026 09:27:16.093 [547808698592] DEBUG - Network change.
Jun 29, 2026 09:27:16.093 [547808698592] DEBUG - NetworkInterface: Notified of network changed (force=0)
Jun 29, 2026 09:27:16.094 [547808698592] DEBUG - Network change notification but nothing changed.
Jun 29, 2026 09:27:16.094 [547808698592] DEBUG - NetworkInterface: received Netlink message len=104, type=RTM_DELLINK, flags=0x0
Jun 29, 2026 09:27:16.094 [547808698592] DEBUG - NetworkInterface: Netlink information message family=7, type=1, index=1156, flags=0x1002, change=0x0
Jun 29, 2026 09:27:16.094 [547808698592] DEBUG - NetworkInterface: received Netlink message len=688, type=RTM_DELLINK, flags=0x0
Jun 29, 2026 09:27:16.094 [547808698592] DEBUG - NetworkInterface: Netlink information message family=0, type=1, index=1156, flags=0x1002, change=0xffffffff
Jun 29, 2026 09:27:16.727 [547857510624] DEBUG - [HttpClient/HCl#41] HTTP simulating 408 after curl timeout
Jun 29, 2026 09:27:50.090 [547881545952] DEBUG - Shutting down with signal 15 (Terminated)
Jun 29, 2026 09:27:50.090 [547881545952] DEBUG - Ordered to stop server.
Jun 29, 2026 09:27:50.090 [547881545952] DEBUG - [JobRunner] Job running: /usr/lib/plexmediaserver/CrashUploader --sessionStatus=exited --sessionStart=1782717385 --sessionDuration=685 --version=1.43.2.10687-563d026ea --userId=nmatas53@gmail.com --sentryUrl=https://o17675.ingest.sentry.io/api/1233455/ --sentryKey=xxxxxxxxxxxxxxxxxxxxxxxxxxxxxxxx
Jun 29, 2026 09:27:50.092 [547881545952] DEBUG - [JobRunner] Jobs: Starting child process with pid 376
Jun 29, 2026 09:27:50.098 [547981725728] DEBUG - Stopping server...
Jun 29, 2026 09:27:50.098 [547981725728] DEBUG - HttpServer: Stopping server.
Jun 29, 2026 09:27:50.100 [547878998240] DEBUG - TranscodeJobManager: [Running] onServerShutdown
Jun 29, 2026 09:27:50.100 [547878998240] DEBUG - TranscodeJobManager: [Running] -> [Shutdown]
Jun 29, 2026 09:27:50.101 [547869253856] DEBUG - MetadataItemClusterRequestHandler: a shutdown event has been received
Jun 29, 2026 09:27:50.101 [547981725728] DEBUG - Server stopped.
Jun 29, 2026 09:27:50.101 [547981725728] DEBUG - NetworkService: Stopping advertisement.
Jun 29, 2026 09:27:50.102 [547981725728] DEBUG - Killing plug-ins.
Jun 29, 2026 09:27:50.183 [547981725728] DEBUG - [com.plexapp.agents.imdb] Killing.
Jun 29, 2026 09:27:50.194 [547881545952] WARN - JobManager: Could not find job for handle 293
Jun 29, 2026 09:27:50.199 [547981725728] DEBUG - [com.plexapp.system] Killing.
Jun 29, 2026 09:27:50.212 [547881545952] WARN - JobManager: Could not find job for handle 210
Jun 29, 2026 09:27:50.219 [547981725728] DEBUG - ChildProcessMonitor: Waiting for Plex Tuner Service to exit.
Jun 29, 2026 09:27:50.219 [547981725728] DEBUG - [JobRunner] Signalling job ID 298 with 2
Jun 29, 2026 09:27:50.241 [547881545952] DEBUG - Jobs: '/usr/lib/plexmediaserver/Plex Tuner Service' exit code for process 298 is 0 (success)
Jun 29, 2026 09:27:50.241 [547806589152] DEBUG - [ChildProcessMonitor] Plex Tuner Service exited.
Jun 29, 2026 09:27:50.242 [547981725728] DEBUG - Database: Shutting down.
Jun 29, 2026 09:27:50.355 [547981725728] DEBUG - Database: Shutting down.
